Monitoring 47 deployments in namespace 'train-ticket'
Data will be saved to k8s_resources.csv
Polling every 60 seconds
Monitoring will run until interrupted (Ctrl+C)
[94m[{'metric': {}, 'value': [1745995571.344, '0.051401917725200336']}][0m
[94m[{'metric': {}, 'value': [1745995571.608, '256602112']}][0m
[94m[{'metric': {}, 'value': [1745995571.994, '0.010196762071395924']}][0m
[94m[{'metric': {}, 'value': [1745995572.247, '528961536']}][0m
[94m[{'metric': {}, 'value': [1745995572.645, '0.010564639834168202']}][0m
[94m[{'metric': {}, 'value': [1745995572.901, '490254336']}][0m
[94m[{'metric': {}, 'value': [1745995573.29, '0.010343760359329827']}][0m
[94m[{'metric': {}, 'value': [1745995573.557, '541523968']}][0m
[94m[{'metric': {}, 'value': [1745995573.96, '0.010420810783579926']}][0m
[94m[{'metric': {}, 'value': [1745995574.216, '516354048']}][0m
[94m[{'metric': {}, 'value': [1745995574.609, '0.013134368225998134']}][0m
[94m[{'metric': {}, 'value': [1745995574.865, '511488000']}][0m
[94m[{'metric': {}, 'value': [1745995575.225, '0.01332560880796376']}][0m
[94m[{'metric': {}, 'value': [1745995575.5, '565927936']}][0m
[94m[{'metric': {}, 'value': [1745995575.872, '0.07896250030578932']}][0m
[94m[{'metric': {}, 'value': [1745995576.137, '534925312']}][0m
[94m[{'metric': {}, 'value': [1745995576.546, '0.004684144718307754']}][0m
[94m[{'metric': {}, 'value': [1745995576.806, '196792320']}][0m
[94m[{'metric': {}, 'value': [1745995577.194, '0.01369427781157586']}][0m
[94m[{'metric': {}, 'value': [1745995577.456, '511291392']}][0m
[94m[{'metric': {}, 'value': [1745995577.831, '0.010023652041807322']}][0m
[94m[{'metric': {}, 'value': [1745995578.081, '511680512']}][0m
[94m[{'metric': {}, 'value': [1745995578.468, '0.011027257562156272']}][0m
[94m[{'metric': {}, 'value': [1745995578.742, '593399808']}][0m
[94m[{'metric': {}, 'value': [1745995579.093, '0.010884345051216767']}][0m
[94m[{'metric': {}, 'value': [1745995579.352, '638492672']}][0m
[94m[{'metric': {}, 'value': [1745995579.716, '0.012379479354773092']}][0m
[94m[{'metric': {}, 'value': [1745995579.971, '551391232']}][0m
[94m[{'metric': {}, 'value': [1745995580.37, '0.011011000805906692']}][0m
[94m[{'metric': {}, 'value': [1745995580.617, '622350336']}][0m
[94m[{'metric': {}, 'value': [1745995580.982, '0.010021339968530964']}][0m
[94m[{'metric': {}, 'value': [1745995581.257, '555343872']}][0m
[94m[{'metric': {}, 'value': [1745995581.651, '0.009895348837209357']}][0m
[94m[{'metric': {}, 'value': [1745995581.917, '541192192']}][0m
[94m[{'metric': {}, 'value': [1745995582.293, '0.010433348642490724']}][0m
[94m[{'metric': {}, 'value': [1745995582.556, '639832064']}][0m
[94m[{'metric': {}, 'value': [1745995582.92, '0.01059343224792808']}][0m
[94m[{'metric': {}, 'value': [1745995583.174, '585838592']}][0m
[94m[{'metric': {}, 'value': [1745995583.563, '0.11350573132083577']}][0m
[94m[{'metric': {}, 'value': [1745995583.825, '927113216']}][0m
[94m[{'metric': {}, 'value': [1745995584.227, '0.010932441354122684']}][0m
[94m[{'metric': {}, 'value': [1745995584.501, '576167936']}][0m
[94m[{'metric': {}, 'value': [1745995584.868, '0.00456375851027002']}][0m
[94m[{'metric': {}, 'value': [1745995585.133, '48144384']}][0m
[94m[{'metric': {}, 'value': [1745995585.517, '0.010963466754048901']}][0m
[94m[{'metric': {}, 'value': [1745995585.788, '574844928']}][0m
[94m[{'metric': {}, 'value': [1745995586.188, '0.011175848457466515']}][0m
[94m[{'metric': {}, 'value': [1745995586.446, '591507456']}][0m
[94m[{'metric': {}, 'value': [1745995586.811, '0.06942831613408819']}][0m
[94m[{'metric': {}, 'value': [1745995587.076, '646692864']}][0m
[94m[{'metric': {}, 'value': [1745995587.485, '0.01120069596953016']}][0m
[94m[{'metric': {}, 'value': [1745995587.737, '608301056']}][0m
[94m[{'metric': {}, 'value': [1745995588.122, '0.010233208391608246']}][0m
[94m[{'metric': {}, 'value': [1745995588.401, '514842624']}][0m
[94m[{'metric': {}, 'value': [1745995588.744, '0.010084508699365244']}][0m
[94m[{'metric': {}, 'value': [1745995589.002, '512876544']}][0m
[94m[{'metric': {}, 'value': [1745995589.384, '0.011194388455844235']}][0m
[94m[{'metric': {}, 'value': [1745995589.649, '540454912']}][0m
[94m[{'metric': {}, 'value': [1745995590.033, '0.010045599360509092']}][0m
[94m[{'metric': {}, 'value': [1745995590.308, '516878336']}][0m
[94m[{'metric': {}, 'value': [1745995590.668, '0.010460197873764813']}][0m
[94m[{'metric': {}, 'value': [1745995590.968, '553443328']}][0m
[94m[{'metric': {}, 'value': [1745995591.361, '0.0551410687651451']}][0m
[94m[{'metric': {}, 'value': [1745995591.639, '630710272']}][0m
[94m[{'metric': {}, 'value': [1745995592.058, '0.010099334090267866']}][0m
[94m[{'metric': {}, 'value': [1745995592.338, '494198784']}][0m
[94m[{'metric': {}, 'value': [1745995592.739, '0.010867823265102506']}][0m
[94m[{'metric': {}, 'value': [1745995592.995, '583090176']}][0m
[94m[{'metric': {}, 'value': [1745995593.392, '0.011247211841214655']}][0m
[94m[{'metric': {}, 'value': [1745995593.677, '609853440']}][0m
[94m[{'metric': {}, 'value': [1745995594.072, '0.056089909353781504']}][0m
[94m[{'metric': {}, 'value': [1745995594.328, '626401280']}][0m
[94m[{'metric': {}, 'value': [1745995594.712, '0.0044555589585493']}][0m
[94m[{'metric': {}, 'value': [1745995594.982, '95813632']}][0m
[94m[{'metric': {}, 'value': [1745995595.374, '0.010631822691504717']}][0m
[94m[{'metric': {}, 'value': [1745995595.66, '602767360']}][0m
[94m[{'metric': {}, 'value': [1745995596.057, '0.008901262818576451']}][0m
[94m[{'metric': {}, 'value': [1745995596.334, '581484544']}][0m
[94m[{'metric': {}, 'value': [1745995596.73, '0.012629425471628054']}][0m
[94m[{'metric': {}, 'value': [1745995596.984, '495149056']}][0m
[94m[{'metric': {}, 'value': [1745995597.367, '0.009136412863054832']}][0m
[94m[{'metric': {}, 'value': [1745995597.633, '622809088']}][0m
[94m[{'metric': {}, 'value': [1745995598.021, '0.01072661487664942']}][0m
[94m[{'metric': {}, 'value': [1745995598.265, '579198976']}][0m
[94m[{'metric': {}, 'value': [1745995598.597, '0.01540302008555022']}][0m
[94m[{'metric': {}, 'value': [1745995598.822, '49983488']}][0m
[94m[{'metric': {}, 'value': [1745995599.173, '0.009668284346295356']}][0m
[94m[{'metric': {}, 'value': [1745995599.42, '624414720']}][0m
[94m[{'metric': {}, 'value': [1745995599.822, '0.01021615715297038']}][0m
[94m[{'metric': {}, 'value': [1745995600.101, '478179328']}][0m
[94m[{'metric': {}, 'value': [1745995600.452, '0.004490075209037386']}][0m
[94m[{'metric': {}, 'value': [1745995600.67, '62586880']}][0m
[94m[{'metric': {}, 'value': [1745995601.025, '0.009498699357478973']}][0m
[94m[{'metric': {}, 'value': [1745995601.288, '600035328']}][0m
Querying metrics for application: train-ticket
Querying Prometheus for ts-admin-order-service-cpu in deployment ts-admin-order-service
[94m[{'metric': {'pod': 'ts-admin-order-service-559676f59b-kfntj'}, 'value': [1745995601.542, '0.02522568375530133']}][0m
Querying Prometheus for ts-admin-order-service-latency in deployment ts-admin-order-service
[94m[][0m
Querying Prometheus for ts-admin-order-service-memory in deployment ts-admin-order-service
[94m[{'metric': {'pod': 'ts-admin-order-service-559676f59b-kfntj'}, 'value': [1745995602.055, '489108821.3333334']}][0m
Querying Prometheus for ts-admin-order-service-workload in deployment ts-admin-order-service
[94m[][0m
Querying Prometheus for ts-admin-route-service-cpu in deployment ts-admin-route-service
[94m[{'metric': {'pod': 'ts-admin-route-service-55f58759d8-tpnrh'}, 'value': [1745995602.56, '0.011158681247861044']}][0m
Querying Prometheus for ts-admin-route-service-latency in deployment ts-admin-route-service
[94m[][0m
Querying Prometheus for ts-admin-route-service-memory in deployment ts-admin-route-service
[94m[{'metric': {'pod': 'ts-admin-route-service-55f58759d8-tpnrh'}, 'value': [1745995603.015, '541913088']}][0m
Querying Prometheus for ts-admin-route-service-workload in deployment ts-admin-route-service
[94m[][0m
Querying Prometheus for ts-auth-service-cpu in deployment ts-auth-service
[94m[{'metric': {'pod': 'ts-auth-service-69db9d9448-cqg2r'}, 'value': [1745995603.536, '0.016314545885894607']}][0m
Querying Prometheus for ts-auth-service-latency in deployment ts-auth-service
[94m[{'metric': {}, 'value': [1745995603.795, 'NaN']}][0m
Querying Prometheus for ts-auth-service-memory in deployment ts-auth-service
[94m[{'metric': {'pod': 'ts-auth-service-69db9d9448-cqg2r'}, 'value': [1745995604.083, '535509674.6666666']}][0m
Querying Prometheus for ts-auth-service-workload in deployment ts-auth-service
[94m[{'metric': {}, 'value': [1745995604.356, '0']}][0m
Querying Prometheus for ts-notification-service-cpu in deployment ts-notification-service
[94m[{'metric': {'pod': 'ts-notification-service-67b587c9bb-lwjhg'}, 'value': [1745995604.628, '0.010167512481765516']}][0m
Querying Prometheus for ts-notification-service-latency in deployment ts-notification-service
[94m[][0m
Querying Prometheus for ts-notification-service-memory in deployment ts-notification-service
[94m[{'metric': {'pod': 'ts-notification-service-67b587c9bb-lwjhg'}, 'value': [1745995605.197, '574872576']}][0m
Querying Prometheus for ts-notification-service-workload in deployment ts-notification-service
[94m[][0m
Querying Prometheus for ts-order-service-cpu in deployment ts-order-service
[94m[{'metric': {'pod': 'ts-order-service-85ddc7957b-gs685'}, 'value': [1745995605.761, '0.2871744689919722']}][0m
Querying Prometheus for ts-order-service-latency in deployment ts-order-service
[94m[{'metric': {}, 'value': [1745995606.036, '24.267040500127983']}][0m
Querying Prometheus for ts-order-service-memory in deployment ts-order-service
[94m[{'metric': {'pod': 'ts-order-service-85ddc7957b-gs685'}, 'value': [1745995606.302, '652222464']}][0m
Querying Prometheus for ts-order-service-workload in deployment ts-order-service
[94m[{'metric': {}, 'value': [1745995606.574, '2.894444444444444']}][0m
Querying Prometheus for ts-payment-service-cpu in deployment ts-payment-service
[94m[{'metric': {'pod': 'ts-payment-service-85c48c8fcb-tplqh'}, 'value': [1745995606.824, '0.007935725484027059']}][0m
Querying Prometheus for ts-payment-service-latency in deployment ts-payment-service
[94m[][0m
Querying Prometheus for ts-payment-service-memory in deployment ts-payment-service
[94m[{'metric': {'pod': 'ts-payment-service-85c48c8fcb-tplqh'}, 'value': [1745995607.326, '607261696']}][0m
Querying Prometheus for ts-payment-service-workload in deployment ts-payment-service
[94m[][0m
Querying Prometheus for ts-price-service-cpu in deployment ts-price-service
[94m[{'metric': {'pod': 'ts-price-service-85649d648b-5phqb'}, 'value': [1745995607.771, '0.00814769937831474']}][0m
Querying Prometheus for ts-price-service-latency in deployment ts-price-service
[94m[][0m
Querying Prometheus for ts-price-service-memory in deployment ts-price-service
[94m[{'metric': {'pod': 'ts-price-service-85649d648b-5phqb'}, 'value': [1745995608.275, '540628992']}][0m
Querying Prometheus for ts-price-service-workload in deployment ts-price-service
[94m[][0m
Querying Prometheus for ts-route-service-cpu in deployment ts-route-service
[94m[{'metric': {'pod': 'ts-route-service-644ddf6579-2jc9l'}, 'value': [1745995608.788, '0.18103131121872693']}][0m
Querying Prometheus for ts-route-service-latency in deployment ts-route-service
[94m[{'metric': {}, 'value': [1745995609.041, '49.360000295749785']}][0m
Querying Prometheus for ts-route-service-memory in deployment ts-route-service
[94m[{'metric': {'pod': 'ts-route-service-644ddf6579-2jc9l'}, 'value': [1745995609.307, '630299306.6666666']}][0m
Querying Prometheus for ts-route-service-workload in deployment ts-route-service
[94m[{'metric': {}, 'value': [1745995609.551, '3.144444444444444']}][0m
Querying Prometheus for ts-station-service-cpu in deployment ts-station-service
[94m[{'metric': {'pod': 'ts-station-service-67d84d5cbd-kp45f'}, 'value': [1745995609.807, '0.3201412715547075']}][0m
Querying Prometheus for ts-station-service-latency in deployment ts-station-service
[94m[{'metric': {}, 'value': [1745995610.095, '23.700089268807154']}][0m
Querying Prometheus for ts-station-service-memory in deployment ts-station-service
[94m[{'metric': {'pod': 'ts-station-service-67d84d5cbd-kp45f'}, 'value': [1745995610.355, '638207317.3333333']}][0m
Querying Prometheus for ts-station-service-workload in deployment ts-station-service
[94m[{'metric': {}, 'value': [1745995610.605, '3.3222222222222215']}][0m
Querying Prometheus for ts-train-service-cpu in deployment ts-train-service
[94m[{'metric': {'pod': 'ts-train-service-8468c95c56-d9czz'}, 'value': [1745995610.859, '0.007243767343530181']}][0m
Querying Prometheus for ts-train-service-latency in deployment ts-train-service
[94m[][0m
Querying Prometheus for ts-train-service-memory in deployment ts-train-service
[94m[{'metric': {'pod': 'ts-train-service-8468c95c56-d9czz'}, 'value': [1745995611.388, '581297493.3333334']}][0m
Querying Prometheus for ts-train-service-workload in deployment ts-train-service
[94m[][0m
Querying Prometheus for ts-travel-service-cpu in deployment ts-travel-service
[94m[{'metric': {'pod': 'ts-travel-service-678679d7b4-qnn9b'}, 'value': [1745995611.929, '0.007449085197279905']}][0m
Querying Prometheus for ts-travel-service-latency in deployment ts-travel-service
[94m[][0m
Querying Prometheus for ts-travel-service-memory in deployment ts-travel-service
[94m[{'metric': {'pod': 'ts-travel-service-678679d7b4-qnn9b'}, 'value': [1745995612.48, '623112192']}][0m
Querying Prometheus for ts-travel-service-workload in deployment ts-travel-service
[94m[][0m
Querying Prometheus for ts-ui-dashboard-cpu in deployment ts-ui-dashboard
[94m[{'metric': {'pod': 'ts-ui-dashboard-5445596dc7-dsgpm'}, 'value': [1745995613.016, '0.04718217746536463']}][0m
Querying Prometheus for ts-ui-dashboard-latency in deployment ts-ui-dashboard
[94m[{'metric': {}, 'value': [1745995613.356, '51.59420289855074']}][0m
Querying Prometheus for ts-ui-dashboard-memory in deployment ts-ui-dashboard
[94m[{'metric': {'pod': 'ts-ui-dashboard-5445596dc7-dsgpm'}, 'value': [1745995613.62, '49842176']}][0m
Querying Prometheus for ts-ui-dashboard-workload in deployment ts-ui-dashboard
[94m[{'metric': {}, 'value': [1745995613.907, '7.888888888888888']}][0m
Querying Prometheus for ts-user-service-cpu in deployment ts-user-service
[94m[{'metric': {'pod': 'ts-user-service-844b454c75-r56zt'}, 'value': [1745995614.18, '0.010510323879732069']}][0m
Querying Prometheus for ts-user-service-latency in deployment ts-user-service
[94m[][0m
Querying Prometheus for ts-user-service-memory in deployment ts-user-service
[94m[{'metric': {'pod': 'ts-user-service-844b454c75-r56zt'}, 'value': [1745995614.695, '624336896']}][0m
Querying Prometheus for ts-user-service-workload in deployment ts-user-service
[94m[][0m
Recorded metrics at 2025-04-30 06:46:01
[94m[{'metric': {}, 'value': [1745995681.745, '0.052677072371112695']}][0m
[94m[{'metric': {}, 'value': [1745995681.978, '263589888']}][0m
[94m[{'metric': {}, 'value': [1745995682.358, '0.008644946719447958']}][0m
[94m[{'metric': {}, 'value': [1745995682.675, '529031168']}][0m
[94m[{'metric': {}, 'value': [1745995683.059, '0.01121404484909791']}][0m
[94m[{'metric': {}, 'value': [1745995683.343, '486379520']}][0m
[94m[{'metric': {}, 'value': [1745995683.732, '0.009504133565728018']}][0m
[94m[{'metric': {}, 'value': [1745995684.013, '542044160']}][0m
[94m[{'metric': {}, 'value': [1745995684.394, '0.00876344326899535']}][0m
[94m[{'metric': {}, 'value': [1745995684.659, '518266880']}][0m
[94m[{'metric': {}, 'value': [1745995685.041, '0.008954782278099878']}][0m
[94m[{'metric': {}, 'value': [1745995685.312, '511631360']}][0m
[94m[{'metric': {}, 'value': [1745995685.696, '0.010144078182503364']}][0m
[94m[{'metric': {}, 'value': [1745995685.973, '565833728']}][0m
[94m[{'metric': {}, 'value': [1745995686.357, '0.0788734302358544']}][0m
[94m[{'metric': {}, 'value': [1745995686.619, '533843968']}][0m
[94m[{'metric': {}, 'value': [1745995687.004, '0.004449756596661872']}][0m
[94m[{'metric': {}, 'value': [1745995687.279, '189345792']}][0m
[94m[{'metric': {}, 'value': [1745995687.693, '0.00795150574944934']}][0m
[94m[{'metric': {}, 'value': [1745995687.952, '509497344']}][0m
[94m[{'metric': {}, 'value': [1745995688.336, '0.009069191162233823']}][0m
[94m[{'metric': {}, 'value': [1745995688.6, '504721408']}][0m
[94m[{'metric': {}, 'value': [1745995688.993, '0.010719750525519763']}][0m
[94m[{'metric': {}, 'value': [1745995689.264, '589869056']}][0m
[94m[{'metric': {}, 'value': [1745995689.642, '0.010283570602711534']}][0m
[94m[{'metric': {}, 'value': [1745995689.896, '632389632']}][0m
[94m[{'metric': {}, 'value': [1745995690.251, '0.010204233573987595']}][0m
[94m[{'metric': {}, 'value': [1745995690.467, '551796736']}][0m
[94m[{'metric': {}, 'value': [1745995690.821, '0.009886408454352395']}][0m
[94m[{'metric': {}, 'value': [1745995691.078, '623239168']}][0m
[94m[{'metric': {}, 'value': [1745995691.438, '0.010421400173806983']}][0m
[94m[{'metric': {}, 'value': [1745995691.714, '555831296']}][0m
[94m[{'metric': {}, 'value': [1745995692.081, '0.01176518633074855']}][0m
[94m[{'metric': {}, 'value': [1745995692.339, '541700096']}][0m
[94m[{'metric': {}, 'value': [1745995692.698, '0.011038584391382373']}][0m
[94m[{'metric': {}, 'value': [1745995692.958, '647790592']}][0m
[94m[{'metric': {}, 'value': [1745995693.337, '0.010390272876804725']}][0m
[94m[{'metric': {}, 'value': [1745995693.589, '586883072']}][0m
[94m[{'metric': {}, 'value': [1745995693.958, '0.20192516891070816']}][0m
[94m[{'metric': {}, 'value': [1745995694.209, '958754816']}][0m
[94m[{'metric': {}, 'value': [1745995694.583, '0.010366539640760253']}][0m
[94m[{'metric': {}, 'value': [1745995694.834, '577966080']}][0m
[94m[{'metric': {}, 'value': [1745995695.219, '0.004248379420404473']}][0m
[94m[{'metric': {}, 'value': [1745995695.482, '48160768']}][0m
[94m[{'metric': {}, 'value': [1745995695.866, '0.010466822952185028']}][0m
[94m[{'metric': {}, 'value': [1745995696.116, '580345856']}][0m
[94m[{'metric': {}, 'value': [1745995696.504, '0.010791135263956074']}][0m
[94m[{'metric': {}, 'value': [1745995696.769, '592035840']}][0m
[94m[{'metric': {}, 'value': [1745995697.151, '0.1352298857683484']}][0m
[94m[{'metric': {}, 'value': [1745995697.415, '666980352']}][0m
[94m[{'metric': {}, 'value': [1745995697.783, '0.009959058107302802']}][0m
[94m[{'metric': {}, 'value': [1745995698.03, '605794304']}][0m
[94m[{'metric': {}, 'value': [1745995698.386, '0.00924919753959284']}][0m
[94m[{'metric': {}, 'value': [1745995698.63, '520736768']}][0m
[94m[{'metric': {}, 'value': [1745995699.001, '0.008960135990702712']}][0m
[94m[{'metric': {}, 'value': [1745995699.259, '505036800']}][0m
[94m[{'metric': {}, 'value': [1745995699.626, '0.009927819671890605']}][0m
[94m[{'metric': {}, 'value': [1745995699.882, '535949312']}][0m
[94m[{'metric': {}, 'value': [1745995700.239, '0.012484982150488272']}][0m
[94m[{'metric': {}, 'value': [1745995700.485, '510218240']}][0m
[94m[{'metric': {}, 'value': [1745995700.861, '0.009017115949921464']}][0m
[94m[{'metric': {}, 'value': [1745995701.123, '553545728']}][0m
[94m[{'metric': {}, 'value': [1745995701.49, '0.12488175879621184']}][0m
[94m[{'metric': {}, 'value': [1745995701.767, '655101952']}][0m
[94m[{'metric': {}, 'value': [1745995702.132, '0.009609782318452205']}][0m
[94m[{'metric': {}, 'value': [1745995702.401, '500576256']}][0m
[94m[{'metric': {}, 'value': [1745995702.783, '0.010384840652224413']}][0m
[94m[{'metric': {}, 'value': [1745995703.026, '590053376']}][0m
[94m[{'metric': {}, 'value': [1745995703.372, '0.010795311405370562']}][0m
[94m[{'metric': {}, 'value': [1745995703.617, '614821888']}][0m
[94m[{'metric': {}, 'value': [1745995703.994, '0.13782304946992754']}][0m
[94m[{'metric': {}, 'value': [1745995704.254, '678383616']}][0m
[94m[{'metric': {}, 'value': [1745995704.601, '0.004411577819262952']}][0m
[94m[{'metric': {}, 'value': [1745995704.851, '91049984']}][0m
[94m[{'metric': {}, 'value': [1745995705.213, '0.010673292971723487']}][0m
[94m[{'metric': {}, 'value': [1745995705.476, '610238464']}][0m
[94m[{'metric': {}, 'value': [1745995705.852, '0.010082207603430319']}][0m
[94m[{'metric': {}, 'value': [1745995706.101, '580730880']}][0m
[94m[{'metric': {}, 'value': [1745995706.467, '0.01240117919283996']}][0m
[94m[{'metric': {}, 'value': [1745995706.71, '501198848']}][0m
[94m[{'metric': {}, 'value': [1745995707.083, '0.01049202589047491']}][0m
[94m[{'metric': {}, 'value': [1745995707.322, '623730688']}][0m
[94m[{'metric': {}, 'value': [1745995707.677, '0.010259389667313814']}][0m
[94m[{'metric': {}, 'value': [1745995707.937, '572764160']}][0m
[94m[{'metric': {}, 'value': [1745995708.313, '0.03638476943909913']}][0m
[94m[{'metric': {}, 'value': [1745995708.562, '49815552']}][0m
[94m[{'metric': {}, 'value': [1745995708.932, '0.010407872738704235']}][0m
[94m[{'metric': {}, 'value': [1745995709.216, '624132096']}][0m
[94m[{'metric': {}, 'value': [1745995709.601, '0.009961040135198102']}][0m
[94m[{'metric': {}, 'value': [1745995709.863, '478613504']}][0m
[94m[{'metric': {}, 'value': [1745995710.218, '0.00406294285714286']}][0m
[94m[{'metric': {}, 'value': [1745995710.464, '62730240']}][0m
[94m[{'metric': {}, 'value': [1745995710.835, '0.00966860384512643']}][0m
[94m[{'metric': {}, 'value': [1745995711.097, '599937024']}][0m
Querying metrics for application: train-ticket
Querying Prometheus for ts-admin-order-service-cpu in deployment ts-admin-order-service
[94m[{'metric': {'pod': 'ts-admin-order-service-559676f59b-kfntj'}, 'value': [1745995711.346, '0.00886852961398632']}][0m
Querying Prometheus for ts-admin-order-service-latency in deployment ts-admin-order-service
[94m[][0m
Querying Prometheus for ts-admin-order-service-memory in deployment ts-admin-order-service
[94m[{'metric': {'pod': 'ts-admin-order-service-559676f59b-kfntj'}, 'value': [1745995711.85, '486998016']}][0m
Querying Prometheus for ts-admin-order-service-workload in deployment ts-admin-order-service
[94m[][0m
Querying Prometheus for ts-admin-route-service-cpu in deployment ts-admin-route-service
[94m[{'metric': {'pod': 'ts-admin-route-service-55f58759d8-tpnrh'}, 'value': [1745995712.371, '0.02920839706933198']}][0m
Querying Prometheus for ts-admin-route-service-latency in deployment ts-admin-route-service
[94m[][0m
Querying Prometheus for ts-admin-route-service-memory in deployment ts-admin-route-service
[94m[{'metric': {'pod': 'ts-admin-route-service-55f58759d8-tpnrh'}, 'value': [1745995712.887, '542609408']}][0m
Querying Prometheus for ts-admin-route-service-workload in deployment ts-admin-route-service
[94m[][0m
Querying Prometheus for ts-auth-service-cpu in deployment ts-auth-service
[94m[{'metric': {'pod': 'ts-auth-service-69db9d9448-cqg2r'}, 'value': [1745995713.404, '0.010038188672177394']}][0m
Querying Prometheus for ts-auth-service-latency in deployment ts-auth-service
[94m[{'metric': {}, 'value': [1745995713.66, 'NaN']}][0m
Querying Prometheus for ts-auth-service-memory in deployment ts-auth-service
[94m[{'metric': {'pod': 'ts-auth-service-69db9d9448-cqg2r'}, 'value': [1745995713.894, '533843968']}][0m
Querying Prometheus for ts-auth-service-workload in deployment ts-auth-service
[94m[{'metric': {}, 'value': [1745995714.153, '0']}][0m
Querying Prometheus for ts-notification-service-cpu in deployment ts-notification-service
[94m[{'metric': {'pod': 'ts-notification-service-67b587c9bb-lwjhg'}, 'value': [1745995714.379, '0.005762515060601465']}][0m
Querying Prometheus for ts-notification-service-latency in deployment ts-notification-service
[94m[][0m
Querying Prometheus for ts-notification-service-memory in deployment ts-notification-service
[94m[{'metric': {'pod': 'ts-notification-service-67b587c9bb-lwjhg'}, 'value': [1745995714.895, '580340394.6666666']}][0m
Querying Prometheus for ts-notification-service-workload in deployment ts-notification-service
[94m[][0m
Querying Prometheus for ts-order-service-cpu in deployment ts-order-service
[94m[{'metric': {'pod': 'ts-order-service-85ddc7957b-gs685'}, 'value': [1745995715.417, '0.11542985887910183']}][0m
Querying Prometheus for ts-order-service-latency in deployment ts-order-service
[94m[{'metric': {}, 'value': [1745995715.674, '23.339958158995817']}][0m
Querying Prometheus for ts-order-service-memory in deployment ts-order-service
[94m[{'metric': {'pod': 'ts-order-service-85ddc7957b-gs685'}, 'value': [1745995715.929, '666320896']}][0m
Querying Prometheus for ts-order-service-workload in deployment ts-order-service
[94m[{'metric': {}, 'value': [1745995716.19, '3.022222222222222']}][0m
Querying Prometheus for ts-payment-service-cpu in deployment ts-payment-service
[94m[{'metric': {'pod': 'ts-payment-service-85c48c8fcb-tplqh'}, 'value': [1745995716.436, '0.005689195805847386']}][0m
Querying Prometheus for ts-payment-service-latency in deployment ts-payment-service
[94m[][0m
Querying Prometheus for ts-payment-service-memory in deployment ts-payment-service
[94m[{'metric': {'pod': 'ts-payment-service-85c48c8fcb-tplqh'}, 'value': [1745995716.856, '605842090.6666666']}][0m
Querying Prometheus for ts-payment-service-workload in deployment ts-payment-service
[94m[][0m
Querying Prometheus for ts-price-service-cpu in deployment ts-price-service
[94m[{'metric': {'pod': 'ts-price-service-85649d648b-5phqb'}, 'value': [1745995717.295, '0.006593794107494672']}][0m
Querying Prometheus for ts-price-service-latency in deployment ts-price-service
[94m[][0m
Querying Prometheus for ts-price-service-memory in deployment ts-price-service
[94m[{'metric': {'pod': 'ts-price-service-85649d648b-5phqb'}, 'value': [1745995717.705, '535748608']}][0m
Querying Prometheus for ts-price-service-workload in deployment ts-price-service
[94m[][0m
Querying Prometheus for ts-route-service-cpu in deployment ts-route-service
[94m[{'metric': {'pod': 'ts-route-service-644ddf6579-2jc9l'}, 'value': [1745995718.143, '0.12203696165055242']}][0m
Querying Prometheus for ts-route-service-latency in deployment ts-route-service
[94m[{'metric': {}, 'value': [1745995718.363, '47.0353982300885']}][0m
Querying Prometheus for ts-route-service-memory in deployment ts-route-service
[94m[{'metric': {'pod': 'ts-route-service-644ddf6579-2jc9l'}, 'value': [1745995718.609, '656154624']}][0m
Querying Prometheus for ts-route-service-workload in deployment ts-route-service
[94m[{'metric': {}, 'value': [1745995718.854, '3.4333333333333327']}][0m
Querying Prometheus for ts-station-service-cpu in deployment ts-station-service
[94m[{'metric': {'pod': 'ts-station-service-67d84d5cbd-kp45f'}, 'value': [1745995719.109, '0.13336268854885341']}][0m
Querying Prometheus for ts-station-service-latency in deployment ts-station-service
[94m[{'metric': {}, 'value': [1745995719.363, '23.32191780821918']}][0m
Querying Prometheus for ts-station-service-memory in deployment ts-station-service
[94m[{'metric': {'pod': 'ts-station-service-67d84d5cbd-kp45f'}, 'value': [1745995719.614, '677822464']}][0m
Querying Prometheus for ts-station-service-workload in deployment ts-station-service
[94m[{'metric': {}, 'value': [1745995719.867, '3.2055555555555553']}][0m
Querying Prometheus for ts-train-service-cpu in deployment ts-train-service
[94m[{'metric': {'pod': 'ts-train-service-8468c95c56-d9czz'}, 'value': [1745995720.109, '0.009248077840312754']}][0m
Querying Prometheus for ts-train-service-latency in deployment ts-train-service
[94m[][0m
Querying Prometheus for ts-train-service-memory in deployment ts-train-service
[94m[{'metric': {'pod': 'ts-train-service-8468c95c56-d9czz'}, 'value': [1745995720.622, '581095424']}][0m
Querying Prometheus for ts-train-service-workload in deployment ts-train-service
[94m[][0m
Querying Prometheus for ts-travel-service-cpu in deployment ts-travel-service
[94m[{'metric': {'pod': 'ts-travel-service-678679d7b4-qnn9b'}, 'value': [1745995721.141, '0.009623110117662327']}][0m
Querying Prometheus for ts-travel-service-latency in deployment ts-travel-service
[94m[][0m
Querying Prometheus for ts-travel-service-memory in deployment ts-travel-service
[94m[{'metric': {'pod': 'ts-travel-service-678679d7b4-qnn9b'}, 'value': [1745995721.676, '623961429.3333333']}][0m
Querying Prometheus for ts-travel-service-workload in deployment ts-travel-service
[94m[][0m
Querying Prometheus for ts-ui-dashboard-cpu in deployment ts-ui-dashboard
[94m[{'metric': {'pod': 'ts-ui-dashboard-5445596dc7-dsgpm'}, 'value': [1745995722.202, '0.06022126836813612']}][0m
Querying Prometheus for ts-ui-dashboard-latency in deployment ts-ui-dashboard
[94m[{'metric': {}, 'value': [1745995722.462, '40.50955414012739']}][0m
Querying Prometheus for ts-ui-dashboard-memory in deployment ts-ui-dashboard
[94m[{'metric': {'pod': 'ts-ui-dashboard-5445596dc7-dsgpm'}, 'value': [1745995722.665, '49884160']}][0m
Querying Prometheus for ts-ui-dashboard-workload in deployment ts-ui-dashboard
[94m[{'metric': {}, 'value': [1745995722.883, '7.966666666666666']}][0m
Querying Prometheus for ts-user-service-cpu in deployment ts-user-service
[94m[{'metric': {'pod': 'ts-user-service-844b454c75-r56zt'}, 'value': [1745995723.074, '0.010412070936822794']}][0m
Querying Prometheus for ts-user-service-latency in deployment ts-user-service
[94m[][0m
Querying Prometheus for ts-user-service-memory in deployment ts-user-service
[94m[{'metric': {'pod': 'ts-user-service-844b454c75-r56zt'}, 'value': [1745995723.521, '624201728']}][0m
Querying Prometheus for ts-user-service-workload in deployment ts-user-service
[94m[][0m
Recorded metrics at 2025-04-30 06:47:55
[94m[{'metric': {}, 'value': [1745995790.076, '0.04689759000882924']}][0m
[94m[{'metric': {}, 'value': [1745995790.293, '264421376']}][0m
[94m[{'metric': {}, 'value': [1745995790.611, '0.008175281532695356']}][0m
[94m[{'metric': {}, 'value': [1745995790.82, '528560128']}][0m
[94m[{'metric': {}, 'value': [1745995791.141, '0.010530118809045324']}][0m
[94m[{'metric': {}, 'value': [1745995791.353, '486887424']}][0m
[94m[{'metric': {}, 'value': [1745995791.673, '0.010775378053373702']}][0m
[94m[{'metric': {}, 'value': [1745995791.89, '537780224']}][0m
[94m[{'metric': {}, 'value': [1745995792.219, '0.008355532684445088']}][0m
[94m[{'metric': {}, 'value': [1745995792.449, '511827968']}][0m
[94m[{'metric': {}, 'value': [1745995792.82, '0.00861824871344147']}][0m
[94m[{'metric': {}, 'value': [1745995793.076, '510300160']}][0m
[94m[{'metric': {}, 'value': [1745995793.441, '0.009654130142352441']}][0m
[94m[{'metric': {}, 'value': [1745995793.709, '565932032']}][0m
[94m[{'metric': {}, 'value': [1745995794.072, '0.05544854852451465']}][0m
[94m[{'metric': {}, 'value': [1745995794.334, '533680128']}][0m
[94m[{'metric': {}, 'value': [1745995794.689, '0.004444403401195407']}][0m
[94m[{'metric': {}, 'value': [1745995794.944, '189046784']}][0m
[94m[{'metric': {}, 'value': [1745995795.262, '0.008215435261640118']}][0m
[94m[{'metric': {}, 'value': [1745995795.465, '509136896']}][0m
[94m[{'metric': {}, 'value': [1745995795.788, '0.008544328220393874']}][0m
[94m[{'metric': {}, 'value': [1745995796.01, '504270848']}][0m
[94m[{'metric': {}, 'value': [1745995796.361, '0.008979297249029749']}][0m
[94m[{'metric': {}, 'value': [1745995796.633, '590069760']}][0m
[94m[{'metric': {}, 'value': [1745995797.006, '0.009314969162477885']}][0m
[94m[{'metric': {}, 'value': [1745995797.257, '633724928']}][0m
[94m[{'metric': {}, 'value': [1745995797.636, '0.009043178691362142']}][0m
[94m[{'metric': {}, 'value': [1745995797.893, '552116224']}][0m
[94m[{'metric': {}, 'value': [1745995798.252, '0.008922376168777406']}][0m
[94m[{'metric': {}, 'value': [1745995798.488, '622977024']}][0m
[94m[{'metric': {}, 'value': [1745995798.82, '0.009203695070236247']}][0m
[94m[{'metric': {}, 'value': [1745995799.041, '556228608']}][0m
[94m[{'metric': {}, 'value': [1745995799.376, '0.011255299196192498']}][0m
[94m[{'metric': {}, 'value': [1745995799.609, '541908992']}][0m
[94m[{'metric': {}, 'value': [1745995799.923, '0.010013398069112242']}][0m
[94m[{'metric': {}, 'value': [1745995800.13, '647741440']}][0m
[94m[{'metric': {}, 'value': [1745995800.455, '0.009077305040630593']}][0m
[94m[{'metric': {}, 'value': [1745995800.669, '585924608']}][0m
[94m[{'metric': {}, 'value': [1745995800.994, '0.2233522398023133']}][0m
[94m[{'metric': {}, 'value': [1745995801.212, '970461184']}][0m
[94m[{'metric': {}, 'value': [1745995801.57, '0.009741308995526445']}][0m
[94m[{'metric': {}, 'value': [1745995801.781, '575905792']}][0m
[94m[{'metric': {}, 'value': [1745995802.115, '0.004207733416488349']}][0m
[94m[{'metric': {}, 'value': [1745995802.394, '48046080']}][0m
[94m[{'metric': {}, 'value': [1745995802.802, '0.009992937205790794']}][0m
[94m[{'metric': {}, 'value': [1745995803.034, '582201344']}][0m
[94m[{'metric': {}, 'value': [1745995803.398, '0.009607914672526231']}][0m
[94m[{'metric': {}, 'value': [1745995803.618, '593149952']}][0m
[94m[{'metric': {}, 'value': [1745995803.977, '0.17336555454474925']}][0m
[94m[{'metric': {}, 'value': [1745995804.244, '692162560']}][0m
[94m[{'metric': {}, 'value': [1745995804.618, '0.008500016724123462']}][0m
[94m[{'metric': {}, 'value': [1745995804.883, '606347264']}][0m
[94m[{'metric': {}, 'value': [1745995805.26, '0.00871981667763465']}][0m
[94m[{'metric': {}, 'value': [1745995805.518, '522665984']}][0m
[94m[{'metric': {}, 'value': [1745995805.895, '0.008471618323088424']}][0m
[94m[{'metric': {}, 'value': [1745995806.153, '505503744']}][0m
[94m[{'metric': {}, 'value': [1745995806.529, '0.00841510740147802']}][0m
[94m[{'metric': {}, 'value': [1745995806.795, '532213760']}][0m
[94m[{'metric': {}, 'value': [1745995807.172, '0.012185920437483531']}][0m
[94m[{'metric': {}, 'value': [1745995807.43, '510541824']}][0m
[94m[{'metric': {}, 'value': [1745995807.767, '0.009034934529697933']}][0m
[94m[{'metric': {}, 'value': [1745995808.012, '547618816']}][0m
[94m[{'metric': {}, 'value': [1745995808.372, '0.15990386174248553']}][0m
[94m[{'metric': {}, 'value': [1745995808.633, '656900096']}][0m
[94m[{'metric': {}, 'value': [1745995808.995, '0.009218450749350189']}][0m
[94m[{'metric': {}, 'value': [1745995809.26, '503230464']}][0m
[94m[{'metric': {}, 'value': [1745995809.643, '0.009823631959822098']}][0m
[94m[{'metric': {}, 'value': [1745995809.895, '590426112']}][0m
[94m[{'metric': {}, 'value': [1745995810.265, '0.008638377226113167']}][0m
[94m[{'metric': {}, 'value': [1745995810.496, '616353792']}][0m
[94m[{'metric': {}, 'value': [1745995810.84, '0.15987756906469713']}][0m
[94m[{'metric': {}, 'value': [1745995811.091, '689754112']}][0m
[94m[{'metric': {}, 'value': [1745995811.452, '0.004151674020234992']}][0m
[94m[{'metric': {}, 'value': [1745995811.698, '89784320']}][0m
[94m[{'metric': {}, 'value': [1745995812.07, '0.010014957080433085']}][0m
[94m[{'metric': {}, 'value': [1745995812.321, '610676736']}][0m
[94m[{'metric': {}, 'value': [1745995812.669, '0.009457058912929146']}][0m
[94m[{'metric': {}, 'value': [1745995812.945, '582209536']}][0m
[94m[{'metric': {}, 'value': [1745995813.333, '0.012328449484475843']}][0m
[94m[{'metric': {}, 'value': [1745995813.601, '501686272']}][0m
[94m[{'metric': {}, 'value': [1745995813.998, '0.01038392633579844']}][0m
[94m[{'metric': {}, 'value': [1745995814.263, '623419392']}][0m
[94m[{'metric': {}, 'value': [1745995814.629, '0.009567043358095271']}][0m
[94m[{'metric': {}, 'value': [1745995814.88, '573362176']}][0m
[94m[{'metric': {}, 'value': [1745995815.246, '0.05464161754363612']}][0m
[94m[{'metric': {}, 'value': [1745995815.52, '55607296']}][0m
[94m[{'metric': {}, 'value': [1745995815.886, '0.010518135728202292']}][0m
[94m[{'metric': {}, 'value': [1745995816.135, '624607232']}][0m
[94m[{'metric': {}, 'value': [1745995816.516, '0.010375705818713802']}][0m
[94m[{'metric': {}, 'value': [1745995816.804, '480403456']}][0m
[94m[{'metric': {}, 'value': [1745995817.192, '0.004317890650502096']}][0m
[94m[{'metric': {}, 'value': [1745995817.446, '62611456']}][0m
[94m[{'metric': {}, 'value': [1745995817.829, '0.011105818080715741']}][0m
[94m[{'metric': {}, 'value': [1745995818.078, '607363072']}][0m
Querying metrics for application: train-ticket
Querying Prometheus for ts-admin-order-service-cpu in deployment ts-admin-order-service
[94m[{'metric': {'pod': 'ts-admin-order-service-559676f59b-kfntj'}, 'value': [1745995818.333, '0.007750982768303796']}][0m
Querying Prometheus for ts-admin-order-service-latency in deployment ts-admin-order-service
[94m[][0m
Querying Prometheus for ts-admin-order-service-memory in deployment ts-admin-order-service
[94m[{'metric': {'pod': 'ts-admin-order-service-559676f59b-kfntj'}, 'value': [1745995818.856, '486989824']}][0m
Querying Prometheus for ts-admin-order-service-workload in deployment ts-admin-order-service
[94m[][0m
Querying Prometheus for ts-admin-route-service-cpu in deployment ts-admin-route-service
[94m[{'metric': {'pod': 'ts-admin-route-service-55f58759d8-tpnrh'}, 'value': [1745995819.383, '0.005766169563000752']}][0m
Querying Prometheus for ts-admin-route-service-latency in deployment ts-admin-route-service
[94m[][0m
Querying Prometheus for ts-admin-route-service-memory in deployment ts-admin-route-service
[94m[{'metric': {'pod': 'ts-admin-route-service-55f58759d8-tpnrh'}, 'value': [1745995819.895, '537283242.6666667']}][0m
Querying Prometheus for ts-admin-route-service-workload in deployment ts-admin-route-service
[94m[][0m
Querying Prometheus for ts-auth-service-cpu in deployment ts-auth-service
[94m[{'metric': {'pod': 'ts-auth-service-69db9d9448-cqg2r'}, 'value': [1745995821.168, '0.01155627172450495']}][0m
Querying Prometheus for ts-auth-service-latency in deployment ts-auth-service
[94m[{'metric': {}, 'value': [1745995821.668, 'NaN']}][0m
Querying Prometheus for ts-auth-service-memory in deployment ts-auth-service
[94m[{'metric': {'pod': 'ts-auth-service-69db9d9448-cqg2r'}, 'value': [1745995822.569, '533680128']}][0m
Querying Prometheus for ts-auth-service-workload in deployment ts-auth-service
[94m[{'metric': {}, 'value': [1745995823.075, '0']}][0m
Querying Prometheus for ts-notification-service-cpu in deployment ts-notification-service
[94m[{'metric': {'pod': 'ts-notification-service-67b587c9bb-lwjhg'}, 'value': [1745995823.475, '0.011071136568482376']}][0m
Querying Prometheus for ts-notification-service-latency in deployment ts-notification-service
[94m[][0m
Querying Prometheus for ts-notification-service-memory in deployment ts-notification-service
[94m[{'metric': {'pod': 'ts-notification-service-67b587c9bb-lwjhg'}, 'value': [1745995823.975, '582288384']}][0m
Querying Prometheus for ts-notification-service-workload in deployment ts-notification-service
[94m[][0m
Querying Prometheus for ts-order-service-cpu in deployment ts-order-service
[94m[{'metric': {'pod': 'ts-order-service-85ddc7957b-gs685'}, 'value': [1745995824.492, '0.11843569180081447']}][0m
Querying Prometheus for ts-order-service-latency in deployment ts-order-service
[94m[{'metric': {}, 'value': [1745995824.742, '23.138157894736846']}][0m
Querying Prometheus for ts-order-service-memory in deployment ts-order-service
[94m[{'metric': {'pod': 'ts-order-service-85ddc7957b-gs685'}, 'value': [1745995825.006, '684143957.3333333']}][0m
Querying Prometheus for ts-order-service-workload in deployment ts-order-service
[94m[{'metric': {}, 'value': [1745995825.268, '3.2777777777777777']}][0m
Querying Prometheus for ts-payment-service-cpu in deployment ts-payment-service
[94m[{'metric': {'pod': 'ts-payment-service-85c48c8fcb-tplqh'}, 'value': [1745995825.522, '0.013398569352855345']}][0m
Querying Prometheus for ts-payment-service-latency in deployment ts-payment-service
[94m[][0m
Querying Prometheus for ts-payment-service-memory in deployment ts-payment-service
[94m[{'metric': {'pod': 'ts-payment-service-85c48c8fcb-tplqh'}, 'value': [1745995826.028, '606240768']}][0m
Querying Prometheus for ts-payment-service-workload in deployment ts-payment-service
[94m[][0m
Querying Prometheus for ts-price-service-cpu in deployment ts-price-service
[94m[{'metric': {'pod': 'ts-price-service-85649d648b-5phqb'}, 'value': [1745995826.533, '0.024335519516623723']}][0m
Querying Prometheus for ts-price-service-latency in deployment ts-price-service
[94m[][0m
Querying Prometheus for ts-price-service-memory in deployment ts-price-service
[94m[{'metric': {'pod': 'ts-price-service-85649d648b-5phqb'}, 'value': [1745995827.031, '534062080']}][0m
Querying Prometheus for ts-price-service-workload in deployment ts-price-service
[94m[][0m
Querying Prometheus for ts-route-service-cpu in deployment ts-route-service
[94m[{'metric': {'pod': 'ts-route-service-644ddf6579-2jc9l'}, 'value': [1745995827.52, '0.08232104981732655']}][0m
Querying Prometheus for ts-route-service-latency in deployment ts-route-service
[94m[{'metric': {}, 'value': [1745995827.766, '45.92814371257485']}][0m
Querying Prometheus for ts-route-service-memory in deployment ts-route-service
[94m[{'metric': {'pod': 'ts-route-service-644ddf6579-2jc9l'}, 'value': [1745995828.038, '656813056']}][0m
Querying Prometheus for ts-route-service-workload in deployment ts-route-service
[94m[{'metric': {}, 'value': [1745995828.29, '3.333333333333333']}][0m
Querying Prometheus for ts-station-service-cpu in deployment ts-station-service
[94m[{'metric': {'pod': 'ts-station-service-67d84d5cbd-kp45f'}, 'value': [1745995828.563, '0.12985808428105367']}][0m
Querying Prometheus for ts-station-service-latency in deployment ts-station-service
[94m[{'metric': {}, 'value': [1745995828.806, '23.011331444759207']}][0m
Querying Prometheus for ts-station-service-memory in deployment ts-station-service
[94m[{'metric': {'pod': 'ts-station-service-67d84d5cbd-kp45f'}, 'value': [1745995829.065, '689526101.3333334']}][0m
Querying Prometheus for ts-station-service-workload in deployment ts-station-service
[94m[{'metric': {}, 'value': [1745995829.311, '3.0666666666666664']}][0m
Querying Prometheus for ts-train-service-cpu in deployment ts-train-service
[94m[{'metric': {'pod': 'ts-train-service-8468c95c56-d9czz'}, 'value': [1745995829.577, '0.01405712815234147']}][0m
Querying Prometheus for ts-train-service-latency in deployment ts-train-service
[94m[][0m
Querying Prometheus for ts-train-service-memory in deployment ts-train-service
[94m[{'metric': {'pod': 'ts-train-service-8468c95c56-d9czz'}, 'value': [1745995830.104, '582246400']}][0m
Querying Prometheus for ts-train-service-workload in deployment ts-train-service
[94m[][0m
Querying Prometheus for ts-travel-service-cpu in deployment ts-travel-service
[94m[{'metric': {'pod': 'ts-travel-service-678679d7b4-qnn9b'}, 'value': [1745995830.631, '0.012634845882341001']}][0m
Querying Prometheus for ts-travel-service-latency in deployment ts-travel-service
[94m[][0m
Querying Prometheus for ts-travel-service-memory in deployment ts-travel-service
[94m[{'metric': {'pod': 'ts-travel-service-678679d7b4-qnn9b'}, 'value': [1745995831.136, '623902720']}][0m
Querying Prometheus for ts-travel-service-workload in deployment ts-travel-service
[94m[][0m
Querying Prometheus for ts-ui-dashboard-cpu in deployment ts-ui-dashboard
[94m[{'metric': {'pod': 'ts-ui-dashboard-5445596dc7-dsgpm'}, 'value': [1745995831.655, '0.0564501422739082']}][0m
Querying Prometheus for ts-ui-dashboard-latency in deployment ts-ui-dashboard
[94m[{'metric': {}, 'value': [1745995831.912, '37.931654676258994']}][0m
Querying Prometheus for ts-ui-dashboard-memory in deployment ts-ui-dashboard
[94m[{'metric': {'pod': 'ts-ui-dashboard-5445596dc7-dsgpm'}, 'value': [1745995832.172, '55731541.33333333']}][0m
Querying Prometheus for ts-ui-dashboard-workload in deployment ts-ui-dashboard
[94m[{'metric': {}, 'value': [1745995832.43, '8.044444444444444']}][0m
Querying Prometheus for ts-user-service-cpu in deployment ts-user-service
[94m[{'metric': {'pod': 'ts-user-service-844b454c75-r56zt'}, 'value': [1745995832.675, '0.006737566666667287']}][0m
Querying Prometheus for ts-user-service-latency in deployment ts-user-service
[94m[][0m
Querying Prometheus for ts-user-service-memory in deployment ts-user-service
[94m[{'metric': {'pod': 'ts-user-service-844b454c75-r56zt'}, 'value': [1745995833.175, '624314368']}][0m
Querying Prometheus for ts-user-service-workload in deployment ts-user-service
[94m[][0m
Recorded metrics at 2025-04-30 06:49:43
[94m[{'metric': {}, 'value': [1745995900.191, '0.046201120676699764']}][0m
[94m[{'metric': {}, 'value': [1745995900.44, '257720320']}][0m
[94m[{'metric': {}, 'value': [1745995900.809, '0.008632306041875015']}][0m
[94m[{'metric': {}, 'value': [1745995901.065, '529735680']}][0m
[94m[{'metric': {}, 'value': [1745995901.449, '0.008460951916715996']}][0m
[94m[{'metric': {}, 'value': [1745995901.709, '487243776']}][0m
[94m[{'metric': {}, 'value': [1745995902.078, '0.0105476094747567']}][0m
[94m[{'metric': {}, 'value': [1745995902.386, '535220224']}][0m
[94m[{'metric': {}, 'value': [1745995902.757, '0.008319827434583841']}][0m
[94m[{'metric': {}, 'value': [1745995903.034, '512073728']}][0m
[94m[{'metric': {}, 'value': [1745995903.411, '0.008477085899682513']}][0m
[94m[{'metric': {}, 'value': [1745995903.666, '509964288']}][0m
[94m[{'metric': {}, 'value': [1745995904.045, '0.00931523161838329']}][0m
[94m[{'metric': {}, 'value': [1745995904.305, '566566912']}][0m
[94m[{'metric': {}, 'value': [1745995904.675, '0.009429347500000032']}][0m
[94m[{'metric': {}, 'value': [1745995904.947, '533794816']}][0m
[94m[{'metric': {}, 'value': [1745995905.314, '0.004256706081901708']}][0m
[94m[{'metric': {}, 'value': [1745995905.567, '189034496']}][0m
[94m[{'metric': {}, 'value': [1745995905.923, '0.008510926379003487']}][0m
[94m[{'metric': {}, 'value': [1745995906.209, '509317120']}][0m
[94m[{'metric': {}, 'value': [1745995906.573, '0.010827307055721096']}][0m
[94m[{'metric': {}, 'value': [1745995906.828, '505745408']}][0m
[94m[{'metric': {}, 'value': [1745995907.212, '0.009745426143508375']}][0m
[94m[{'metric': {}, 'value': [1745995907.465, '591020032']}][0m
[94m[{'metric': {}, 'value': [1745995907.847, '0.009422847335887179']}][0m
[94m[{'metric': {}, 'value': [1745995908.096, '632676352']}][0m
[94m[{'metric': {}, 'value': [1745995908.481, '0.009138437218072752']}][0m
[94m[{'metric': {}, 'value': [1745995908.746, '552300544']}][0m
[94m[{'metric': {}, 'value': [1745995909.122, '0.008782152668366915']}][0m
[94m[{'metric': {}, 'value': [1745995909.37, '624234496']}][0m
[94m[{'metric': {}, 'value': [1745995909.752, '0.010139855940165497']}][0m
[94m[{'metric': {}, 'value': [1745995910.022, '556703744']}][0m
[94m[{'metric': {}, 'value': [1745995910.388, '0.008018848401750597']}][0m
[94m[{'metric': {}, 'value': [1745995910.636, '542498816']}][0m
[94m[{'metric': {}, 'value': [1745995911.003, '0.009504958857517619']}][0m
[94m[{'metric': {}, 'value': [1745995911.242, '646844416']}][0m
[94m[{'metric': {}, 'value': [1745995911.601, '0.00936883404351633']}][0m
[94m[{'metric': {}, 'value': [1745995911.85, '588689408']}][0m
[94m[{'metric': {}, 'value': [1745995912.222, '0.1984727571983843']}][0m
[94m[{'metric': {}, 'value': [1745995912.474, '971694080']}][0m
[94m[{'metric': {}, 'value': [1745995912.835, '0.009451952396966818']}][0m
[94m[{'metric': {}, 'value': [1745995913.094, '573186048']}][0m
[94m[{'metric': {}, 'value': [1745995913.48, '0.004105985993133064']}][0m
[94m[{'metric': {}, 'value': [1745995913.742, '48193536']}][0m
[94m[{'metric': {}, 'value': [1745995914.121, '0.010042393684559073']}][0m
[94m[{'metric': {}, 'value': [1745995914.36, '577527808']}][0m
[94m[{'metric': {}, 'value': [1745995914.722, '0.00977893221074691']}][0m
[94m[{'metric': {}, 'value': [1745995914.972, '588021760']}][0m
[94m[{'metric': {}, 'value': [1745995915.337, '0.1251689242119957']}][0m
[94m[{'metric': {}, 'value': [1745995915.579, '695480320']}][0m
[94m[{'metric': {}, 'value': [1745995915.94, '0.009782883530660064']}][0m
[94m[{'metric': {}, 'value': [1745995916.185, '607215616']}][0m
[94m[{'metric': {}, 'value': [1745995916.552, '0.008863398111660419']}][0m
[94m[{'metric': {}, 'value': [1745995916.799, '516964352']}][0m
[94m[{'metric': {}, 'value': [1745995917.173, '0.008857429794974706']}][0m
[94m[{'metric': {}, 'value': [1745995917.42, '505679872']}][0m
[94m[{'metric': {}, 'value': [1745995917.787, '0.012223890628746636']}][0m
[94m[{'metric': {}, 'value': [1745995918.06, '534532096']}][0m
[94m[{'metric': {}, 'value': [1745995918.425, '0.011648337037037092']}][0m
[94m[{'metric': {}, 'value': [1745995918.7, '511471616']}][0m
[94m[{'metric': {}, 'value': [1745995919.081, '0.011069773585714156']}][0m
[94m[{'metric': {}, 'value': [1745995919.339, '548311040']}][0m
[94m[{'metric': {}, 'value': [1745995919.734, '0.10631124705882344']}][0m
[94m[{'metric': {}, 'value': [1745995919.985, '665784320']}][0m
[94m[{'metric': {}, 'value': [1745995920.36, '0.009526413746834878']}][0m
[94m[{'metric': {}, 'value': [1745995920.609, '499441664']}][0m
[94m[{'metric': {}, 'value': [1745995920.979, '0.009607631614985493']}][0m
[94m[{'metric': {}, 'value': [1745995921.209, '584978432']}][0m
[94m[{'metric': {}, 'value': [1745995921.587, '0.009039923541666753']}][0m
[94m[{'metric': {}, 'value': [1745995921.841, '615190528']}][0m
[94m[{'metric': {}, 'value': [1745995922.23, '0.11891067230318537']}][0m
[94m[{'metric': {}, 'value': [1745995922.506, '694067200']}][0m
[94m[{'metric': {}, 'value': [1745995922.876, '0.004358435710613552']}][0m
[94m[{'metric': {}, 'value': [1745995923.137, '89665536']}][0m
[94m[{'metric': {}, 'value': [1745995923.511, '0.008627895047827367']}][0m
[94m[{'metric': {}, 'value': [1745995923.766, '609325056']}][0m
[94m[{'metric': {}, 'value': [1745995924.153, '0.010792139545184978']}][0m
[94m[{'metric': {}, 'value': [1745995924.415, '586846208']}][0m
[94m[{'metric': {}, 'value': [1745995924.786, '0.008689776132301789']}][0m
[94m[{'metric': {}, 'value': [1745995925.043, '500543488']}][0m
[94m[{'metric': {}, 'value': [1745995925.419, '0.011566040674647348']}][0m
[94m[{'metric': {}, 'value': [1745995925.673, '625020928']}][0m
[94m[{'metric': {}, 'value': [1745995926.034, '0.00894158563839806']}][0m
[94m[{'metric': {}, 'value': [1745995926.29, '573333504']}][0m
[94m[{'metric': {}, 'value': [1745995926.669, '0.05956544192600589']}][0m
[94m[{'metric': {}, 'value': [1745995926.906, '54202368']}][0m
[94m[{'metric': {}, 'value': [1745995927.274, '0.010151530829539011']}][0m
[94m[{'metric': {}, 'value': [1745995927.526, '631083008']}][0m
[94m[{'metric': {}, 'value': [1745995927.895, '0.009196419560342279']}][0m
[94m[{'metric': {}, 'value': [1745995928.151, '480727040']}][0m
[94m[{'metric': {}, 'value': [1745995928.524, '0.0044048808006635605']}][0m
[94m[{'metric': {}, 'value': [1745995929.568, '67719168']}][0m
[94m[{'metric': {}, 'value': [1745995930.068, '0.010437410412247002']}][0m
[94m[{'metric': {}, 'value': [1745995930.568, '609116160']}][0m
Querying metrics for application: train-ticket
Querying Prometheus for ts-admin-order-service-cpu in deployment ts-admin-order-service
[94m[{'metric': {'pod': 'ts-admin-order-service-559676f59b-kfntj'}, 'value': [1745995931.368, '0.008354055835412504']}][0m
Querying Prometheus for ts-admin-order-service-latency in deployment ts-admin-order-service
[94m[][0m
Querying Prometheus for ts-admin-order-service-memory in deployment ts-admin-order-service
[94m[{'metric': {'pod': 'ts-admin-order-service-559676f59b-kfntj'}, 'value': [1745995932.53, '487312384']}][0m
Querying Prometheus for ts-admin-order-service-workload in deployment ts-admin-order-service
[94m[][0m
Querying Prometheus for ts-admin-route-service-cpu in deployment ts-admin-route-service
[94m[{'metric': {'pod': 'ts-admin-route-service-55f58759d8-tpnrh'}, 'value': [1745995933.06, '0.008792655620241544']}][0m
Querying Prometheus for ts-admin-route-service-latency in deployment ts-admin-route-service
[94m[][0m
Querying Prometheus for ts-admin-route-service-memory in deployment ts-admin-route-service
[94m[{'metric': {'pod': 'ts-admin-route-service-55f58759d8-tpnrh'}, 'value': [1745995933.568, '535702528']}][0m
Querying Prometheus for ts-admin-route-service-workload in deployment ts-admin-route-service
[94m[][0m
Querying Prometheus for ts-auth-service-cpu in deployment ts-auth-service
[94m[{'metric': {'pod': 'ts-auth-service-69db9d9448-cqg2r'}, 'value': [1745995934.067, '0.009501284766342025']}][0m
Querying Prometheus for ts-auth-service-latency in deployment ts-auth-service
[94m[{'metric': {}, 'value': [1745995934.329, 'NaN']}][0m
Querying Prometheus for ts-auth-service-memory in deployment ts-auth-service
[94m[{'metric': {'pod': 'ts-auth-service-69db9d9448-cqg2r'}, 'value': [1745995934.592, '533972309.3333333']}][0m
Querying Prometheus for ts-auth-service-workload in deployment ts-auth-service
[94m[{'metric': {}, 'value': [1745995934.842, '0']}][0m
Querying Prometheus for ts-notification-service-cpu in deployment ts-notification-service
[94m[{'metric': {'pod': 'ts-notification-service-67b587c9bb-lwjhg'}, 'value': [1745995935.083, '0.008570388487572052']}][0m
Querying Prometheus for ts-notification-service-latency in deployment ts-notification-service
[94m[][0m
Querying Prometheus for ts-notification-service-memory in deployment ts-notification-service
[94m[{'metric': {'pod': 'ts-notification-service-67b587c9bb-lwjhg'}, 'value': [1745995935.626, '577863680']}][0m
Querying Prometheus for ts-notification-service-workload in deployment ts-notification-service
[94m[][0m
Querying Prometheus for ts-order-service-cpu in deployment ts-order-service
[94m[{'metric': {'pod': 'ts-order-service-85ddc7957b-gs685'}, 'value': [1745995936.102, '0.06354961905218197']}][0m
Querying Prometheus for ts-order-service-latency in deployment ts-order-service
[94m[{'metric': {}, 'value': [1745995936.353, '23.42895912894945']}][0m
Querying Prometheus for ts-order-service-memory in deployment ts-order-service
[94m[{'metric': {'pod': 'ts-order-service-85ddc7957b-gs685'}, 'value': [1745995936.626, '695209984']}][0m
Querying Prometheus for ts-order-service-workload in deployment ts-order-service
[94m[{'metric': {}, 'value': [1745995936.868, '2.918382460188276']}][0m
Querying Prometheus for ts-payment-service-cpu in deployment ts-payment-service
[94m[{'metric': {'pod': 'ts-payment-service-85c48c8fcb-tplqh'}, 'value': [1745995937.122, '0.009455887140531541']}][0m
Querying Prometheus for ts-payment-service-latency in deployment ts-payment-service
[94m[][0m
Querying Prometheus for ts-payment-service-memory in deployment ts-payment-service
[94m[{'metric': {'pod': 'ts-payment-service-85c48c8fcb-tplqh'}, 'value': [1745995937.616, '607085909.3333333']}][0m
Querying Prometheus for ts-payment-service-workload in deployment ts-payment-service
[94m[][0m
Querying Prometheus for ts-price-service-cpu in deployment ts-price-service
[94m[{'metric': {'pod': 'ts-price-service-85649d648b-5phqb'}, 'value': [1745995938.135, '0.007616497787517228']}][0m
Querying Prometheus for ts-price-service-latency in deployment ts-price-service
[94m[][0m
Querying Prometheus for ts-price-service-memory in deployment ts-price-service
[94m[{'metric': {'pod': 'ts-price-service-85649d648b-5phqb'}, 'value': [1745995938.649, '534872064']}][0m
Querying Prometheus for ts-price-service-workload in deployment ts-price-service
[94m[][0m
Querying Prometheus for ts-route-service-cpu in deployment ts-route-service
[94m[{'metric': {'pod': 'ts-route-service-644ddf6579-2jc9l'}, 'value': [1745995939.156, '0.08421107872951562']}][0m
Querying Prometheus for ts-route-service-latency in deployment ts-route-service
[94m[{'metric': {}, 'value': [1745995939.412, '46.804306011910626']}][0m
Querying Prometheus for ts-route-service-memory in deployment ts-route-service
[94m[{'metric': {'pod': 'ts-route-service-644ddf6579-2jc9l'}, 'value': [1745995939.676, '666200746.6666667']}][0m
Querying Prometheus for ts-route-service-workload in deployment ts-route-service
[94m[{'metric': {}, 'value': [1745995939.932, '3.5986183585606253']}][0m
Querying Prometheus for ts-station-service-cpu in deployment ts-station-service
[94m[{'metric': {'pod': 'ts-station-service-67d84d5cbd-kp45f'}, 'value': [1745995940.199, '0.08764099369845745']}][0m
Querying Prometheus for ts-station-service-latency in deployment ts-station-service
[94m[{'metric': {}, 'value': [1745995940.461, '22.851214077022384']}][0m
Querying Prometheus for ts-station-service-memory in deployment ts-station-service
[94m[{'metric': {'pod': 'ts-station-service-67d84d5cbd-kp45f'}, 'value': [1745995940.708, '694140928']}][0m
Querying Prometheus for ts-station-service-workload in deployment ts-station-service
[94m[{'metric': {}, 'value': [1745995940.963, '3.582324494331036']}][0m
Querying Prometheus for ts-train-service-cpu in deployment ts-train-service
[94m[{'metric': {'pod': 'ts-train-service-8468c95c56-d9czz'}, 'value': [1745995941.223, '0.009271713958518649']}][0m
Querying Prometheus for ts-train-service-latency in deployment ts-train-service
[94m[][0m
Querying Prometheus for ts-train-service-memory in deployment ts-train-service
[94m[{'metric': {'pod': 'ts-train-service-8468c95c56-d9czz'}, 'value': [1745995941.74, '587201194.6666667']}][0m
Querying Prometheus for ts-train-service-workload in deployment ts-train-service
[94m[][0m
Querying Prometheus for ts-travel-service-cpu in deployment ts-travel-service
[94m[{'metric': {'pod': 'ts-travel-service-678679d7b4-qnn9b'}, 'value': [1745995942.238, '0.009667516122320557']}][0m
Querying Prometheus for ts-travel-service-latency in deployment ts-travel-service
[94m[][0m
Querying Prometheus for ts-travel-service-memory in deployment ts-travel-service
[94m[{'metric': {'pod': 'ts-travel-service-678679d7b4-qnn9b'}, 'value': [1745995942.733, '624747861.3333334']}][0m
Querying Prometheus for ts-travel-service-workload in deployment ts-travel-service
[94m[][0m
Querying Prometheus for ts-ui-dashboard-cpu in deployment ts-ui-dashboard
[94m[{'metric': {'pod': 'ts-ui-dashboard-5445596dc7-dsgpm'}, 'value': [1745995943.251, '0.061760713499229236']}][0m
Querying Prometheus for ts-ui-dashboard-latency in deployment ts-ui-dashboard
[94m[{'metric': {}, 'value': [1745995943.513, '38.52348993288591']}][0m
Querying Prometheus for ts-ui-dashboard-memory in deployment ts-ui-dashboard
[94m[{'metric': {'pod': 'ts-ui-dashboard-5445596dc7-dsgpm'}, 'value': [1745995943.778, '54682624']}][0m
Querying Prometheus for ts-ui-dashboard-workload in deployment ts-ui-dashboard
[94m[{'metric': {}, 'value': [1745995944.048, '8.222222222222221']}][0m
Querying Prometheus for ts-user-service-cpu in deployment ts-user-service
[94m[{'metric': {'pod': 'ts-user-service-844b454c75-r56zt'}, 'value': [1745995944.295, '0.009521805054152519']}][0m
Querying Prometheus for ts-user-service-latency in deployment ts-user-service
[94m[][0m
Querying Prometheus for ts-user-service-memory in deployment ts-user-service
[94m[{'metric': {'pod': 'ts-user-service-844b454c75-r56zt'}, 'value': [1745995944.792, '631781376']}][0m
Querying Prometheus for ts-user-service-workload in deployment ts-user-service
[94m[][0m
Recorded metrics at 2025-04-30 06:51:33
[94m[{'metric': {}, 'value': [1745996012.058, '0.045488379203805676']}][0m
[94m[{'metric': {}, 'value': [1745996012.332, '258043904']}][0m
[94m[{'metric': {}, 'value': [1745996012.73, '0.008508933086334075']}][0m
[94m[{'metric': {}, 'value': [1745996012.993, '530350080']}][0m
[94m[{'metric': {}, 'value': [1745996013.392, '0.008490805196998002']}][0m
[94m[{'metric': {}, 'value': [1745996013.651, '488562688']}][0m
[94m[{'metric': {}, 'value': [1745996014.028, '0.009253707287424032']}][0m
[94m[{'metric': {}, 'value': [1745996014.287, '536592384']}][0m
[94m[{'metric': {}, 'value': [1745996014.674, '0.008482461432338766']}][0m
[94m[{'metric': {}, 'value': [1745996014.931, '511848448']}][0m
[94m[{'metric': {}, 'value': [1745996015.303, '0.009193931699072197']}][0m
[94m[{'metric': {}, 'value': [1745996015.563, '511311872']}][0m
[94m[{'metric': {}, 'value': [1745996015.95, '0.009913011408524056']}][0m
[94m[{'metric': {}, 'value': [1745996016.214, '567353344']}][0m
[94m[{'metric': {}, 'value': [1745996016.59, '0.009541971524829876']}][0m
[94m[{'metric': {}, 'value': [1745996016.85, '534212608']}][0m
[94m[{'metric': {}, 'value': [1745996017.223, '0.004273845989352686']}][0m
[94m[{'metric': {}, 'value': [1745996017.474, '189108224']}][0m
[94m[{'metric': {}, 'value': [1745996017.827, '0.009053336566200637']}][0m
[94m[{'metric': {}, 'value': [1745996018.089, '511467520']}][0m
[94m[{'metric': {}, 'value': [1745996018.473, '0.012890882075567744']}][0m
[94m[{'metric': {}, 'value': [1745996018.737, '506859520']}][0m
[94m[{'metric': {}, 'value': [1745996019.119, '0.009994111204358365']}][0m
[94m[{'metric': {}, 'value': [1745996019.375, '591757312']}][0m
[94m[{'metric': {}, 'value': [1745996019.756, '0.010066404334020543']}][0m
[94m[{'metric': {}, 'value': [1745996020.013, '634765312']}][0m
[94m[{'metric': {}, 'value': [1745996020.389, '0.009953021745269587']}][0m
[94m[{'metric': {}, 'value': [1745996020.648, '552390656']}][0m
[94m[{'metric': {}, 'value': [1745996021.035, '0.009569151303072359']}][0m
[94m[{'metric': {}, 'value': [1745996021.29, '624926720']}][0m
[94m[{'metric': {}, 'value': [1745996021.686, '0.010217158518707267']}][0m
[94m[{'metric': {}, 'value': [1745996021.949, '556457984']}][0m
[94m[{'metric': {}, 'value': [1745996022.336, '0.009241235916695048']}][0m
[94m[{'metric': {}, 'value': [1745996022.59, '544862208']}][0m
[94m[{'metric': {}, 'value': [1745996022.976, '0.010229041381772134']}][0m
[94m[{'metric': {}, 'value': [1745996023.229, '644370432']}][0m
[94m[{'metric': {}, 'value': [1745996023.626, '0.010305007166471196']}][0m
[94m[{'metric': {}, 'value': [1745996023.872, '589152256']}][0m
[94m[{'metric': {}, 'value': [1745996024.241, '0.16759768904042774']}][0m
[94m[{'metric': {}, 'value': [1745996024.493, '979939328']}][0m
[94m[{'metric': {}, 'value': [1745996024.861, '0.009620259444444588']}][0m
[94m[{'metric': {}, 'value': [1745996025.135, '574345216']}][0m
[94m[{'metric': {}, 'value': [1745996025.515, '0.004089089052045716']}][0m
[94m[{'metric': {}, 'value': [1745996025.789, '48631808']}][0m
[94m[{'metric': {}, 'value': [1745996026.177, '0.010171861644956169']}][0m
[94m[{'metric': {}, 'value': [1745996026.446, '578154496']}][0m
[94m[{'metric': {}, 'value': [1745996026.82, '0.012640574239372267']}][0m
[94m[{'metric': {}, 'value': [1745996027.071, '589492224']}][0m
[94m[{'metric': {}, 'value': [1745996027.441, '0.10853178661188866']}][0m
[94m[{'metric': {}, 'value': [1745996027.697, '695967744']}][0m
[94m[{'metric': {}, 'value': [1745996028.068, '0.009429276028969773']}][0m
[94m[{'metric': {}, 'value': [1745996028.325, '607432704']}][0m
[94m[{'metric': {}, 'value': [1745996028.713, '0.012990600265073222']}][0m
[94m[{'metric': {}, 'value': [1745996028.965, '516780032']}][0m
[94m[{'metric': {}, 'value': [1745996029.34, '0.009352079535949619']}][0m
[94m[{'metric': {}, 'value': [1745996029.597, '507174912']}][0m
[94m[{'metric': {}, 'value': [1745996029.969, '0.012292770167702152']}][0m
[94m[{'metric': {}, 'value': [1745996030.236, '535199744']}][0m
[94m[{'metric': {}, 'value': [1745996030.625, '0.008429891761278712']}][0m
[94m[{'metric': {}, 'value': [1745996030.899, '512876544']}][0m
[94m[{'metric': {}, 'value': [1745996031.275, '0.012492869921153196']}][0m
[94m[{'metric': {}, 'value': [1745996031.539, '549888000']}][0m
[94m[{'metric': {}, 'value': [1745996031.917, '0.1129981133314844']}][0m
[94m[{'metric': {}, 'value': [1745996032.18, '666996736']}][0m
[94m[{'metric': {}, 'value': [1745996032.571, '0.00836824728583924']}][0m
[94m[{'metric': {}, 'value': [1745996032.847, '496037888']}][0m
[94m[{'metric': {}, 'value': [1745996033.219, '0.010282348142455959']}][0m
[94m[{'metric': {}, 'value': [1745996033.482, '585482240']}][0m
[94m[{'metric': {}, 'value': [1745996033.874, '0.009719707926460968']}][0m
[94m[{'metric': {}, 'value': [1745996034.135, '612061184']}][0m
[94m[{'metric': {}, 'value': [1745996034.505, '0.10421779951567434']}][0m
[94m[{'metric': {}, 'value': [1745996035.368, '696987648']}][0m
[94m[{'metric': {}, 'value': [1745996036.368, '0.0043621362478686735']}][0m
[94m[{'metric': {}, 'value': [1745996037.469, '89346048']}][0m
[94m[{'metric': {}, 'value': [1745996038.179, '0.009655860435699553']}][0m
[94m[{'metric': {}, 'value': [1745996038.572, '607223808']}][0m
[94m[{'metric': {}, 'value': [1745996038.958, '0.010217368216598374']}][0m
[94m[{'metric': {}, 'value': [1745996039.223, '589103104']}][0m
[94m[{'metric': {}, 'value': [1745996039.618, '0.009274062971836496']}][0m
[94m[{'metric': {}, 'value': [1745996039.878, '499372032']}][0m
[94m[{'metric': {}, 'value': [1745996040.274, '0.010584979151405894']}][0m
[94m[{'metric': {}, 'value': [1745996040.531, '632623104']}][0m
[94m[{'metric': {}, 'value': [1745996040.968, '0.01011049721783745']}][0m
[94m[{'metric': {}, 'value': [1745996041.22, '574435328']}][0m
[94m[{'metric': {}, 'value': [1745996041.617, '0.059888413439372984']}][0m
[94m[{'metric': {}, 'value': [1745996041.887, '51920896']}][0m
[94m[{'metric': {}, 'value': [1745996042.265, '0.010306010791638036']}][0m
[94m[{'metric': {}, 'value': [1745996042.52, '633860096']}][0m
[94m[{'metric': {}, 'value': [1745996042.91, '0.00826187451670397']}][0m
[94m[{'metric': {}, 'value': [1745996043.164, '479760384']}][0m
[94m[{'metric': {}, 'value': [1745996043.533, '0.004689753369301835']}][0m
[94m[{'metric': {}, 'value': [1745996043.789, '68919296']}][0m
[94m[{'metric': {}, 'value': [1745996044.168, '0.009863455888493064']}][0m
[94m[{'metric': {}, 'value': [1745996044.428, '605622272']}][0m
Querying metrics for application: train-ticket
Querying Prometheus for ts-admin-order-service-cpu in deployment ts-admin-order-service
[94m[{'metric': {'pod': 'ts-admin-order-service-559676f59b-kfntj'}, 'value': [1745996044.699, '0.011744272698863724']}][0m
Querying Prometheus for ts-admin-order-service-latency in deployment ts-admin-order-service
[94m[][0m
Querying Prometheus for ts-admin-order-service-memory in deployment ts-admin-order-service
[94m[{'metric': {'pod': 'ts-admin-order-service-559676f59b-kfntj'}, 'value': [1745996045.239, '489147050.6666666']}][0m
Querying Prometheus for ts-admin-order-service-workload in deployment ts-admin-order-service
[94m[][0m
Querying Prometheus for ts-admin-route-service-cpu in deployment ts-admin-route-service
[94m[{'metric': {'pod': 'ts-admin-route-service-55f58759d8-tpnrh'}, 'value': [1745996045.773, '0.007519798355300774']}][0m
Querying Prometheus for ts-admin-route-service-latency in deployment ts-admin-route-service
[94m[][0m
Querying Prometheus for ts-admin-route-service-memory in deployment ts-admin-route-service
[94m[{'metric': {'pod': 'ts-admin-route-service-55f58759d8-tpnrh'}, 'value': [1745996046.307, '536423082.6666666']}][0m
Querying Prometheus for ts-admin-route-service-workload in deployment ts-admin-route-service
[94m[][0m
Querying Prometheus for ts-auth-service-cpu in deployment ts-auth-service
[94m[{'metric': {'pod': 'ts-auth-service-69db9d9448-cqg2r'}, 'value': [1745996046.833, '0.006350408944390617']}][0m
Querying Prometheus for ts-auth-service-latency in deployment ts-auth-service
[94m[{'metric': {}, 'value': [1745996047.103, 'NaN']}][0m
Querying Prometheus for ts-auth-service-memory in deployment ts-auth-service
[94m[{'metric': {'pod': 'ts-auth-service-69db9d9448-cqg2r'}, 'value': [1745996047.381, '534276778.6666666']}][0m
Querying Prometheus for ts-auth-service-workload in deployment ts-auth-service
[94m[{'metric': {}, 'value': [1745996047.634, '0']}][0m
Querying Prometheus for ts-notification-service-cpu in deployment ts-notification-service
[94m[{'metric': {'pod': 'ts-notification-service-67b587c9bb-lwjhg'}, 'value': [1745996047.889, '0.00984751874983741']}][0m
Querying Prometheus for ts-notification-service-latency in deployment ts-notification-service
[94m[][0m
Querying Prometheus for ts-notification-service-memory in deployment ts-notification-service
[94m[{'metric': {'pod': 'ts-notification-service-67b587c9bb-lwjhg'}, 'value': [1745996048.434, '578143232']}][0m
Querying Prometheus for ts-notification-service-workload in deployment ts-notification-service
[94m[][0m
Querying Prometheus for ts-order-service-cpu in deployment ts-order-service
[94m[{'metric': {'pod': 'ts-order-service-85ddc7957b-gs685'}, 'value': [1745996048.938, '0.08016403953370511']}][0m
Querying Prometheus for ts-order-service-latency in deployment ts-order-service
[94m[{'metric': {}, 'value': [1745996049.236, '23.03155886638539']}][0m
Querying Prometheus for ts-order-service-memory in deployment ts-order-service
[94m[{'metric': {'pod': 'ts-order-service-85ddc7957b-gs685'}, 'value': [1745996049.493, '691814400']}][0m
Querying Prometheus for ts-order-service-workload in deployment ts-order-service
[94m[{'metric': {}, 'value': [1745996049.755, '2.898809841016076']}][0m
Querying Prometheus for ts-payment-service-cpu in deployment ts-payment-service
[94m[{'metric': {'pod': 'ts-payment-service-85c48c8fcb-tplqh'}, 'value': [1745996050.015, '0.00835657210752959']}][0m
Querying Prometheus for ts-payment-service-latency in deployment ts-payment-service
[94m[][0m
Querying Prometheus for ts-payment-service-memory in deployment ts-payment-service
[94m[{'metric': {'pod': 'ts-payment-service-85c48c8fcb-tplqh'}, 'value': [1745996050.537, '607593813.3333334']}][0m
Querying Prometheus for ts-payment-service-workload in deployment ts-payment-service
[94m[][0m
Querying Prometheus for ts-price-service-cpu in deployment ts-price-service
[94m[{'metric': {'pod': 'ts-price-service-85649d648b-5phqb'}, 'value': [1745996051.062, '0.008867695516162729']}][0m
Querying Prometheus for ts-price-service-latency in deployment ts-price-service
[94m[][0m
Querying Prometheus for ts-price-service-memory in deployment ts-price-service
[94m[{'metric': {'pod': 'ts-price-service-85649d648b-5phqb'}, 'value': [1745996051.571, '535207936']}][0m
Querying Prometheus for ts-price-service-workload in deployment ts-price-service
[94m[][0m
Querying Prometheus for ts-route-service-cpu in deployment ts-route-service
[94m[{'metric': {'pod': 'ts-route-service-644ddf6579-2jc9l'}, 'value': [1745996052.087, '0.12039489733471197']}][0m
Querying Prometheus for ts-route-service-latency in deployment ts-route-service
[94m[{'metric': {}, 'value': [1745996052.35, '47.21615720524018']}][0m
Querying Prometheus for ts-route-service-memory in deployment ts-route-service
[94m[{'metric': {'pod': 'ts-route-service-644ddf6579-2jc9l'}, 'value': [1745996052.61, '666823680']}][0m
Querying Prometheus for ts-route-service-workload in deployment ts-route-service
[94m[{'metric': {}, 'value': [1745996052.877, '3.344444444444444']}][0m
Querying Prometheus for ts-station-service-cpu in deployment ts-station-service
[94m[{'metric': {'pod': 'ts-station-service-67d84d5cbd-kp45f'}, 'value': [1745996053.151, '0.07839534175158261']}][0m
Querying Prometheus for ts-station-service-latency in deployment ts-station-service
[94m[{'metric': {}, 'value': [1745996053.412, '22.397540983606554']}][0m
Querying Prometheus for ts-station-service-memory in deployment ts-station-service
[94m[{'metric': {'pod': 'ts-station-service-67d84d5cbd-kp45f'}, 'value': [1745996053.671, '696867498.6666667']}][0m
Querying Prometheus for ts-station-service-workload in deployment ts-station-service
[94m[{'metric': {}, 'value': [1745996053.938, '3.4999999999999996']}][0m
Querying Prometheus for ts-train-service-cpu in deployment ts-train-service
[94m[{'metric': {'pod': 'ts-train-service-8468c95c56-d9czz'}, 'value': [1745996054.202, '0.008610026687839646']}][0m
Querying Prometheus for ts-train-service-latency in deployment ts-train-service
[94m[][0m
Querying Prometheus for ts-train-service-memory in deployment ts-train-service
[94m[{'metric': {'pod': 'ts-train-service-8468c95c56-d9czz'}, 'value': [1745996054.723, '588002304']}][0m
Querying Prometheus for ts-train-service-workload in deployment ts-train-service
[94m[][0m
Querying Prometheus for ts-travel-service-cpu in deployment ts-travel-service
[94m[{'metric': {'pod': 'ts-travel-service-678679d7b4-qnn9b'}, 'value': [1745996055.25, '0.005215400000000159']}][0m
Querying Prometheus for ts-travel-service-latency in deployment ts-travel-service
[94m[][0m
Querying Prometheus for ts-travel-service-memory in deployment ts-travel-service
[94m[{'metric': {'pod': 'ts-travel-service-678679d7b4-qnn9b'}, 'value': [1745996055.786, '632687274.6666666']}][0m
Querying Prometheus for ts-travel-service-workload in deployment ts-travel-service
[94m[][0m
Querying Prometheus for ts-ui-dashboard-cpu in deployment ts-ui-dashboard
[94m[{'metric': {'pod': 'ts-ui-dashboard-5445596dc7-dsgpm'}, 'value': [1745996056.298, '0.05071917984231378']}][0m
Querying Prometheus for ts-ui-dashboard-latency in deployment ts-ui-dashboard
[94m[{'metric': {}, 'value': [1745996056.55, '40.507246376811615']}][0m
Querying Prometheus for ts-ui-dashboard-memory in deployment ts-ui-dashboard
[94m[{'metric': {'pod': 'ts-ui-dashboard-5445596dc7-dsgpm'}, 'value': [1745996056.803, '51982336']}][0m
Querying Prometheus for ts-ui-dashboard-workload in deployment ts-ui-dashboard
[94m[{'metric': {}, 'value': [1745996057.068, '7.999999999999999']}][0m
Querying Prometheus for ts-user-service-cpu in deployment ts-user-service
[94m[{'metric': {'pod': 'ts-user-service-844b454c75-r56zt'}, 'value': [1745996057.344, '0.008264012680923522']}][0m
Querying Prometheus for ts-user-service-latency in deployment ts-user-service
[94m[][0m
Querying Prometheus for ts-user-service-memory in deployment ts-user-service
[94m[{'metric': {'pod': 'ts-user-service-844b454c75-r56zt'}, 'value': [1745996057.864, '633884672']}][0m
Querying Prometheus for ts-user-service-workload in deployment ts-user-service
[94m[][0m
Recorded metrics at 2025-04-30 06:53:25
[94m[{'metric': {}, 'value': [1745996124.907, '0.04696022097527931']}][0m
[94m[{'metric': {}, 'value': [1745996125.172, '257925120']}][0m
[94m[{'metric': {}, 'value': [1745996125.559, '0.009509597665048188']}][0m
[94m[{'metric': {}, 'value': [1745996125.81, '531218432']}][0m
[94m[{'metric': {}, 'value': [1745996126.165, '0.009254199449672689']}][0m
[94m[{'metric': {}, 'value': [1745996126.415, '489574400']}][0m
[94m[{'metric': {}, 'value': [1745996126.797, '0.009857585162841846']}][0m
[94m[{'metric': {}, 'value': [1745996127.063, '536264704']}][0m
[94m[{'metric': {}, 'value': [1745996127.433, '0.009575170155342663']}][0m
[94m[{'metric': {}, 'value': [1745996127.692, '514138112']}][0m
[94m[{'metric': {}, 'value': [1745996128.076, '0.009920842822571859']}][0m
[94m[{'metric': {}, 'value': [1745996128.337, '513048576']}][0m
[94m[{'metric': {}, 'value': [1745996128.716, '0.008718112344910352']}][0m
[94m[{'metric': {}, 'value': [1745996128.978, '568557568']}][0m
[94m[{'metric': {}, 'value': [1745996129.333, '0.009774078773765094']}][0m
[94m[{'metric': {}, 'value': [1745996129.589, '540590080']}][0m
[94m[{'metric': {}, 'value': [1745996129.957, '0.00461356598833103']}][0m
[94m[{'metric': {}, 'value': [1745996130.218, '188940288']}][0m
[94m[{'metric': {}, 'value': [1745996130.596, '0.009553952947728948']}][0m
[94m[{'metric': {}, 'value': [1745996130.871, '510631936']}][0m
[94m[{'metric': {}, 'value': [1745996131.253, '0.010230042546541956']}][0m
[94m[{'metric': {}, 'value': [1745996131.506, '507162624']}][0m
[94m[{'metric': {}, 'value': [1745996131.884, '0.009706733599718442']}][0m
[94m[{'metric': {}, 'value': [1745996132.154, '592560128']}][0m
[94m[{'metric': {}, 'value': [1745996132.523, '0.009236895493218069']}][0m
[94m[{'metric': {}, 'value': [1745996132.761, '634687488']}][0m
[94m[{'metric': {}, 'value': [1745996133.132, '0.009349758967815218']}][0m
[94m[{'metric': {}, 'value': [1745996133.387, '552706048']}][0m
[94m[{'metric': {}, 'value': [1745996133.775, '0.008859672310510741']}][0m
[94m[{'metric': {}, 'value': [1745996134.05, '624586752']}][0m
[94m[{'metric': {}, 'value': [1745996134.401, '0.008745310524276106']}][0m
[94m[{'metric': {}, 'value': [1745996134.656, '558071808']}][0m
[94m[{'metric': {}, 'value': [1745996135.034, '0.009164511062999498']}][0m
[94m[{'metric': {}, 'value': [1745996135.296, '545021952']}][0m
[94m[{'metric': {}, 'value': [1745996135.868, '0.009261306407553028']}][0m
[94m[{'metric': {}, 'value': [1745996136.568, '643252224']}][0m
[94m[{'metric': {}, 'value': [1745996137.468, '0.008973217282903496']}][0m
[94m[{'metric': {}, 'value': [1745996138.273, '588935168']}][0m
[94m[{'metric': {}, 'value': [1745996138.676, '0.17877255435268852']}][0m
[94m[{'metric': {}, 'value': [1745996138.968, '979128320']}][0m
[94m[{'metric': {}, 'value': [1745996139.331, '0.009472870365039247']}][0m
[94m[{'metric': {}, 'value': [1745996139.584, '575340544']}][0m
[94m[{'metric': {}, 'value': [1745996139.951, '0.0042638438364675365']}][0m
[94m[{'metric': {}, 'value': [1745996140.22, '48463872']}][0m
[94m[{'metric': {}, 'value': [1745996140.621, '0.009429397730249475']}][0m
[94m[{'metric': {}, 'value': [1745996140.883, '578510848']}][0m
[94m[{'metric': {}, 'value': [1745996141.268, '0.01224478299577526']}][0m
[94m[{'metric': {}, 'value': [1745996141.52, '589213696']}][0m
[94m[{'metric': {}, 'value': [1745996141.908, '0.10251396494972485']}][0m
[94m[{'metric': {}, 'value': [1745996142.163, '689225728']}][0m
[94m[{'metric': {}, 'value': [1745996142.528, '0.010195293865600079']}][0m
[94m[{'metric': {}, 'value': [1745996142.77, '608575488']}][0m
[94m[{'metric': {}, 'value': [1745996143.152, '0.012581665613963488']}][0m
[94m[{'metric': {}, 'value': [1745996143.398, '517193728']}][0m
[94m[{'metric': {}, 'value': [1745996143.772, '0.009355400842266505']}][0m
[94m[{'metric': {}, 'value': [1745996144.037, '510001152']}][0m
[94m[{'metric': {}, 'value': [1745996144.409, '0.00889748337892701']}][0m
[94m[{'metric': {}, 'value': [1745996144.643, '535621632']}][0m
[94m[{'metric': {}, 'value': [1745996145.028, '0.00989985048018855']}][0m
[94m[{'metric': {}, 'value': [1745996145.275, '513896448']}][0m
[94m[{'metric': {}, 'value': [1745996145.65, '0.009923496560795156']}][0m
[94m[{'metric': {}, 'value': [1745996145.897, '550174720']}][0m
[94m[{'metric': {}, 'value': [1745996146.3, '0.1143152036571688']}][0m
[94m[{'metric': {}, 'value': [1745996146.565, '672432128']}][0m
[94m[{'metric': {}, 'value': [1745996146.942, '0.013229850807894456']}][0m
[94m[{'metric': {}, 'value': [1745996147.204, '497582080']}][0m
[94m[{'metric': {}, 'value': [1745996147.56, '0.009240581466833672']}][0m
[94m[{'metric': {}, 'value': [1745996147.81, '585756672']}][0m
[94m[{'metric': {}, 'value': [1745996148.181, '0.009279496711674964']}][0m
[94m[{'metric': {}, 'value': [1745996148.436, '612098048']}][0m
[94m[{'metric': {}, 'value': [1745996148.808, '0.09648159555815576']}][0m
[94m[{'metric': {}, 'value': [1745996149.072, '696152064']}][0m
[94m[{'metric': {}, 'value': [1745996149.429, '0.004220667166998324']}][0m
[94m[{'metric': {}, 'value': [1745996149.68, '89493504']}][0m
[94m[{'metric': {}, 'value': [1745996150.065, '0.00998157049564574']}][0m
[94m[{'metric': {}, 'value': [1745996150.321, '606945280']}][0m
[94m[{'metric': {}, 'value': [1745996150.734, '0.00869754699945285']}][0m
[94m[{'metric': {}, 'value': [1745996150.997, '583286784']}][0m
[94m[{'metric': {}, 'value': [1745996151.391, '0.009336506933474176']}][0m
[94m[{'metric': {}, 'value': [1745996151.661, '500342784']}][0m
[94m[{'metric': {}, 'value': [1745996152.034, '0.009597529041475263']}][0m
[94m[{'metric': {}, 'value': [1745996152.296, '632721408']}][0m
[94m[{'metric': {}, 'value': [1745996152.671, '0.009775741662613016']}][0m
[94m[{'metric': {}, 'value': [1745996152.92, '572866560']}][0m
[94m[{'metric': {}, 'value': [1745996153.292, '0.059890938721152316']}][0m
[94m[{'metric': {}, 'value': [1745996153.541, '52412416']}][0m
[94m[{'metric': {}, 'value': [1745996153.914, '0.009174115302735947']}][0m
[94m[{'metric': {}, 'value': [1745996154.162, '625438720']}][0m
[94m[{'metric': {}, 'value': [1745996154.54, '0.009659320874029763']}][0m
[94m[{'metric': {}, 'value': [1745996154.799, '485122048']}][0m
[94m[{'metric': {}, 'value': [1745996155.176, '0.004759899507763314']}][0m
[94m[{'metric': {}, 'value': [1745996155.426, '66539520']}][0m
[94m[{'metric': {}, 'value': [1745996155.803, '0.009218453263480844']}][0m
[94m[{'metric': {}, 'value': [1745996156.051, '605601792']}][0m
Querying metrics for application: train-ticket
Querying Prometheus for ts-admin-order-service-cpu in deployment ts-admin-order-service
[94m[{'metric': {'pod': 'ts-admin-order-service-559676f59b-kfntj'}, 'value': [1745996156.301, '0.008623294785679348']}][0m
Querying Prometheus for ts-admin-order-service-latency in deployment ts-admin-order-service
[94m[][0m
Querying Prometheus for ts-admin-order-service-memory in deployment ts-admin-order-service
[94m[{'metric': {'pod': 'ts-admin-order-service-559676f59b-kfntj'}, 'value': [1745996156.824, '489738240']}][0m
Querying Prometheus for ts-admin-order-service-workload in deployment ts-admin-order-service
[94m[][0m
Querying Prometheus for ts-admin-route-service-cpu in deployment ts-admin-route-service
[94m[{'metric': {'pod': 'ts-admin-route-service-55f58759d8-tpnrh'}, 'value': [1745996157.351, '0.008714533336587688']}][0m
Querying Prometheus for ts-admin-route-service-latency in deployment ts-admin-route-service
[94m[][0m
Querying Prometheus for ts-admin-route-service-memory in deployment ts-admin-route-service
[94m[{'metric': {'pod': 'ts-admin-route-service-55f58759d8-tpnrh'}, 'value': [1745996157.833, '536980138.6666666']}][0m
Querying Prometheus for ts-admin-route-service-workload in deployment ts-admin-route-service
[94m[][0m
Querying Prometheus for ts-auth-service-cpu in deployment ts-auth-service
[94m[{'metric': {'pod': 'ts-auth-service-69db9d9448-cqg2r'}, 'value': [1745996158.351, '0.009823291852547546']}][0m
Querying Prometheus for ts-auth-service-latency in deployment ts-auth-service
[94m[{'metric': {}, 'value': [1745996158.62, 'NaN']}][0m
Querying Prometheus for ts-auth-service-memory in deployment ts-auth-service
[94m[{'metric': {'pod': 'ts-auth-service-69db9d9448-cqg2r'}, 'value': [1745996158.871, '540755968']}][0m
Querying Prometheus for ts-auth-service-workload in deployment ts-auth-service
[94m[{'metric': {}, 'value': [1745996159.133, '0']}][0m
Querying Prometheus for ts-notification-service-cpu in deployment ts-notification-service
[94m[{'metric': {'pod': 'ts-notification-service-67b587c9bb-lwjhg'}, 'value': [1745996159.39, '0.009961996725998989']}][0m
Querying Prometheus for ts-notification-service-latency in deployment ts-notification-service
[94m[][0m
Querying Prometheus for ts-notification-service-memory in deployment ts-notification-service
[94m[{'metric': {'pod': 'ts-notification-service-67b587c9bb-lwjhg'}, 'value': [1745996159.903, '578402304']}][0m
Querying Prometheus for ts-notification-service-workload in deployment ts-notification-service
[94m[][0m
Querying Prometheus for ts-order-service-cpu in deployment ts-order-service
[94m[{'metric': {'pod': 'ts-order-service-85ddc7957b-gs685'}, 'value': [1745996160.422, '0.14567385398981272']}][0m
Querying Prometheus for ts-order-service-latency in deployment ts-order-service
[94m[{'metric': {}, 'value': [1745996160.683, '23.25984251968504']}][0m
Querying Prometheus for ts-order-service-memory in deployment ts-order-service
[94m[{'metric': {'pod': 'ts-order-service-85ddc7957b-gs685'}, 'value': [1745996160.957, '689506304']}][0m
Querying Prometheus for ts-order-service-workload in deployment ts-order-service
[94m[{'metric': {}, 'value': [1745996161.208, '2.9333333333333327']}][0m
Querying Prometheus for ts-payment-service-cpu in deployment ts-payment-service
[94m[{'metric': {'pod': 'ts-payment-service-85c48c8fcb-tplqh'}, 'value': [1745996161.459, '0.012782867306179054']}][0m
Querying Prometheus for ts-payment-service-latency in deployment ts-payment-service
[94m[][0m
Querying Prometheus for ts-payment-service-memory in deployment ts-payment-service
[94m[{'metric': {'pod': 'ts-payment-service-85c48c8fcb-tplqh'}, 'value': [1745996161.982, '608346112']}][0m
Querying Prometheus for ts-payment-service-workload in deployment ts-payment-service
[94m[][0m
Querying Prometheus for ts-price-service-cpu in deployment ts-price-service
[94m[{'metric': {'pod': 'ts-price-service-85649d648b-5phqb'}, 'value': [1745996162.505, '0.012507046540090067']}][0m
Querying Prometheus for ts-price-service-latency in deployment ts-price-service
[94m[][0m
Querying Prometheus for ts-price-service-memory in deployment ts-price-service
[94m[{'metric': {'pod': 'ts-price-service-85649d648b-5phqb'}, 'value': [1745996163.015, '535887872']}][0m
Querying Prometheus for ts-price-service-workload in deployment ts-price-service
[94m[][0m
Querying Prometheus for ts-route-service-cpu in deployment ts-route-service
[94m[{'metric': {'pod': 'ts-route-service-644ddf6579-2jc9l'}, 'value': [1745996163.527, '0.09781939915539736']}][0m
Querying Prometheus for ts-route-service-latency in deployment ts-route-service
[94m[{'metric': {}, 'value': [1745996163.794, '47.14143426294821']}][0m
Querying Prometheus for ts-route-service-memory in deployment ts-route-service
[94m[{'metric': {'pod': 'ts-route-service-644ddf6579-2jc9l'}, 'value': [1745996164.052, '672963242.6666666']}][0m
Querying Prometheus for ts-route-service-workload in deployment ts-route-service
[94m[{'metric': {}, 'value': [1745996164.313, '3.833333333333333']}][0m
Querying Prometheus for ts-station-service-cpu in deployment ts-station-service
[94m[{'metric': {'pod': 'ts-station-service-67d84d5cbd-kp45f'}, 'value': [1745996164.575, '0.08373364706707469']}][0m
Querying Prometheus for ts-station-service-latency in deployment ts-station-service
[94m[{'metric': {}, 'value': [1745996164.833, '22.555755395683455']}][0m
Querying Prometheus for ts-station-service-memory in deployment ts-station-service
[94m[{'metric': {'pod': 'ts-station-service-67d84d5cbd-kp45f'}, 'value': [1745996165.095, '694503424']}][0m
Querying Prometheus for ts-station-service-workload in deployment ts-station-service
[94m[{'metric': {}, 'value': [1745996165.36, '2.9666666666666663']}][0m
Querying Prometheus for ts-train-service-cpu in deployment ts-train-service
[94m[{'metric': {'pod': 'ts-train-service-8468c95c56-d9czz'}, 'value': [1745996165.633, '0.005483030573919727']}][0m
Querying Prometheus for ts-train-service-latency in deployment ts-train-service
[94m[][0m
Querying Prometheus for ts-train-service-memory in deployment ts-train-service
[94m[{'metric': {'pod': 'ts-train-service-8468c95c56-d9czz'}, 'value': [1745996166.139, '583715498.6666666']}][0m
Querying Prometheus for ts-train-service-workload in deployment ts-train-service
[94m[][0m
Querying Prometheus for ts-travel-service-cpu in deployment ts-travel-service
[94m[{'metric': {'pod': 'ts-travel-service-678679d7b4-qnn9b'}, 'value': [1745996166.688, '0.0041406999999992426']}][0m
Querying Prometheus for ts-travel-service-latency in deployment ts-travel-service
[94m[][0m
Querying Prometheus for ts-travel-service-memory in deployment ts-travel-service
[94m[{'metric': {'pod': 'ts-travel-service-678679d7b4-qnn9b'}, 'value': [1745996167.217, '633016320']}][0m
Querying Prometheus for ts-travel-service-workload in deployment ts-travel-service
[94m[][0m
Querying Prometheus for ts-ui-dashboard-cpu in deployment ts-ui-dashboard
[94m[{'metric': {'pod': 'ts-ui-dashboard-5445596dc7-dsgpm'}, 'value': [1745996167.745, '0.05864811894570852']}][0m
Querying Prometheus for ts-ui-dashboard-latency in deployment ts-ui-dashboard
[94m[{'metric': {}, 'value': [1745996167.995, '40.519480519480524']}][0m
Querying Prometheus for ts-ui-dashboard-memory in deployment ts-ui-dashboard
[94m[{'metric': {'pod': 'ts-ui-dashboard-5445596dc7-dsgpm'}, 'value': [1745996168.251, '52188501.333333336']}][0m
Querying Prometheus for ts-ui-dashboard-workload in deployment ts-ui-dashboard
[94m[{'metric': {}, 'value': [1745996168.513, '8.066666666666666']}][0m
Querying Prometheus for ts-user-service-cpu in deployment ts-user-service
[94m[{'metric': {'pod': 'ts-user-service-844b454c75-r56zt'}, 'value': [1745996168.779, '0.009696835148948988']}][0m
Querying Prometheus for ts-user-service-latency in deployment ts-user-service
[94m[][0m
Querying Prometheus for ts-user-service-memory in deployment ts-user-service
[94m[{'metric': {'pod': 'ts-user-service-844b454c75-r56zt'}, 'value': [1745996169.288, '625938432']}][0m
Querying Prometheus for ts-user-service-workload in deployment ts-user-service
[94m[][0m
Recorded metrics at 2025-04-30 06:55:18
[94m[{'metric': {}, 'value': [1745996235.918, '0.04980638394829393']}][0m
[94m[{'metric': {}, 'value': [1745996236.152, '258056192']}][0m
[94m[{'metric': {}, 'value': [1745996236.501, '0.009826220068606223']}][0m
[94m[{'metric': {}, 'value': [1745996236.738, '531578880']}][0m
[94m[{'metric': {}, 'value': [1745996237.108, '0.009943457171204767']}][0m
[94m[{'metric': {}, 'value': [1745996237.37, '490401792']}][0m
[94m[{'metric': {}, 'value': [1745996237.742, '0.00905184513875825']}][0m
[94m[{'metric': {}, 'value': [1745996238.016, '536719360']}][0m
[94m[{'metric': {}, 'value': [1745996238.421, '0.009389137013974272']}][0m
[94m[{'metric': {}, 'value': [1745996238.674, '514342912']}][0m
[94m[{'metric': {}, 'value': [1745996239.065, '0.009272496114258611']}][0m
[94m[{'metric': {}, 'value': [1745996239.303, '512962560']}][0m
[94m[{'metric': {}, 'value': [1745996239.669, '0.009805699138026976']}][0m
[94m[{'metric': {}, 'value': [1745996239.941, '570150912']}][0m
[94m[{'metric': {}, 'value': [1745996240.342, '0.009993705298722193']}][0m
[94m[{'metric': {}, 'value': [1745996240.608, '543682560']}][0m
[94m[{'metric': {}, 'value': [1745996240.976, '0.004509687084135639']}][0m
[94m[{'metric': {}, 'value': [1745996241.199, '189440000']}][0m
[94m[{'metric': {}, 'value': [1745996241.509, '0.009943921983451886']}][0m
[94m[{'metric': {}, 'value': [1745996241.73, '512335872']}][0m
[94m[{'metric': {}, 'value': [1745996242.123, '0.00941259231805199']}][0m
[94m[{'metric': {}, 'value': [1745996242.401, '508661760']}][0m
[94m[{'metric': {}, 'value': [1745996242.789, '0.009611570506432564']}][0m
[94m[{'metric': {}, 'value': [1745996243.043, '593797120']}][0m
[94m[{'metric': {}, 'value': [1745996243.439, '0.009705254753695864']}][0m
[94m[{'metric': {}, 'value': [1745996243.711, '634687488']}][0m
[94m[{'metric': {}, 'value': [1745996244.097, '0.010038769350734464']}][0m
[94m[{'metric': {}, 'value': [1745996244.359, '554074112']}][0m
[94m[{'metric': {}, 'value': [1745996244.732, '0.010071249525256435']}][0m
[94m[{'metric': {}, 'value': [1745996244.993, '626774016']}][0m
[94m[{'metric': {}, 'value': [1745996245.367, '0.009980688344684822']}][0m
[94m[{'metric': {}, 'value': [1745996245.629, '559550464']}][0m
[94m[{'metric': {}, 'value': [1745996246.004, '0.009936085190788944']}][0m
[94m[{'metric': {}, 'value': [1745996246.268, '545021952']}][0m
[94m[{'metric': {}, 'value': [1745996246.653, '0.010174367102721496']}][0m
[94m[{'metric': {}, 'value': [1745996246.909, '645505024']}][0m
[94m[{'metric': {}, 'value': [1745996247.282, '0.009618915440253182']}][0m
[94m[{'metric': {}, 'value': [1745996247.531, '591003648']}][0m
[94m[{'metric': {}, 'value': [1745996247.892, '0.15151906999928788']}][0m
[94m[{'metric': {}, 'value': [1745996248.17, '969478144']}][0m
[94m[{'metric': {}, 'value': [1745996248.552, '0.012453597357001696']}][0m
[94m[{'metric': {}, 'value': [1745996248.808, '576819200']}][0m
[94m[{'metric': {}, 'value': [1745996249.208, '0.004033289810347382']}][0m
[94m[{'metric': {}, 'value': [1745996249.473, '47898624']}][0m
[94m[{'metric': {}, 'value': [1745996249.85, '0.010042105301501524']}][0m
[94m[{'metric': {}, 'value': [1745996250.115, '579772416']}][0m
[94m[{'metric': {}, 'value': [1745996250.475, '0.012394822224958642']}][0m
[94m[{'metric': {}, 'value': [1745996250.728, '589873152']}][0m
[94m[{'metric': {}, 'value': [1745996251.117, '0.09286112484615755']}][0m
[94m[{'metric': {}, 'value': [1745996251.374, '691978240']}][0m
[94m[{'metric': {}, 'value': [1745996251.745, '0.012856350628072942']}][0m
[94m[{'metric': {}, 'value': [1745996252.005, '611463168']}][0m
[94m[{'metric': {}, 'value': [1745996252.396, '0.012905731297368092']}][0m
[94m[{'metric': {}, 'value': [1745996252.68, '518475776']}][0m
[94m[{'metric': {}, 'value': [1745996253.055, '0.009901893318183832']}][0m
[94m[{'metric': {}, 'value': [1745996253.316, '510328832']}][0m
[94m[{'metric': {}, 'value': [1745996253.712, '0.009963026561507719']}][0m
[94m[{'metric': {}, 'value': [1745996253.961, '537014272']}][0m
[94m[{'metric': {}, 'value': [1745996254.327, '0.009549389711668245']}][0m
[94m[{'metric': {}, 'value': [1745996254.578, '514482176']}][0m
[94m[{'metric': {}, 'value': [1745996254.955, '0.00985497339744503']}][0m
[94m[{'metric': {}, 'value': [1745996255.218, '550928384']}][0m
[94m[{'metric': {}, 'value': [1745996255.584, '0.08947639307110303']}][0m
[94m[{'metric': {}, 'value': [1745996255.851, '674136064']}][0m
[94m[{'metric': {}, 'value': [1745996256.226, '0.013806546859216942']}][0m
[94m[{'metric': {}, 'value': [1745996256.488, '497848320']}][0m
[94m[{'metric': {}, 'value': [1745996256.858, '0.010210722827057038']}][0m
[94m[{'metric': {}, 'value': [1745996257.144, '587702272']}][0m
[94m[{'metric': {}, 'value': [1745996257.519, '0.009698994260839424']}][0m
[94m[{'metric': {}, 'value': [1745996257.772, '613548032']}][0m
[94m[{'metric': {}, 'value': [1745996258.157, '0.1003251240135087']}][0m
[94m[{'metric': {}, 'value': [1745996258.39, '701337600']}][0m
[94m[{'metric': {}, 'value': [1745996258.764, '0.004143621554294369']}][0m
[94m[{'metric': {}, 'value': [1745996259.026, '89489408']}][0m
[94m[{'metric': {}, 'value': [1745996259.391, '0.010063374794582598']}][0m
[94m[{'metric': {}, 'value': [1745996259.658, '609026048']}][0m
[94m[{'metric': {}, 'value': [1745996260.04, '0.009630906076420472']}][0m
[94m[{'metric': {}, 'value': [1745996260.288, '584773632']}][0m
[94m[{'metric': {}, 'value': [1745996260.661, '0.009578375450227519']}][0m
[94m[{'metric': {}, 'value': [1745996260.913, '501002240']}][0m
[94m[{'metric': {}, 'value': [1745996261.292, '0.010168660889806827']}][0m
[94m[{'metric': {}, 'value': [1745996261.567, '633110528']}][0m
[94m[{'metric': {}, 'value': [1745996261.94, '0.009872792260909802']}][0m
[94m[{'metric': {}, 'value': [1745996262.183, '574930944']}][0m
[94m[{'metric': {}, 'value': [1745996262.581, '0.05991239090905906']}][0m
[94m[{'metric': {}, 'value': [1745996262.827, '50921472']}][0m
[94m[{'metric': {}, 'value': [1745996263.214, '0.0098552350256318']}][0m
[94m[{'metric': {}, 'value': [1745996263.485, '627601408']}][0m
[94m[{'metric': {}, 'value': [1745996263.862, '0.00918884349451034']}][0m
[94m[{'metric': {}, 'value': [1745996264.142, '487919616']}][0m
[94m[{'metric': {}, 'value': [1745996264.525, '0.004346642310683475']}][0m
[94m[{'metric': {}, 'value': [1745996264.788, '62144512']}][0m
[94m[{'metric': {}, 'value': [1745996265.182, '0.0100253378914726']}][0m
[94m[{'metric': {}, 'value': [1745996265.449, '606662656']}][0m
Querying metrics for application: train-ticket
Querying Prometheus for ts-admin-order-service-cpu in deployment ts-admin-order-service
[94m[{'metric': {'pod': 'ts-admin-order-service-559676f59b-kfntj'}, 'value': [1745996265.72, '0.004682851730768849']}][0m
Querying Prometheus for ts-admin-order-service-latency in deployment ts-admin-order-service
[94m[][0m
Querying Prometheus for ts-admin-order-service-memory in deployment ts-admin-order-service
[94m[{'metric': {'pod': 'ts-admin-order-service-559676f59b-kfntj'}, 'value': [1745996266.248, '490371072']}][0m
Querying Prometheus for ts-admin-order-service-workload in deployment ts-admin-order-service
[94m[][0m
Querying Prometheus for ts-admin-route-service-cpu in deployment ts-admin-route-service
[94m[{'metric': {'pod': 'ts-admin-route-service-55f58759d8-tpnrh'}, 'value': [1745996266.796, '0.007960092969202994']}][0m
Querying Prometheus for ts-admin-route-service-latency in deployment ts-admin-route-service
[94m[][0m
Querying Prometheus for ts-admin-route-service-memory in deployment ts-admin-route-service
[94m[{'metric': {'pod': 'ts-admin-route-service-55f58759d8-tpnrh'}, 'value': [1745996267.329, '537089024']}][0m
Querying Prometheus for ts-admin-route-service-workload in deployment ts-admin-route-service
[94m[][0m
Querying Prometheus for ts-auth-service-cpu in deployment ts-auth-service
[94m[{'metric': {'pod': 'ts-auth-service-69db9d9448-cqg2r'}, 'value': [1745996267.838, '0.042112651135358364']}][0m
Querying Prometheus for ts-auth-service-latency in deployment ts-auth-service
[94m[{'metric': {}, 'value': [1745996268.112, '10696.755216472087']}][0m
Querying Prometheus for ts-auth-service-memory in deployment ts-auth-service
[94m[{'metric': {'pod': 'ts-auth-service-69db9d9448-cqg2r'}, 'value': [1745996268.384, '544335189.3333334']}][0m
Querying Prometheus for ts-auth-service-workload in deployment ts-auth-service
[94m[{'metric': {}, 'value': [1745996268.644, '0.18888888888888888']}][0m
Querying Prometheus for ts-notification-service-cpu in deployment ts-notification-service
[94m[{'metric': {'pod': 'ts-notification-service-67b587c9bb-lwjhg'}, 'value': [1745996268.898, '0.00624087181555952']}][0m
Querying Prometheus for ts-notification-service-latency in deployment ts-notification-service
[94m[][0m
Querying Prometheus for ts-notification-service-memory in deployment ts-notification-service
[94m[{'metric': {'pod': 'ts-notification-service-67b587c9bb-lwjhg'}, 'value': [1745996269.422, '579863893.3333334']}][0m
Querying Prometheus for ts-notification-service-workload in deployment ts-notification-service
[94m[][0m
Querying Prometheus for ts-order-service-cpu in deployment ts-order-service
[94m[{'metric': {'pod': 'ts-order-service-85ddc7957b-gs685'}, 'value': [1745996269.957, '0.10835438646381267']}][0m
Querying Prometheus for ts-order-service-latency in deployment ts-order-service
[94m[{'metric': {}, 'value': [1745996270.226, '22.186486486486487']}][0m
Querying Prometheus for ts-order-service-memory in deployment ts-order-service
[94m[{'metric': {'pod': 'ts-order-service-85ddc7957b-gs685'}, 'value': [1745996270.496, '691523584']}][0m
Querying Prometheus for ts-order-service-workload in deployment ts-order-service
[94m[{'metric': {}, 'value': [1745996270.769, '3.9333333333333327']}][0m
Querying Prometheus for ts-payment-service-cpu in deployment ts-payment-service
[94m[{'metric': {'pod': 'ts-payment-service-85c48c8fcb-tplqh'}, 'value': [1745996271.039, '0.007571790677082027']}][0m
Querying Prometheus for ts-payment-service-latency in deployment ts-payment-service
[94m[][0m
Querying Prometheus for ts-payment-service-memory in deployment ts-payment-service
[94m[{'metric': {'pod': 'ts-payment-service-85c48c8fcb-tplqh'}, 'value': [1745996271.581, '611625642.6666666']}][0m
Querying Prometheus for ts-payment-service-workload in deployment ts-payment-service
[94m[][0m
Querying Prometheus for ts-price-service-cpu in deployment ts-price-service
[94m[{'metric': {'pod': 'ts-price-service-85649d648b-5phqb'}, 'value': [1745996272.061, '0.0077223473586196505']}][0m
Querying Prometheus for ts-price-service-latency in deployment ts-price-service
[94m[][0m
Querying Prometheus for ts-price-service-memory in deployment ts-price-service
[94m[{'metric': {'pod': 'ts-price-service-85649d648b-5phqb'}, 'value': [1745996272.608, '537161728']}][0m
Querying Prometheus for ts-price-service-workload in deployment ts-price-service
[94m[][0m
Querying Prometheus for ts-route-service-cpu in deployment ts-route-service
[94m[{'metric': {'pod': 'ts-route-service-644ddf6579-2jc9l'}, 'value': [1745996273.128, '0.09037668812729001']}][0m
Querying Prometheus for ts-route-service-latency in deployment ts-route-service
[94m[{'metric': {}, 'value': [1745996273.387, '45.821917808219176']}][0m
Querying Prometheus for ts-route-service-memory in deployment ts-route-service
[94m[{'metric': {'pod': 'ts-route-service-644ddf6579-2jc9l'}, 'value': [1745996273.643, '674085888']}][0m
Querying Prometheus for ts-route-service-workload in deployment ts-route-service
[94m[{'metric': {}, 'value': [1745996273.904, '4.5']}][0m
Querying Prometheus for ts-station-service-cpu in deployment ts-station-service
[94m[{'metric': {'pod': 'ts-station-service-67d84d5cbd-kp45f'}, 'value': [1745996274.155, '0.14433595651283948']}][0m
Querying Prometheus for ts-station-service-latency in deployment ts-station-service
[94m[{'metric': {}, 'value': [1745996274.417, '22.173776631241346']}][0m
Querying Prometheus for ts-station-service-memory in deployment ts-station-service
[94m[{'metric': {'pod': 'ts-station-service-67d84d5cbd-kp45f'}, 'value': [1745996274.675, '695571456']}][0m
Querying Prometheus for ts-station-service-workload in deployment ts-station-service
[94m[{'metric': {}, 'value': [1745996274.93, '4.05']}][0m
Querying Prometheus for ts-train-service-cpu in deployment ts-train-service
[94m[{'metric': {'pod': 'ts-train-service-8468c95c56-d9czz'}, 'value': [1745996275.2, '0.011922168545356226']}][0m
Querying Prometheus for ts-train-service-latency in deployment ts-train-service
[94m[][0m
Querying Prometheus for ts-train-service-memory in deployment ts-train-service
[94m[{'metric': {'pod': 'ts-train-service-8468c95c56-d9czz'}, 'value': [1745996275.691, '584900608']}][0m
Querying Prometheus for ts-train-service-workload in deployment ts-train-service
[94m[][0m
Querying Prometheus for ts-travel-service-cpu in deployment ts-travel-service
[94m[{'metric': {'pod': 'ts-travel-service-678679d7b4-qnn9b'}, 'value': [1745996276.2, '0.01315065380588561']}][0m
Querying Prometheus for ts-travel-service-latency in deployment ts-travel-service
[94m[][0m
Querying Prometheus for ts-travel-service-memory in deployment ts-travel-service
[94m[{'metric': {'pod': 'ts-travel-service-678679d7b4-qnn9b'}, 'value': [1745996276.702, '631078912']}][0m
Querying Prometheus for ts-travel-service-workload in deployment ts-travel-service
[94m[][0m
Querying Prometheus for ts-ui-dashboard-cpu in deployment ts-ui-dashboard
[94m[{'metric': {'pod': 'ts-ui-dashboard-5445596dc7-dsgpm'}, 'value': [1745996277.216, '0.07995563962449191']}][0m
Querying Prometheus for ts-ui-dashboard-latency in deployment ts-ui-dashboard
[94m[{'metric': {}, 'value': [1745996277.443, '38.35520235471708']}][0m
Querying Prometheus for ts-ui-dashboard-memory in deployment ts-ui-dashboard
[94m[{'metric': {'pod': 'ts-ui-dashboard-5445596dc7-dsgpm'}, 'value': [1745996277.65, '51103061.33333333']}][0m
Querying Prometheus for ts-ui-dashboard-workload in deployment ts-ui-dashboard
[94m[{'metric': {}, 'value': [1745996277.863, '11.22222222222222']}][0m
Querying Prometheus for ts-user-service-cpu in deployment ts-user-service
[94m[{'metric': {'pod': 'ts-user-service-844b454c75-r56zt'}, 'value': [1745996278.066, '0.009766010755315973']}][0m
Querying Prometheus for ts-user-service-latency in deployment ts-user-service
[94m[][0m
Querying Prometheus for ts-user-service-memory in deployment ts-user-service
[94m[{'metric': {'pod': 'ts-user-service-844b454c75-r56zt'}, 'value': [1745996278.546, '627423914.6666666']}][0m
Querying Prometheus for ts-user-service-workload in deployment ts-user-service
[94m[][0m
Recorded metrics at 2025-04-30 06:57:09
[94m[{'metric': {}, 'value': [1745996345.029, '0.049673265391000136']}][0m
[94m[{'metric': {}, 'value': [1745996345.302, '258306048']}][0m
[94m[{'metric': {}, 'value': [1745996345.682, '0.007998468899054109']}][0m
[94m[{'metric': {}, 'value': [1745996345.941, '532033536']}][0m
[94m[{'metric': {}, 'value': [1745996346.339, '0.008309255448674623']}][0m
[94m[{'metric': {}, 'value': [1745996346.607, '490721280']}][0m
[94m[{'metric': {}, 'value': [1745996346.986, '0.008048581049003875']}][0m
[94m[{'metric': {}, 'value': [1745996347.233, '537939968']}][0m
[94m[{'metric': {}, 'value': [1745996347.553, '0.008202219400310247']}][0m
[94m[{'metric': {}, 'value': [1745996347.808, '513851392']}][0m
[94m[{'metric': {}, 'value': [1745996348.174, '0.008688059913900292']}][0m
[94m[{'metric': {}, 'value': [1745996348.421, '512098304']}][0m
[94m[{'metric': {}, 'value': [1745996348.794, '0.009970839349054576']}][0m
[94m[{'metric': {}, 'value': [1745996349.065, '569815040']}][0m
[94m[{'metric': {}, 'value': [1745996349.428, '0.02930347088711894']}][0m
[94m[{'metric': {}, 'value': [1745996349.693, '543748096']}][0m
[94m[{'metric': {}, 'value': [1745996350.074, '0.004463104722464979']}][0m
[94m[{'metric': {}, 'value': [1745996350.333, '189235200']}][0m
[94m[{'metric': {}, 'value': [1745996350.696, '0.008388211461711856']}][0m
[94m[{'metric': {}, 'value': [1745996350.942, '512233472']}][0m
[94m[{'metric': {}, 'value': [1745996351.315, '0.0082033032815449']}][0m
[94m[{'metric': {}, 'value': [1745996351.575, '508899328']}][0m
[94m[{'metric': {}, 'value': [1745996351.946, '0.010155653300117569']}][0m
[94m[{'metric': {}, 'value': [1745996352.212, '593817600']}][0m
[94m[{'metric': {}, 'value': [1745996352.566, '0.009962219719463374']}][0m
[94m[{'metric': {}, 'value': [1745996352.854, '635957248']}][0m
[94m[{'metric': {}, 'value': [1745996353.248, '0.009803668705345438']}][0m
[94m[{'metric': {}, 'value': [1745996353.512, '554569728']}][0m
[94m[{'metric': {}, 'value': [1745996353.91, '0.00996570463892525']}][0m
[94m[{'metric': {}, 'value': [1745996354.173, '625999872']}][0m
[94m[{'metric': {}, 'value': [1745996354.539, '0.009659980051967818']}][0m
[94m[{'metric': {}, 'value': [1745996354.793, '559370240']}][0m
[94m[{'metric': {}, 'value': [1745996355.158, '0.008364243747546244']}][0m
[94m[{'metric': {}, 'value': [1745996355.407, '546144256']}][0m
[94m[{'metric': {}, 'value': [1745996355.792, '0.010334994708514221']}][0m
[94m[{'metric': {}, 'value': [1745996356.042, '644890624']}][0m
[94m[{'metric': {}, 'value': [1745996356.42, '0.013617470458845135']}][0m
[94m[{'metric': {}, 'value': [1745996356.683, '591126528']}][0m
[94m[{'metric': {}, 'value': [1745996357.064, '0.16769119117880923']}][0m
[94m[{'metric': {}, 'value': [1745996357.315, '969920512']}][0m
[94m[{'metric': {}, 'value': [1745996357.682, '0.01271068878032109']}][0m
[94m[{'metric': {}, 'value': [1745996357.947, '576684032']}][0m
[94m[{'metric': {}, 'value': [1745996358.321, '0.004172238870569592']}][0m
[94m[{'metric': {}, 'value': [1745996358.576, '48295936']}][0m
[94m[{'metric': {}, 'value': [1745996358.961, '0.009567922186859657']}][0m
[94m[{'metric': {}, 'value': [1745996359.225, '579633152']}][0m
[94m[{'metric': {}, 'value': [1745996359.593, '0.009876132930513759']}][0m
[94m[{'metric': {}, 'value': [1745996359.858, '590782464']}][0m
[94m[{'metric': {}, 'value': [1745996360.23, '0.14577652567339328']}][0m
[94m[{'metric': {}, 'value': [1745996360.484, '694906880']}][0m
[94m[{'metric': {}, 'value': [1745996360.863, '0.01253417317788184']}][0m
[94m[{'metric': {}, 'value': [1745996361.118, '611622912']}][0m
[94m[{'metric': {}, 'value': [1745996361.482, '0.008196567478809551']}][0m
[94m[{'metric': {}, 'value': [1745996361.738, '518746112']}][0m
[94m[{'metric': {}, 'value': [1745996362.124, '0.007966105783116547']}][0m
[94m[{'metric': {}, 'value': [1745996362.402, '509935616']}][0m
[94m[{'metric': {}, 'value': [1745996362.774, '0.010210341424615613']}][0m
[94m[{'metric': {}, 'value': [1745996363.072, '537010176']}][0m
[94m[{'metric': {}, 'value': [1745996363.447, '0.008350036111872237']}][0m
[94m[{'metric': {}, 'value': [1745996363.697, '513818624']}][0m
[94m[{'metric': {}, 'value': [1745996364.075, '0.008438632413265677']}][0m
[94m[{'metric': {}, 'value': [1745996364.331, '551628800']}][0m
[94m[{'metric': {}, 'value': [1745996364.689, '0.11880723325857104']}][0m
[94m[{'metric': {}, 'value': [1745996364.939, '669843456']}][0m
[94m[{'metric': {}, 'value': [1745996365.306, '0.008263603876288819']}][0m
[94m[{'metric': {}, 'value': [1745996365.566, '497758208']}][0m
[94m[{'metric': {}, 'value': [1745996365.946, '0.010493994647213708']}][0m
[94m[{'metric': {}, 'value': [1745996366.202, '588066816']}][0m
[94m[{'metric': {}, 'value': [1745996366.612, '0.01037209582877982']}][0m
[94m[{'metric': {}, 'value': [1745996366.867, '615497728']}][0m
[94m[{'metric': {}, 'value': [1745996367.238, '0.1478586035803321']}][0m
[94m[{'metric': {}, 'value': [1745996367.498, '701763584']}][0m
[94m[{'metric': {}, 'value': [1745996367.901, '0.004402880809505289']}][0m
[94m[{'metric': {}, 'value': [1745996368.169, '89595904']}][0m
[94m[{'metric': {}, 'value': [1745996368.534, '0.010086774405301533']}][0m
[94m[{'metric': {}, 'value': [1745996368.764, '608276480']}][0m
[94m[{'metric': {}, 'value': [1745996369.133, '0.009381610303518625']}][0m
[94m[{'metric': {}, 'value': [1745996369.396, '584458240']}][0m
[94m[{'metric': {}, 'value': [1745996369.762, '0.008226250997857213']}][0m
[94m[{'metric': {}, 'value': [1745996370.027, '501055488']}][0m
[94m[{'metric': {}, 'value': [1745996370.4, '0.009615389132764668']}][0m
[94m[{'metric': {}, 'value': [1745996370.649, '628019200']}][0m
[94m[{'metric': {}, 'value': [1745996371.029, '0.009906532750964661']}][0m
[94m[{'metric': {}, 'value': [1745996371.285, '575262720']}][0m
[94m[{'metric': {}, 'value': [1745996371.649, '0.07741620353775033']}][0m
[94m[{'metric': {}, 'value': [1745996371.928, '52396032']}][0m
[94m[{'metric': {}, 'value': [1745996372.303, '0.009271514401025393']}][0m
[94m[{'metric': {}, 'value': [1745996372.572, '627851264']}][0m
[94m[{'metric': {}, 'value': [1745996372.967, '0.013377787355912395']}][0m
[94m[{'metric': {}, 'value': [1745996373.23, '483667968']}][0m
[94m[{'metric': {}, 'value': [1745996373.606, '0.004052642324022274']}][0m
[94m[{'metric': {}, 'value': [1745996373.865, '62513152']}][0m
[94m[{'metric': {}, 'value': [1745996374.241, '0.009814986954848039']}][0m
[94m[{'metric': {}, 'value': [1745996374.499, '606744576']}][0m
Querying metrics for application: train-ticket
Querying Prometheus for ts-admin-order-service-cpu in deployment ts-admin-order-service
[94m[{'metric': {'pod': 'ts-admin-order-service-559676f59b-kfntj'}, 'value': [1745996374.758, '0.006394131690135598']}][0m
Querying Prometheus for ts-admin-order-service-latency in deployment ts-admin-order-service
[94m[][0m
Querying Prometheus for ts-admin-order-service-memory in deployment ts-admin-order-service
[94m[{'metric': {'pod': 'ts-admin-order-service-559676f59b-kfntj'}, 'value': [1745996375.243, '490829141.3333334']}][0m
Querying Prometheus for ts-admin-order-service-workload in deployment ts-admin-order-service
[94m[][0m
Querying Prometheus for ts-admin-route-service-cpu in deployment ts-admin-route-service
[94m[{'metric': {'pod': 'ts-admin-route-service-55f58759d8-tpnrh'}, 'value': [1745996375.74, '0.006595945384137675']}][0m
Querying Prometheus for ts-admin-route-service-latency in deployment ts-admin-route-service
[94m[][0m
Querying Prometheus for ts-admin-route-service-memory in deployment ts-admin-route-service
[94m[{'metric': {'pod': 'ts-admin-route-service-55f58759d8-tpnrh'}, 'value': [1745996376.253, '537995946.6666666']}][0m
Querying Prometheus for ts-admin-route-service-workload in deployment ts-admin-route-service
[94m[][0m
Querying Prometheus for ts-auth-service-cpu in deployment ts-auth-service
[94m[{'metric': {'pod': 'ts-auth-service-69db9d9448-cqg2r'}, 'value': [1745996376.763, '0.05065853073777145']}][0m
Querying Prometheus for ts-auth-service-latency in deployment ts-auth-service
[94m[{'metric': {}, 'value': [1745996377.028, '465.625']}][0m
Querying Prometheus for ts-auth-service-memory in deployment ts-auth-service
[94m[{'metric': {'pod': 'ts-auth-service-69db9d9448-cqg2r'}, 'value': [1745996377.261, '546080085.3333333']}][0m
Querying Prometheus for ts-auth-service-workload in deployment ts-auth-service
[94m[{'metric': {}, 'value': [1745996377.505, '0.25555555555555554']}][0m
Querying Prometheus for ts-notification-service-cpu in deployment ts-notification-service
[94m[{'metric': {'pod': 'ts-notification-service-67b587c9bb-lwjhg'}, 'value': [1745996377.763, '0.005619607733413732']}][0m
Querying Prometheus for ts-notification-service-latency in deployment ts-notification-service
[94m[][0m
Querying Prometheus for ts-notification-service-memory in deployment ts-notification-service
[94m[{'metric': {'pod': 'ts-notification-service-67b587c9bb-lwjhg'}, 'value': [1745996378.307, '579701760']}][0m
Querying Prometheus for ts-notification-service-workload in deployment ts-notification-service
[94m[][0m
Querying Prometheus for ts-order-service-cpu in deployment ts-order-service
[94m[{'metric': {'pod': 'ts-order-service-85ddc7957b-gs685'}, 'value': [1745996378.843, '0.18949526956171614']}][0m
Querying Prometheus for ts-order-service-latency in deployment ts-order-service
[94m[{'metric': {}, 'value': [1745996379.099, '22.84203102961918']}][0m
Querying Prometheus for ts-order-service-memory in deployment ts-order-service
[94m[{'metric': {'pod': 'ts-order-service-85ddc7957b-gs685'}, 'value': [1745996379.359, '699371520']}][0m
Querying Prometheus for ts-order-service-workload in deployment ts-order-service
[94m[{'metric': {}, 'value': [1745996379.622, '8.87222222222222']}][0m
Querying Prometheus for ts-payment-service-cpu in deployment ts-payment-service
[94m[{'metric': {'pod': 'ts-payment-service-85c48c8fcb-tplqh'}, 'value': [1745996379.863, '0.007875626452836642']}][0m
Querying Prometheus for ts-payment-service-latency in deployment ts-payment-service
[94m[][0m
Querying Prometheus for ts-payment-service-memory in deployment ts-payment-service
[94m[{'metric': {'pod': 'ts-payment-service-85c48c8fcb-tplqh'}, 'value': [1745996380.304, '611734528']}][0m
Querying Prometheus for ts-payment-service-workload in deployment ts-payment-service
[94m[][0m
Querying Prometheus for ts-price-service-cpu in deployment ts-price-service
[94m[{'metric': {'pod': 'ts-price-service-85649d648b-5phqb'}, 'value': [1745996380.742, '0.00872456187014185']}][0m
Querying Prometheus for ts-price-service-latency in deployment ts-price-service
[94m[][0m
Querying Prometheus for ts-price-service-memory in deployment ts-price-service
[94m[{'metric': {'pod': 'ts-price-service-85649d648b-5phqb'}, 'value': [1745996381.179, '537351509.3333334']}][0m
Querying Prometheus for ts-price-service-workload in deployment ts-price-service
[94m[][0m
Querying Prometheus for ts-route-service-cpu in deployment ts-route-service
[94m[{'metric': {'pod': 'ts-route-service-644ddf6579-2jc9l'}, 'value': [1745996381.619, '0.22799486153522103']}][0m
Querying Prometheus for ts-route-service-latency in deployment ts-route-service
[94m[{'metric': {}, 'value': [1745996381.839, '47.94457274826789']}][0m
Querying Prometheus for ts-route-service-memory in deployment ts-route-service
[94m[{'metric': {'pod': 'ts-route-service-644ddf6579-2jc9l'}, 'value': [1745996382.058, '670062592']}][0m
Querying Prometheus for ts-route-service-workload in deployment ts-route-service
[94m[{'metric': {}, 'value': [1745996382.289, '8.1']}][0m
Querying Prometheus for ts-station-service-cpu in deployment ts-station-service
[94m[{'metric': {'pod': 'ts-station-service-67d84d5cbd-kp45f'}, 'value': [1745996382.495, '0.24193931821094436']}][0m
Querying Prometheus for ts-station-service-latency in deployment ts-station-service
[94m[{'metric': {}, 'value': [1745996382.711, '21.922256097560982']}][0m
Querying Prometheus for ts-station-service-memory in deployment ts-station-service
[94m[{'metric': {'pod': 'ts-station-service-67d84d5cbd-kp45f'}, 'value': [1745996382.938, '698235904']}][0m
Querying Prometheus for ts-station-service-workload in deployment ts-station-service
[94m[{'metric': {}, 'value': [1745996383.147, '8.88888888888889']}][0m
Querying Prometheus for ts-train-service-cpu in deployment ts-train-service
[94m[{'metric': {'pod': 'ts-train-service-8468c95c56-d9czz'}, 'value': [1745996383.369, '0.00906141049010197']}][0m
Querying Prometheus for ts-train-service-latency in deployment ts-train-service
[94m[][0m
Querying Prometheus for ts-train-service-memory in deployment ts-train-service
[94m[{'metric': {'pod': 'ts-train-service-8468c95c56-d9czz'}, 'value': [1745996383.838, '584637440']}][0m
Querying Prometheus for ts-train-service-workload in deployment ts-train-service
[94m[][0m
Querying Prometheus for ts-travel-service-cpu in deployment ts-travel-service
[94m[{'metric': {'pod': 'ts-travel-service-678679d7b4-qnn9b'}, 'value': [1745996384.348, '0.0062230877475243675']}][0m
Querying Prometheus for ts-travel-service-latency in deployment ts-travel-service
[94m[][0m
Querying Prometheus for ts-travel-service-memory in deployment ts-travel-service
[94m[{'metric': {'pod': 'ts-travel-service-678679d7b4-qnn9b'}, 'value': [1745996384.828, '627983701.3333334']}][0m
Querying Prometheus for ts-travel-service-workload in deployment ts-travel-service
[94m[][0m
Querying Prometheus for ts-ui-dashboard-cpu in deployment ts-ui-dashboard
[94m[{'metric': {'pod': 'ts-ui-dashboard-5445596dc7-dsgpm'}, 'value': [1745996385.327, '0.1482676856639583']}][0m
Querying Prometheus for ts-ui-dashboard-latency in deployment ts-ui-dashboard
[94m[{'metric': {}, 'value': [1745996385.588, '39.058544303797476']}][0m
Querying Prometheus for ts-ui-dashboard-memory in deployment ts-ui-dashboard
[94m[{'metric': {'pod': 'ts-ui-dashboard-5445596dc7-dsgpm'}, 'value': [1745996385.853, '52432896']}][0m
Querying Prometheus for ts-ui-dashboard-workload in deployment ts-ui-dashboard
[94m[{'metric': {}, 'value': [1745996386.132, '22.044444444444444']}][0m
Querying Prometheus for ts-user-service-cpu in deployment ts-user-service
[94m[{'metric': {'pod': 'ts-user-service-844b454c75-r56zt'}, 'value': [1745996386.402, '0.007474400109017367']}][0m
Querying Prometheus for ts-user-service-latency in deployment ts-user-service
[94m[][0m
Querying Prometheus for ts-user-service-memory in deployment ts-user-service
[94m[{'metric': {'pod': 'ts-user-service-844b454c75-r56zt'}, 'value': [1745996386.927, '627844437.3333334']}][0m
Querying Prometheus for ts-user-service-workload in deployment ts-user-service
[94m[][0m
Recorded metrics at 2025-04-30 06:58:58
[94m[{'metric': {}, 'value': [1745996454.206, '0.046911061311071645']}][0m
[94m[{'metric': {}, 'value': [1745996454.456, '258015232']}][0m
[94m[{'metric': {}, 'value': [1745996454.835, '0.007868745411962115']}][0m
[94m[{'metric': {}, 'value': [1745996455.101, '532189184']}][0m
[94m[{'metric': {}, 'value': [1745996455.481, '0.00793297845571542']}][0m
[94m[{'metric': {}, 'value': [1745996455.746, '491061248']}][0m
[94m[{'metric': {}, 'value': [1745996456.119, '0.008217618705773854']}][0m
[94m[{'metric': {}, 'value': [1745996456.374, '538415104']}][0m
[94m[{'metric': {}, 'value': [1745996456.75, '0.007889030690638782']}][0m
[94m[{'metric': {}, 'value': [1745996457.01, '514015232']}][0m
[94m[{'metric': {}, 'value': [1745996457.401, '0.00842254840504591']}][0m
[94m[{'metric': {}, 'value': [1745996457.663, '513855488']}][0m
[94m[{'metric': {}, 'value': [1745996458.055, '0.008945941785098941']}][0m
[94m[{'metric': {}, 'value': [1745996458.321, '569393152']}][0m
[94m[{'metric': {}, 'value': [1745996458.72, '0.04885088535164743']}][0m
[94m[{'metric': {}, 'value': [1745996458.982, '545673216']}][0m
[94m[{'metric': {}, 'value': [1745996459.381, '0.004531250000000001']}][0m
[94m[{'metric': {}, 'value': [1745996459.651, '189624320']}][0m
[94m[{'metric': {}, 'value': [1745996460.065, '0.007502853985149672']}][0m
[94m[{'metric': {}, 'value': [1745996460.332, '512925696']}][0m
[94m[{'metric': {}, 'value': [1745996460.711, '0.007725676418954104']}][0m
[94m[{'metric': {}, 'value': [1745996460.979, '509493248']}][0m
[94m[{'metric': {}, 'value': [1745996461.342, '0.008745062359942293']}][0m
[94m[{'metric': {}, 'value': [1745996461.605, '594194432']}][0m
[94m[{'metric': {}, 'value': [1745996461.989, '0.009406834392336302']}][0m
[94m[{'metric': {}, 'value': [1745996462.252, '635359232']}][0m
[94m[{'metric': {}, 'value': [1745996462.639, '0.008773550549312777']}][0m
[94m[{'metric': {}, 'value': [1745996462.9, '555687936']}][0m
[94m[{'metric': {}, 'value': [1745996463.291, '0.007696828235294118']}][0m
[94m[{'metric': {}, 'value': [1745996463.551, '626941952']}][0m
[94m[{'metric': {}, 'value': [1745996463.931, '0.008609259912274054']}][0m
[94m[{'metric': {}, 'value': [1745996464.181, '560107520']}][0m
[94m[{'metric': {}, 'value': [1745996464.575, '0.008160403266207665']}][0m
[94m[{'metric': {}, 'value': [1745996464.832, '545648640']}][0m
[94m[{'metric': {}, 'value': [1745996465.223, '0.00906824638596712']}][0m
[94m[{'metric': {}, 'value': [1745996465.487, '646074368']}][0m
[94m[{'metric': {}, 'value': [1745996465.88, '0.012373763053366045']}][0m
[94m[{'metric': {}, 'value': [1745996466.132, '591527936']}][0m
[94m[{'metric': {}, 'value': [1745996466.508, '0.22028013968092097']}][0m
[94m[{'metric': {}, 'value': [1745996466.771, '979656704']}][0m
[94m[{'metric': {}, 'value': [1745996467.17, '0.01152305005128971']}][0m
[94m[{'metric': {}, 'value': [1745996467.445, '577003520']}][0m
[94m[{'metric': {}, 'value': [1745996467.824, '0.003932938193362401']}][0m
[94m[{'metric': {}, 'value': [1745996468.092, '48226304']}][0m
[94m[{'metric': {}, 'value': [1745996468.495, '0.00882107929411506']}][0m
[94m[{'metric': {}, 'value': [1745996468.755, '579776512']}][0m
[94m[{'metric': {}, 'value': [1745996469.152, '0.00889125064649964']}][0m
[94m[{'metric': {}, 'value': [1745996469.425, '590741504']}][0m
[94m[{'metric': {}, 'value': [1745996469.802, '0.21161275912837568']}][0m
[94m[{'metric': {}, 'value': [1745996470.069, '702173184']}][0m
[94m[{'metric': {}, 'value': [1745996470.461, '0.008738842402582042']}][0m
[94m[{'metric': {}, 'value': [1745996470.727, '612954112']}][0m
[94m[{'metric': {}, 'value': [1745996471.124, '0.00790012457211807']}][0m
[94m[{'metric': {}, 'value': [1745996471.381, '519053312']}][0m
[94m[{'metric': {}, 'value': [1745996471.782, '0.008357924560720814']}][0m
[94m[{'metric': {}, 'value': [1745996472.032, '509042688']}][0m
[94m[{'metric': {}, 'value': [1745996472.422, '0.008645424975541315']}][0m
[94m[{'metric': {}, 'value': [1745996472.689, '537583616']}][0m
[94m[{'metric': {}, 'value': [1745996473.056, '0.008196505476853138']}][0m
[94m[{'metric': {}, 'value': [1745996473.326, '515444736']}][0m
[94m[{'metric': {}, 'value': [1745996473.703, '0.008016693819615853']}][0m
[94m[{'metric': {}, 'value': [1745996473.968, '551288832']}][0m
[94m[{'metric': {}, 'value': [1745996474.357, '0.17017125002225517']}][0m
[94m[{'metric': {}, 'value': [1745996474.618, '672268288']}][0m
[94m[{'metric': {}, 'value': [1745996475.021, '0.008303292967769969']}][0m
[94m[{'metric': {}, 'value': [1745996475.307, '497463296']}][0m
[94m[{'metric': {}, 'value': [1745996475.663, '0.009509711271180683']}][0m
[94m[{'metric': {}, 'value': [1745996475.893, '588767232']}][0m
[94m[{'metric': {}, 'value': [1745996476.288, '0.00874421827475125']}][0m
[94m[{'metric': {}, 'value': [1745996476.55, '615911424']}][0m
[94m[{'metric': {}, 'value': [1745996476.967, '0.19581903274633894']}][0m
[94m[{'metric': {}, 'value': [1745996477.236, '710074368']}][0m
[94m[{'metric': {}, 'value': [1745996477.626, '0.003913196470588234']}][0m
[94m[{'metric': {}, 'value': [1745996477.88, '89665536']}][0m
[94m[{'metric': {}, 'value': [1745996478.273, '0.009636818036513551']}][0m
[94m[{'metric': {}, 'value': [1745996478.54, '609480704']}][0m
[94m[{'metric': {}, 'value': [1745996478.943, '0.010199334122094438']}][0m
[94m[{'metric': {}, 'value': [1745996479.213, '585302016']}][0m
[94m[{'metric': {}, 'value': [1745996479.583, '0.007504700151404556']}][0m
[94m[{'metric': {}, 'value': [1745996479.851, '501452800']}][0m
[94m[{'metric': {}, 'value': [1745996480.239, '0.012051118668537147']}][0m
[94m[{'metric': {}, 'value': [1745996480.488, '629161984']}][0m
[94m[{'metric': {}, 'value': [1745996480.857, '0.009225645075872074']}][0m
[94m[{'metric': {}, 'value': [1745996481.128, '576905216']}][0m
[94m[{'metric': {}, 'value': [1745996481.507, '0.12791985657021865']}][0m
[94m[{'metric': {}, 'value': [1745996481.782, '53813248']}][0m
[94m[{'metric': {}, 'value': [1745996482.168, '0.01063081390026987']}][0m
[94m[{'metric': {}, 'value': [1745996482.442, '628731904']}][0m
[94m[{'metric': {}, 'value': [1745996482.821, '0.01352916528994641']}][0m
[94m[{'metric': {}, 'value': [1745996483.084, '483250176']}][0m
[94m[{'metric': {}, 'value': [1745996483.473, '0.0043045394259845415']}][0m
[94m[{'metric': {}, 'value': [1745996483.749, '62627840']}][0m
[94m[{'metric': {}, 'value': [1745996484.111, '0.010818422500589562']}][0m
[94m[{'metric': {}, 'value': [1745996484.39, '608829440']}][0m
Querying metrics for application: train-ticket
Querying Prometheus for ts-admin-order-service-cpu in deployment ts-admin-order-service
[94m[{'metric': {'pod': 'ts-admin-order-service-559676f59b-kfntj'}, 'value': [1745996484.666, '0.008510229468867328']}][0m
Querying Prometheus for ts-admin-order-service-latency in deployment ts-admin-order-service
[94m[][0m
Querying Prometheus for ts-admin-order-service-memory in deployment ts-admin-order-service
[94m[{'metric': {'pod': 'ts-admin-order-service-559676f59b-kfntj'}, 'value': [1745996485.209, '491143168']}][0m
Querying Prometheus for ts-admin-order-service-workload in deployment ts-admin-order-service
[94m[][0m
Querying Prometheus for ts-admin-route-service-cpu in deployment ts-admin-route-service
[94m[{'metric': {'pod': 'ts-admin-route-service-55f58759d8-tpnrh'}, 'value': [1745996485.725, '0.00927847371849467']}][0m
Querying Prometheus for ts-admin-route-service-latency in deployment ts-admin-route-service
[94m[][0m
Querying Prometheus for ts-admin-route-service-memory in deployment ts-admin-route-service
[94m[{'metric': {'pod': 'ts-admin-route-service-55f58759d8-tpnrh'}, 'value': [1745996486.269, '538266624']}][0m
Querying Prometheus for ts-admin-route-service-workload in deployment ts-admin-route-service
[94m[][0m
Querying Prometheus for ts-auth-service-cpu in deployment ts-auth-service
[94m[{'metric': {'pod': 'ts-auth-service-69db9d9448-cqg2r'}, 'value': [1745996486.839, '0.06080507614213189']}][0m
Querying Prometheus for ts-auth-service-latency in deployment ts-auth-service
[94m[{'metric': {}, 'value': [1745996487.105, '469.7368421052631']}][0m
Querying Prometheus for ts-auth-service-memory in deployment ts-auth-service
[94m[{'metric': {'pod': 'ts-auth-service-69db9d9448-cqg2r'}, 'value': [1745996487.379, '546129920']}][0m
Querying Prometheus for ts-auth-service-workload in deployment ts-auth-service
[94m[{'metric': {}, 'value': [1745996487.655, '0.2444444444444444']}][0m
Querying Prometheus for ts-notification-service-cpu in deployment ts-notification-service
[94m[{'metric': {'pod': 'ts-notification-service-67b587c9bb-lwjhg'}, 'value': [1745996487.959, '0.009228559300777027']}][0m
Querying Prometheus for ts-notification-service-latency in deployment ts-notification-service
[94m[][0m
Querying Prometheus for ts-notification-service-memory in deployment ts-notification-service
[94m[{'metric': {'pod': 'ts-notification-service-67b587c9bb-lwjhg'}, 'value': [1745996488.481, '580044800']}][0m
Querying Prometheus for ts-notification-service-workload in deployment ts-notification-service
[94m[][0m
Querying Prometheus for ts-order-service-cpu in deployment ts-order-service
[94m[{'metric': {'pod': 'ts-order-service-85ddc7957b-gs685'}, 'value': [1745996490.469, '0.18672133526298365']}][0m
Querying Prometheus for ts-order-service-latency in deployment ts-order-service
[94m[{'metric': {}, 'value': [1745996492.675, '22.685185185185183']}][0m
Querying Prometheus for ts-order-service-memory in deployment ts-order-service
[94m[{'metric': {'pod': 'ts-order-service-85ddc7957b-gs685'}, 'value': [1745996492.944, '702311424']}][0m
Querying Prometheus for ts-order-service-workload in deployment ts-order-service
[94m[{'metric': {}, 'value': [1745996493.211, '13.51111111111111']}][0m
Querying Prometheus for ts-payment-service-cpu in deployment ts-payment-service
[94m[{'metric': {'pod': 'ts-payment-service-85c48c8fcb-tplqh'}, 'value': [1745996493.474, '0.006780566162562082']}][0m
Querying Prometheus for ts-payment-service-latency in deployment ts-payment-service
[94m[][0m
Querying Prometheus for ts-payment-service-memory in deployment ts-payment-service
[94m[{'metric': {'pod': 'ts-payment-service-85c48c8fcb-tplqh'}, 'value': [1745996494.031, '613075626.6666666']}][0m
Querying Prometheus for ts-payment-service-workload in deployment ts-payment-service
[94m[][0m
Querying Prometheus for ts-price-service-cpu in deployment ts-price-service
[94m[{'metric': {'pod': 'ts-price-service-85649d648b-5phqb'}, 'value': [1745996494.571, '0.009122551609017752']}][0m
Querying Prometheus for ts-price-service-latency in deployment ts-price-service
[94m[][0m
Querying Prometheus for ts-price-service-memory in deployment ts-price-service
[94m[{'metric': {'pod': 'ts-price-service-85649d648b-5phqb'}, 'value': [1745996495.074, '537497600']}][0m
Querying Prometheus for ts-price-service-workload in deployment ts-price-service
[94m[][0m
Querying Prometheus for ts-route-service-cpu in deployment ts-route-service
[94m[{'metric': {'pod': 'ts-route-service-644ddf6579-2jc9l'}, 'value': [1745996495.596, '0.18638315677398085']}][0m
Querying Prometheus for ts-route-service-latency in deployment ts-route-service
[94m[{'metric': {}, 'value': [1745996495.859, '48.01128349788434']}][0m
Querying Prometheus for ts-route-service-memory in deployment ts-route-service
[94m[{'metric': {'pod': 'ts-route-service-644ddf6579-2jc9l'}, 'value': [1745996496.129, '672142677.3333333']}][0m
Querying Prometheus for ts-route-service-workload in deployment ts-route-service
[94m[{'metric': {}, 'value': [1745996496.392, '12.377777777777776']}][0m
Querying Prometheus for ts-station-service-cpu in deployment ts-station-service
[94m[{'metric': {'pod': 'ts-station-service-67d84d5cbd-kp45f'}, 'value': [1745996496.657, '0.2962738682205299']}][0m
Querying Prometheus for ts-station-service-latency in deployment ts-station-service
[94m[{'metric': {}, 'value': [1745996496.923, '22.743712574850303']}][0m
Querying Prometheus for ts-station-service-memory in deployment ts-station-service
[94m[{'metric': {'pod': 'ts-station-service-67d84d5cbd-kp45f'}, 'value': [1745996497.193, '707739648']}][0m
Querying Prometheus for ts-station-service-workload in deployment ts-station-service
[94m[{'metric': {}, 'value': [1745996497.494, '13.427777777777777']}][0m
Querying Prometheus for ts-train-service-cpu in deployment ts-train-service
[94m[{'metric': {'pod': 'ts-train-service-8468c95c56-d9czz'}, 'value': [1745996497.761, '0.014683281484641415']}][0m
Querying Prometheus for ts-train-service-latency in deployment ts-train-service
[94m[][0m
Querying Prometheus for ts-train-service-memory in deployment ts-train-service
[94m[{'metric': {'pod': 'ts-train-service-8468c95c56-d9czz'}, 'value': [1745996498.285, '585926656']}][0m
Querying Prometheus for ts-train-service-workload in deployment ts-train-service
[94m[][0m
Querying Prometheus for ts-travel-service-cpu in deployment ts-travel-service
[94m[{'metric': {'pod': 'ts-travel-service-678679d7b4-qnn9b'}, 'value': [1745996498.83, '0.01663184668165215']}][0m
Querying Prometheus for ts-travel-service-latency in deployment ts-travel-service
[94m[][0m
Querying Prometheus for ts-travel-service-memory in deployment ts-travel-service
[94m[{'metric': {'pod': 'ts-travel-service-678679d7b4-qnn9b'}, 'value': [1745996499.351, '629006336']}][0m
Querying Prometheus for ts-travel-service-workload in deployment ts-travel-service
[94m[][0m
Querying Prometheus for ts-ui-dashboard-cpu in deployment ts-ui-dashboard
[94m[{'metric': {'pod': 'ts-ui-dashboard-5445596dc7-dsgpm'}, 'value': [1745996499.881, '0.17051401485249526']}][0m
Querying Prometheus for ts-ui-dashboard-latency in deployment ts-ui-dashboard
[94m[{'metric': {}, 'value': [1745996500.171, '43.914807302231225']}][0m
Querying Prometheus for ts-ui-dashboard-memory in deployment ts-ui-dashboard
[94m[{'metric': {'pod': 'ts-ui-dashboard-5445596dc7-dsgpm'}, 'value': [1745996500.457, '53695829.333333336']}][0m
Querying Prometheus for ts-ui-dashboard-workload in deployment ts-ui-dashboard
[94m[{'metric': {}, 'value': [1745996500.709, '34.25555555555555']}][0m
Querying Prometheus for ts-user-service-cpu in deployment ts-user-service
[94m[{'metric': {'pod': 'ts-user-service-844b454c75-r56zt'}, 'value': [1745996500.98, '0.012504868027332857']}][0m
Querying Prometheus for ts-user-service-latency in deployment ts-user-service
[94m[][0m
Querying Prometheus for ts-user-service-memory in deployment ts-user-service
[94m[{'metric': {'pod': 'ts-user-service-844b454c75-r56zt'}, 'value': [1745996501.509, '629085184']}][0m
Querying Prometheus for ts-user-service-workload in deployment ts-user-service
[94m[][0m
Recorded metrics at 2025-04-30 07:00:47
[94m[{'metric': {}, 'value': [1745996568.617, '0.04286635769394729']}][0m
[94m[{'metric': {}, 'value': [1745996568.885, '257437696']}][0m
[94m[{'metric': {}, 'value': [1745996569.278, '0.008115806109361648']}][0m
[94m[{'metric': {}, 'value': [1745996569.536, '532287488']}][0m
[94m[{'metric': {}, 'value': [1745996569.951, '0.008401481934427971']}][0m
[94m[{'metric': {}, 'value': [1745996570.227, '491315200']}][0m
[94m[{'metric': {}, 'value': [1745996570.619, '0.00822976468356925']}][0m
[94m[{'metric': {}, 'value': [1745996570.874, '537194496']}][0m
[94m[{'metric': {}, 'value': [1745996571.275, '0.007737551270655365']}][0m
[94m[{'metric': {}, 'value': [1745996571.546, '514199552']}][0m
[94m[{'metric': {}, 'value': [1745996571.922, '0.008395250378875573']}][0m
[94m[{'metric': {}, 'value': [1745996572.187, '513036288']}][0m
[94m[{'metric': {}, 'value': [1745996572.61, '0.008121241724583148']}][0m
[94m[{'metric': {}, 'value': [1745996572.887, '568938496']}][0m
[94m[{'metric': {}, 'value': [1745996573.246, '0.05800129356030459']}][0m
[94m[{'metric': {}, 'value': [1745996573.502, '547577856']}][0m
[94m[{'metric': {}, 'value': [1745996573.878, '0.004726377361746177']}][0m
[94m[{'metric': {}, 'value': [1745996574.138, '189378560']}][0m
[94m[{'metric': {}, 'value': [1745996574.5, '0.008232610043397494']}][0m
[94m[{'metric': {}, 'value': [1745996574.739, '512040960']}][0m
[94m[{'metric': {}, 'value': [1745996575.12, '0.008493483231976936']}][0m
[94m[{'metric': {}, 'value': [1745996575.398, '508723200']}][0m
[94m[{'metric': {}, 'value': [1745996575.797, '0.008751731453172694']}][0m
[94m[{'metric': {}, 'value': [1745996576.064, '594038784']}][0m
[94m[{'metric': {}, 'value': [1745996576.43, '0.008913728928149378']}][0m
[94m[{'metric': {}, 'value': [1745996576.689, '635604992']}][0m
[94m[{'metric': {}, 'value': [1745996577.067, '0.008890044223465138']}][0m
[94m[{'metric': {}, 'value': [1745996577.332, '555081728']}][0m
[94m[{'metric': {}, 'value': [1745996577.726, '0.008055932037565721']}][0m
[94m[{'metric': {}, 'value': [1745996578.008, '627552256']}][0m
[94m[{'metric': {}, 'value': [1745996578.382, '0.00925624694840772']}][0m
[94m[{'metric': {}, 'value': [1745996578.655, '559906816']}][0m
[94m[{'metric': {}, 'value': [1745996579.041, '0.008524422638553677']}][0m
[94m[{'metric': {}, 'value': [1745996579.305, '546172928']}][0m
[94m[{'metric': {}, 'value': [1745996579.695, '0.013581785819142652']}][0m
[94m[{'metric': {}, 'value': [1745996579.967, '643342336']}][0m
[94m[{'metric': {}, 'value': [1745996580.362, '0.012917956541428292']}][0m
[94m[{'metric': {}, 'value': [1745996580.622, '592392192']}][0m
[94m[{'metric': {}, 'value': [1745996581.669, '0.34638016723157194']}][0m
[94m[{'metric': {}, 'value': [1745996582.168, '982536192']}][0m
[94m[{'metric': {}, 'value': [1745996582.768, '0.008723930894859717']}][0m
[94m[{'metric': {}, 'value': [1745996583.669, '577781760']}][0m
[94m[{'metric': {}, 'value': [1745996584.272, '0.00425867799317612']}][0m
[94m[{'metric': {}, 'value': [1745996584.574, '48447488']}][0m
[94m[{'metric': {}, 'value': [1745996584.955, '0.008896220069948994']}][0m
[94m[{'metric': {}, 'value': [1745996585.231, '580681728']}][0m
[94m[{'metric': {}, 'value': [1745996585.634, '0.008608072972326793']}][0m
[94m[{'metric': {}, 'value': [1745996585.898, '591273984']}][0m
[94m[{'metric': {}, 'value': [1745996586.264, '0.2744390505882355']}][0m
[94m[{'metric': {}, 'value': [1745996586.532, '719310848']}][0m
[94m[{'metric': {}, 'value': [1745996586.918, '0.008373117960114546']}][0m
[94m[{'metric': {}, 'value': [1745996587.192, '612888576']}][0m
[94m[{'metric': {}, 'value': [1745996587.599, '0.008247836979557563']}][0m
[94m[{'metric': {}, 'value': [1745996587.862, '518488064']}][0m
[94m[{'metric': {}, 'value': [1745996588.226, '0.012765765409839654']}][0m
[94m[{'metric': {}, 'value': [1745996588.481, '510812160']}][0m
[94m[{'metric': {}, 'value': [1745996588.851, '0.008852185547047']}][0m
[94m[{'metric': {}, 'value': [1745996589.118, '537329664']}][0m
[94m[{'metric': {}, 'value': [1745996589.488, '0.008472570025269608']}][0m
[94m[{'metric': {}, 'value': [1745996589.747, '515182592']}][0m
[94m[{'metric': {}, 'value': [1745996590.146, '0.008594717501643413']}][0m
[94m[{'metric': {}, 'value': [1745996590.412, '551403520']}][0m
[94m[{'metric': {}, 'value': [1745996590.794, '0.2993007953101159']}][0m
[94m[{'metric': {}, 'value': [1745996591.062, '681472000']}][0m
[94m[{'metric': {}, 'value': [1745996591.459, '0.008441261912163442']}][0m
[94m[{'metric': {}, 'value': [1745996591.724, '498462720']}][0m
[94m[{'metric': {}, 'value': [1745996592.125, '0.008935856892295648']}][0m
[94m[{'metric': {}, 'value': [1745996592.389, '588361728']}][0m
[94m[{'metric': {}, 'value': [1745996592.783, '0.011079539148973375']}][0m
[94m[{'metric': {}, 'value': [1745996593.044, '617054208']}][0m
[94m[{'metric': {}, 'value': [1745996593.446, '0.28484573362255977']}][0m
[94m[{'metric': {}, 'value': [1745996593.716, '712183808']}][0m
[94m[{'metric': {}, 'value': [1745996594.103, '0.004317428667410785']}][0m
[94m[{'metric': {}, 'value': [1745996594.373, '89862144']}][0m
[94m[{'metric': {}, 'value': [1745996594.75, '0.009141428845898122']}][0m
[94m[{'metric': {}, 'value': [1745996595.02, '605929472']}][0m
[94m[{'metric': {}, 'value': [1745996595.408, '0.010018294473795064']}][0m
[94m[{'metric': {}, 'value': [1745996595.683, '587300864']}][0m
[94m[{'metric': {}, 'value': [1745996596.057, '0.008175891916861973']}][0m
[94m[{'metric': {}, 'value': [1745996596.325, '501424128']}][0m
[94m[{'metric': {}, 'value': [1745996596.725, '0.012805665028937081']}][0m
[94m[{'metric': {}, 'value': [1745996596.953, '629985280']}][0m
[94m[{'metric': {}, 'value': [1745996597.311, '0.009186508441310677']}][0m
[94m[{'metric': {}, 'value': [1745996597.572, '578781184']}][0m
[94m[{'metric': {}, 'value': [1745996597.967, '0.18051755917231335']}][0m
[94m[{'metric': {}, 'value': [1745996598.253, '54816768']}][0m
[94m[{'metric': {}, 'value': [1745996598.635, '0.010310871299811362']}][0m
[94m[{'metric': {}, 'value': [1745996598.911, '628895744']}][0m
[94m[{'metric': {}, 'value': [1745996599.301, '0.013141207001883431']}][0m
[94m[{'metric': {}, 'value': [1745996599.577, '483803136']}][0m
[94m[{'metric': {}, 'value': [1745996599.936, '0.004117672954800213']}][0m
[94m[{'metric': {}, 'value': [1745996600.207, '62771200']}][0m
[94m[{'metric': {}, 'value': [1745996600.601, '0.014086727564244136']}][0m
[94m[{'metric': {}, 'value': [1745996600.874, '609464320']}][0m
Querying metrics for application: train-ticket
Querying Prometheus for ts-admin-order-service-cpu in deployment ts-admin-order-service
[94m[{'metric': {'pod': 'ts-admin-order-service-559676f59b-kfntj'}, 'value': [1745996601.149, '0.0072387165299641525']}][0m
Querying Prometheus for ts-admin-order-service-latency in deployment ts-admin-order-service
[94m[][0m
Querying Prometheus for ts-admin-order-service-memory in deployment ts-admin-order-service
[94m[{'metric': {'pod': 'ts-admin-order-service-559676f59b-kfntj'}, 'value': [1745996601.676, '491446272']}][0m
Querying Prometheus for ts-admin-order-service-workload in deployment ts-admin-order-service
[94m[][0m
Querying Prometheus for ts-admin-route-service-cpu in deployment ts-admin-route-service
[94m[{'metric': {'pod': 'ts-admin-route-service-55f58759d8-tpnrh'}, 'value': [1745996602.219, '0.0066133135010011035']}][0m
Querying Prometheus for ts-admin-route-service-latency in deployment ts-admin-route-service
[94m[][0m
Querying Prometheus for ts-admin-route-service-memory in deployment ts-admin-route-service
[94m[{'metric': {'pod': 'ts-admin-route-service-55f58759d8-tpnrh'}, 'value': [1745996602.805, '537680554.6666666']}][0m
Querying Prometheus for ts-admin-route-service-workload in deployment ts-admin-route-service
[94m[][0m
Querying Prometheus for ts-auth-service-cpu in deployment ts-auth-service
[94m[{'metric': {'pod': 'ts-auth-service-69db9d9448-cqg2r'}, 'value': [1745996603.345, '0.05206260557432329']}][0m
Querying Prometheus for ts-auth-service-latency in deployment ts-auth-service
[94m[{'metric': {}, 'value': [1745996603.62, '464.0625']}][0m
Querying Prometheus for ts-auth-service-memory in deployment ts-auth-service
[94m[{'metric': {'pod': 'ts-auth-service-69db9d9448-cqg2r'}, 'value': [1745996603.873, '547690496']}][0m
Querying Prometheus for ts-auth-service-workload in deployment ts-auth-service
[94m[{'metric': {}, 'value': [1745996604.14, '0.25555555555555554']}][0m
Querying Prometheus for ts-notification-service-cpu in deployment ts-notification-service
[94m[{'metric': {'pod': 'ts-notification-service-67b587c9bb-lwjhg'}, 'value': [1745996604.411, '0.01026642296984269']}][0m
Querying Prometheus for ts-notification-service-latency in deployment ts-notification-service
[94m[][0m
Querying Prometheus for ts-notification-service-memory in deployment ts-notification-service
[94m[{'metric': {'pod': 'ts-notification-service-67b587c9bb-lwjhg'}, 'value': [1745996604.944, '580623360']}][0m
Querying Prometheus for ts-notification-service-workload in deployment ts-notification-service
[94m[][0m
Querying Prometheus for ts-order-service-cpu in deployment ts-order-service
[94m[{'metric': {'pod': 'ts-order-service-85ddc7957b-gs685'}, 'value': [1745996605.466, '0.31622479164888845']}][0m
Querying Prometheus for ts-order-service-latency in deployment ts-order-service
[94m[{'metric': {}, 'value': [1745996605.727, '24.595262615859937']}][0m
Querying Prometheus for ts-order-service-memory in deployment ts-order-service
[94m[{'metric': {'pod': 'ts-order-service-85ddc7957b-gs685'}, 'value': [1745996606.014, '719485610.6666666']}][0m
Querying Prometheus for ts-order-service-workload in deployment ts-order-service
[94m[{'metric': {}, 'value': [1745996606.265, '18.03333333333333']}][0m
Querying Prometheus for ts-payment-service-cpu in deployment ts-payment-service
[94m[{'metric': {'pod': 'ts-payment-service-85c48c8fcb-tplqh'}, 'value': [1745996606.518, '0.009010482789450946']}][0m
Querying Prometheus for ts-payment-service-latency in deployment ts-payment-service
[94m[][0m
Querying Prometheus for ts-payment-service-memory in deployment ts-payment-service
[94m[{'metric': {'pod': 'ts-payment-service-85c48c8fcb-tplqh'}, 'value': [1745996607.05, '612848640']}][0m
Querying Prometheus for ts-payment-service-workload in deployment ts-payment-service
[94m[][0m
Querying Prometheus for ts-price-service-cpu in deployment ts-price-service
[94m[{'metric': {'pod': 'ts-price-service-85649d648b-5phqb'}, 'value': [1745996607.592, '0.008529394171013225']}][0m
Querying Prometheus for ts-price-service-latency in deployment ts-price-service
[94m[][0m
Querying Prometheus for ts-price-service-memory in deployment ts-price-service
[94m[{'metric': {'pod': 'ts-price-service-85649d648b-5phqb'}, 'value': [1745996608.116, '537460736']}][0m
Querying Prometheus for ts-price-service-workload in deployment ts-price-service
[94m[][0m
Querying Prometheus for ts-route-service-cpu in deployment ts-route-service
[94m[{'metric': {'pod': 'ts-route-service-644ddf6579-2jc9l'}, 'value': [1745996608.613, '0.34573302624286995']}][0m
Querying Prometheus for ts-route-service-latency in deployment ts-route-service
[94m[{'metric': {}, 'value': [1745996608.863, '99.0625']}][0m
Querying Prometheus for ts-route-service-memory in deployment ts-route-service
[94m[{'metric': {'pod': 'ts-route-service-644ddf6579-2jc9l'}, 'value': [1745996609.151, '679945557.3333333']}][0m
Querying Prometheus for ts-route-service-workload in deployment ts-route-service
[94m[{'metric': {}, 'value': [1745996609.426, '17.911111111111108']}][0m
Querying Prometheus for ts-station-service-cpu in deployment ts-station-service
[94m[{'metric': {'pod': 'ts-station-service-67d84d5cbd-kp45f'}, 'value': [1745996609.692, '0.33349689048171316']}][0m
Querying Prometheus for ts-station-service-latency in deployment ts-station-service
[94m[{'metric': {}, 'value': [1745996609.965, '23.344230769230773']}][0m
Querying Prometheus for ts-station-service-memory in deployment ts-station-service
[94m[{'metric': {'pod': 'ts-station-service-67d84d5cbd-kp45f'}, 'value': [1745996610.246, '711557120']}][0m
Querying Prometheus for ts-station-service-workload in deployment ts-station-service
[94m[{'metric': {}, 'value': [1745996610.528, '17.58888888888889']}][0m
Querying Prometheus for ts-train-service-cpu in deployment ts-train-service
[94m[{'metric': {'pod': 'ts-train-service-8468c95c56-d9czz'}, 'value': [1745996610.797, '0.009769657592716006']}][0m
Querying Prometheus for ts-train-service-latency in deployment ts-train-service
[94m[][0m
Querying Prometheus for ts-train-service-memory in deployment ts-train-service
[94m[{'metric': {'pod': 'ts-train-service-8468c95c56-d9czz'}, 'value': [1745996611.313, '587165696']}][0m
Querying Prometheus for ts-train-service-workload in deployment ts-train-service
[94m[][0m
Querying Prometheus for ts-travel-service-cpu in deployment ts-travel-service
[94m[{'metric': {'pod': 'ts-travel-service-678679d7b4-qnn9b'}, 'value': [1745996611.851, '0.010244822855650258']}][0m
Querying Prometheus for ts-travel-service-latency in deployment ts-travel-service
[94m[][0m
Querying Prometheus for ts-travel-service-memory in deployment ts-travel-service
[94m[{'metric': {'pod': 'ts-travel-service-678679d7b4-qnn9b'}, 'value': [1745996612.39, '630552576']}][0m
Querying Prometheus for ts-travel-service-workload in deployment ts-travel-service
[94m[][0m
Querying Prometheus for ts-ui-dashboard-cpu in deployment ts-ui-dashboard
[94m[{'metric': {'pod': 'ts-ui-dashboard-5445596dc7-dsgpm'}, 'value': [1745996612.85, '0.20526428776228262']}][0m
Querying Prometheus for ts-ui-dashboard-latency in deployment ts-ui-dashboard
[94m[{'metric': {}, 'value': [1745996613.12, '49.37975646879755']}][0m
Querying Prometheus for ts-ui-dashboard-memory in deployment ts-ui-dashboard
[94m[{'metric': {'pod': 'ts-ui-dashboard-5445596dc7-dsgpm'}, 'value': [1745996613.384, '54814037.33333333']}][0m
Querying Prometheus for ts-ui-dashboard-workload in deployment ts-ui-dashboard
[94m[{'metric': {}, 'value': [1745996613.662, '44.477777777777774']}][0m
Querying Prometheus for ts-user-service-cpu in deployment ts-user-service
[94m[{'metric': {'pod': 'ts-user-service-844b454c75-r56zt'}, 'value': [1745996613.92, '0.007501997423062246']}][0m
Querying Prometheus for ts-user-service-latency in deployment ts-user-service
[94m[][0m
Querying Prometheus for ts-user-service-memory in deployment ts-user-service
[94m[{'metric': {'pod': 'ts-user-service-844b454c75-r56zt'}, 'value': [1745996614.448, '629527893.3333334']}][0m
Querying Prometheus for ts-user-service-workload in deployment ts-user-service
[94m[][0m
Recorded metrics at 2025-04-30 07:02:41
[94m[{'metric': {}, 'value': [1745996681.628, '0.04786645976372069']}][0m
[94m[{'metric': {}, 'value': [1745996681.891, '257400832']}][0m
[94m[{'metric': {}, 'value': [1745996682.868, '0.009585505082965299']}][0m
[94m[{'metric': {}, 'value': [1745996684.873, '533131264']}][0m
[94m[{'metric': {}, 'value': [1745996685.275, '0.009595142115936598']}][0m
[94m[{'metric': {}, 'value': [1745996685.576, '492269568']}][0m
[94m[{'metric': {}, 'value': [1745996685.995, '0.009017582875080686']}][0m
[94m[{'metric': {}, 'value': [1745996686.279, '537989120']}][0m
[94m[{'metric': {}, 'value': [1745996686.66, '0.009468879817678274']}][0m
[94m[{'metric': {}, 'value': [1745996686.914, '515391488']}][0m
[94m[{'metric': {}, 'value': [1745996687.289, '0.009633955298890742']}][0m
[94m[{'metric': {}, 'value': [1745996687.56, '515035136']}][0m
[94m[{'metric': {}, 'value': [1745996687.939, '0.00885202847313398']}][0m
[94m[{'metric': {}, 'value': [1745996688.193, '570810368']}][0m
[94m[{'metric': {}, 'value': [1745996688.564, '0.060461195322493444']}][0m
[94m[{'metric': {}, 'value': [1745996688.821, '548249600']}][0m
[94m[{'metric': {}, 'value': [1745996689.206, '0.004545752501542823']}][0m
[94m[{'metric': {}, 'value': [1745996689.457, '188874752']}][0m
[94m[{'metric': {}, 'value': [1745996689.823, '0.009021385829960394']}][0m
[94m[{'metric': {}, 'value': [1745996690.074, '513912832']}][0m
[94m[{'metric': {}, 'value': [1745996690.451, '0.008563569375000076']}][0m
[94m[{'metric': {}, 'value': [1745996690.719, '509550592']}][0m
[94m[{'metric': {}, 'value': [1745996691.093, '0.008845838452480194']}][0m
[94m[{'metric': {}, 'value': [1745996691.328, '594972672']}][0m
[94m[{'metric': {}, 'value': [1745996691.698, '0.008928446034554859']}][0m
[94m[{'metric': {}, 'value': [1745996691.959, '637427712']}][0m
[94m[{'metric': {}, 'value': [1745996692.365, '0.009171403218902703']}][0m
[94m[{'metric': {}, 'value': [1745996692.636, '556388352']}][0m
[94m[{'metric': {}, 'value': [1745996693.042, '0.008432065972794672']}][0m
[94m[{'metric': {}, 'value': [1745996693.312, '626843648']}][0m
[94m[{'metric': {}, 'value': [1745996693.703, '0.009747540740059478']}][0m
[94m[{'metric': {}, 'value': [1745996693.963, '560816128']}][0m
[94m[{'metric': {}, 'value': [1745996694.342, '0.009442996247263382']}][0m
[94m[{'metric': {}, 'value': [1745996694.631, '546160640']}][0m
[94m[{'metric': {}, 'value': [1745996695.012, '0.01388335000338157']}][0m
[94m[{'metric': {}, 'value': [1745996695.28, '643620864']}][0m
[94m[{'metric': {}, 'value': [1745996695.672, '0.009230914589384687']}][0m
[94m[{'metric': {}, 'value': [1745996695.946, '592187392']}][0m
[94m[{'metric': {}, 'value': [1745996696.331, '0.43897475104600364']}][0m
[94m[{'metric': {}, 'value': [1745996696.594, '983662592']}][0m
[94m[{'metric': {}, 'value': [1745996696.98, '0.008963893199662227']}][0m
[94m[{'metric': {}, 'value': [1745996697.256, '577904640']}][0m
[94m[{'metric': {}, 'value': [1745996697.649, '0.004408399476889302']}][0m
[94m[{'metric': {}, 'value': [1745996697.91, '48369664']}][0m
[94m[{'metric': {}, 'value': [1745996698.29, '0.011953421137272005']}][0m
[94m[{'metric': {}, 'value': [1745996698.563, '582111232']}][0m
[94m[{'metric': {}, 'value': [1745996698.943, '0.009136225020759454']}][0m
[94m[{'metric': {}, 'value': [1745996699.218, '591949824']}][0m
[94m[{'metric': {}, 'value': [1745996699.622, '0.3122887196149736']}][0m
[94m[{'metric': {}, 'value': [1745996699.887, '721784832']}][0m
[94m[{'metric': {}, 'value': [1745996700.277, '0.009072437917716352']}][0m
[94m[{'metric': {}, 'value': [1745996700.535, '612581376']}][0m
[94m[{'metric': {}, 'value': [1745996700.915, '0.009608008846349068']}][0m
[94m[{'metric': {}, 'value': [1745996701.234, '519290880']}][0m
[94m[{'metric': {}, 'value': [1745996701.624, '0.013493141869530097']}][0m
[94m[{'metric': {}, 'value': [1745996701.897, '510574592']}][0m
[94m[{'metric': {}, 'value': [1745996702.302, '0.00928139007770115']}][0m
[94m[{'metric': {}, 'value': [1745996702.593, '538107904']}][0m
[94m[{'metric': {}, 'value': [1745996702.985, '0.008938261113499523']}][0m
[94m[{'metric': {}, 'value': [1745996703.253, '515325952']}][0m
[94m[{'metric': {}, 'value': [1745996703.624, '0.009075863897610054']}][0m
[94m[{'metric': {}, 'value': [1745996703.903, '552525824']}][0m
[94m[{'metric': {}, 'value': [1745996704.3, '0.3574168181091115']}][0m
[94m[{'metric': {}, 'value': [1745996704.567, '690573312']}][0m
[94m[{'metric': {}, 'value': [1745996704.949, '0.009188429828504454']}][0m
[94m[{'metric': {}, 'value': [1745996705.203, '499421184']}][0m
[94m[{'metric': {}, 'value': [1745996705.583, '0.009169568420087296']}][0m
[94m[{'metric': {}, 'value': [1745996705.847, '588812288']}][0m
[94m[{'metric': {}, 'value': [1745996706.246, '0.011517005265272804']}][0m
[94m[{'metric': {}, 'value': [1745996706.516, '617824256']}][0m
[94m[{'metric': {}, 'value': [1745996706.912, '0.2763229100302056']}][0m
[94m[{'metric': {}, 'value': [1745996707.177, '713768960']}][0m
[94m[{'metric': {}, 'value': [1745996707.582, '0.004307990285122269']}][0m
[94m[{'metric': {}, 'value': [1745996707.819, '90374144']}][0m
[94m[{'metric': {}, 'value': [1745996708.201, '0.009408100589818197']}][0m
[94m[{'metric': {}, 'value': [1745996708.452, '606134272']}][0m
[94m[{'metric': {}, 'value': [1745996708.827, '0.010078861356304689']}][0m
[94m[{'metric': {}, 'value': [1745996709.105, '586559488']}][0m
[94m[{'metric': {}, 'value': [1745996709.493, '0.00935305355894063']}][0m
[94m[{'metric': {}, 'value': [1745996709.729, '502611968']}][0m
[94m[{'metric': {}, 'value': [1745996710.122, '0.010483129890014297']}][0m
[94m[{'metric': {}, 'value': [1745996710.381, '631205888']}][0m
[94m[{'metric': {}, 'value': [1745996710.773, '0.009314428176453034']}][0m
[94m[{'metric': {}, 'value': [1745996711.023, '577982464']}][0m
[94m[{'metric': {}, 'value': [1745996711.409, '0.25096543438207125']}][0m
[94m[{'metric': {}, 'value': [1745996711.672, '56422400']}][0m
[94m[{'metric': {}, 'value': [1745996712.064, '0.010274043975980357']}][0m
[94m[{'metric': {}, 'value': [1745996712.335, '630587392']}][0m
[94m[{'metric': {}, 'value': [1745996712.731, '0.008668651264102812']}][0m
[94m[{'metric': {}, 'value': [1745996713.016, '484229120']}][0m
[94m[{'metric': {}, 'value': [1745996713.403, '0.004381066195763707']}][0m
[94m[{'metric': {}, 'value': [1745996713.68, '63135744']}][0m
[94m[{'metric': {}, 'value': [1745996714.06, '0.013795963332602397']}][0m
[94m[{'metric': {}, 'value': [1745996714.354, '609898496']}][0m
Querying metrics for application: train-ticket
Querying Prometheus for ts-admin-order-service-cpu in deployment ts-admin-order-service
[94m[{'metric': {'pod': 'ts-admin-order-service-559676f59b-kfntj'}, 'value': [1745996714.619, '0.007379232893806718']}][0m
Querying Prometheus for ts-admin-order-service-latency in deployment ts-admin-order-service
[94m[][0m
Querying Prometheus for ts-admin-order-service-memory in deployment ts-admin-order-service
[94m[{'metric': {'pod': 'ts-admin-order-service-559676f59b-kfntj'}, 'value': [1745996715.164, '492354218.6666666']}][0m
Querying Prometheus for ts-admin-order-service-workload in deployment ts-admin-order-service
[94m[][0m
Querying Prometheus for ts-admin-route-service-cpu in deployment ts-admin-route-service
[94m[{'metric': {'pod': 'ts-admin-route-service-55f58759d8-tpnrh'}, 'value': [1745996715.701, '0.009111568667824355']}][0m
Querying Prometheus for ts-admin-route-service-latency in deployment ts-admin-route-service
[94m[][0m
Querying Prometheus for ts-admin-route-service-memory in deployment ts-admin-route-service
[94m[{'metric': {'pod': 'ts-admin-route-service-55f58759d8-tpnrh'}, 'value': [1745996716.246, '538595328']}][0m
Querying Prometheus for ts-admin-route-service-workload in deployment ts-admin-route-service
[94m[][0m
Querying Prometheus for ts-auth-service-cpu in deployment ts-auth-service
[94m[{'metric': {'pod': 'ts-auth-service-69db9d9448-cqg2r'}, 'value': [1745996716.749, '0.035033286125575894']}][0m
Querying Prometheus for ts-auth-service-latency in deployment ts-auth-service
[94m[{'metric': {}, 'value': [1745996717.007, '498.4375']}][0m
Querying Prometheus for ts-auth-service-memory in deployment ts-auth-service
[94m[{'metric': {'pod': 'ts-auth-service-69db9d9448-cqg2r'}, 'value': [1745996717.265, '548323328']}][0m
Querying Prometheus for ts-auth-service-workload in deployment ts-auth-service
[94m[{'metric': {}, 'value': [1745996717.543, '0.25555555555555554']}][0m
Querying Prometheus for ts-notification-service-cpu in deployment ts-notification-service
[94m[{'metric': {'pod': 'ts-notification-service-67b587c9bb-lwjhg'}, 'value': [1745996717.806, '0.006226725486032377']}][0m
Querying Prometheus for ts-notification-service-latency in deployment ts-notification-service
[94m[][0m
Querying Prometheus for ts-notification-service-memory in deployment ts-notification-service
[94m[{'metric': {'pod': 'ts-notification-service-67b587c9bb-lwjhg'}, 'value': [1745996718.342, '582331050.6666666']}][0m
Querying Prometheus for ts-notification-service-workload in deployment ts-notification-service
[94m[][0m
Querying Prometheus for ts-order-service-cpu in deployment ts-order-service
[94m[{'metric': {'pod': 'ts-order-service-85ddc7957b-gs685'}, 'value': [1745996718.871, '0.2951464021179884']}][0m
Querying Prometheus for ts-order-service-latency in deployment ts-order-service
[94m[{'metric': {}, 'value': [1745996719.14, '57.946127946127994']}][0m
Querying Prometheus for ts-order-service-memory in deployment ts-order-service
[94m[{'metric': {'pod': 'ts-order-service-85ddc7957b-gs685'}, 'value': [1745996719.449, '722802688']}][0m
Querying Prometheus for ts-order-service-workload in deployment ts-order-service
[94m[{'metric': {}, 'value': [1745996719.703, '22.677777777777777']}][0m
Querying Prometheus for ts-payment-service-cpu in deployment ts-payment-service
[94m[{'metric': {'pod': 'ts-payment-service-85c48c8fcb-tplqh'}, 'value': [1745996719.982, '0.00619269204164794']}][0m
Querying Prometheus for ts-payment-service-latency in deployment ts-payment-service
[94m[][0m
Querying Prometheus for ts-payment-service-memory in deployment ts-payment-service
[94m[{'metric': {'pod': 'ts-payment-service-85c48c8fcb-tplqh'}, 'value': [1745996720.52, '612966400']}][0m
Querying Prometheus for ts-payment-service-workload in deployment ts-payment-service
[94m[][0m
Querying Prometheus for ts-price-service-cpu in deployment ts-price-service
[94m[{'metric': {'pod': 'ts-price-service-85649d648b-5phqb'}, 'value': [1745996721.056, '0.005396574999998905']}][0m
Querying Prometheus for ts-price-service-latency in deployment ts-price-service
[94m[][0m
Querying Prometheus for ts-price-service-memory in deployment ts-price-service
[94m[{'metric': {'pod': 'ts-price-service-85649d648b-5phqb'}, 'value': [1745996721.594, '538297685.3333334']}][0m
Querying Prometheus for ts-price-service-workload in deployment ts-price-service
[94m[][0m
Querying Prometheus for ts-route-service-cpu in deployment ts-route-service
[94m[{'metric': {'pod': 'ts-route-service-644ddf6579-2jc9l'}, 'value': [1745996722.121, '0.40635843137254873']}][0m
Querying Prometheus for ts-route-service-latency in deployment ts-route-service
[94m[{'metric': {}, 'value': [1745996722.378, '244.94565217391278']}][0m
Querying Prometheus for ts-route-service-memory in deployment ts-route-service
[94m[{'metric': {'pod': 'ts-route-service-644ddf6579-2jc9l'}, 'value': [1745996722.628, '689000448']}][0m
Querying Prometheus for ts-route-service-workload in deployment ts-route-service
[94m[{'metric': {}, 'value': [1745996722.85, '22.05555555555555']}][0m
Querying Prometheus for ts-station-service-cpu in deployment ts-station-service
[94m[{'metric': {'pod': 'ts-station-service-67d84d5cbd-kp45f'}, 'value': [1745996723.116, '0.2876386719189644']}][0m
Querying Prometheus for ts-station-service-latency in deployment ts-station-service
[94m[{'metric': {}, 'value': [1745996723.387, '51.81818181818179']}][0m
Querying Prometheus for ts-station-service-memory in deployment ts-station-service
[94m[{'metric': {'pod': 'ts-station-service-67d84d5cbd-kp45f'}, 'value': [1745996723.654, '714941440']}][0m
Querying Prometheus for ts-station-service-workload in deployment ts-station-service
[94m[{'metric': {}, 'value': [1745996723.917, '20.883333333333333']}][0m
Querying Prometheus for ts-train-service-cpu in deployment ts-train-service
[94m[{'metric': {'pod': 'ts-train-service-8468c95c56-d9czz'}, 'value': [1745996724.186, '0.00912358136453963']}][0m
Querying Prometheus for ts-train-service-latency in deployment ts-train-service
[94m[][0m
Querying Prometheus for ts-train-service-memory in deployment ts-train-service
[94m[{'metric': {'pod': 'ts-train-service-8468c95c56-d9czz'}, 'value': [1745996724.721, '587122688']}][0m
Querying Prometheus for ts-train-service-workload in deployment ts-train-service
[94m[][0m
Querying Prometheus for ts-travel-service-cpu in deployment ts-travel-service
[94m[{'metric': {'pod': 'ts-travel-service-678679d7b4-qnn9b'}, 'value': [1745996725.278, '0.008833571805105628']}][0m
Querying Prometheus for ts-travel-service-latency in deployment ts-travel-service
[94m[][0m
Querying Prometheus for ts-travel-service-memory in deployment ts-travel-service
[94m[{'metric': {'pod': 'ts-travel-service-678679d7b4-qnn9b'}, 'value': [1745996725.835, '632057856']}][0m
Querying Prometheus for ts-travel-service-workload in deployment ts-travel-service
[94m[][0m
Querying Prometheus for ts-ui-dashboard-cpu in deployment ts-ui-dashboard
[94m[{'metric': {'pod': 'ts-ui-dashboard-5445596dc7-dsgpm'}, 'value': [1745996726.41, '0.308709105167225']}][0m
Querying Prometheus for ts-ui-dashboard-latency in deployment ts-ui-dashboard
[94m[{'metric': {}, 'value': [1745996726.68, '95.38392857142861']}][0m
Querying Prometheus for ts-ui-dashboard-memory in deployment ts-ui-dashboard
[94m[{'metric': {'pod': 'ts-ui-dashboard-5445596dc7-dsgpm'}, 'value': [1745996726.968, '56514560']}][0m
Querying Prometheus for ts-ui-dashboard-workload in deployment ts-ui-dashboard
[94m[{'metric': {}, 'value': [1745996727.247, '55.699999999999996']}][0m
Querying Prometheus for ts-user-service-cpu in deployment ts-user-service
[94m[{'metric': {'pod': 'ts-user-service-844b454c75-r56zt'}, 'value': [1745996727.504, '0.009085881110263348']}][0m
Querying Prometheus for ts-user-service-latency in deployment ts-user-service
[94m[][0m
Querying Prometheus for ts-user-service-memory in deployment ts-user-service
[94m[{'metric': {'pod': 'ts-user-service-844b454c75-r56zt'}, 'value': [1745996728.044, '630667946.6666666']}][0m
Querying Prometheus for ts-user-service-workload in deployment ts-user-service
[94m[][0m
Recorded metrics at 2025-04-30 07:04:34
[94m[{'metric': {}, 'value': [1745996795.297, '0.0451396191616587']}][0m
[94m[{'metric': {}, 'value': [1745996795.572, '257871872']}][0m
[94m[{'metric': {}, 'value': [1745996795.93, '0.011314732716853649']}][0m
[94m[{'metric': {}, 'value': [1745996796.194, '534040576']}][0m
[94m[{'metric': {}, 'value': [1745996796.587, '0.009297892985523174']}][0m
[94m[{'metric': {}, 'value': [1745996796.865, '492593152']}][0m
[94m[{'metric': {}, 'value': [1745996797.24, '0.008725695093124477']}][0m
[94m[{'metric': {}, 'value': [1745996797.506, '539840512']}][0m
[94m[{'metric': {}, 'value': [1745996797.861, '0.009298181054365917']}][0m
[94m[{'metric': {}, 'value': [1745996798.082, '515948544']}][0m
[94m[{'metric': {}, 'value': [1745996798.448, '0.009615197282539921']}][0m
[94m[{'metric': {}, 'value': [1745996798.712, '514830336']}][0m
[94m[{'metric': {}, 'value': [1745996799.092, '0.008881879078674064']}][0m
[94m[{'metric': {}, 'value': [1745996799.359, '570728448']}][0m
[94m[{'metric': {}, 'value': [1745996799.737, '0.05504014392598894']}][0m
[94m[{'metric': {}, 'value': [1745996800.003, '549724160']}][0m
[94m[{'metric': {}, 'value': [1745996800.314, '0.004680605394342928']}][0m
[94m[{'metric': {}, 'value': [1745996800.54, '188989440']}][0m
[94m[{'metric': {}, 'value': [1745996800.89, '0.009377097344639818']}][0m
[94m[{'metric': {}, 'value': [1745996801.126, '515321856']}][0m
[94m[{'metric': {}, 'value': [1745996801.454, '0.00845270605502755']}][0m
[94m[{'metric': {}, 'value': [1745996801.686, '511660032']}][0m
[94m[{'metric': {}, 'value': [1745996802.026, '0.009682206864238088']}][0m
[94m[{'metric': {}, 'value': [1745996802.247, '596131840']}][0m
[94m[{'metric': {}, 'value': [1745996802.601, '0.00913160989617517']}][0m
[94m[{'metric': {}, 'value': [1745996802.83, '638398464']}][0m
[94m[{'metric': {}, 'value': [1745996803.174, '0.009613916106856218']}][0m
[94m[{'metric': {}, 'value': [1745996803.409, '556191744']}][0m
[94m[{'metric': {}, 'value': [1745996803.743, '0.009329575598149939']}][0m
[94m[{'metric': {}, 'value': [1745996803.962, '628514816']}][0m
[94m[{'metric': {}, 'value': [1745996804.359, '0.009247459369432207']}][0m
[94m[{'metric': {}, 'value': [1745996804.631, '559456256']}][0m
[94m[{'metric': {}, 'value': [1745996805.043, '0.00971189774542861']}][0m
[94m[{'metric': {}, 'value': [1745996805.313, '547295232']}][0m
[94m[{'metric': {}, 'value': [1745996805.723, '0.013572321024219396']}][0m
[94m[{'metric': {}, 'value': [1745996805.996, '644567040']}][0m
[94m[{'metric': {}, 'value': [1745996806.394, '0.009078862371514495']}][0m
[94m[{'metric': {}, 'value': [1745996806.655, '592850944']}][0m
[94m[{'metric': {}, 'value': [1745996807.04, '0.4790502226676187']}][0m
[94m[{'metric': {}, 'value': [1745996807.327, '994385920']}][0m
[94m[{'metric': {}, 'value': [1745996807.743, '0.008453145740740891']}][0m
[94m[{'metric': {}, 'value': [1745996808.022, '578191360']}][0m
[94m[{'metric': {}, 'value': [1745996808.417, '0.004057126062280053']}][0m
[94m[{'metric': {}, 'value': [1745996808.714, '48566272']}][0m
[94m[{'metric': {}, 'value': [1745996809.116, '0.01193902123991585']}][0m
[94m[{'metric': {}, 'value': [1745996809.393, '581971968']}][0m
[94m[{'metric': {}, 'value': [1745996809.777, '0.009183488134301003']}][0m
[94m[{'metric': {}, 'value': [1745996810.049, '592097280']}][0m
[94m[{'metric': {}, 'value': [1745996810.45, '0.3462341176138083']}][0m
[94m[{'metric': {}, 'value': [1745996810.735, '726573056']}][0m
[94m[{'metric': {}, 'value': [1745996811.136, '0.009352990448098732']}][0m
[94m[{'metric': {}, 'value': [1745996811.393, '613314560']}][0m
[94m[{'metric': {}, 'value': [1745996811.771, '0.009224233311167273']}][0m
[94m[{'metric': {}, 'value': [1745996812.036, '521412608']}][0m
[94m[{'metric': {}, 'value': [1745996812.43, '0.009500388309522087']}][0m
[94m[{'metric': {}, 'value': [1745996812.688, '512299008']}][0m
[94m[{'metric': {}, 'value': [1745996813.086, '0.009991266703795682']}][0m
[94m[{'metric': {}, 'value': [1745996813.352, '538869760']}][0m
[94m[{'metric': {}, 'value': [1745996813.743, '0.009281865298611107']}][0m
[94m[{'metric': {}, 'value': [1745996814.018, '515911680']}][0m
[94m[{'metric': {}, 'value': [1745996814.398, '0.00959770050727397']}][0m
[94m[{'metric': {}, 'value': [1745996814.658, '553164800']}][0m
[94m[{'metric': {}, 'value': [1745996815.048, '0.4206646002198251']}][0m
[94m[{'metric': {}, 'value': [1745996815.309, '689201152']}][0m
[94m[{'metric': {}, 'value': [1745996815.698, '0.010298147043404446']}][0m
[94m[{'metric': {}, 'value': [1745996815.974, '499593216']}][0m
[94m[{'metric': {}, 'value': [1745996816.374, '0.011506335512497743']}][0m
[94m[{'metric': {}, 'value': [1745996816.637, '591699968']}][0m
[94m[{'metric': {}, 'value': [1745996817.013, '0.011067482295875987']}][0m
[94m[{'metric': {}, 'value': [1745996817.265, '617922560']}][0m
[94m[{'metric': {}, 'value': [1745996817.633, '0.3330829372462336']}][0m
[94m[{'metric': {}, 'value': [1745996817.98, '711180288']}][0m
[94m[{'metric': {}, 'value': [1745996818.379, '0.004511370831186044']}][0m
[94m[{'metric': {}, 'value': [1745996818.657, '89878528']}][0m
[94m[{'metric': {}, 'value': [1745996819.058, '0.008925551333502738']}][0m
[94m[{'metric': {}, 'value': [1745996819.317, '607236096']}][0m
[94m[{'metric': {}, 'value': [1745996819.75, '0.008708243499545108']}][0m
[94m[{'metric': {}, 'value': [1745996820.006, '587403264']}][0m
[94m[{'metric': {}, 'value': [1745996820.407, '0.009213033366452888']}][0m
[94m[{'metric': {}, 'value': [1745996820.694, '503361536']}][0m
[94m[{'metric': {}, 'value': [1745996821.083, '0.008657165722726833']}][0m
[94m[{'metric': {}, 'value': [1745996821.356, '631570432']}][0m
[94m[{'metric': {}, 'value': [1745996821.759, '0.009071705678169041']}][0m
[94m[{'metric': {}, 'value': [1745996822.024, '579678208']}][0m
[94m[{'metric': {}, 'value': [1745996822.411, '0.2852693208226767']}][0m
[94m[{'metric': {}, 'value': [1745996822.689, '58183680']}][0m
[94m[{'metric': {}, 'value': [1745996823.078, '0.008531939999999903']}][0m
[94m[{'metric': {}, 'value': [1745996823.349, '630829056']}][0m
[94m[{'metric': {}, 'value': [1745996823.751, '0.00848120785954294']}][0m
[94m[{'metric': {}, 'value': [1745996824.019, '484777984']}][0m
[94m[{'metric': {}, 'value': [1745996824.417, '0.004597197929616952']}][0m
[94m[{'metric': {}, 'value': [1745996824.687, '62955520']}][0m
[94m[{'metric': {}, 'value': [1745996825.073, '0.008352783541666634']}][0m
[94m[{'metric': {}, 'value': [1745996825.316, '610197504']}][0m
Querying metrics for application: train-ticket
Querying Prometheus for ts-admin-order-service-cpu in deployment ts-admin-order-service
[94m[{'metric': {'pod': 'ts-admin-order-service-559676f59b-kfntj'}, 'value': [1745996825.59, '0.005560979616240795']}][0m
Querying Prometheus for ts-admin-order-service-latency in deployment ts-admin-order-service
[94m[][0m
Querying Prometheus for ts-admin-order-service-memory in deployment ts-admin-order-service
[94m[{'metric': {'pod': 'ts-admin-order-service-559676f59b-kfntj'}, 'value': [1745996826.15, '492852565.3333334']}][0m
Querying Prometheus for ts-admin-order-service-workload in deployment ts-admin-order-service
[94m[][0m
Querying Prometheus for ts-admin-route-service-cpu in deployment ts-admin-route-service
[94m[{'metric': {'pod': 'ts-admin-route-service-55f58759d8-tpnrh'}, 'value': [1745996826.637, '0.005101362192921468']}][0m
Querying Prometheus for ts-admin-route-service-latency in deployment ts-admin-route-service
[94m[][0m
Querying Prometheus for ts-admin-route-service-memory in deployment ts-admin-route-service
[94m[{'metric': {'pod': 'ts-admin-route-service-55f58759d8-tpnrh'}, 'value': [1745996827.189, '539860992']}][0m
Querying Prometheus for ts-admin-route-service-workload in deployment ts-admin-route-service
[94m[][0m
Querying Prometheus for ts-auth-service-cpu in deployment ts-auth-service
[94m[{'metric': {'pod': 'ts-auth-service-69db9d9448-cqg2r'}, 'value': [1745996827.737, '0.029831390112256734']}][0m
Querying Prometheus for ts-auth-service-latency in deployment ts-auth-service
[94m[{'metric': {}, 'value': [1745996828.028, '452.08333333333337']}][0m
Querying Prometheus for ts-auth-service-memory in deployment ts-auth-service
[94m[{'metric': {'pod': 'ts-auth-service-69db9d9448-cqg2r'}, 'value': [1745996828.291, '549626880']}][0m
Querying Prometheus for ts-auth-service-workload in deployment ts-auth-service
[94m[{'metric': {}, 'value': [1745996828.578, '0.25555555555555554']}][0m
Querying Prometheus for ts-notification-service-cpu in deployment ts-notification-service
[94m[{'metric': {'pod': 'ts-notification-service-67b587c9bb-lwjhg'}, 'value': [1745996828.853, '0.01347169237919919']}][0m
Querying Prometheus for ts-notification-service-latency in deployment ts-notification-service
[94m[][0m
Querying Prometheus for ts-notification-service-memory in deployment ts-notification-service
[94m[{'metric': {'pod': 'ts-notification-service-67b587c9bb-lwjhg'}, 'value': [1745996829.401, '582042624']}][0m
Querying Prometheus for ts-notification-service-workload in deployment ts-notification-service
[94m[][0m
Querying Prometheus for ts-order-service-cpu in deployment ts-order-service
[94m[{'metric': {'pod': 'ts-order-service-85ddc7957b-gs685'}, 'value': [1745996829.905, '0.3931946841628239']}][0m
Querying Prometheus for ts-order-service-latency in deployment ts-order-service
[94m[{'metric': {}, 'value': [1745996830.169, '98.11290322580643']}][0m
Querying Prometheus for ts-order-service-memory in deployment ts-order-service
[94m[{'metric': {'pod': 'ts-order-service-85ddc7957b-gs685'}, 'value': [1745996830.44, '727485440']}][0m
Querying Prometheus for ts-order-service-workload in deployment ts-order-service
[94m[{'metric': {}, 'value': [1745996830.713, '25.18333333333333']}][0m
Querying Prometheus for ts-payment-service-cpu in deployment ts-payment-service
[94m[{'metric': {'pod': 'ts-payment-service-85c48c8fcb-tplqh'}, 'value': [1745996830.982, '0.007187208788634976']}][0m
Querying Prometheus for ts-payment-service-latency in deployment ts-payment-service
[94m[][0m
Querying Prometheus for ts-payment-service-memory in deployment ts-payment-service
[94m[{'metric': {'pod': 'ts-payment-service-85c48c8fcb-tplqh'}, 'value': [1745996831.517, '613516288']}][0m
Querying Prometheus for ts-payment-service-workload in deployment ts-payment-service
[94m[][0m
Querying Prometheus for ts-price-service-cpu in deployment ts-price-service
[94m[{'metric': {'pod': 'ts-price-service-85649d648b-5phqb'}, 'value': [1745996832.09, '0.011058109219025235']}][0m
Querying Prometheus for ts-price-service-latency in deployment ts-price-service
[94m[][0m
Querying Prometheus for ts-price-service-memory in deployment ts-price-service
[94m[{'metric': {'pod': 'ts-price-service-85649d648b-5phqb'}, 'value': [1745996832.649, '539116544']}][0m
Querying Prometheus for ts-price-service-workload in deployment ts-price-service
[94m[][0m
Querying Prometheus for ts-route-service-cpu in deployment ts-route-service
[94m[{'metric': {'pod': 'ts-route-service-644ddf6579-2jc9l'}, 'value': [1745996833.166, '0.37028418956521886']}][0m
Querying Prometheus for ts-route-service-latency in deployment ts-route-service
[94m[{'metric': {}, 'value': [1745996833.441, '481.35483513132306']}][0m
Querying Prometheus for ts-route-service-memory in deployment ts-route-service
[94m[{'metric': {'pod': 'ts-route-service-644ddf6579-2jc9l'}, 'value': [1745996833.704, '688290816']}][0m
Querying Prometheus for ts-route-service-workload in deployment ts-route-service
[94m[{'metric': {}, 'value': [1745996833.996, '25.22334627275511']}][0m
Querying Prometheus for ts-station-service-cpu in deployment ts-station-service
[94m[{'metric': {'pod': 'ts-station-service-67d84d5cbd-kp45f'}, 'value': [1745996834.26, '0.3731896143890026']}][0m
Querying Prometheus for ts-station-service-latency in deployment ts-station-service
[94m[{'metric': {}, 'value': [1745996834.546, '97.22597597597596']}][0m
Querying Prometheus for ts-station-service-memory in deployment ts-station-service
[94m[{'metric': {'pod': 'ts-station-service-67d84d5cbd-kp45f'}, 'value': [1745996834.793, '711621632']}][0m
Querying Prometheus for ts-station-service-workload in deployment ts-station-service
[94m[{'metric': {}, 'value': [1745996835.044, '26.049999999999997']}][0m
Querying Prometheus for ts-train-service-cpu in deployment ts-train-service
[94m[{'metric': {'pod': 'ts-train-service-8468c95c56-d9czz'}, 'value': [1745996835.301, '0.008608550989850515']}][0m
Querying Prometheus for ts-train-service-latency in deployment ts-train-service
[94m[][0m
Querying Prometheus for ts-train-service-memory in deployment ts-train-service
[94m[{'metric': {'pod': 'ts-train-service-8468c95c56-d9czz'}, 'value': [1745996835.822, '587672234.6666666']}][0m
Querying Prometheus for ts-train-service-workload in deployment ts-train-service
[94m[][0m
Querying Prometheus for ts-travel-service-cpu in deployment ts-travel-service
[94m[{'metric': {'pod': 'ts-travel-service-678679d7b4-qnn9b'}, 'value': [1745996836.365, '0.007835895292923908']}][0m
Querying Prometheus for ts-travel-service-latency in deployment ts-travel-service
[94m[][0m
Querying Prometheus for ts-travel-service-memory in deployment ts-travel-service
[94m[{'metric': {'pod': 'ts-travel-service-678679d7b4-qnn9b'}, 'value': [1745996836.892, '631529472']}][0m
Querying Prometheus for ts-travel-service-workload in deployment ts-travel-service
[94m[][0m
Querying Prometheus for ts-ui-dashboard-cpu in deployment ts-ui-dashboard
[94m[{'metric': {'pod': 'ts-ui-dashboard-5445596dc7-dsgpm'}, 'value': [1745996837.451, '0.33276680408151305']}][0m
Querying Prometheus for ts-ui-dashboard-latency in deployment ts-ui-dashboard
[94m[{'metric': {}, 'value': [1745996837.706, '231.36212624584712']}][0m
Querying Prometheus for ts-ui-dashboard-memory in deployment ts-ui-dashboard
[94m[{'metric': {'pod': 'ts-ui-dashboard-5445596dc7-dsgpm'}, 'value': [1745996837.978, '58740736']}][0m
Querying Prometheus for ts-ui-dashboard-workload in deployment ts-ui-dashboard
[94m[{'metric': {}, 'value': [1745996838.245, '63.97777777777777']}][0m
Querying Prometheus for ts-user-service-cpu in deployment ts-user-service
[94m[{'metric': {'pod': 'ts-user-service-844b454c75-r56zt'}, 'value': [1745996838.508, '0.00723292048224519']}][0m
Querying Prometheus for ts-user-service-latency in deployment ts-user-service
[94m[][0m
Querying Prometheus for ts-user-service-memory in deployment ts-user-service
[94m[{'metric': {'pod': 'ts-user-service-844b454c75-r56zt'}, 'value': [1745996839.053, '630889130.6666666']}][0m
Querying Prometheus for ts-user-service-workload in deployment ts-user-service
[94m[][0m
Recorded metrics at 2025-04-30 07:06:28
[94m[{'metric': {}, 'value': [1745996906.453, '0.05150829554136556']}][0m
[94m[{'metric': {}, 'value': [1745996906.722, '258150400']}][0m
[94m[{'metric': {}, 'value': [1745996907.107, '0.010585564593297556']}][0m
[94m[{'metric': {}, 'value': [1745996907.373, '533950464']}][0m
[94m[{'metric': {}, 'value': [1745996907.78, '0.008874004466586358']}][0m
[94m[{'metric': {}, 'value': [1745996908.045, '492732416']}][0m
[94m[{'metric': {}, 'value': [1745996908.436, '0.008074608841647906']}][0m
[94m[{'metric': {}, 'value': [1745996908.727, '540041216']}][0m
[94m[{'metric': {}, 'value': [1745996909.103, '0.00888663977735936']}][0m
[94m[{'metric': {}, 'value': [1745996909.382, '515985408']}][0m
[94m[{'metric': {}, 'value': [1745996909.78, '0.008744628644108556']}][0m
[94m[{'metric': {}, 'value': [1745996910.06, '516075520']}][0m
[94m[{'metric': {}, 'value': [1745996910.48, '0.009962784269198298']}][0m
[94m[{'metric': {}, 'value': [1745996910.762, '573591552']}][0m
[94m[{'metric': {}, 'value': [1745996911.152, '0.052987245631760556']}][0m
[94m[{'metric': {}, 'value': [1745996911.413, '550223872']}][0m
[94m[{'metric': {}, 'value': [1745996911.802, '0.004601390781577534']}][0m
[94m[{'metric': {}, 'value': [1745996912.08, '189034496']}][0m
[94m[{'metric': {}, 'value': [1745996912.49, '0.008743390986814878']}][0m
[94m[{'metric': {}, 'value': [1745996912.772, '515698688']}][0m
[94m[{'metric': {}, 'value': [1745996913.144, '0.008138825573762568']}][0m
[94m[{'metric': {}, 'value': [1745996913.407, '511938560']}][0m
[94m[{'metric': {}, 'value': [1745996913.785, '0.009262104962762667']}][0m
[94m[{'metric': {}, 'value': [1745996914.062, '595881984']}][0m
[94m[{'metric': {}, 'value': [1745996914.453, '0.009752573281564642']}][0m
[94m[{'metric': {}, 'value': [1745996914.698, '639467520']}][0m
[94m[{'metric': {}, 'value': [1745996915.075, '0.009618114825536669']}][0m
[94m[{'metric': {}, 'value': [1745996915.342, '560451584']}][0m
[94m[{'metric': {}, 'value': [1745996915.729, '0.00938788061649435']}][0m
[94m[{'metric': {}, 'value': [1745996915.982, '629440512']}][0m
[94m[{'metric': {}, 'value': [1745996916.391, '0.010381189011709011']}][0m
[94m[{'metric': {}, 'value': [1745996916.678, '560762880']}][0m
[94m[{'metric': {}, 'value': [1745996917.055, '0.008628168721726191']}][0m
[94m[{'metric': {}, 'value': [1745996917.325, '546885632']}][0m
[94m[{'metric': {}, 'value': [1745996917.719, '0.009444696520799116']}][0m
[94m[{'metric': {}, 'value': [1745996917.988, '645283840']}][0m
[94m[{'metric': {}, 'value': [1745996918.367, '0.010100429037827069']}][0m
[94m[{'metric': {}, 'value': [1745996918.626, '594100224']}][0m
[94m[{'metric': {}, 'value': [1745996919.024, '0.5885576389491026']}][0m
[94m[{'metric': {}, 'value': [1745996919.281, '1014595584']}][0m
[94m[{'metric': {}, 'value': [1745996919.652, '0.009988687475394362']}][0m
[94m[{'metric': {}, 'value': [1745996919.924, '579444736']}][0m
[94m[{'metric': {}, 'value': [1745996920.303, '0.00434143658287496']}][0m
[94m[{'metric': {}, 'value': [1745996920.566, '48812032']}][0m
[94m[{'metric': {}, 'value': [1745996920.951, '0.009564869586577481']}][0m
[94m[{'metric': {}, 'value': [1745996921.214, '582975488']}][0m
[94m[{'metric': {}, 'value': [1745996921.557, '0.010276391727578115']}][0m
[94m[{'metric': {}, 'value': [1745996921.814, '593219584']}][0m
[94m[{'metric': {}, 'value': [1745996922.189, '0.37169457908341663']}][0m
[94m[{'metric': {}, 'value': [1745996922.46, '733061120']}][0m
[94m[{'metric': {}, 'value': [1745996922.85, '0.009720691595066897']}][0m
[94m[{'metric': {}, 'value': [1745996923.113, '614199296']}][0m
[94m[{'metric': {}, 'value': [1745996923.51, '0.007734275294117598']}][0m
[94m[{'metric': {}, 'value': [1745996923.803, '521576448']}][0m
[94m[{'metric': {}, 'value': [1745996924.143, '0.008383749971528402']}][0m
[94m[{'metric': {}, 'value': [1745996924.426, '512393216']}][0m
[94m[{'metric': {}, 'value': [1745996924.828, '0.00949406655655451']}][0m
[94m[{'metric': {}, 'value': [1745996925.059, '539758592']}][0m
[94m[{'metric': {}, 'value': [1745996925.45, '0.008688849327052004']}][0m
[94m[{'metric': {}, 'value': [1745996925.716, '516960256']}][0m
[94m[{'metric': {}, 'value': [1745996926.109, '0.009164378700367438']}][0m
[94m[{'metric': {}, 'value': [1745996926.37, '553525248']}][0m
[94m[{'metric': {}, 'value': [1745996926.752, '0.41572096001203673']}][0m
[94m[{'metric': {}, 'value': [1745996927.026, '709828608']}][0m
[94m[{'metric': {}, 'value': [1745996927.396, '0.009031199999999911']}][0m
[94m[{'metric': {}, 'value': [1745996927.668, '500572160']}][0m
[94m[{'metric': {}, 'value': [1745996928.069, '0.012308078681514777']}][0m
[94m[{'metric': {}, 'value': [1745996928.335, '592027648']}][0m
[94m[{'metric': {}, 'value': [1745996928.73, '0.009323819966514236']}][0m
[94m[{'metric': {}, 'value': [1745996929.002, '618819584']}][0m
[94m[{'metric': {}, 'value': [1745996929.41, '0.3442020809091187']}][0m
[94m[{'metric': {}, 'value': [1745996929.678, '715497472']}][0m
[94m[{'metric': {}, 'value': [1745996930.08, '0.0042967737088851']}][0m
[94m[{'metric': {}, 'value': [1745996930.376, '90116096']}][0m
[94m[{'metric': {}, 'value': [1745996930.772, '0.010096165632208241']}][0m
[94m[{'metric': {}, 'value': [1745996931.047, '606670848']}][0m
[94m[{'metric': {}, 'value': [1745996931.412, '0.01106443695186895']}][0m
[94m[{'metric': {}, 'value': [1745996931.637, '588206080']}][0m
[94m[{'metric': {}, 'value': [1745996931.98, '0.008558497475183096']}][0m
[94m[{'metric': {}, 'value': [1745996932.247, '502964224']}][0m
[94m[{'metric': {}, 'value': [1745996932.634, '0.008088809616908655']}][0m
[94m[{'metric': {}, 'value': [1745996932.9, '631345152']}][0m
[94m[{'metric': {}, 'value': [1745996933.279, '0.009968132434787336']}][0m
[94m[{'metric': {}, 'value': [1745996933.542, '579821568']}][0m
[94m[{'metric': {}, 'value': [1745996933.944, '0.3230248683945574']}][0m
[94m[{'metric': {}, 'value': [1745996934.215, '64331776']}][0m
[94m[{'metric': {}, 'value': [1745996934.631, '0.008939620123203176']}][0m
[94m[{'metric': {}, 'value': [1745996934.904, '630165504']}][0m
[94m[{'metric': {}, 'value': [1745996935.31, '0.008868102751096077']}][0m
[94m[{'metric': {}, 'value': [1745996935.581, '485195776']}][0m
[94m[{'metric': {}, 'value': [1745996935.975, '0.0046241406280691875']}][0m
[94m[{'metric': {}, 'value': [1745996936.249, '63123456']}][0m
[94m[{'metric': {}, 'value': [1745996936.632, '0.008385234046978832']}][0m
[94m[{'metric': {}, 'value': [1745996936.901, '610066432']}][0m
Querying metrics for application: train-ticket
Querying Prometheus for ts-admin-order-service-cpu in deployment ts-admin-order-service
[94m[{'metric': {'pod': 'ts-admin-order-service-559676f59b-kfntj'}, 'value': [1745996937.173, '0.007845114241624816']}][0m
Querying Prometheus for ts-admin-order-service-latency in deployment ts-admin-order-service
[94m[][0m
Querying Prometheus for ts-admin-order-service-memory in deployment ts-admin-order-service
[94m[{'metric': {'pod': 'ts-admin-order-service-559676f59b-kfntj'}, 'value': [1745996937.684, '492951552']}][0m
Querying Prometheus for ts-admin-order-service-workload in deployment ts-admin-order-service
[94m[][0m
Querying Prometheus for ts-admin-route-service-cpu in deployment ts-admin-route-service
[94m[{'metric': {'pod': 'ts-admin-route-service-55f58759d8-tpnrh'}, 'value': [1745996938.152, '0.006251701378046762']}][0m
Querying Prometheus for ts-admin-route-service-latency in deployment ts-admin-route-service
[94m[][0m
Querying Prometheus for ts-admin-route-service-memory in deployment ts-admin-route-service
[94m[{'metric': {'pod': 'ts-admin-route-service-55f58759d8-tpnrh'}, 'value': [1745996938.682, '540071936']}][0m
Querying Prometheus for ts-admin-route-service-workload in deployment ts-admin-route-service
[94m[][0m
Querying Prometheus for ts-auth-service-cpu in deployment ts-auth-service
[94m[{'metric': {'pod': 'ts-auth-service-69db9d9448-cqg2r'}, 'value': [1745996939.193, '0.05732314003356359']}][0m
Querying Prometheus for ts-auth-service-latency in deployment ts-auth-service
[94m[{'metric': {}, 'value': [1745996939.465, '475']}][0m
Querying Prometheus for ts-auth-service-memory in deployment ts-auth-service
[94m[{'metric': {'pod': 'ts-auth-service-69db9d9448-cqg2r'}, 'value': [1745996939.724, '550679893.3333333']}][0m
Querying Prometheus for ts-auth-service-workload in deployment ts-auth-service
[94m[{'metric': {}, 'value': [1745996939.982, '0.2444444444444444']}][0m
Querying Prometheus for ts-notification-service-cpu in deployment ts-notification-service
[94m[{'metric': {'pod': 'ts-notification-service-67b587c9bb-lwjhg'}, 'value': [1745996940.238, '0.00628842577629817']}][0m
Querying Prometheus for ts-notification-service-latency in deployment ts-notification-service
[94m[][0m
Querying Prometheus for ts-notification-service-memory in deployment ts-notification-service
[94m[{'metric': {'pod': 'ts-notification-service-67b587c9bb-lwjhg'}, 'value': [1745996940.754, '583090176']}][0m
Querying Prometheus for ts-notification-service-workload in deployment ts-notification-service
[94m[][0m
Querying Prometheus for ts-order-service-cpu in deployment ts-order-service
[94m[{'metric': {'pod': 'ts-order-service-85ddc7957b-gs685'}, 'value': [1745996941.868, '0.3164134390831926']}][0m
Querying Prometheus for ts-order-service-latency in deployment ts-order-service
[94m[{'metric': {}, 'value': [1745996943.468, '242.83847980997626']}][0m
Querying Prometheus for ts-order-service-memory in deployment ts-order-service
[94m[{'metric': {'pod': 'ts-order-service-85ddc7957b-gs685'}, 'value': [1745996944.673, '732643328']}][0m
Querying Prometheus for ts-order-service-workload in deployment ts-order-service
[94m[{'metric': {}, 'value': [1745996944.943, '26.638888888888886']}][0m
Querying Prometheus for ts-payment-service-cpu in deployment ts-payment-service
[94m[{'metric': {'pod': 'ts-payment-service-85c48c8fcb-tplqh'}, 'value': [1745996945.24, '0.0067710524980094215']}][0m
Querying Prometheus for ts-payment-service-latency in deployment ts-payment-service
[94m[][0m
Querying Prometheus for ts-payment-service-memory in deployment ts-payment-service
[94m[{'metric': {'pod': 'ts-payment-service-85c48c8fcb-tplqh'}, 'value': [1745996945.774, '614283946.6666666']}][0m
Querying Prometheus for ts-payment-service-workload in deployment ts-payment-service
[94m[][0m
Querying Prometheus for ts-price-service-cpu in deployment ts-price-service
[94m[{'metric': {'pod': 'ts-price-service-85649d648b-5phqb'}, 'value': [1745996946.33, '0.00622121018110747']}][0m
Querying Prometheus for ts-price-service-latency in deployment ts-price-service
[94m[][0m
Querying Prometheus for ts-price-service-memory in deployment ts-price-service
[94m[{'metric': {'pod': 'ts-price-service-85649d648b-5phqb'}, 'value': [1745996946.853, '539915605.3333333']}][0m
Querying Prometheus for ts-price-service-workload in deployment ts-price-service
[94m[][0m
Querying Prometheus for ts-route-service-cpu in deployment ts-route-service
[94m[{'metric': {'pod': 'ts-route-service-644ddf6579-2jc9l'}, 'value': [1745996947.38, '0.5045506091846307']}][0m
Querying Prometheus for ts-route-service-latency in deployment ts-route-service
[94m[{'metric': {}, 'value': [1745996947.63, '1287.3306922634647']}][0m
Querying Prometheus for ts-route-service-memory in deployment ts-route-service
[94m[{'metric': {'pod': 'ts-route-service-644ddf6579-2jc9l'}, 'value': [1745996947.87, '708997120']}][0m
Querying Prometheus for ts-route-service-workload in deployment ts-route-service
[94m[{'metric': {}, 'value': [1745996948.143, '27.89423733240681']}][0m
Querying Prometheus for ts-station-service-cpu in deployment ts-station-service
[94m[{'metric': {'pod': 'ts-station-service-67d84d5cbd-kp45f'}, 'value': [1745996948.423, '0.3889611092522965']}][0m
Querying Prometheus for ts-station-service-latency in deployment ts-station-service
[94m[{'metric': {}, 'value': [1745996948.692, '184.80218281036838']}][0m
Querying Prometheus for ts-station-service-memory in deployment ts-station-service
[94m[{'metric': {'pod': 'ts-station-service-67d84d5cbd-kp45f'}, 'value': [1745996948.971, '717516800']}][0m
Querying Prometheus for ts-station-service-workload in deployment ts-station-service
[94m[{'metric': {}, 'value': [1745996949.249, '26.39763103843267']}][0m
Querying Prometheus for ts-train-service-cpu in deployment ts-train-service
[94m[{'metric': {'pod': 'ts-train-service-8468c95c56-d9czz'}, 'value': [1745996949.531, '0.009039573926131953']}][0m
Querying Prometheus for ts-train-service-latency in deployment ts-train-service
[94m[][0m
Querying Prometheus for ts-train-service-memory in deployment ts-train-service
[94m[{'metric': {'pod': 'ts-train-service-8468c95c56-d9czz'}, 'value': [1745996950.075, '589066240']}][0m
Querying Prometheus for ts-train-service-workload in deployment ts-train-service
[94m[][0m
Querying Prometheus for ts-travel-service-cpu in deployment ts-travel-service
[94m[{'metric': {'pod': 'ts-travel-service-678679d7b4-qnn9b'}, 'value': [1745996950.589, '0.008511168223322397']}][0m
Querying Prometheus for ts-travel-service-latency in deployment ts-travel-service
[94m[][0m
Querying Prometheus for ts-travel-service-memory in deployment ts-travel-service
[94m[{'metric': {'pod': 'ts-travel-service-678679d7b4-qnn9b'}, 'value': [1745996951.115, '631619584']}][0m
Querying Prometheus for ts-travel-service-workload in deployment ts-travel-service
[94m[][0m
Querying Prometheus for ts-ui-dashboard-cpu in deployment ts-ui-dashboard
[94m[{'metric': {'pod': 'ts-ui-dashboard-5445596dc7-dsgpm'}, 'value': [1745996951.652, '0.2700404548175078']}][0m
Querying Prometheus for ts-ui-dashboard-latency in deployment ts-ui-dashboard
[94m[{'metric': {}, 'value': [1745996951.951, '735.7238605898123']}][0m
Querying Prometheus for ts-ui-dashboard-memory in deployment ts-ui-dashboard
[94m[{'metric': {'pod': 'ts-ui-dashboard-5445596dc7-dsgpm'}, 'value': [1745996952.241, '64599381.33333333']}][0m
Querying Prometheus for ts-ui-dashboard-workload in deployment ts-ui-dashboard
[94m[{'metric': {}, 'value': [1745996952.51, '67.04444444444444']}][0m
Querying Prometheus for ts-user-service-cpu in deployment ts-user-service
[94m[{'metric': {'pod': 'ts-user-service-844b454c75-r56zt'}, 'value': [1745996952.779, '0.00724854676010513']}][0m
Querying Prometheus for ts-user-service-latency in deployment ts-user-service
[94m[][0m
Querying Prometheus for ts-user-service-memory in deployment ts-user-service
[94m[{'metric': {'pod': 'ts-user-service-844b454c75-r56zt'}, 'value': [1745996953.315, '630870016']}][0m
Querying Prometheus for ts-user-service-workload in deployment ts-user-service
[94m[][0m
Recorded metrics at 2025-04-30 07:08:19
[94m[{'metric': {}, 'value': [1745997020.519, '0.04971982377278834']}][0m
[94m[{'metric': {}, 'value': [1745997020.792, '257994752']}][0m
[94m[{'metric': {}, 'value': [1745997021.196, '0.007963082153226253']}][0m
[94m[{'metric': {}, 'value': [1745997021.464, '534798336']}][0m
[94m[{'metric': {}, 'value': [1745997021.847, '0.0076994621867595555']}][0m
[94m[{'metric': {}, 'value': [1745997022.11, '492834816']}][0m
[94m[{'metric': {}, 'value': [1745997022.503, '0.007609727086172384']}][0m
[94m[{'metric': {}, 'value': [1745997022.771, '540258304']}][0m
[94m[{'metric': {}, 'value': [1745997023.153, '0.008274994456782923']}][0m
[94m[{'metric': {}, 'value': [1745997023.419, '516288512']}][0m
[94m[{'metric': {}, 'value': [1745997023.805, '0.008394763023795633']}][0m
[94m[{'metric': {}, 'value': [1745997024.082, '516214784']}][0m
[94m[{'metric': {}, 'value': [1745997024.431, '0.009309983398756945']}][0m
[94m[{'metric': {}, 'value': [1745997024.694, '573603840']}][0m
[94m[{'metric': {}, 'value': [1745997025.092, '0.04142052743391754']}][0m
[94m[{'metric': {}, 'value': [1745997025.363, '552898560']}][0m
[94m[{'metric': {}, 'value': [1745997025.747, '0.004666454215558044']}][0m
[94m[{'metric': {}, 'value': [1745997026.015, '189079552']}][0m
[94m[{'metric': {}, 'value': [1745997026.385, '0.008225043825477214']}][0m
[94m[{'metric': {}, 'value': [1745997026.654, '520560640']}][0m
[94m[{'metric': {}, 'value': [1745997027.053, '0.00787334945136708']}][0m
[94m[{'metric': {}, 'value': [1745997027.306, '511918080']}][0m
[94m[{'metric': {}, 'value': [1745997027.676, '0.009478084862717853']}][0m
[94m[{'metric': {}, 'value': [1745997027.938, '596570112']}][0m
[94m[{'metric': {}, 'value': [1745997028.327, '0.009451638569621713']}][0m
[94m[{'metric': {}, 'value': [1745997028.589, '638590976']}][0m
[94m[{'metric': {}, 'value': [1745997028.975, '0.009716925169231068']}][0m
[94m[{'metric': {}, 'value': [1745997029.239, '561373184']}][0m
[94m[{'metric': {}, 'value': [1745997029.641, '0.009420868963894796']}][0m
[94m[{'metric': {}, 'value': [1745997029.906, '629686272']}][0m
[94m[{'metric': {}, 'value': [1745997030.293, '0.01373275289208359']}][0m
[94m[{'metric': {}, 'value': [1745997030.577, '563064832']}][0m
[94m[{'metric': {}, 'value': [1745997030.971, '0.008148708048196075']}][0m
[94m[{'metric': {}, 'value': [1745997031.222, '548048896']}][0m
[94m[{'metric': {}, 'value': [1745997031.602, '0.009842049006309965']}][0m
[94m[{'metric': {}, 'value': [1745997031.866, '646078464']}][0m
[94m[{'metric': {}, 'value': [1745997032.245, '0.010041629678748954']}][0m
[94m[{'metric': {}, 'value': [1745997032.503, '594169856']}][0m
[94m[{'metric': {}, 'value': [1745997032.888, '0.5891592077561382']}][0m
[94m[{'metric': {}, 'value': [1745997033.15, '1024987136']}][0m
[94m[{'metric': {}, 'value': [1745997033.536, '0.009568571291125916']}][0m
[94m[{'metric': {}, 'value': [1745997033.806, '579645440']}][0m
[94m[{'metric': {}, 'value': [1745997034.192, '0.004727363827977671']}][0m
[94m[{'metric': {}, 'value': [1745997034.48, '52981760']}][0m
[94m[{'metric': {}, 'value': [1745997034.866, '0.009465867719825471']}][0m
[94m[{'metric': {}, 'value': [1745997035.125, '582688768']}][0m
[94m[{'metric': {}, 'value': [1745997035.516, '0.009514231016901768']}][0m
[94m[{'metric': {}, 'value': [1745997035.778, '593145856']}][0m
[94m[{'metric': {}, 'value': [1745997036.154, '0.38600921940144056']}][0m
[94m[{'metric': {}, 'value': [1745997036.416, '737648640']}][0m
[94m[{'metric': {}, 'value': [1745997036.811, '0.008880063833837963']}][0m
[94m[{'metric': {}, 'value': [1745997037.081, '614752256']}][0m
[94m[{'metric': {}, 'value': [1745997037.466, '0.008018565741104']}][0m
[94m[{'metric': {}, 'value': [1745997037.731, '521211904']}][0m
[94m[{'metric': {}, 'value': [1745997038.121, '0.008601242428620154']}][0m
[94m[{'metric': {}, 'value': [1745997038.392, '519413760']}][0m
[94m[{'metric': {}, 'value': [1745997038.788, '0.009817768602524401']}][0m
[94m[{'metric': {}, 'value': [1745997039.052, '540139520']}][0m
[94m[{'metric': {}, 'value': [1745997039.44, '0.007901768476364503']}][0m
[94m[{'metric': {}, 'value': [1745997039.706, '517251072']}][0m
[94m[{'metric': {}, 'value': [1745997040.08, '0.008361716734625947']}][0m
[94m[{'metric': {}, 'value': [1745997040.668, '553369600']}][0m
[94m[{'metric': {}, 'value': [1745997042.169, '0.4645377374515189']}][0m
[94m[{'metric': {}, 'value': [1745997042.668, '717897728']}][0m
[94m[{'metric': {}, 'value': [1745997043.168, '0.008217391603129353']}][0m
[94m[{'metric': {}, 'value': [1745997043.444, '501190656']}][0m
[94m[{'metric': {}, 'value': [1745997044.259, '0.01239971344119586']}][0m
[94m[{'metric': {}, 'value': [1745997044.535, '592183296']}][0m
[94m[{'metric': {}, 'value': [1745997044.895, '0.009421063026143645']}][0m
[94m[{'metric': {}, 'value': [1745997045.155, '619057152']}][0m
[94m[{'metric': {}, 'value': [1745997045.544, '0.38384703326335784']}][0m
[94m[{'metric': {}, 'value': [1745997045.81, '723902464']}][0m
[94m[{'metric': {}, 'value': [1745997046.212, '0.004538793985174942']}][0m
[94m[{'metric': {}, 'value': [1745997046.492, '89333760']}][0m
[94m[{'metric': {}, 'value': [1745997046.882, '0.009947353017323794']}][0m
[94m[{'metric': {}, 'value': [1745997047.157, '608821248']}][0m
[94m[{'metric': {}, 'value': [1745997047.588, '0.01123783888391567']}][0m
[94m[{'metric': {}, 'value': [1745997047.849, '588410880']}][0m
[94m[{'metric': {}, 'value': [1745997048.233, '0.007862486422827041']}][0m
[94m[{'metric': {}, 'value': [1745997048.501, '503328768']}][0m
[94m[{'metric': {}, 'value': [1745997048.878, '0.008788456889075922']}][0m
[94m[{'metric': {}, 'value': [1745997049.142, '631664640']}][0m
[94m[{'metric': {}, 'value': [1745997049.542, '0.009202689238462684']}][0m
[94m[{'metric': {}, 'value': [1745997049.818, '581263360']}][0m
[94m[{'metric': {}, 'value': [1745997050.209, '0.3071807684826403']}][0m
[94m[{'metric': {}, 'value': [1745997050.475, '64819200']}][0m
[94m[{'metric': {}, 'value': [1745997050.857, '0.008658291647827606']}][0m
[94m[{'metric': {}, 'value': [1745997051.125, '631525376']}][0m
[94m[{'metric': {}, 'value': [1745997051.524, '0.009956315326965235']}][0m
[94m[{'metric': {}, 'value': [1745997051.786, '486264832']}][0m
[94m[{'metric': {}, 'value': [1745997052.182, '0.004645552780576407']}][0m
[94m[{'metric': {}, 'value': [1745997052.44, '63152128']}][0m
[94m[{'metric': {}, 'value': [1745997052.819, '0.008560337238790046']}][0m
[94m[{'metric': {}, 'value': [1745997053.077, '610877440']}][0m
Querying metrics for application: train-ticket
Querying Prometheus for ts-admin-order-service-cpu in deployment ts-admin-order-service
[94m[{'metric': {'pod': 'ts-admin-order-service-559676f59b-kfntj'}, 'value': [1745997053.343, '0.008465816860032107']}][0m
Querying Prometheus for ts-admin-order-service-latency in deployment ts-admin-order-service
[94m[][0m
Querying Prometheus for ts-admin-order-service-memory in deployment ts-admin-order-service
[94m[{'metric': {'pod': 'ts-admin-order-service-559676f59b-kfntj'}, 'value': [1745997053.894, '493140992']}][0m
Querying Prometheus for ts-admin-order-service-workload in deployment ts-admin-order-service
[94m[][0m
Querying Prometheus for ts-admin-route-service-cpu in deployment ts-admin-route-service
[94m[{'metric': {'pod': 'ts-admin-route-service-55f58759d8-tpnrh'}, 'value': [1745997054.425, '0.008086734693877738']}][0m
Querying Prometheus for ts-admin-route-service-latency in deployment ts-admin-route-service
[94m[][0m
Querying Prometheus for ts-admin-route-service-memory in deployment ts-admin-route-service
[94m[{'metric': {'pod': 'ts-admin-route-service-55f58759d8-tpnrh'}, 'value': [1745997054.973, '540683264']}][0m
Querying Prometheus for ts-admin-route-service-workload in deployment ts-admin-route-service
[94m[][0m
Querying Prometheus for ts-auth-service-cpu in deployment ts-auth-service
[94m[{'metric': {'pod': 'ts-auth-service-69db9d9448-cqg2r'}, 'value': [1745997055.497, '0.00609845389633125']}][0m
Querying Prometheus for ts-auth-service-latency in deployment ts-auth-service
[94m[{'metric': {}, 'value': [1745997055.762, 'NaN']}][0m
Querying Prometheus for ts-auth-service-memory in deployment ts-auth-service
[94m[{'metric': {'pod': 'ts-auth-service-69db9d9448-cqg2r'}, 'value': [1745997056.02, '552654848']}][0m
Querying Prometheus for ts-auth-service-workload in deployment ts-auth-service
[94m[{'metric': {}, 'value': [1745997056.291, '0']}][0m
Querying Prometheus for ts-notification-service-cpu in deployment ts-notification-service
[94m[{'metric': {'pod': 'ts-notification-service-67b587c9bb-lwjhg'}, 'value': [1745997056.546, '0.008179281262595633']}][0m
Querying Prometheus for ts-notification-service-latency in deployment ts-notification-service
[94m[][0m
Querying Prometheus for ts-notification-service-memory in deployment ts-notification-service
[94m[{'metric': {'pod': 'ts-notification-service-67b587c9bb-lwjhg'}, 'value': [1745997057.079, '583120213.3333334']}][0m
Querying Prometheus for ts-notification-service-workload in deployment ts-notification-service
[94m[][0m
Querying Prometheus for ts-order-service-cpu in deployment ts-order-service
[94m[{'metric': {'pod': 'ts-order-service-85ddc7957b-gs685'}, 'value': [1745997057.626, '0.46051093682153565']}][0m
Querying Prometheus for ts-order-service-latency in deployment ts-order-service
[94m[{'metric': {}, 'value': [1745997057.889, '283.7748344370864']}][0m
Querying Prometheus for ts-order-service-memory in deployment ts-order-service
[94m[{'metric': {'pod': 'ts-order-service-85ddc7957b-gs685'}, 'value': [1745997058.158, '739187370.6666667']}][0m
Querying Prometheus for ts-order-service-workload in deployment ts-order-service
[94m[{'metric': {}, 'value': [1745997058.424, '28.416666666666664']}][0m
Querying Prometheus for ts-payment-service-cpu in deployment ts-payment-service
[94m[{'metric': {'pod': 'ts-payment-service-85c48c8fcb-tplqh'}, 'value': [1745997058.69, '0.00825597685396736']}][0m
Querying Prometheus for ts-payment-service-latency in deployment ts-payment-service
[94m[][0m
Querying Prometheus for ts-payment-service-memory in deployment ts-payment-service
[94m[{'metric': {'pod': 'ts-payment-service-85c48c8fcb-tplqh'}, 'value': [1745997059.222, '614996650.6666667']}][0m
Querying Prometheus for ts-payment-service-workload in deployment ts-payment-service
[94m[][0m
Querying Prometheus for ts-price-service-cpu in deployment ts-price-service
[94m[{'metric': {'pod': 'ts-price-service-85649d648b-5phqb'}, 'value': [1745997059.749, '0.006038713375500877']}][0m
Querying Prometheus for ts-price-service-latency in deployment ts-price-service
[94m[][0m
Querying Prometheus for ts-price-service-memory in deployment ts-price-service
[94m[{'metric': {'pod': 'ts-price-service-85649d648b-5phqb'}, 'value': [1745997060.28, '540259669.3333334']}][0m
Querying Prometheus for ts-price-service-workload in deployment ts-price-service
[94m[][0m
Querying Prometheus for ts-route-service-cpu in deployment ts-route-service
[94m[{'metric': {'pod': 'ts-route-service-644ddf6579-2jc9l'}, 'value': [1745997060.802, '0.32140226279954703']}][0m
Querying Prometheus for ts-route-service-latency in deployment ts-route-service
[94m[{'metric': {}, 'value': [1745997061.076, '2094.076655052265']}][0m
Querying Prometheus for ts-route-service-memory in deployment ts-route-service
[94m[{'metric': {'pod': 'ts-route-service-644ddf6579-2jc9l'}, 'value': [1745997061.328, '717626026.6666666']}][0m
Querying Prometheus for ts-route-service-workload in deployment ts-route-service
[94m[{'metric': {}, 'value': [1745997061.595, '26.58888888888889']}][0m
Querying Prometheus for ts-station-service-cpu in deployment ts-station-service
[94m[{'metric': {'pod': 'ts-station-service-67d84d5cbd-kp45f'}, 'value': [1745997061.863, '0.379418490265955']}][0m
Querying Prometheus for ts-station-service-latency in deployment ts-station-service
[94m[{'metric': {}, 'value': [1745997062.125, '208.16442605997923']}][0m
Querying Prometheus for ts-station-service-memory in deployment ts-station-service
[94m[{'metric': {'pod': 'ts-station-service-67d84d5cbd-kp45f'}, 'value': [1745997062.385, '724196010.6666666']}][0m
Querying Prometheus for ts-station-service-workload in deployment ts-station-service
[94m[{'metric': {}, 'value': [1745997062.652, '27.77222222222222']}][0m
Querying Prometheus for ts-train-service-cpu in deployment ts-train-service
[94m[{'metric': {'pod': 'ts-train-service-8468c95c56-d9czz'}, 'value': [1745997062.913, '0.007386546518494616']}][0m
Querying Prometheus for ts-train-service-latency in deployment ts-train-service
[94m[][0m
Querying Prometheus for ts-train-service-memory in deployment ts-train-service
[94m[{'metric': {'pod': 'ts-train-service-8468c95c56-d9czz'}, 'value': [1745997063.457, '589059413.3333334']}][0m
Querying Prometheus for ts-train-service-workload in deployment ts-train-service
[94m[][0m
Querying Prometheus for ts-travel-service-cpu in deployment ts-travel-service
[94m[{'metric': {'pod': 'ts-travel-service-678679d7b4-qnn9b'}, 'value': [1745997064.002, '0.005731824364998583']}][0m
Querying Prometheus for ts-travel-service-latency in deployment ts-travel-service
[94m[][0m
Querying Prometheus for ts-travel-service-memory in deployment ts-travel-service
[94m[{'metric': {'pod': 'ts-travel-service-678679d7b4-qnn9b'}, 'value': [1745997064.538, '631627776']}][0m
Querying Prometheus for ts-travel-service-workload in deployment ts-travel-service
[94m[][0m
Querying Prometheus for ts-ui-dashboard-cpu in deployment ts-ui-dashboard
[94m[{'metric': {'pod': 'ts-ui-dashboard-5445596dc7-dsgpm'}, 'value': [1745997065.067, '0.2514104909170945']}][0m
Querying Prometheus for ts-ui-dashboard-latency in deployment ts-ui-dashboard
[94m[{'metric': {}, 'value': [1745997065.341, '839.8832684824906']}][0m
Querying Prometheus for ts-ui-dashboard-memory in deployment ts-ui-dashboard
[94m[{'metric': {'pod': 'ts-ui-dashboard-5445596dc7-dsgpm'}, 'value': [1745997065.64, '64918869.333333336']}][0m
Querying Prometheus for ts-ui-dashboard-workload in deployment ts-ui-dashboard
[94m[{'metric': {}, 'value': [1745997065.887, '68.98888888888888']}][0m
Querying Prometheus for ts-user-service-cpu in deployment ts-user-service
[94m[{'metric': {'pod': 'ts-user-service-844b454c75-r56zt'}, 'value': [1745997066.154, '0.006137811486510197']}][0m
Querying Prometheus for ts-user-service-latency in deployment ts-user-service
[94m[][0m
Querying Prometheus for ts-user-service-memory in deployment ts-user-service
[94m[{'metric': {'pod': 'ts-user-service-844b454c75-r56zt'}, 'value': [1745997066.71, '631689216']}][0m
Querying Prometheus for ts-user-service-workload in deployment ts-user-service
[94m[][0m
Recorded metrics at 2025-04-30 07:10:13
[94m[{'metric': {}, 'value': [1745997133.945, '0.04901193529411768']}][0m
[94m[{'metric': {}, 'value': [1745997134.203, '259309568']}][0m
[94m[{'metric': {}, 'value': [1745997134.576, '0.008086559594840692']}][0m
[94m[{'metric': {}, 'value': [1745997134.843, '535625728']}][0m
[94m[{'metric': {}, 'value': [1745997135.24, '0.008236898056757735']}][0m
[94m[{'metric': {}, 'value': [1745997135.509, '496754688']}][0m
[94m[{'metric': {}, 'value': [1745997135.904, '0.008339770207619277']}][0m
[94m[{'metric': {}, 'value': [1745997136.16, '543084544']}][0m
[94m[{'metric': {}, 'value': [1745997136.536, '0.008348036647309574']}][0m
[94m[{'metric': {}, 'value': [1745997136.793, '520671232']}][0m
[94m[{'metric': {}, 'value': [1745997137.165, '0.008424118867109896']}][0m
[94m[{'metric': {}, 'value': [1745997137.43, '516816896']}][0m
[94m[{'metric': {}, 'value': [1745997137.843, '0.008901696022550013']}][0m
[94m[{'metric': {}, 'value': [1745997138.101, '577630208']}][0m
[94m[{'metric': {}, 'value': [1745997138.471, '0.02496038620814168']}][0m
[94m[{'metric': {}, 'value': [1745997138.722, '555565056']}][0m
[94m[{'metric': {}, 'value': [1745997139.108, '0.004942586459831213']}][0m
[94m[{'metric': {}, 'value': [1745997139.372, '191238144']}][0m
[94m[{'metric': {}, 'value': [1745997140.168, '0.008153086374382779']}][0m
[94m[{'metric': {}, 'value': [1745997140.571, '520818688']}][0m
[94m[{'metric': {}, 'value': [1745997142.174, '0.007588432215985165']}][0m
[94m[{'metric': {}, 'value': [1745997142.643, '514301952']}][0m
[94m[{'metric': {}, 'value': [1745997143.025, '0.009290826948098855']}][0m
[94m[{'metric': {}, 'value': [1745997143.293, '601800704']}][0m
[94m[{'metric': {}, 'value': [1745997143.686, '0.00861303344849688']}][0m
[94m[{'metric': {}, 'value': [1745997143.951, '642453504']}][0m
[94m[{'metric': {}, 'value': [1745997144.344, '0.00933298931046464']}][0m
[94m[{'metric': {}, 'value': [1745997144.598, '566501376']}][0m
[94m[{'metric': {}, 'value': [1745997144.991, '0.008649697939204603']}][0m
[94m[{'metric': {}, 'value': [1745997145.261, '636452864']}][0m
[94m[{'metric': {}, 'value': [1745997145.654, '0.013062962128285083']}][0m
[94m[{'metric': {}, 'value': [1745997145.921, '569405440']}][0m
[94m[{'metric': {}, 'value': [1745997146.316, '0.008453344615566141']}][0m
[94m[{'metric': {}, 'value': [1745997146.592, '553316352']}][0m
[94m[{'metric': {}, 'value': [1745997146.98, '0.009033067270862085']}][0m
[94m[{'metric': {}, 'value': [1745997147.277, '647733248']}][0m
[94m[{'metric': {}, 'value': [1745997147.662, '0.009099545467478645']}][0m
[94m[{'metric': {}, 'value': [1745997147.917, '595820544']}][0m
[94m[{'metric': {}, 'value': [1745997148.316, '0.6207266808550412']}][0m
[94m[{'metric': {}, 'value': [1745997148.574, '1039749120']}][0m
[94m[{'metric': {}, 'value': [1745997148.951, '0.008627884943343477']}][0m
[94m[{'metric': {}, 'value': [1745997149.221, '581644288']}][0m
[94m[{'metric': {}, 'value': [1745997149.613, '0.004922566396072276']}][0m
[94m[{'metric': {}, 'value': [1745997149.878, '53321728']}][0m
[94m[{'metric': {}, 'value': [1745997150.276, '0.008879508591222204']}][0m
[94m[{'metric': {}, 'value': [1745997150.543, '583561216']}][0m
[94m[{'metric': {}, 'value': [1745997150.935, '0.008657315001149704']}][0m
[94m[{'metric': {}, 'value': [1745997151.247, '597307392']}][0m
[94m[{'metric': {}, 'value': [1745997151.645, '0.4315954029648263']}][0m
[94m[{'metric': {}, 'value': [1745997151.904, '738398208']}][0m
[94m[{'metric': {}, 'value': [1745997152.283, '0.008439946921676506']}][0m
[94m[{'metric': {}, 'value': [1745997152.548, '615870464']}][0m
[94m[{'metric': {}, 'value': [1745997152.931, '0.007860835245755916']}][0m
[94m[{'metric': {}, 'value': [1745997153.198, '524554240']}][0m
[94m[{'metric': {}, 'value': [1745997153.585, '0.008246443480823337']}][0m
[94m[{'metric': {}, 'value': [1745997153.836, '520192000']}][0m
[94m[{'metric': {}, 'value': [1745997154.214, '0.008470737659209646']}][0m
[94m[{'metric': {}, 'value': [1745997154.474, '542818304']}][0m
[94m[{'metric': {}, 'value': [1745997154.883, '0.007725956498220058']}][0m
[94m[{'metric': {}, 'value': [1745997155.153, '519720960']}][0m
[94m[{'metric': {}, 'value': [1745997155.537, '0.007745210460836028']}][0m
[94m[{'metric': {}, 'value': [1745997155.784, '557510656']}][0m
[94m[{'metric': {}, 'value': [1745997156.157, '0.44479601011237535']}][0m
[94m[{'metric': {}, 'value': [1745997156.423, '726794240']}][0m
[94m[{'metric': {}, 'value': [1745997156.852, '0.008217709008019295']}][0m
[94m[{'metric': {}, 'value': [1745997157.13, '503652352']}][0m
[94m[{'metric': {}, 'value': [1745997157.52, '0.008433350817051972']}][0m
[94m[{'metric': {}, 'value': [1745997157.774, '594726912']}][0m
[94m[{'metric': {}, 'value': [1745997158.174, '0.00901324063045343']}][0m
[94m[{'metric': {}, 'value': [1745997158.443, '619913216']}][0m
[94m[{'metric': {}, 'value': [1745997158.821, '0.39131882512601773']}][0m
[94m[{'metric': {}, 'value': [1745997159.083, '727683072']}][0m
[94m[{'metric': {}, 'value': [1745997159.463, '0.004756551421570192']}][0m
[94m[{'metric': {}, 'value': [1745997159.738, '92450816']}][0m
[94m[{'metric': {}, 'value': [1745997160.114, '0.00905622894003907']}][0m
[94m[{'metric': {}, 'value': [1745997160.377, '611463168']}][0m
[94m[{'metric': {}, 'value': [1745997160.753, '0.010021797298413685']}][0m
[94m[{'metric': {}, 'value': [1745997161.033, '592879616']}][0m
[94m[{'metric': {}, 'value': [1745997161.42, '0.008266297262060164']}][0m
[94m[{'metric': {}, 'value': [1745997161.686, '505823232']}][0m
[94m[{'metric': {}, 'value': [1745997162.058, '0.009781765536969508']}][0m
[94m[{'metric': {}, 'value': [1745997162.31, '636977152']}][0m
[94m[{'metric': {}, 'value': [1745997162.689, '0.009304246564974883']}][0m
[94m[{'metric': {}, 'value': [1745997162.961, '589152256']}][0m
[94m[{'metric': {}, 'value': [1745997163.351, '0.30390288979586155']}][0m
[94m[{'metric': {}, 'value': [1745997163.563, '68898816']}][0m
[94m[{'metric': {}, 'value': [1745997163.936, '0.009612715552171757']}][0m
[94m[{'metric': {}, 'value': [1745997164.194, '635138048']}][0m
[94m[{'metric': {}, 'value': [1745997164.585, '0.010059554663259765']}][0m
[94m[{'metric': {}, 'value': [1745997164.856, '489881600']}][0m
[94m[{'metric': {}, 'value': [1745997165.235, '0.004777793026758444']}][0m
[94m[{'metric': {}, 'value': [1745997165.512, '66396160']}][0m
[94m[{'metric': {}, 'value': [1745997165.883, '0.009673398020432284']}][0m
[94m[{'metric': {}, 'value': [1745997166.153, '614100992']}][0m
Querying metrics for application: train-ticket
Querying Prometheus for ts-admin-order-service-cpu in deployment ts-admin-order-service
[94m[{'metric': {'pod': 'ts-admin-order-service-559676f59b-kfntj'}, 'value': [1745997166.408, '0.00937544990106531']}][0m
Querying Prometheus for ts-admin-order-service-latency in deployment ts-admin-order-service
[94m[][0m
Querying Prometheus for ts-admin-order-service-memory in deployment ts-admin-order-service
[94m[{'metric': {'pod': 'ts-admin-order-service-559676f59b-kfntj'}, 'value': [1745997166.925, '498632704']}][0m
Querying Prometheus for ts-admin-order-service-workload in deployment ts-admin-order-service
[94m[][0m
Querying Prometheus for ts-admin-route-service-cpu in deployment ts-admin-route-service
[94m[{'metric': {'pod': 'ts-admin-route-service-55f58759d8-tpnrh'}, 'value': [1745997167.45, '0.005074299999999711']}][0m
Querying Prometheus for ts-admin-route-service-latency in deployment ts-admin-route-service
[94m[][0m
Querying Prometheus for ts-admin-route-service-memory in deployment ts-admin-route-service
[94m[{'metric': {'pod': 'ts-admin-route-service-55f58759d8-tpnrh'}, 'value': [1745997167.967, '543419050.6666666']}][0m
Querying Prometheus for ts-admin-route-service-workload in deployment ts-admin-route-service
[94m[][0m
Querying Prometheus for ts-auth-service-cpu in deployment ts-auth-service
[94m[{'metric': {'pod': 'ts-auth-service-69db9d9448-cqg2r'}, 'value': [1745997168.512, '0.008370574304322118']}][0m
Querying Prometheus for ts-auth-service-latency in deployment ts-auth-service
[94m[{'metric': {}, 'value': [1745997168.785, 'NaN']}][0m
Querying Prometheus for ts-auth-service-memory in deployment ts-auth-service
[94m[{'metric': {'pod': 'ts-auth-service-69db9d9448-cqg2r'}, 'value': [1745997169.063, '556539904']}][0m
Querying Prometheus for ts-auth-service-workload in deployment ts-auth-service
[94m[{'metric': {}, 'value': [1745997169.338, '0']}][0m
Querying Prometheus for ts-notification-service-cpu in deployment ts-notification-service
[94m[{'metric': {'pod': 'ts-notification-service-67b587c9bb-lwjhg'}, 'value': [1745997169.603, '0.007412283130726828']}][0m
Querying Prometheus for ts-notification-service-latency in deployment ts-notification-service
[94m[][0m
Querying Prometheus for ts-notification-service-memory in deployment ts-notification-service
[94m[{'metric': {'pod': 'ts-notification-service-67b587c9bb-lwjhg'}, 'value': [1745997170.133, '583786496']}][0m
Querying Prometheus for ts-notification-service-workload in deployment ts-notification-service
[94m[][0m
Querying Prometheus for ts-order-service-cpu in deployment ts-order-service
[94m[{'metric': {'pod': 'ts-order-service-85ddc7957b-gs685'}, 'value': [1745997170.664, '0.4410172108861486']}][0m
Querying Prometheus for ts-order-service-latency in deployment ts-order-service
[94m[{'metric': {}, 'value': [1745997170.929, '293.2432432432435']}][0m
Querying Prometheus for ts-order-service-memory in deployment ts-order-service
[94m[{'metric': {'pod': 'ts-order-service-85ddc7957b-gs685'}, 'value': [1745997171.21, '741594453.3333334']}][0m
Querying Prometheus for ts-order-service-workload in deployment ts-order-service
[94m[{'metric': {}, 'value': [1745997171.471, '27.411111111111108']}][0m
Querying Prometheus for ts-payment-service-cpu in deployment ts-payment-service
[94m[{'metric': {'pod': 'ts-payment-service-85c48c8fcb-tplqh'}, 'value': [1745997171.74, '0.007934466670241787']}][0m
Querying Prometheus for ts-payment-service-latency in deployment ts-payment-service
[94m[][0m
Querying Prometheus for ts-payment-service-memory in deployment ts-payment-service
[94m[{'metric': {'pod': 'ts-payment-service-85c48c8fcb-tplqh'}, 'value': [1745997172.282, '615968768']}][0m
Querying Prometheus for ts-payment-service-workload in deployment ts-payment-service
[94m[][0m
Querying Prometheus for ts-price-service-cpu in deployment ts-price-service
[94m[{'metric': {'pod': 'ts-price-service-85649d648b-5phqb'}, 'value': [1745997172.794, '0.004578156819811499']}][0m
Querying Prometheus for ts-price-service-latency in deployment ts-price-service
[94m[][0m
Querying Prometheus for ts-price-service-memory in deployment ts-price-service
[94m[{'metric': {'pod': 'ts-price-service-85649d648b-5phqb'}, 'value': [1745997173.345, '543046314.6666666']}][0m
Querying Prometheus for ts-price-service-workload in deployment ts-price-service
[94m[][0m
Querying Prometheus for ts-route-service-cpu in deployment ts-route-service
[94m[{'metric': {'pod': 'ts-route-service-644ddf6579-2jc9l'}, 'value': [1745997173.88, '0.3654760502852796']}][0m
Querying Prometheus for ts-route-service-latency in deployment ts-route-service
[94m[{'metric': {}, 'value': [1745997174.142, '2098.3762597984323']}][0m
Querying Prometheus for ts-route-service-memory in deployment ts-route-service
[94m[{'metric': {'pod': 'ts-route-service-644ddf6579-2jc9l'}, 'value': [1745997174.396, '720673450.6666666']}][0m
Querying Prometheus for ts-route-service-workload in deployment ts-route-service
[94m[{'metric': {}, 'value': [1745997174.663, '26.466666666666665']}][0m
Querying Prometheus for ts-station-service-cpu in deployment ts-station-service
[94m[{'metric': {'pod': 'ts-station-service-67d84d5cbd-kp45f'}, 'value': [1745997174.943, '0.38561545236681']}][0m
Querying Prometheus for ts-station-service-latency in deployment ts-station-service
[94m[{'metric': {}, 'value': [1745997175.21, '236.89504373177837']}][0m
Querying Prometheus for ts-station-service-memory in deployment ts-station-service
[94m[{'metric': {'pod': 'ts-station-service-67d84d5cbd-kp45f'}, 'value': [1745997175.447, '727492608']}][0m
Querying Prometheus for ts-station-service-workload in deployment ts-station-service
[94m[{'metric': {}, 'value': [1745997175.719, '27.58333333333333']}][0m
Querying Prometheus for ts-train-service-cpu in deployment ts-train-service
[94m[{'metric': {'pod': 'ts-train-service-8468c95c56-d9czz'}, 'value': [1745997175.993, '0.011716059113299666']}][0m
Querying Prometheus for ts-train-service-latency in deployment ts-train-service
[94m[][0m
Querying Prometheus for ts-train-service-memory in deployment ts-train-service
[94m[{'metric': {'pod': 'ts-train-service-8468c95c56-d9czz'}, 'value': [1745997176.53, '592822272']}][0m
Querying Prometheus for ts-train-service-workload in deployment ts-train-service
[94m[][0m
Querying Prometheus for ts-travel-service-cpu in deployment ts-travel-service
[94m[{'metric': {'pod': 'ts-travel-service-678679d7b4-qnn9b'}, 'value': [1745997177.035, '0.011457936342350986']}][0m
Querying Prometheus for ts-travel-service-latency in deployment ts-travel-service
[94m[][0m
Querying Prometheus for ts-travel-service-memory in deployment ts-travel-service
[94m[{'metric': {'pod': 'ts-travel-service-678679d7b4-qnn9b'}, 'value': [1745997177.567, '636939264']}][0m
Querying Prometheus for ts-travel-service-workload in deployment ts-travel-service
[94m[][0m
Querying Prometheus for ts-ui-dashboard-cpu in deployment ts-ui-dashboard
[94m[{'metric': {'pod': 'ts-ui-dashboard-5445596dc7-dsgpm'}, 'value': [1745997178.099, '0.3211067558269557']}][0m
Querying Prometheus for ts-ui-dashboard-latency in deployment ts-ui-dashboard
[94m[{'metric': {}, 'value': [1745997178.362, '889.0350877192985']}][0m
Querying Prometheus for ts-ui-dashboard-memory in deployment ts-ui-dashboard
[94m[{'metric': {'pod': 'ts-ui-dashboard-5445596dc7-dsgpm'}, 'value': [1745997178.633, '69375317.33333333']}][0m
Querying Prometheus for ts-ui-dashboard-workload in deployment ts-ui-dashboard
[94m[{'metric': {}, 'value': [1745997178.912, '67.60000000000001']}][0m
Querying Prometheus for ts-user-service-cpu in deployment ts-user-service
[94m[{'metric': {'pod': 'ts-user-service-844b454c75-r56zt'}, 'value': [1745997179.163, '0.009305107332520808']}][0m
Querying Prometheus for ts-user-service-latency in deployment ts-user-service
[94m[][0m
Querying Prometheus for ts-user-service-memory in deployment ts-user-service
[94m[{'metric': {'pod': 'ts-user-service-844b454c75-r56zt'}, 'value': [1745997179.705, '635701930.6666667']}][0m
Querying Prometheus for ts-user-service-workload in deployment ts-user-service
[94m[][0m
Recorded metrics at 2025-04-30 07:12:07
[94m[{'metric': {}, 'value': [1745997247.04, '0.04307081789631682']}][0m
[94m[{'metric': {}, 'value': [1745997247.303, '261804032']}][0m
[94m[{'metric': {}, 'value': [1745997247.671, '0.008270663759942131']}][0m
[94m[{'metric': {}, 'value': [1745997247.943, '540852224']}][0m
[94m[{'metric': {}, 'value': [1745997248.338, '0.008989759761521174']}][0m
[94m[{'metric': {}, 'value': [1745997248.613, '505126912']}][0m
[94m[{'metric': {}, 'value': [1745997248.984, '0.00810389173783984']}][0m
[94m[{'metric': {}, 'value': [1745997249.244, '545579008']}][0m
[94m[{'metric': {}, 'value': [1745997249.637, '0.008887483533746124']}][0m
[94m[{'metric': {}, 'value': [1745997249.904, '527646720']}][0m
[94m[{'metric': {}, 'value': [1745997250.303, '0.009043780227596054']}][0m
[94m[{'metric': {}, 'value': [1745997250.57, '522924032']}][0m
[94m[{'metric': {}, 'value': [1745997250.95, '0.009315170994368991']}][0m
[94m[{'metric': {}, 'value': [1745997251.216, '585269248']}][0m
[94m[{'metric': {}, 'value': [1745997251.603, '0.01018569982648947']}][0m
[94m[{'metric': {}, 'value': [1745997251.876, '558850048']}][0m
[94m[{'metric': {}, 'value': [1745997252.268, '0.0057085306551673']}][0m
[94m[{'metric': {}, 'value': [1745997252.534, '198467584']}][0m
[94m[{'metric': {}, 'value': [1745997252.934, '0.00791755302206187']}][0m
[94m[{'metric': {}, 'value': [1745997253.205, '522932224']}][0m
[94m[{'metric': {}, 'value': [1745997253.589, '0.008154649955363517']}][0m
[94m[{'metric': {}, 'value': [1745997253.865, '516952064']}][0m
[94m[{'metric': {}, 'value': [1745997254.251, '0.008878447215858785']}][0m
[94m[{'metric': {}, 'value': [1745997254.527, '605622272']}][0m
[94m[{'metric': {}, 'value': [1745997254.912, '0.009225879741292216']}][0m
[94m[{'metric': {}, 'value': [1745997255.177, '646606848']}][0m
[94m[{'metric': {}, 'value': [1745997255.576, '0.009031066773432942']}][0m
[94m[{'metric': {}, 'value': [1745997255.825, '569286656']}][0m
[94m[{'metric': {}, 'value': [1745997256.209, '0.009210507947125666']}][0m
[94m[{'metric': {}, 'value': [1745997256.472, '641568768']}][0m
[94m[{'metric': {}, 'value': [1745997256.859, '0.009676065202786353']}][0m
[94m[{'metric': {}, 'value': [1745997257.129, '573255680']}][0m
[94m[{'metric': {}, 'value': [1745997257.499, '0.008494098008511546']}][0m
[94m[{'metric': {}, 'value': [1745997257.756, '555573248']}][0m
[94m[{'metric': {}, 'value': [1745997258.118, '0.00874135509553431']}][0m
[94m[{'metric': {}, 'value': [1745997258.389, '650649600']}][0m
[94m[{'metric': {}, 'value': [1745997258.781, '0.009123852454117846']}][0m
[94m[{'metric': {}, 'value': [1745997259.053, '599433216']}][0m
[94m[{'metric': {}, 'value': [1745997259.424, '0.6090065293840544']}][0m
[94m[{'metric': {}, 'value': [1745997259.701, '1050566656']}][0m
[94m[{'metric': {}, 'value': [1745997260.104, '0.008338139382886595']}][0m
[94m[{'metric': {}, 'value': [1745997260.367, '584060928']}][0m
[94m[{'metric': {}, 'value': [1745997260.744, '0.00521152195456202']}][0m
[94m[{'metric': {}, 'value': [1745997261.013, '55717888']}][0m
[94m[{'metric': {}, 'value': [1745997261.378, '0.009566994810413893']}][0m
[94m[{'metric': {}, 'value': [1745997261.645, '589033472']}][0m
[94m[{'metric': {}, 'value': [1745997262.035, '0.008470095874344325']}][0m
[94m[{'metric': {}, 'value': [1745997262.297, '600608768']}][0m
[94m[{'metric': {}, 'value': [1745997262.687, '0.4235133758958237']}][0m
[94m[{'metric': {}, 'value': [1745997262.906, '750108672']}][0m
[94m[{'metric': {}, 'value': [1745997263.283, '0.009285509335947345']}][0m
[94m[{'metric': {}, 'value': [1745997263.551, '621744128']}][0m
[94m[{'metric': {}, 'value': [1745997263.955, '0.008453385955513962']}][0m
[94m[{'metric': {}, 'value': [1745997264.209, '532975616']}][0m
[94m[{'metric': {}, 'value': [1745997264.602, '0.009082821149603904']}][0m
[94m[{'metric': {}, 'value': [1745997264.861, '519778304']}][0m
[94m[{'metric': {}, 'value': [1745997265.257, '0.00932329287650833']}][0m
[94m[{'metric': {}, 'value': [1745997265.525, '545726464']}][0m
[94m[{'metric': {}, 'value': [1745997265.9, '0.008883396704689354']}][0m
[94m[{'metric': {}, 'value': [1745997266.161, '522792960']}][0m
[94m[{'metric': {}, 'value': [1745997266.535, '0.009118983568285865']}][0m
[94m[{'metric': {}, 'value': [1745997266.791, '562024448']}][0m
[94m[{'metric': {}, 'value': [1745997267.174, '0.45088042735929024']}][0m
[94m[{'metric': {}, 'value': [1745997267.436, '728309760']}][0m
[94m[{'metric': {}, 'value': [1745997267.799, '0.008875642310624205']}][0m
[94m[{'metric': {}, 'value': [1745997268.062, '509292544']}][0m
[94m[{'metric': {}, 'value': [1745997268.445, '0.009876538070126754']}][0m
[94m[{'metric': {}, 'value': [1745997268.717, '600498176']}][0m
[94m[{'metric': {}, 'value': [1745997269.12, '0.009454770865618778']}][0m
[94m[{'metric': {}, 'value': [1745997269.383, '623800320']}][0m
[94m[{'metric': {}, 'value': [1745997269.761, '0.3838616422947133']}][0m
[94m[{'metric': {}, 'value': [1745997270.03, '735977472']}][0m
[94m[{'metric': {}, 'value': [1745997270.423, '0.005677886622532355']}][0m
[94m[{'metric': {}, 'value': [1745997270.691, '98357248']}][0m
[94m[{'metric': {}, 'value': [1745997271.08, '0.00890801936863413']}][0m
[94m[{'metric': {}, 'value': [1745997271.325, '614846464']}][0m
[94m[{'metric': {}, 'value': [1745997271.711, '0.010140431454604328']}][0m
[94m[{'metric': {}, 'value': [1745997271.977, '595349504']}][0m
[94m[{'metric': {}, 'value': [1745997272.377, '0.008524088624523803']}][0m
[94m[{'metric': {}, 'value': [1745997272.664, '509231104']}][0m
[94m[{'metric': {}, 'value': [1745997273.044, '0.00988298658628602']}][0m
[94m[{'metric': {}, 'value': [1745997273.313, '639782912']}][0m
[94m[{'metric': {}, 'value': [1745997273.694, '0.00900535554254499']}][0m
[94m[{'metric': {}, 'value': [1745997273.941, '589299712']}][0m
[94m[{'metric': {}, 'value': [1745997274.285, '0.30268088074743']}][0m
[94m[{'metric': {}, 'value': [1745997274.532, '74027008']}][0m
[94m[{'metric': {}, 'value': [1745997274.925, '0.010072860234142502']}][0m
[94m[{'metric': {}, 'value': [1745997275.19, '639352832']}][0m
[94m[{'metric': {}, 'value': [1745997275.587, '0.009891569947563973']}][0m
[94m[{'metric': {}, 'value': [1745997275.852, '492175360']}][0m
[94m[{'metric': {}, 'value': [1745997276.218, '0.005319200623534036']}][0m
[94m[{'metric': {}, 'value': [1745997276.483, '69586944']}][0m
[94m[{'metric': {}, 'value': [1745997276.883, '0.009660879509446003']}][0m
[94m[{'metric': {}, 'value': [1745997277.156, '616108032']}][0m
Querying metrics for application: train-ticket
Querying Prometheus for ts-admin-order-service-cpu in deployment ts-admin-order-service
[94m[{'metric': {'pod': 'ts-admin-order-service-559676f59b-kfntj'}, 'value': [1745997277.42, '0.010142309834056817']}][0m
Querying Prometheus for ts-admin-order-service-latency in deployment ts-admin-order-service
[94m[][0m
Querying Prometheus for ts-admin-order-service-memory in deployment ts-admin-order-service
[94m[{'metric': {'pod': 'ts-admin-order-service-559676f59b-kfntj'}, 'value': [1745997277.937, '505169920']}][0m
Querying Prometheus for ts-admin-order-service-workload in deployment ts-admin-order-service
[94m[][0m
Querying Prometheus for ts-admin-route-service-cpu in deployment ts-admin-route-service
[94m[{'metric': {'pod': 'ts-admin-route-service-55f58759d8-tpnrh'}, 'value': [1745997278.466, '0.011619121048574267']}][0m
Querying Prometheus for ts-admin-route-service-latency in deployment ts-admin-route-service
[94m[][0m
Querying Prometheus for ts-admin-route-service-memory in deployment ts-admin-route-service
[94m[{'metric': {'pod': 'ts-admin-route-service-55f58759d8-tpnrh'}, 'value': [1745997279.015, '547490474.6666666']}][0m
Querying Prometheus for ts-admin-route-service-workload in deployment ts-admin-route-service
[94m[][0m
Querying Prometheus for ts-auth-service-cpu in deployment ts-auth-service
[94m[{'metric': {'pod': 'ts-auth-service-69db9d9448-cqg2r'}, 'value': [1745997279.542, '0.009247045876855459']}][0m
Querying Prometheus for ts-auth-service-latency in deployment ts-auth-service
[94m[{'metric': {}, 'value': [1745997279.818, 'NaN']}][0m
Querying Prometheus for ts-auth-service-memory in deployment ts-auth-service
[94m[{'metric': {'pod': 'ts-auth-service-69db9d9448-cqg2r'}, 'value': [1745997280.067, '559525888']}][0m
Querying Prometheus for ts-auth-service-workload in deployment ts-auth-service
[94m[{'metric': {}, 'value': [1745997280.33, '0']}][0m
Querying Prometheus for ts-notification-service-cpu in deployment ts-notification-service
[94m[{'metric': {'pod': 'ts-notification-service-67b587c9bb-lwjhg'}, 'value': [1745997280.614, '0.010334876753369892']}][0m
Querying Prometheus for ts-notification-service-latency in deployment ts-notification-service
[94m[][0m
Querying Prometheus for ts-notification-service-memory in deployment ts-notification-service
[94m[{'metric': {'pod': 'ts-notification-service-67b587c9bb-lwjhg'}, 'value': [1745997281.151, '588528298.6666667']}][0m
Querying Prometheus for ts-notification-service-workload in deployment ts-notification-service
[94m[][0m
Querying Prometheus for ts-order-service-cpu in deployment ts-order-service
[94m[{'metric': {'pod': 'ts-order-service-85ddc7957b-gs685'}, 'value': [1745997281.678, '0.40749395218805406']}][0m
Querying Prometheus for ts-order-service-latency in deployment ts-order-service
[94m[{'metric': {}, 'value': [1745997281.951, '271.1581291759463']}][0m
Querying Prometheus for ts-order-service-memory in deployment ts-order-service
[94m[{'metric': {'pod': 'ts-order-service-85ddc7957b-gs685'}, 'value': [1745997282.228, '748260010.6666666']}][0m
Querying Prometheus for ts-order-service-workload in deployment ts-order-service
[94m[{'metric': {}, 'value': [1745997282.484, '26.483333333333327']}][0m
Querying Prometheus for ts-payment-service-cpu in deployment ts-payment-service
[94m[{'metric': {'pod': 'ts-payment-service-85c48c8fcb-tplqh'}, 'value': [1745997282.736, '0.008973314837890713']}][0m
Querying Prometheus for ts-payment-service-latency in deployment ts-payment-service
[94m[][0m
Querying Prometheus for ts-payment-service-memory in deployment ts-payment-service
[94m[{'metric': {'pod': 'ts-payment-service-85c48c8fcb-tplqh'}, 'value': [1745997283.227, '621881344']}][0m
Querying Prometheus for ts-payment-service-workload in deployment ts-payment-service
[94m[][0m
Querying Prometheus for ts-price-service-cpu in deployment ts-price-service
[94m[{'metric': {'pod': 'ts-price-service-85649d648b-5phqb'}, 'value': [1745997283.761, '0.009845754664899401']}][0m
Querying Prometheus for ts-price-service-latency in deployment ts-price-service
[94m[][0m
Querying Prometheus for ts-price-service-memory in deployment ts-price-service
[94m[{'metric': {'pod': 'ts-price-service-85649d648b-5phqb'}, 'value': [1745997284.305, '545817941.3333334']}][0m
Querying Prometheus for ts-price-service-workload in deployment ts-price-service
[94m[][0m
Querying Prometheus for ts-route-service-cpu in deployment ts-route-service
[94m[{'metric': {'pod': 'ts-route-service-644ddf6579-2jc9l'}, 'value': [1745997284.886, '0.4508061596367544']}][0m
Querying Prometheus for ts-route-service-latency in deployment ts-route-service
[94m[{'metric': {}, 'value': [1745997285.142, '2232.0932492018437']}][0m
Querying Prometheus for ts-route-service-memory in deployment ts-route-service
[94m[{'metric': {'pod': 'ts-route-service-644ddf6579-2jc9l'}, 'value': [1745997285.405, '729440256']}][0m
Querying Prometheus for ts-route-service-workload in deployment ts-route-service
[94m[{'metric': {}, 'value': [1745997285.664, '26.311584230350547']}][0m
Querying Prometheus for ts-station-service-cpu in deployment ts-station-service
[94m[{'metric': {'pod': 'ts-station-service-67d84d5cbd-kp45f'}, 'value': [1745997285.944, '0.283280323927984']}][0m
Querying Prometheus for ts-station-service-latency in deployment ts-station-service
[94m[{'metric': {}, 'value': [1745997286.223, '235.63071297989026']}][0m
Querying Prometheus for ts-station-service-memory in deployment ts-station-service
[94m[{'metric': {'pod': 'ts-station-service-67d84d5cbd-kp45f'}, 'value': [1745997286.504, '735756288']}][0m
Querying Prometheus for ts-station-service-workload in deployment ts-station-service
[94m[{'metric': {}, 'value': [1745997286.773, '25.722222222222218']}][0m
Querying Prometheus for ts-train-service-cpu in deployment ts-train-service
[94m[{'metric': {'pod': 'ts-train-service-8468c95c56-d9czz'}, 'value': [1745997287.034, '0.005345800000000623']}][0m
Querying Prometheus for ts-train-service-latency in deployment ts-train-service
[94m[][0m
Querying Prometheus for ts-train-service-memory in deployment ts-train-service
[94m[{'metric': {'pod': 'ts-train-service-8468c95c56-d9czz'}, 'value': [1745997287.552, '595614378.6666667']}][0m
Querying Prometheus for ts-train-service-workload in deployment ts-train-service
[94m[][0m
Querying Prometheus for ts-travel-service-cpu in deployment ts-travel-service
[94m[{'metric': {'pod': 'ts-travel-service-678679d7b4-qnn9b'}, 'value': [1745997288.079, '0.008454473249458689']}][0m
Querying Prometheus for ts-travel-service-latency in deployment ts-travel-service
[94m[][0m
Querying Prometheus for ts-travel-service-memory in deployment ts-travel-service
[94m[{'metric': {'pod': 'ts-travel-service-678679d7b4-qnn9b'}, 'value': [1745997288.593, '640092842.6666667']}][0m
Querying Prometheus for ts-travel-service-workload in deployment ts-travel-service
[94m[][0m
Querying Prometheus for ts-ui-dashboard-cpu in deployment ts-ui-dashboard
[94m[{'metric': {'pod': 'ts-ui-dashboard-5445596dc7-dsgpm'}, 'value': [1745997289.106, '0.2458693306793979']}][0m
Querying Prometheus for ts-ui-dashboard-latency in deployment ts-ui-dashboard
[94m[{'metric': {}, 'value': [1745997289.381, '1171.1684370257958']}][0m
Querying Prometheus for ts-ui-dashboard-memory in deployment ts-ui-dashboard
[94m[{'metric': {'pod': 'ts-ui-dashboard-5445596dc7-dsgpm'}, 'value': [1745997289.649, '73222826.66666666']}][0m
Querying Prometheus for ts-ui-dashboard-workload in deployment ts-ui-dashboard
[94m[{'metric': {}, 'value': [1745997289.904, '65.14444444444443']}][0m
Querying Prometheus for ts-user-service-cpu in deployment ts-user-service
[94m[{'metric': {'pod': 'ts-user-service-844b454c75-r56zt'}, 'value': [1745997290.157, '0.009534282832088927']}][0m
Querying Prometheus for ts-user-service-latency in deployment ts-user-service
[94m[][0m
Querying Prometheus for ts-user-service-memory in deployment ts-user-service
[94m[{'metric': {'pod': 'ts-user-service-844b454c75-r56zt'}, 'value': [1745997290.684, '639236778.6666667']}][0m
Querying Prometheus for ts-user-service-workload in deployment ts-user-service
[94m[][0m
Recorded metrics at 2025-04-30 07:14:00
[94m[{'metric': {}, 'value': [1745997357.961, '0.05348767263891413']}][0m
[94m[{'metric': {}, 'value': [1745997358.216, '263323648']}][0m
[94m[{'metric': {}, 'value': [1745997358.586, '0.008874406228008445']}][0m
[94m[{'metric': {}, 'value': [1745997358.845, '539418624']}][0m
[94m[{'metric': {}, 'value': [1745997359.217, '0.00894296179500533']}][0m
[94m[{'metric': {}, 'value': [1745997359.485, '505585664']}][0m
[94m[{'metric': {}, 'value': [1745997359.869, '0.00958826509106783']}][0m
[94m[{'metric': {}, 'value': [1745997360.13, '548724736']}][0m
[94m[{'metric': {}, 'value': [1745997360.527, '0.009140027011580044']}][0m
[94m[{'metric': {}, 'value': [1745997360.788, '528621568']}][0m
[94m[{'metric': {}, 'value': [1745997361.169, '0.009716941190116958']}][0m
[94m[{'metric': {}, 'value': [1745997361.434, '523583488']}][0m
[94m[{'metric': {}, 'value': [1745997361.783, '0.008869152298653505']}][0m
[94m[{'metric': {}, 'value': [1745997362.024, '586072064']}][0m
[94m[{'metric': {}, 'value': [1745997362.418, '0.008810011421635457']}][0m
[94m[{'metric': {}, 'value': [1745997362.687, '560844800']}][0m
[94m[{'metric': {}, 'value': [1745997363.087, '0.005470418212700822']}][0m
[94m[{'metric': {}, 'value': [1745997363.343, '199983104']}][0m
[94m[{'metric': {}, 'value': [1745997363.727, '0.008781046665222251']}][0m
[94m[{'metric': {}, 'value': [1745997364.002, '523034624']}][0m
[94m[{'metric': {}, 'value': [1745997364.352, '0.008797114425021525']}][0m
[94m[{'metric': {}, 'value': [1745997364.624, '521142272']}][0m
[94m[{'metric': {}, 'value': [1745997365.022, '0.009570773227010124']}][0m
[94m[{'metric': {}, 'value': [1745997365.286, '604143616']}][0m
[94m[{'metric': {}, 'value': [1745997365.674, '0.008991756920471869']}][0m
[94m[{'metric': {}, 'value': [1745997365.953, '648892416']}][0m
[94m[{'metric': {}, 'value': [1745997366.336, '0.008560724780252023']}][0m
[94m[{'metric': {}, 'value': [1745997366.617, '571125760']}][0m
[94m[{'metric': {}, 'value': [1745997367, '0.008606472306454347']}][0m
[94m[{'metric': {}, 'value': [1745997367.259, '642195456']}][0m
[94m[{'metric': {}, 'value': [1745997367.669, '0.009282793253262877']}][0m
[94m[{'metric': {}, 'value': [1745997367.926, '570482688']}][0m
[94m[{'metric': {}, 'value': [1745997368.312, '0.009321670008593595']}][0m
[94m[{'metric': {}, 'value': [1745997368.591, '551927808']}][0m
[94m[{'metric': {}, 'value': [1745997368.984, '0.009353841160601723']}][0m
[94m[{'metric': {}, 'value': [1745997369.245, '651145216']}][0m
[94m[{'metric': {}, 'value': [1745997369.626, '0.009693221013051928']}][0m
[94m[{'metric': {}, 'value': [1745997369.892, '604090368']}][0m
[94m[{'metric': {}, 'value': [1745997370.272, '0.5927127010061053']}][0m
[94m[{'metric': {}, 'value': [1745997370.535, '1050689536']}][0m
[94m[{'metric': {}, 'value': [1745997370.937, '0.009339352614745652']}][0m
[94m[{'metric': {}, 'value': [1745997371.192, '587427840']}][0m
[94m[{'metric': {}, 'value': [1745997371.59, '0.005274459818146929']}][0m
[94m[{'metric': {}, 'value': [1745997371.853, '55472128']}][0m
[94m[{'metric': {}, 'value': [1745997372.224, '0.008899473353406321']}][0m
[94m[{'metric': {}, 'value': [1745997372.486, '588886016']}][0m
[94m[{'metric': {}, 'value': [1745997372.847, '0.009290438416676141']}][0m
[94m[{'metric': {}, 'value': [1745997373.101, '600625152']}][0m
[94m[{'metric': {}, 'value': [1745997373.504, '0.40516722162790225']}][0m
[94m[{'metric': {}, 'value': [1745997373.775, '752521216']}][0m
[94m[{'metric': {}, 'value': [1745997374.155, '0.009243731417072219']}][0m
[94m[{'metric': {}, 'value': [1745997374.429, '622243840']}][0m
[94m[{'metric': {}, 'value': [1745997374.829, '0.00897497740858517']}][0m
[94m[{'metric': {}, 'value': [1745997375.094, '533237760']}][0m
[94m[{'metric': {}, 'value': [1745997375.49, '0.008253910833333293']}][0m
[94m[{'metric': {}, 'value': [1745997375.762, '517586944']}][0m
[94m[{'metric': {}, 'value': [1745997376.148, '0.009592991401895472']}][0m
[94m[{'metric': {}, 'value': [1745997376.418, '549613568']}][0m
[94m[{'metric': {}, 'value': [1745997376.793, '0.009131385723402318']}][0m
[94m[{'metric': {}, 'value': [1745997377.06, '527253504']}][0m
[94m[{'metric': {}, 'value': [1745997377.449, '0.009451470233661075']}][0m
[94m[{'metric': {}, 'value': [1745997377.716, '563900416']}][0m
[94m[{'metric': {}, 'value': [1745997378.066, '0.44493891601834445']}][0m
[94m[{'metric': {}, 'value': [1745997378.339, '734814208']}][0m
[94m[{'metric': {}, 'value': [1745997378.732, '0.008336577911371785']}][0m
[94m[{'metric': {}, 'value': [1745997379.009, '509485056']}][0m
[94m[{'metric': {}, 'value': [1745997379.389, '0.009704940990374904']}][0m
[94m[{'metric': {}, 'value': [1745997379.638, '601870336']}][0m
[94m[{'metric': {}, 'value': [1745997380.027, '0.009275562057567473']}][0m
[94m[{'metric': {}, 'value': [1745997380.288, '624492544']}][0m
[94m[{'metric': {}, 'value': [1745997380.683, '0.35361830667741123']}][0m
[94m[{'metric': {}, 'value': [1745997380.954, '731820032']}][0m
[94m[{'metric': {}, 'value': [1745997381.354, '0.011604876477067523']}][0m
[94m[{'metric': {}, 'value': [1745997381.624, '99991552']}][0m
[94m[{'metric': {}, 'value': [1745997381.985, '0.008701729438769226']}][0m
[94m[{'metric': {}, 'value': [1745997382.256, '616243200']}][0m
[94m[{'metric': {}, 'value': [1745997382.657, '0.009579527987140665']}][0m
[94m[{'metric': {}, 'value': [1745997382.935, '596156416']}][0m
[94m[{'metric': {}, 'value': [1745997383.334, '0.008863237569732075']}][0m
[94m[{'metric': {}, 'value': [1745997383.598, '509526016']}][0m
[94m[{'metric': {}, 'value': [1745997384.001, '0.009891294948347033']}][0m
[94m[{'metric': {}, 'value': [1745997384.263, '641085440']}][0m
[94m[{'metric': {}, 'value': [1745997384.632, '0.008869153090359481']}][0m
[94m[{'metric': {}, 'value': [1745997384.905, '585228288']}][0m
[94m[{'metric': {}, 'value': [1745997385.273, '0.30840606578504015']}][0m
[94m[{'metric': {}, 'value': [1745997385.542, '74043392']}][0m
[94m[{'metric': {}, 'value': [1745997385.903, '0.009481968755856723']}][0m
[94m[{'metric': {}, 'value': [1745997386.155, '639995904']}][0m
[94m[{'metric': {}, 'value': [1745997386.525, '0.00900365712751182']}][0m
[94m[{'metric': {}, 'value': [1745997386.793, '492007424']}][0m
[94m[{'metric': {}, 'value': [1745997387.128, '0.005126501533181426']}][0m
[94m[{'metric': {}, 'value': [1745997387.395, '68063232']}][0m
[94m[{'metric': {}, 'value': [1745997387.782, '0.009254115780329064']}][0m
[94m[{'metric': {}, 'value': [1745997388.052, '617385984']}][0m
Querying metrics for application: train-ticket
Querying Prometheus for ts-admin-order-service-cpu in deployment ts-admin-order-service
[94m[{'metric': {'pod': 'ts-admin-order-service-559676f59b-kfntj'}, 'value': [1745997388.311, '0.008325523712758794']}][0m
Querying Prometheus for ts-admin-order-service-latency in deployment ts-admin-order-service
[94m[][0m
Querying Prometheus for ts-admin-order-service-memory in deployment ts-admin-order-service
[94m[{'metric': {'pod': 'ts-admin-order-service-559676f59b-kfntj'}, 'value': [1745997388.822, '506062165.3333334']}][0m
Querying Prometheus for ts-admin-order-service-workload in deployment ts-admin-order-service
[94m[][0m
Querying Prometheus for ts-admin-route-service-cpu in deployment ts-admin-route-service
[94m[{'metric': {'pod': 'ts-admin-route-service-55f58759d8-tpnrh'}, 'value': [1745997389.344, '0.009364202878299832']}][0m
Querying Prometheus for ts-admin-route-service-latency in deployment ts-admin-route-service
[94m[][0m
Querying Prometheus for ts-admin-route-service-memory in deployment ts-admin-route-service
[94m[{'metric': {'pod': 'ts-admin-route-service-55f58759d8-tpnrh'}, 'value': [1745997389.853, '549016917.3333333']}][0m
Querying Prometheus for ts-admin-route-service-workload in deployment ts-admin-route-service
[94m[][0m
Querying Prometheus for ts-auth-service-cpu in deployment ts-auth-service
[94m[{'metric': {'pod': 'ts-auth-service-69db9d9448-cqg2r'}, 'value': [1745997390.396, '0.008288314947207987']}][0m
Querying Prometheus for ts-auth-service-latency in deployment ts-auth-service
[94m[{'metric': {}, 'value': [1745997390.626, 'NaN']}][0m
Querying Prometheus for ts-auth-service-memory in deployment ts-auth-service
[94m[{'metric': {'pod': 'ts-auth-service-69db9d9448-cqg2r'}, 'value': [1745997390.892, '561224362.6666667']}][0m
Querying Prometheus for ts-auth-service-workload in deployment ts-auth-service
[94m[{'metric': {}, 'value': [1745997391.157, '0']}][0m
Querying Prometheus for ts-notification-service-cpu in deployment ts-notification-service
[94m[{'metric': {'pod': 'ts-notification-service-67b587c9bb-lwjhg'}, 'value': [1745997391.426, '0.00608402234532344']}][0m
Querying Prometheus for ts-notification-service-latency in deployment ts-notification-service
[94m[][0m
Querying Prometheus for ts-notification-service-memory in deployment ts-notification-service
[94m[{'metric': {'pod': 'ts-notification-service-67b587c9bb-lwjhg'}, 'value': [1745997391.952, '589324288']}][0m
Querying Prometheus for ts-notification-service-workload in deployment ts-notification-service
[94m[][0m
Querying Prometheus for ts-order-service-cpu in deployment ts-order-service
[94m[{'metric': {'pod': 'ts-order-service-85ddc7957b-gs685'}, 'value': [1745997392.493, '0.28559082792502843']}][0m
Querying Prometheus for ts-order-service-latency in deployment ts-order-service
[94m[{'metric': {}, 'value': [1745997392.764, '223.38515546639923']}][0m
Querying Prometheus for ts-order-service-memory in deployment ts-order-service
[94m[{'metric': {'pod': 'ts-order-service-85ddc7957b-gs685'}, 'value': [1745997393.033, '751441237.3333334']}][0m
Querying Prometheus for ts-order-service-workload in deployment ts-order-service
[94m[{'metric': {}, 'value': [1745997393.301, '25.538888888888888']}][0m
Querying Prometheus for ts-payment-service-cpu in deployment ts-payment-service
[94m[{'metric': {'pod': 'ts-payment-service-85c48c8fcb-tplqh'}, 'value': [1745997393.567, '0.008049364077226551']}][0m
Querying Prometheus for ts-payment-service-latency in deployment ts-payment-service
[94m[][0m
Querying Prometheus for ts-payment-service-memory in deployment ts-payment-service
[94m[{'metric': {'pod': 'ts-payment-service-85c48c8fcb-tplqh'}, 'value': [1745997394.095, '622311424']}][0m
Querying Prometheus for ts-payment-service-workload in deployment ts-payment-service
[94m[][0m
Querying Prometheus for ts-price-service-cpu in deployment ts-price-service
[94m[{'metric': {'pod': 'ts-price-service-85649d648b-5phqb'}, 'value': [1745997394.635, '0.008496033956758825']}][0m
Querying Prometheus for ts-price-service-latency in deployment ts-price-service
[94m[][0m
Querying Prometheus for ts-price-service-memory in deployment ts-price-service
[94m[{'metric': {'pod': 'ts-price-service-85649d648b-5phqb'}, 'value': [1745997395.177, '549741909.3333334']}][0m
Querying Prometheus for ts-price-service-workload in deployment ts-price-service
[94m[][0m
Querying Prometheus for ts-route-service-cpu in deployment ts-route-service
[94m[{'metric': {'pod': 'ts-route-service-644ddf6579-2jc9l'}, 'value': [1745997395.741, '0.37906305724129963']}][0m
Querying Prometheus for ts-route-service-latency in deployment ts-route-service
[94m[{'metric': {}, 'value': [1745997396.003, '2309.075907590759']}][0m
Querying Prometheus for ts-route-service-memory in deployment ts-route-service
[94m[{'metric': {'pod': 'ts-route-service-644ddf6579-2jc9l'}, 'value': [1745997396.274, '733212672']}][0m
Querying Prometheus for ts-route-service-workload in deployment ts-route-service
[94m[{'metric': {}, 'value': [1745997396.536, '25.988888888888887']}][0m
Querying Prometheus for ts-station-service-cpu in deployment ts-station-service
[94m[{'metric': {'pod': 'ts-station-service-67d84d5cbd-kp45f'}, 'value': [1745997396.797, '0.289921788798478']}][0m
Querying Prometheus for ts-station-service-latency in deployment ts-station-service
[94m[{'metric': {}, 'value': [1745997397.08, '216.47340425531908']}][0m
Querying Prometheus for ts-station-service-memory in deployment ts-station-service
[94m[{'metric': {'pod': 'ts-station-service-67d84d5cbd-kp45f'}, 'value': [1745997397.342, '734091946.6666666']}][0m
Querying Prometheus for ts-station-service-workload in deployment ts-station-service
[94m[{'metric': {}, 'value': [1745997397.619, '25.733333333333327']}][0m
Querying Prometheus for ts-train-service-cpu in deployment ts-train-service
[94m[{'metric': {'pod': 'ts-train-service-8468c95c56-d9czz'}, 'value': [1745997397.891, '0.005212460974857771']}][0m
Querying Prometheus for ts-train-service-latency in deployment ts-train-service
[94m[][0m
Querying Prometheus for ts-train-service-memory in deployment ts-train-service
[94m[{'metric': {'pod': 'ts-train-service-8468c95c56-d9czz'}, 'value': [1745997400.269, '596145493.3333334']}][0m
Querying Prometheus for ts-train-service-workload in deployment ts-train-service
[94m[][0m
Querying Prometheus for ts-travel-service-cpu in deployment ts-travel-service
[94m[{'metric': {'pod': 'ts-travel-service-678679d7b4-qnn9b'}, 'value': [1745997403.272, '0.006650780572842232']}][0m
Querying Prometheus for ts-travel-service-latency in deployment ts-travel-service
[94m[][0m
Querying Prometheus for ts-travel-service-memory in deployment ts-travel-service
[94m[{'metric': {'pod': 'ts-travel-service-678679d7b4-qnn9b'}, 'value': [1745997403.859, '641159168']}][0m
Querying Prometheus for ts-travel-service-workload in deployment ts-travel-service
[94m[][0m
Querying Prometheus for ts-ui-dashboard-cpu in deployment ts-ui-dashboard
[94m[{'metric': {'pod': 'ts-ui-dashboard-5445596dc7-dsgpm'}, 'value': [1745997404.432, '0.3078704143639494']}][0m
Querying Prometheus for ts-ui-dashboard-latency in deployment ts-ui-dashboard
[94m[{'metric': {}, 'value': [1745997404.713, '1352.941176470589']}][0m
Querying Prometheus for ts-ui-dashboard-memory in deployment ts-ui-dashboard
[94m[{'metric': {'pod': 'ts-ui-dashboard-5445596dc7-dsgpm'}, 'value': [1745997404.984, '74404864']}][0m
Querying Prometheus for ts-ui-dashboard-workload in deployment ts-ui-dashboard
[94m[{'metric': {}, 'value': [1745997405.257, '65.75764972152572']}][0m
Querying Prometheus for ts-user-service-cpu in deployment ts-user-service
[94m[{'metric': {'pod': 'ts-user-service-844b454c75-r56zt'}, 'value': [1745997405.512, '0.007049095273797979']}][0m
Querying Prometheus for ts-user-service-latency in deployment ts-user-service
[94m[][0m
Querying Prometheus for ts-user-service-memory in deployment ts-user-service
[94m[{'metric': {'pod': 'ts-user-service-844b454c75-r56zt'}, 'value': [1745997406.07, '639979520']}][0m
Querying Prometheus for ts-user-service-workload in deployment ts-user-service
[94m[][0m
Recorded metrics at 2025-04-30 07:15:51
[94m[{'metric': {}, 'value': [1745997472.952, '0.04652339346392817']}][0m
[94m[{'metric': {}, 'value': [1745997473.173, '263942144']}][0m
[94m[{'metric': {}, 'value': [1745997473.505, '0.008486059771628713']}][0m
[94m[{'metric': {}, 'value': [1745997473.709, '536567808']}][0m
[94m[{'metric': {}, 'value': [1745997474.014, '0.009537452928795423']}][0m
[94m[{'metric': {}, 'value': [1745997474.235, '494514176']}][0m
[94m[{'metric': {}, 'value': [1745997474.585, '0.00977912179076137']}][0m
[94m[{'metric': {}, 'value': [1745997474.814, '549093376']}][0m
[94m[{'metric': {}, 'value': [1745997475.162, '0.00899561898847764']}][0m
[94m[{'metric': {}, 'value': [1745997475.368, '518074368']}][0m
[94m[{'metric': {}, 'value': [1745997475.705, '0.009938150250557633']}][0m
[94m[{'metric': {}, 'value': [1745997475.93, '523968512']}][0m
[94m[{'metric': {}, 'value': [1745997476.247, '0.008692617249072259']}][0m
[94m[{'metric': {}, 'value': [1745997476.464, '577634304']}][0m
[94m[{'metric': {}, 'value': [1745997476.807, '0.00858857669616504']}][0m
[94m[{'metric': {}, 'value': [1745997477.003, '556130304']}][0m
[94m[{'metric': {}, 'value': [1745997477.33, '0.005151471174491715']}][0m
[94m[{'metric': {}, 'value': [1745997477.552, '190042112']}][0m
[94m[{'metric': {}, 'value': [1745997477.877, '0.008835907772091377']}][0m
[94m[{'metric': {}, 'value': [1745997478.094, '517099520']}][0m
[94m[{'metric': {}, 'value': [1745997478.417, '0.00923498746761589']}][0m
[94m[{'metric': {}, 'value': [1745997478.646, '522203136']}][0m
[94m[{'metric': {}, 'value': [1745997478.981, '0.008465755576500034']}][0m
[94m[{'metric': {}, 'value': [1745997479.228, '597217280']}][0m
[94m[{'metric': {}, 'value': [1745997479.589, '0.009010115825861897']}][0m
[94m[{'metric': {}, 'value': [1745997479.838, '638586880']}][0m
[94m[{'metric': {}, 'value': [1745997480.228, '0.008880142117359494']}][0m
[94m[{'metric': {}, 'value': [1745997480.484, '562409472']}][0m
[94m[{'metric': {}, 'value': [1745997480.864, '0.008262667867406795']}][0m
[94m[{'metric': {}, 'value': [1745997481.126, '634171392']}][0m
[94m[{'metric': {}, 'value': [1745997481.499, '0.008938392568676684']}][0m
[94m[{'metric': {}, 'value': [1745997481.755, '566300672']}][0m
[94m[{'metric': {}, 'value': [1745997482.151, '0.008696324207401315']}][0m
[94m[{'metric': {}, 'value': [1745997482.403, '551550976']}][0m
[94m[{'metric': {}, 'value': [1745997482.769, '0.009005718247669']}][0m
[94m[{'metric': {}, 'value': [1745997482.976, '650342400']}][0m
[94m[{'metric': {}, 'value': [1745997483.293, '0.008673081176470651']}][0m
[94m[{'metric': {}, 'value': [1745997483.525, '600182784']}][0m
[94m[{'metric': {}, 'value': [1745997483.88, '0.5976917482042462']}][0m
[94m[{'metric': {}, 'value': [1745997484.119, '1050247168']}][0m
[94m[{'metric': {}, 'value': [1745997484.456, '0.008876888897072615']}][0m
[94m[{'metric': {}, 'value': [1745997484.688, '587837440']}][0m
[94m[{'metric': {}, 'value': [1745997485.037, '0.004231567058823532']}][0m
[94m[{'metric': {}, 'value': [1745997485.291, '50802688']}][0m
[94m[{'metric': {}, 'value': [1745997485.681, '0.008376560552313344']}][0m
[94m[{'metric': {}, 'value': [1745997485.932, '589410304']}][0m
[94m[{'metric': {}, 'value': [1745997486.278, '0.00952108415804748']}][0m
[94m[{'metric': {}, 'value': [1745997486.504, '598843392']}][0m
[94m[{'metric': {}, 'value': [1745997486.872, '0.3801406950922645']}][0m
[94m[{'metric': {}, 'value': [1745997487.12, '743768064']}][0m
[94m[{'metric': {}, 'value': [1745997487.498, '0.00788929293542385']}][0m
[94m[{'metric': {}, 'value': [1745997487.743, '621731840']}][0m
[94m[{'metric': {}, 'value': [1745997488.126, '0.00897735961141979']}][0m
[94m[{'metric': {}, 'value': [1745997488.388, '527777792']}][0m
[94m[{'metric': {}, 'value': [1745997488.749, '0.009047363622288352']}][0m
[94m[{'metric': {}, 'value': [1745997489.005, '515555328']}][0m
[94m[{'metric': {}, 'value': [1745997489.388, '0.00917820808512444']}][0m
[94m[{'metric': {}, 'value': [1745997489.636, '550125568']}][0m
[94m[{'metric': {}, 'value': [1745997490.025, '0.009539877121443864']}][0m
[94m[{'metric': {}, 'value': [1745997490.291, '526397440']}][0m
[94m[{'metric': {}, 'value': [1745997490.692, '0.00948977931814971']}][0m
[94m[{'metric': {}, 'value': [1745997490.933, '554655744']}][0m
[94m[{'metric': {}, 'value': [1745997491.312, '0.45961843150567483']}][0m
[94m[{'metric': {}, 'value': [1745997491.586, '732184576']}][0m
[94m[{'metric': {}, 'value': [1745997491.981, '0.008252249855920489']}][0m
[94m[{'metric': {}, 'value': [1745997492.242, '509386752']}][0m
[94m[{'metric': {}, 'value': [1745997492.623, '0.009368904819362641']}][0m
[94m[{'metric': {}, 'value': [1745997492.899, '592719872']}][0m
[94m[{'metric': {}, 'value': [1745997493.258, '0.00869052012378605']}][0m
[94m[{'metric': {}, 'value': [1745997493.528, '626966528']}][0m
[94m[{'metric': {}, 'value': [1745997493.921, '0.3737576389084457']}][0m
[94m[{'metric': {}, 'value': [1745997494.196, '734556160']}][0m
[94m[{'metric': {}, 'value': [1745997494.579, '0.010821242152530493']}][0m
[94m[{'metric': {}, 'value': [1745997494.842, '96088064']}][0m
[94m[{'metric': {}, 'value': [1745997495.235, '0.008438670069484932']}][0m
[94m[{'metric': {}, 'value': [1745997496.268, '614715392']}][0m
[94m[{'metric': {}, 'value': [1745997497.168, '0.008228188652854103']}][0m
[94m[{'metric': {}, 'value': [1745997498.168, '595324928']}][0m
[94m[{'metric': {}, 'value': [1745997498.868, '0.008673825163743959']}][0m
[94m[{'metric': {}, 'value': [1745997499.241, '504958976']}][0m
[94m[{'metric': {}, 'value': [1745997499.675, '0.007840511401164157']}][0m
[94m[{'metric': {}, 'value': [1745997499.945, '638099456']}][0m
[94m[{'metric': {}, 'value': [1745997500.368, '0.007889855264618472']}][0m
[94m[{'metric': {}, 'value': [1745997500.64, '583905280']}][0m
[94m[{'metric': {}, 'value': [1745997501.045, '0.2993509008413795']}][0m
[94m[{'metric': {}, 'value': [1745997501.323, '76554240']}][0m
[94m[{'metric': {}, 'value': [1745997501.712, '0.008503339153208212']}][0m
[94m[{'metric': {}, 'value': [1745997501.971, '640135168']}][0m
[94m[{'metric': {}, 'value': [1745997502.363, '0.007875971244023373']}][0m
[94m[{'metric': {}, 'value': [1745997502.625, '488382464']}][0m
[94m[{'metric': {}, 'value': [1745997503.005, '0.00445834699312605']}][0m
[94m[{'metric': {}, 'value': [1745997503.265, '64733184']}][0m
[94m[{'metric': {}, 'value': [1745997503.637, '0.008381919313066106']}][0m
[94m[{'metric': {}, 'value': [1745997503.893, '614105088']}][0m
Querying metrics for application: train-ticket
Querying Prometheus for ts-admin-order-service-cpu in deployment ts-admin-order-service
[94m[{'metric': {'pod': 'ts-admin-order-service-559676f59b-kfntj'}, 'value': [1745997504.16, '0.007240292550577299']}][0m
Querying Prometheus for ts-admin-order-service-latency in deployment ts-admin-order-service
[94m[][0m
Querying Prometheus for ts-admin-order-service-memory in deployment ts-admin-order-service
[94m[{'metric': {'pod': 'ts-admin-order-service-559676f59b-kfntj'}, 'value': [1745997504.688, '494892032']}][0m
Querying Prometheus for ts-admin-order-service-workload in deployment ts-admin-order-service
[94m[][0m
Querying Prometheus for ts-admin-route-service-cpu in deployment ts-admin-route-service
[94m[{'metric': {'pod': 'ts-admin-route-service-55f58759d8-tpnrh'}, 'value': [1745997505.182, '0.007236101516744308']}][0m
Querying Prometheus for ts-admin-route-service-latency in deployment ts-admin-route-service
[94m[][0m
Querying Prometheus for ts-admin-route-service-memory in deployment ts-admin-route-service
[94m[{'metric': {'pod': 'ts-admin-route-service-55f58759d8-tpnrh'}, 'value': [1745997505.713, '550046378.6666666']}][0m
Querying Prometheus for ts-admin-route-service-workload in deployment ts-admin-route-service
[94m[][0m
Querying Prometheus for ts-auth-service-cpu in deployment ts-auth-service
[94m[{'metric': {'pod': 'ts-auth-service-69db9d9448-cqg2r'}, 'value': [1745997506.215, '0.007443076605835602']}][0m
Querying Prometheus for ts-auth-service-latency in deployment ts-auth-service
[94m[{'metric': {}, 'value': [1745997506.48, 'NaN']}][0m
Querying Prometheus for ts-auth-service-memory in deployment ts-auth-service
[94m[{'metric': {'pod': 'ts-auth-service-69db9d9448-cqg2r'}, 'value': [1745997506.756, '556331008']}][0m
Querying Prometheus for ts-auth-service-workload in deployment ts-auth-service
[94m[{'metric': {}, 'value': [1745997507.031, '0']}][0m
Querying Prometheus for ts-notification-service-cpu in deployment ts-notification-service
[94m[{'metric': {'pod': 'ts-notification-service-67b587c9bb-lwjhg'}, 'value': [1745997507.308, '0.008581569448777835']}][0m
Querying Prometheus for ts-notification-service-latency in deployment ts-notification-service
[94m[][0m
Querying Prometheus for ts-notification-service-memory in deployment ts-notification-service
[94m[{'metric': {'pod': 'ts-notification-service-67b587c9bb-lwjhg'}, 'value': [1745997507.844, '588440917.3333334']}][0m
Querying Prometheus for ts-notification-service-workload in deployment ts-notification-service
[94m[][0m
Querying Prometheus for ts-order-service-cpu in deployment ts-order-service
[94m[{'metric': {'pod': 'ts-order-service-85ddc7957b-gs685'}, 'value': [1745997508.337, '0.2531948999999997']}][0m
Querying Prometheus for ts-order-service-latency in deployment ts-order-service
[94m[{'metric': {}, 'value': [1745997508.603, '236.11285266457674']}][0m
Querying Prometheus for ts-order-service-memory in deployment ts-order-service
[94m[{'metric': {'pod': 'ts-order-service-85ddc7957b-gs685'}, 'value': [1745997508.874, '746246144']}][0m
Querying Prometheus for ts-order-service-workload in deployment ts-order-service
[94m[{'metric': {}, 'value': [1745997509.158, '26.499999999999996']}][0m
Querying Prometheus for ts-payment-service-cpu in deployment ts-payment-service
[94m[{'metric': {'pod': 'ts-payment-service-85c48c8fcb-tplqh'}, 'value': [1745997509.432, '0.007690547780449714']}][0m
Querying Prometheus for ts-payment-service-latency in deployment ts-payment-service
[94m[][0m
Querying Prometheus for ts-payment-service-memory in deployment ts-payment-service
[94m[{'metric': {'pod': 'ts-payment-service-85c48c8fcb-tplqh'}, 'value': [1745997509.948, '617081514.6666666']}][0m
Querying Prometheus for ts-payment-service-workload in deployment ts-payment-service
[94m[][0m
Querying Prometheus for ts-price-service-cpu in deployment ts-price-service
[94m[{'metric': {'pod': 'ts-price-service-85649d648b-5phqb'}, 'value': [1745997510.487, '0.008024898130394226']}][0m
Querying Prometheus for ts-price-service-latency in deployment ts-price-service
[94m[][0m
Querying Prometheus for ts-price-service-memory in deployment ts-price-service
[94m[{'metric': {'pod': 'ts-price-service-85649d648b-5phqb'}, 'value': [1745997511.073, '550174720']}][0m
Querying Prometheus for ts-price-service-workload in deployment ts-price-service
[94m[][0m
Querying Prometheus for ts-route-service-cpu in deployment ts-route-service
[94m[{'metric': {'pod': 'ts-route-service-644ddf6579-2jc9l'}, 'value': [1745997511.612, '0.3073357250000015']}][0m
Querying Prometheus for ts-route-service-latency in deployment ts-route-service
[94m[{'metric': {}, 'value': [1745997511.882, '1932.6208474809262']}][0m
Querying Prometheus for ts-route-service-memory in deployment ts-route-service
[94m[{'metric': {'pod': 'ts-route-service-644ddf6579-2jc9l'}, 'value': [1745997512.153, '733121194.6666666']}][0m
Querying Prometheus for ts-route-service-workload in deployment ts-route-service
[94m[{'metric': {}, 'value': [1745997512.421, '28.837784825254605']}][0m
Querying Prometheus for ts-station-service-cpu in deployment ts-station-service
[94m[{'metric': {'pod': 'ts-station-service-67d84d5cbd-kp45f'}, 'value': [1745997512.701, '0.3717493537942488']}][0m
Querying Prometheus for ts-station-service-latency in deployment ts-station-service
[94m[{'metric': {}, 'value': [1745997512.936, '190.1654411764705']}][0m
Querying Prometheus for ts-station-service-memory in deployment ts-station-service
[94m[{'metric': {'pod': 'ts-station-service-67d84d5cbd-kp45f'}, 'value': [1745997513.208, '733730133.3333334']}][0m
Querying Prometheus for ts-station-service-workload in deployment ts-station-service
[94m[{'metric': {}, 'value': [1745997513.477, '27.505555555555553']}][0m
Querying Prometheus for ts-train-service-cpu in deployment ts-train-service
[94m[{'metric': {'pod': 'ts-train-service-8468c95c56-d9czz'}, 'value': [1745997513.755, '0.007305449517568761']}][0m
Querying Prometheus for ts-train-service-latency in deployment ts-train-service
[94m[][0m
Querying Prometheus for ts-train-service-memory in deployment ts-train-service
[94m[{'metric': {'pod': 'ts-train-service-8468c95c56-d9czz'}, 'value': [1745997514.295, '595021824']}][0m
Querying Prometheus for ts-train-service-workload in deployment ts-train-service
[94m[][0m
Querying Prometheus for ts-travel-service-cpu in deployment ts-travel-service
[94m[{'metric': {'pod': 'ts-travel-service-678679d7b4-qnn9b'}, 'value': [1745997514.829, '0.005324901014629975']}][0m
Querying Prometheus for ts-travel-service-latency in deployment ts-travel-service
[94m[][0m
Querying Prometheus for ts-travel-service-memory in deployment ts-travel-service
[94m[{'metric': {'pod': 'ts-travel-service-678679d7b4-qnn9b'}, 'value': [1745997515.387, '638517248']}][0m
Querying Prometheus for ts-travel-service-workload in deployment ts-travel-service
[94m[][0m
Querying Prometheus for ts-ui-dashboard-cpu in deployment ts-ui-dashboard
[94m[{'metric': {'pod': 'ts-ui-dashboard-5445596dc7-dsgpm'}, 'value': [1745997515.955, '0.3255469884002232']}][0m
Querying Prometheus for ts-ui-dashboard-latency in deployment ts-ui-dashboard
[94m[{'metric': {}, 'value': [1745997516.244, '800.7677543186182']}][0m
Querying Prometheus for ts-ui-dashboard-memory in deployment ts-ui-dashboard
[94m[{'metric': {'pod': 'ts-ui-dashboard-5445596dc7-dsgpm'}, 'value': [1745997516.521, '76390400']}][0m
Querying Prometheus for ts-ui-dashboard-workload in deployment ts-ui-dashboard
[94m[{'metric': {}, 'value': [1745997516.806, '68.54444444444444']}][0m
Querying Prometheus for ts-user-service-cpu in deployment ts-user-service
[94m[{'metric': {'pod': 'ts-user-service-844b454c75-r56zt'}, 'value': [1745997517.064, '0.008289068874853894']}][0m
Querying Prometheus for ts-user-service-latency in deployment ts-user-service
[94m[][0m
Querying Prometheus for ts-user-service-memory in deployment ts-user-service
[94m[{'metric': {'pod': 'ts-user-service-844b454c75-r56zt'}, 'value': [1745997517.606, '637597013.3333334']}][0m
Querying Prometheus for ts-user-service-workload in deployment ts-user-service
[94m[][0m
Recorded metrics at 2025-04-30 07:17:46
[94m[{'metric': {}, 'value': [1745997584.557, '0.041172696254586694']}][0m
[94m[{'metric': {}, 'value': [1745997584.817, '264871936']}][0m
[94m[{'metric': {}, 'value': [1745997585.199, '0.00797666276282349']}][0m
[94m[{'metric': {}, 'value': [1745997585.468, '535261184']}][0m
[94m[{'metric': {}, 'value': [1745997585.855, '0.008740996730020977']}][0m
[94m[{'metric': {}, 'value': [1745997586.108, '494706688']}][0m
[94m[{'metric': {}, 'value': [1745997586.466, '0.008530992674224367']}][0m
[94m[{'metric': {}, 'value': [1745997586.72, '543051776']}][0m
[94m[{'metric': {}, 'value': [1745997587.085, '0.008234476204020836']}][0m
[94m[{'metric': {}, 'value': [1745997587.351, '518254592']}][0m
[94m[{'metric': {}, 'value': [1745997587.749, '0.00873434778321886']}][0m
[94m[{'metric': {}, 'value': [1745997587.996, '517021696']}][0m
[94m[{'metric': {}, 'value': [1745997588.387, '0.00810826695667439']}][0m
[94m[{'metric': {}, 'value': [1745997588.655, '574353408']}][0m
[94m[{'metric': {}, 'value': [1745997589.055, '0.007731980927724703']}][0m
[94m[{'metric': {}, 'value': [1745997589.322, '553816064']}][0m
[94m[{'metric': {}, 'value': [1745997589.725, '0.004563177438411345']}][0m
[94m[{'metric': {}, 'value': [1745997589.985, '188932096']}][0m
[94m[{'metric': {}, 'value': [1745997590.361, '0.007556198769132436']}][0m
[94m[{'metric': {}, 'value': [1745997590.625, '516083712']}][0m
[94m[{'metric': {}, 'value': [1745997591.018, '0.007912258392623996']}][0m
[94m[{'metric': {}, 'value': [1745997591.277, '521285632']}][0m
[94m[{'metric': {}, 'value': [1745997591.686, '0.008025131633462778']}][0m
[94m[{'metric': {}, 'value': [1745997591.951, '596459520']}][0m
[94m[{'metric': {}, 'value': [1745997592.296, '0.008120773379266229']}][0m
[94m[{'metric': {}, 'value': [1745997592.553, '639758336']}][0m
[94m[{'metric': {}, 'value': [1745997592.942, '0.007893646751574232']}][0m
[94m[{'metric': {}, 'value': [1745997593.208, '561627136']}][0m
[94m[{'metric': {}, 'value': [1745997593.618, '0.0090431049311927']}][0m
[94m[{'metric': {}, 'value': [1745997593.876, '632041472']}][0m
[94m[{'metric': {}, 'value': [1745997594.247, '0.009436509063700589']}][0m
[94m[{'metric': {}, 'value': [1745997594.505, '566251520']}][0m
[94m[{'metric': {}, 'value': [1745997594.898, '0.00827988714047312']}][0m
[94m[{'metric': {}, 'value': [1745997595.184, '549470208']}][0m
[94m[{'metric': {}, 'value': [1745997596.268, '0.009185759438713538']}][0m
[94m[{'metric': {}, 'value': [1745997598.668, '651612160']}][0m
[94m[{'metric': {}, 'value': [1745997600.478, '0.008496291154714905']}][0m
[94m[{'metric': {}, 'value': [1745997600.87, '594550784']}][0m
[94m[{'metric': {}, 'value': [1745997601.251, '0.6036117513507296']}][0m
[94m[{'metric': {}, 'value': [1745997601.525, '1048469504']}][0m
[94m[{'metric': {}, 'value': [1745997601.912, '0.008729822102734323']}][0m
[94m[{'metric': {}, 'value': [1745997602.179, '583811072']}][0m
[94m[{'metric': {}, 'value': [1745997602.554, '0.004016305021154067']}][0m
[94m[{'metric': {}, 'value': [1745997602.82, '48816128']}][0m
[94m[{'metric': {}, 'value': [1745997603.165, '0.009052940355297991']}][0m
[94m[{'metric': {}, 'value': [1745997603.418, '590249984']}][0m
[94m[{'metric': {}, 'value': [1745997603.797, '0.00866726954752885']}][0m
[94m[{'metric': {}, 'value': [1745997604.057, '601866240']}][0m
[94m[{'metric': {}, 'value': [1745997604.428, '0.375055844987649']}][0m
[94m[{'metric': {}, 'value': [1745997604.686, '739983360']}][0m
[94m[{'metric': {}, 'value': [1745997605.058, '0.0077162716666667325']}][0m
[94m[{'metric': {}, 'value': [1745997605.317, '614150144']}][0m
[94m[{'metric': {}, 'value': [1745997605.694, '0.00795071853548985']}][0m
[94m[{'metric': {}, 'value': [1745997605.972, '523403264']}][0m
[94m[{'metric': {}, 'value': [1745997606.345, '0.00852017525419614']}][0m
[94m[{'metric': {}, 'value': [1745997606.625, '516096000']}][0m
[94m[{'metric': {}, 'value': [1745997607.017, '0.008425672306326425']}][0m
[94m[{'metric': {}, 'value': [1745997607.297, '550559744']}][0m
[94m[{'metric': {}, 'value': [1745997607.674, '0.008314514546638533']}][0m
[94m[{'metric': {}, 'value': [1745997607.919, '527765504']}][0m
[94m[{'metric': {}, 'value': [1745997608.273, '0.008987393173161922']}][0m
[94m[{'metric': {}, 'value': [1745997608.522, '555634688']}][0m
[94m[{'metric': {}, 'value': [1745997608.907, '0.4600937839919062']}][0m
[94m[{'metric': {}, 'value': [1745997609.158, '716431360']}][0m
[94m[{'metric': {}, 'value': [1745997609.539, '0.008797915460335691']}][0m
[94m[{'metric': {}, 'value': [1745997609.792, '510271488']}][0m
[94m[{'metric': {}, 'value': [1745997610.16, '0.008715322058294344']}][0m
[94m[{'metric': {}, 'value': [1745997610.429, '593436672']}][0m
[94m[{'metric': {}, 'value': [1745997610.798, '0.009047684350891065']}][0m
[94m[{'metric': {}, 'value': [1745997611.058, '626532352']}][0m
[94m[{'metric': {}, 'value': [1745997611.417, '0.3772294810572181']}][0m
[94m[{'metric': {}, 'value': [1745997611.684, '732594176']}][0m
[94m[{'metric': {}, 'value': [1745997612.059, '0.004660382346443975']}][0m
[94m[{'metric': {}, 'value': [1745997612.322, '92868608']}][0m
[94m[{'metric': {}, 'value': [1745997612.702, '0.011017803420855714']}][0m
[94m[{'metric': {}, 'value': [1745997612.986, '618381312']}][0m
[94m[{'metric': {}, 'value': [1745997613.366, '0.007987263437127197']}][0m
[94m[{'metric': {}, 'value': [1745997613.625, '591167488']}][0m
[94m[{'metric': {}, 'value': [1745997614.011, '0.008252299658595657']}][0m
[94m[{'metric': {}, 'value': [1745997614.28, '504025088']}][0m
[94m[{'metric': {}, 'value': [1745997614.665, '0.007818766018198276']}][0m
[94m[{'metric': {}, 'value': [1745997614.941, '634023936']}][0m
[94m[{'metric': {}, 'value': [1745997615.315, '0.00808640536622796']}][0m
[94m[{'metric': {}, 'value': [1745997615.573, '583581696']}][0m
[94m[{'metric': {}, 'value': [1745997615.961, '0.3179073576088873']}][0m
[94m[{'metric': {}, 'value': [1745997616.19, '76636160']}][0m
[94m[{'metric': {}, 'value': [1745997616.564, '0.008139856053587814']}][0m
[94m[{'metric': {}, 'value': [1745997616.834, '634441728']}][0m
[94m[{'metric': {}, 'value': [1745997617.212, '0.007552408561492818']}][0m
[94m[{'metric': {}, 'value': [1745997617.463, '487219200']}][0m
[94m[{'metric': {}, 'value': [1745997617.847, '0.004229292992619138']}][0m
[94m[{'metric': {}, 'value': [1745997618.119, '64053248']}][0m
[94m[{'metric': {}, 'value': [1745997618.499, '0.008104454346206462']}][0m
[94m[{'metric': {}, 'value': [1745997618.738, '613175296']}][0m
Querying metrics for application: train-ticket
Querying Prometheus for ts-admin-order-service-cpu in deployment ts-admin-order-service
[94m[{'metric': {'pod': 'ts-admin-order-service-559676f59b-kfntj'}, 'value': [1745997619.004, '0.0065734146147281985']}][0m
Querying Prometheus for ts-admin-order-service-latency in deployment ts-admin-order-service
[94m[][0m
Querying Prometheus for ts-admin-order-service-memory in deployment ts-admin-order-service
[94m[{'metric': {'pod': 'ts-admin-order-service-559676f59b-kfntj'}, 'value': [1745997619.536, '494873258.6666667']}][0m
Querying Prometheus for ts-admin-order-service-workload in deployment ts-admin-order-service
[94m[][0m
Querying Prometheus for ts-admin-route-service-cpu in deployment ts-admin-route-service
[94m[{'metric': {'pod': 'ts-admin-route-service-55f58759d8-tpnrh'}, 'value': [1745997620.063, '0.007834499650105362']}][0m
Querying Prometheus for ts-admin-route-service-latency in deployment ts-admin-route-service
[94m[][0m
Querying Prometheus for ts-admin-route-service-memory in deployment ts-admin-route-service
[94m[{'metric': {'pod': 'ts-admin-route-service-55f58759d8-tpnrh'}, 'value': [1745997620.589, '541462528']}][0m
Querying Prometheus for ts-admin-route-service-workload in deployment ts-admin-route-service
[94m[][0m
Querying Prometheus for ts-auth-service-cpu in deployment ts-auth-service
[94m[{'metric': {'pod': 'ts-auth-service-69db9d9448-cqg2r'}, 'value': [1745997621.123, '0.0060717875248301285']}][0m
Querying Prometheus for ts-auth-service-latency in deployment ts-auth-service
[94m[{'metric': {}, 'value': [1745997621.393, 'NaN']}][0m
Querying Prometheus for ts-auth-service-memory in deployment ts-auth-service
[94m[{'metric': {'pod': 'ts-auth-service-69db9d9448-cqg2r'}, 'value': [1745997621.684, '553921194.6666666']}][0m
Querying Prometheus for ts-auth-service-workload in deployment ts-auth-service
[94m[{'metric': {}, 'value': [1745997621.955, '0']}][0m
Querying Prometheus for ts-notification-service-cpu in deployment ts-notification-service
[94m[{'metric': {'pod': 'ts-notification-service-67b587c9bb-lwjhg'}, 'value': [1745997622.213, '0.010082438400976364']}][0m
Querying Prometheus for ts-notification-service-latency in deployment ts-notification-service
[94m[][0m
Querying Prometheus for ts-notification-service-memory in deployment ts-notification-service
[94m[{'metric': {'pod': 'ts-notification-service-67b587c9bb-lwjhg'}, 'value': [1745997622.737, '590200832']}][0m
Querying Prometheus for ts-notification-service-workload in deployment ts-notification-service
[94m[][0m
Querying Prometheus for ts-order-service-cpu in deployment ts-order-service
[94m[{'metric': {'pod': 'ts-order-service-85ddc7957b-gs685'}, 'value': [1745997623.21, '0.33944118860496353']}][0m
Querying Prometheus for ts-order-service-latency in deployment ts-order-service
[94m[{'metric': {}, 'value': [1745997623.486, '225.10840108401095']}][0m
Querying Prometheus for ts-order-service-memory in deployment ts-order-service
[94m[{'metric': {'pod': 'ts-order-service-85ddc7957b-gs685'}, 'value': [1745997623.763, '742246400']}][0m
Querying Prometheus for ts-order-service-workload in deployment ts-order-service
[94m[{'metric': {}, 'value': [1745997624.028, '25.85555555555555']}][0m
Querying Prometheus for ts-payment-service-cpu in deployment ts-payment-service
[94m[{'metric': {'pod': 'ts-payment-service-85c48c8fcb-tplqh'}, 'value': [1745997624.297, '0.015714383869973876']}][0m
Querying Prometheus for ts-payment-service-latency in deployment ts-payment-service
[94m[][0m
Querying Prometheus for ts-payment-service-memory in deployment ts-payment-service
[94m[{'metric': {'pod': 'ts-payment-service-85c48c8fcb-tplqh'}, 'value': [1745997624.822, '614769664']}][0m
Querying Prometheus for ts-payment-service-workload in deployment ts-payment-service
[94m[][0m
Querying Prometheus for ts-price-service-cpu in deployment ts-price-service
[94m[{'metric': {'pod': 'ts-price-service-85649d648b-5phqb'}, 'value': [1745997625.33, '0.018674537987680213']}][0m
Querying Prometheus for ts-price-service-latency in deployment ts-price-service
[94m[][0m
Querying Prometheus for ts-price-service-memory in deployment ts-price-service
[94m[{'metric': {'pod': 'ts-price-service-85649d648b-5phqb'}, 'value': [1745997625.898, '548173141.3333334']}][0m
Querying Prometheus for ts-price-service-workload in deployment ts-price-service
[94m[][0m
Querying Prometheus for ts-route-service-cpu in deployment ts-route-service
[94m[{'metric': {'pod': 'ts-route-service-644ddf6579-2jc9l'}, 'value': [1745997626.395, '0.4038356058220908']}][0m
Querying Prometheus for ts-route-service-latency in deployment ts-route-service
[94m[{'metric': {}, 'value': [1745997626.658, '2294.5326278659613']}][0m
Querying Prometheus for ts-route-service-memory in deployment ts-route-service
[94m[{'metric': {'pod': 'ts-route-service-644ddf6579-2jc9l'}, 'value': [1745997626.925, '722130944']}][0m
Querying Prometheus for ts-route-service-workload in deployment ts-route-service
[94m[{'metric': {}, 'value': [1745997627.183, '25.699999999999996']}][0m
Querying Prometheus for ts-station-service-cpu in deployment ts-station-service
[94m[{'metric': {'pod': 'ts-station-service-67d84d5cbd-kp45f'}, 'value': [1745997627.443, '0.37804532239867994']}][0m
Querying Prometheus for ts-station-service-latency in deployment ts-station-service
[94m[{'metric': {}, 'value': [1745997627.687, '216.02564102564094']}][0m
Querying Prometheus for ts-station-service-memory in deployment ts-station-service
[94m[{'metric': {'pod': 'ts-station-service-67d84d5cbd-kp45f'}, 'value': [1745997627.976, '732603392']}][0m
Querying Prometheus for ts-station-service-workload in deployment ts-station-service
[94m[{'metric': {}, 'value': [1745997628.24, '26.78333333333333']}][0m
Querying Prometheus for ts-train-service-cpu in deployment ts-train-service
[94m[{'metric': {'pod': 'ts-train-service-8468c95c56-d9czz'}, 'value': [1745997628.515, '0.007755233250351567']}][0m
Querying Prometheus for ts-train-service-latency in deployment ts-train-service
[94m[][0m
Querying Prometheus for ts-train-service-memory in deployment ts-train-service
[94m[{'metric': {'pod': 'ts-train-service-8468c95c56-d9czz'}, 'value': [1745997629.041, '591381504']}][0m
Querying Prometheus for ts-train-service-workload in deployment ts-train-service
[94m[][0m
Querying Prometheus for ts-travel-service-cpu in deployment ts-travel-service
[94m[{'metric': {'pod': 'ts-travel-service-678679d7b4-qnn9b'}, 'value': [1745997629.563, '0.007957412523019534']}][0m
Querying Prometheus for ts-travel-service-latency in deployment ts-travel-service
[94m[][0m
Querying Prometheus for ts-travel-service-memory in deployment ts-travel-service
[94m[{'metric': {'pod': 'ts-travel-service-678679d7b4-qnn9b'}, 'value': [1745997630.116, '634919936']}][0m
Querying Prometheus for ts-travel-service-workload in deployment ts-travel-service
[94m[][0m
Querying Prometheus for ts-ui-dashboard-cpu in deployment ts-ui-dashboard
[94m[{'metric': {'pod': 'ts-ui-dashboard-5445596dc7-dsgpm'}, 'value': [1745997630.652, '0.31012947444364275']}][0m
Querying Prometheus for ts-ui-dashboard-latency in deployment ts-ui-dashboard
[94m[{'metric': {}, 'value': [1745997630.968, '1456.9148936170218']}][0m
Querying Prometheus for ts-ui-dashboard-memory in deployment ts-ui-dashboard
[94m[{'metric': {'pod': 'ts-ui-dashboard-5445596dc7-dsgpm'}, 'value': [1745997631.23, '76876458.66666667']}][0m
Querying Prometheus for ts-ui-dashboard-workload in deployment ts-ui-dashboard
[94m[{'metric': {}, 'value': [1745997631.505, '65.37777777777777']}][0m
Querying Prometheus for ts-user-service-cpu in deployment ts-user-service
[94m[{'metric': {'pod': 'ts-user-service-844b454c75-r56zt'}, 'value': [1745997631.764, '0.008290920896006963']}][0m
Querying Prometheus for ts-user-service-latency in deployment ts-user-service
[94m[][0m
Querying Prometheus for ts-user-service-memory in deployment ts-user-service
[94m[{'metric': {'pod': 'ts-user-service-844b454c75-r56zt'}, 'value': [1745997632.282, '634462208']}][0m
Querying Prometheus for ts-user-service-workload in deployment ts-user-service
[94m[][0m
Recorded metrics at 2025-04-30 07:19:37
[94m[{'metric': {}, 'value': [1745997699.465, '0.04070998803956253']}][0m
[94m[{'metric': {}, 'value': [1745997699.731, '258973696']}][0m
[94m[{'metric': {}, 'value': [1745997700.107, '0.00833652846668486']}][0m
[94m[{'metric': {}, 'value': [1745997700.372, '534122496']}][0m
[94m[{'metric': {}, 'value': [1745997700.755, '0.008344133395426964']}][0m
[94m[{'metric': {}, 'value': [1745997701.019, '495316992']}][0m
[94m[{'metric': {}, 'value': [1745997701.411, '0.007569807500864221']}][0m
[94m[{'metric': {}, 'value': [1745997701.684, '541614080']}][0m
[94m[{'metric': {}, 'value': [1745997702.054, '0.008373986060311344']}][0m
[94m[{'metric': {}, 'value': [1745997702.319, '519401472']}][0m
[94m[{'metric': {}, 'value': [1745997702.722, '0.008093993892093723']}][0m
[94m[{'metric': {}, 'value': [1745997702.988, '517521408']}][0m
[94m[{'metric': {}, 'value': [1745997703.368, '0.00964180151113189']}][0m
[94m[{'metric': {}, 'value': [1745997703.632, '575451136']}][0m
[94m[{'metric': {}, 'value': [1745997704.019, '0.007967428420377924']}][0m
[94m[{'metric': {}, 'value': [1745997704.278, '554397696']}][0m
[94m[{'metric': {}, 'value': [1745997704.661, '0.004179890925925936']}][0m
[94m[{'metric': {}, 'value': [1745997704.955, '189083648']}][0m
[94m[{'metric': {}, 'value': [1745997705.35, '0.00782940283898016']}][0m
[94m[{'metric': {}, 'value': [1745997705.632, '517017600']}][0m
[94m[{'metric': {}, 'value': [1745997706.016, '0.00827740076527802']}][0m
[94m[{'metric': {}, 'value': [1745997706.284, '516329472']}][0m
[94m[{'metric': {}, 'value': [1745997706.659, '0.009167805402029638']}][0m
[94m[{'metric': {}, 'value': [1745997706.934, '597508096']}][0m
[94m[{'metric': {}, 'value': [1745997707.321, '0.009687756893650997']}][0m
[94m[{'metric': {}, 'value': [1745997707.594, '640151552']}][0m
[94m[{'metric': {}, 'value': [1745997707.983, '0.009196145181606238']}][0m
[94m[{'metric': {}, 'value': [1745997708.241, '562098176']}][0m
[94m[{'metric': {}, 'value': [1745997708.649, '0.008934343078699173']}][0m
[94m[{'metric': {}, 'value': [1745997708.922, '632291328']}][0m
[94m[{'metric': {}, 'value': [1745997709.308, '0.010790588693680958']}][0m
[94m[{'metric': {}, 'value': [1745997709.566, '565956608']}][0m
[94m[{'metric': {}, 'value': [1745997709.958, '0.00808092371081242']}][0m
[94m[{'metric': {}, 'value': [1745997710.221, '549695488']}][0m
[94m[{'metric': {}, 'value': [1745997710.633, '0.009895603016574309']}][0m
[94m[{'metric': {}, 'value': [1745997710.913, '652496896']}][0m
[94m[{'metric': {}, 'value': [1745997711.257, '0.009579032212668984']}][0m
[94m[{'metric': {}, 'value': [1745997711.469, '594837504']}][0m
[94m[{'metric': {}, 'value': [1745997711.795, '0.5946442688905657']}][0m
[94m[{'metric': {}, 'value': [1745997712.027, '1047232512']}][0m
[94m[{'metric': {}, 'value': [1745997712.37, '0.009567261977802565']}][0m
[94m[{'metric': {}, 'value': [1745997712.617, '581476352']}][0m
[94m[{'metric': {}, 'value': [1745997713.015, '0.004059604663113425']}][0m
[94m[{'metric': {}, 'value': [1745997713.288, '48525312']}][0m
[94m[{'metric': {}, 'value': [1745997713.688, '0.0101038122196898']}][0m
[94m[{'metric': {}, 'value': [1745997713.916, '591679488']}][0m
[94m[{'metric': {}, 'value': [1745997714.242, '0.01043493808407084']}][0m
[94m[{'metric': {}, 'value': [1745997714.501, '598351872']}][0m
[94m[{'metric': {}, 'value': [1745997714.854, '0.3943502788580171']}][0m
[94m[{'metric': {}, 'value': [1745997715.115, '745897984']}][0m
[94m[{'metric': {}, 'value': [1745997715.483, '0.009270609173156275']}][0m
[94m[{'metric': {}, 'value': [1745997715.751, '614629376']}][0m
[94m[{'metric': {}, 'value': [1745997716.137, '0.008030308766092661']}][0m
[94m[{'metric': {}, 'value': [1745997716.399, '524423168']}][0m
[94m[{'metric': {}, 'value': [1745997716.805, '0.008546060409837974']}][0m
[94m[{'metric': {}, 'value': [1745997717.081, '516390912']}][0m
[94m[{'metric': {}, 'value': [1745997717.457, '0.00986010505020518']}][0m
[94m[{'metric': {}, 'value': [1745997717.731, '545361920']}][0m
[94m[{'metric': {}, 'value': [1745997718.077, '0.00852867511993295']}][0m
[94m[{'metric': {}, 'value': [1745997718.29, '519471104']}][0m
[94m[{'metric': {}, 'value': [1745997718.598, '0.008855585870396936']}][0m
[94m[{'metric': {}, 'value': [1745997718.834, '555618304']}][0m
[94m[{'metric': {}, 'value': [1745997719.218, '0.4382569274295541']}][0m
[94m[{'metric': {}, 'value': [1745997719.493, '729214976']}][0m
[94m[{'metric': {}, 'value': [1745997719.867, '0.008728702016257228']}][0m
[94m[{'metric': {}, 'value': [1745997720.105, '510816256']}][0m
[94m[{'metric': {}, 'value': [1745997720.492, '0.009620759457458019']}][0m
[94m[{'metric': {}, 'value': [1745997720.748, '594161664']}][0m
[94m[{'metric': {}, 'value': [1745997721.123, '0.00961153459200262']}][0m
[94m[{'metric': {}, 'value': [1745997721.383, '624455680']}][0m
[94m[{'metric': {}, 'value': [1745997721.777, '0.3716458783228975']}][0m
[94m[{'metric': {}, 'value': [1745997722.049, '732844032']}][0m
[94m[{'metric': {}, 'value': [1745997722.428, '0.0044139022569935895']}][0m
[94m[{'metric': {}, 'value': [1745997722.675, '92872704']}][0m
[94m[{'metric': {}, 'value': [1745997723.051, '0.011732920481737494']}][0m
[94m[{'metric': {}, 'value': [1745997723.303, '611184640']}][0m
[94m[{'metric': {}, 'value': [1745997723.677, '0.007854160382764755']}][0m
[94m[{'metric': {}, 'value': [1745997723.944, '596942848']}][0m
[94m[{'metric': {}, 'value': [1745997724.352, '0.008572848915695715']}][0m
[94m[{'metric': {}, 'value': [1745997724.62, '509267968']}][0m
[94m[{'metric': {}, 'value': [1745997725.029, '0.007853788007845579']}][0m
[94m[{'metric': {}, 'value': [1745997725.293, '640757760']}][0m
[94m[{'metric': {}, 'value': [1745997725.688, '0.009315158237276747']}][0m
[94m[{'metric': {}, 'value': [1745997725.968, '583417856']}][0m
[94m[{'metric': {}, 'value': [1745997726.349, '0.3031369461973955']}][0m
[94m[{'metric': {}, 'value': [1745997726.615, '69292032']}][0m
[94m[{'metric': {}, 'value': [1745997727.012, '0.008090892341488597']}][0m
[94m[{'metric': {}, 'value': [1745997727.3, '635289600']}][0m
[94m[{'metric': {}, 'value': [1745997727.677, '0.007799393981023099']}][0m
[94m[{'metric': {}, 'value': [1745997727.952, '487460864']}][0m
[94m[{'metric': {}, 'value': [1745997728.34, '0.004506754990272403']}][0m
[94m[{'metric': {}, 'value': [1745997728.601, '64249856']}][0m
[94m[{'metric': {}, 'value': [1745997728.982, '0.008493865592382339']}][0m
[94m[{'metric': {}, 'value': [1745997729.247, '616755200']}][0m
Querying metrics for application: train-ticket
Querying Prometheus for ts-admin-order-service-cpu in deployment ts-admin-order-service
[94m[{'metric': {'pod': 'ts-admin-order-service-559676f59b-kfntj'}, 'value': [1745997729.504, '0.008373101825746928']}][0m
Querying Prometheus for ts-admin-order-service-latency in deployment ts-admin-order-service
[94m[][0m
Querying Prometheus for ts-admin-order-service-memory in deployment ts-admin-order-service
[94m[{'metric': {'pod': 'ts-admin-order-service-559676f59b-kfntj'}, 'value': [1745997730.046, '495482880']}][0m
Querying Prometheus for ts-admin-order-service-workload in deployment ts-admin-order-service
[94m[][0m
Querying Prometheus for ts-admin-route-service-cpu in deployment ts-admin-route-service
[94m[{'metric': {'pod': 'ts-admin-route-service-55f58759d8-tpnrh'}, 'value': [1745997730.627, '0.008113106256941362']}][0m
Querying Prometheus for ts-admin-route-service-latency in deployment ts-admin-route-service
[94m[][0m
Querying Prometheus for ts-admin-route-service-memory in deployment ts-admin-route-service
[94m[{'metric': {'pod': 'ts-admin-route-service-55f58759d8-tpnrh'}, 'value': [1745997731.154, '541906261.3333333']}][0m
Querying Prometheus for ts-admin-route-service-workload in deployment ts-admin-route-service
[94m[][0m
Querying Prometheus for ts-auth-service-cpu in deployment ts-auth-service
[94m[{'metric': {'pod': 'ts-auth-service-69db9d9448-cqg2r'}, 'value': [1745997731.703, '0.010152683005612376']}][0m
Querying Prometheus for ts-auth-service-latency in deployment ts-auth-service
[94m[{'metric': {}, 'value': [1745997731.977, 'NaN']}][0m
Querying Prometheus for ts-auth-service-memory in deployment ts-auth-service
[94m[{'metric': {'pod': 'ts-auth-service-69db9d9448-cqg2r'}, 'value': [1745997732.252, '554607616']}][0m
Querying Prometheus for ts-auth-service-workload in deployment ts-auth-service
[94m[{'metric': {}, 'value': [1745997732.517, '0']}][0m
Querying Prometheus for ts-notification-service-cpu in deployment ts-notification-service
[94m[{'metric': {'pod': 'ts-notification-service-67b587c9bb-lwjhg'}, 'value': [1745997732.786, '0.008112968651081581']}][0m
Querying Prometheus for ts-notification-service-latency in deployment ts-notification-service
[94m[][0m
Querying Prometheus for ts-notification-service-memory in deployment ts-notification-service
[94m[{'metric': {'pod': 'ts-notification-service-67b587c9bb-lwjhg'}, 'value': [1745997733.341, '591836160']}][0m
Querying Prometheus for ts-notification-service-workload in deployment ts-notification-service
[94m[][0m
Querying Prometheus for ts-order-service-cpu in deployment ts-order-service
[94m[{'metric': {'pod': 'ts-order-service-85ddc7957b-gs685'}, 'value': [1745997733.871, '0.20885912500000073']}][0m
Querying Prometheus for ts-order-service-latency in deployment ts-order-service
[94m[{'metric': {}, 'value': [1745997734.131, '198.14141539217604']}][0m
Querying Prometheus for ts-order-service-memory in deployment ts-order-service
[94m[{'metric': {'pod': 'ts-order-service-85ddc7957b-gs685'}, 'value': [1745997734.398, '747592362.6666666']}][0m
Querying Prometheus for ts-order-service-workload in deployment ts-order-service
[94m[{'metric': {}, 'value': [1745997734.685, '28.427745654027202']}][0m
Querying Prometheus for ts-payment-service-cpu in deployment ts-payment-service
[94m[{'metric': {'pod': 'ts-payment-service-85c48c8fcb-tplqh'}, 'value': [1745997734.955, '0.006260028677191907']}][0m
Querying Prometheus for ts-payment-service-latency in deployment ts-payment-service
[94m[][0m
Querying Prometheus for ts-payment-service-memory in deployment ts-payment-service
[94m[{'metric': {'pod': 'ts-payment-service-85c48c8fcb-tplqh'}, 'value': [1745997735.488, '614782293.3333334']}][0m
Querying Prometheus for ts-payment-service-workload in deployment ts-payment-service
[94m[][0m
Querying Prometheus for ts-price-service-cpu in deployment ts-price-service
[94m[{'metric': {'pod': 'ts-price-service-85649d648b-5phqb'}, 'value': [1745997736.044, '0.007814367237328725']}][0m
Querying Prometheus for ts-price-service-latency in deployment ts-price-service
[94m[][0m
Querying Prometheus for ts-price-service-memory in deployment ts-price-service
[94m[{'metric': {'pod': 'ts-price-service-85649d648b-5phqb'}, 'value': [1745997736.586, '545475242.6666666']}][0m
Querying Prometheus for ts-price-service-workload in deployment ts-price-service
[94m[][0m
Querying Prometheus for ts-route-service-cpu in deployment ts-route-service
[94m[{'metric': {'pod': 'ts-route-service-644ddf6579-2jc9l'}, 'value': [1745997737.119, '0.2669807406788726']}][0m
Querying Prometheus for ts-route-service-latency in deployment ts-route-service
[94m[{'metric': {}, 'value': [1745997737.365, '2074.0231608729964']}][0m
Querying Prometheus for ts-route-service-memory in deployment ts-route-service
[94m[{'metric': {'pod': 'ts-route-service-644ddf6579-2jc9l'}, 'value': [1745997737.641, '729450496']}][0m
Querying Prometheus for ts-route-service-workload in deployment ts-route-service
[94m[{'metric': {}, 'value': [1745997737.917, '25.97688078381951']}][0m
Querying Prometheus for ts-station-service-cpu in deployment ts-station-service
[94m[{'metric': {'pod': 'ts-station-service-67d84d5cbd-kp45f'}, 'value': [1745997738.183, '0.23574672500000135']}][0m
Querying Prometheus for ts-station-service-latency in deployment ts-station-service
[94m[{'metric': {}, 'value': [1745997738.442, '182.33627099711038']}][0m
Querying Prometheus for ts-station-service-memory in deployment ts-station-service
[94m[{'metric': {'pod': 'ts-station-service-67d84d5cbd-kp45f'}, 'value': [1745997738.711, '732345685.3333334']}][0m
Querying Prometheus for ts-station-service-workload in deployment ts-station-service
[94m[{'metric': {}, 'value': [1745997738.965, '27.00487910350025']}][0m
Querying Prometheus for ts-train-service-cpu in deployment ts-train-service
[94m[{'metric': {'pod': 'ts-train-service-8468c95c56-d9czz'}, 'value': [1745997739.215, '0.00541676000611601']}][0m
Querying Prometheus for ts-train-service-latency in deployment ts-train-service
[94m[][0m
Querying Prometheus for ts-train-service-memory in deployment ts-train-service
[94m[{'metric': {'pod': 'ts-train-service-8468c95c56-d9czz'}, 'value': [1745997739.749, '597086208']}][0m
Querying Prometheus for ts-train-service-workload in deployment ts-train-service
[94m[][0m
Querying Prometheus for ts-travel-service-cpu in deployment ts-travel-service
[94m[{'metric': {'pod': 'ts-travel-service-678679d7b4-qnn9b'}, 'value': [1745997740.272, '0.005774502369196501']}][0m
Querying Prometheus for ts-travel-service-latency in deployment ts-travel-service
[94m[][0m
Querying Prometheus for ts-travel-service-memory in deployment ts-travel-service
[94m[{'metric': {'pod': 'ts-travel-service-678679d7b4-qnn9b'}, 'value': [1745997740.8, '640868352']}][0m
Querying Prometheus for ts-travel-service-workload in deployment ts-travel-service
[94m[][0m
Querying Prometheus for ts-ui-dashboard-cpu in deployment ts-ui-dashboard
[94m[{'metric': {'pod': 'ts-ui-dashboard-5445596dc7-dsgpm'}, 'value': [1745997741.338, '0.28246589736136346']}][0m
Querying Prometheus for ts-ui-dashboard-latency in deployment ts-ui-dashboard
[94m[{'metric': {}, 'value': [1745997741.586, '669.4078947368415']}][0m
Querying Prometheus for ts-ui-dashboard-memory in deployment ts-ui-dashboard
[94m[{'metric': {'pod': 'ts-ui-dashboard-5445596dc7-dsgpm'}, 'value': [1745997741.858, '69346645.33333333']}][0m
Querying Prometheus for ts-ui-dashboard-workload in deployment ts-ui-dashboard
[94m[{'metric': {}, 'value': [1745997742.141, '45.60740740740739']}][0m
Querying Prometheus for ts-user-service-cpu in deployment ts-user-service
[94m[{'metric': {'pod': 'ts-user-service-844b454c75-r56zt'}, 'value': [1745997742.403, '0.007785839139318068']}][0m
Querying Prometheus for ts-user-service-latency in deployment ts-user-service
[94m[][0m
Querying Prometheus for ts-user-service-memory in deployment ts-user-service
[94m[{'metric': {'pod': 'ts-user-service-844b454c75-r56zt'}, 'value': [1745997742.912, '635379712']}][0m
Querying Prometheus for ts-user-service-workload in deployment ts-user-service
[94m[][0m
Recorded metrics at 2025-04-30 07:21:32
[94m[{'metric': {}, 'value': [1745997810.112, '0.04521731363989188']}][0m
[94m[{'metric': {}, 'value': [1745997810.39, '258240512']}][0m
[94m[{'metric': {}, 'value': [1745997810.784, '0.00782766337967477']}][0m
[94m[{'metric': {}, 'value': [1745997811.048, '535453696']}][0m
[94m[{'metric': {}, 'value': [1745997811.449, '0.008007632532441772']}][0m
[94m[{'metric': {}, 'value': [1745997811.727, '495206400']}][0m
[94m[{'metric': {}, 'value': [1745997812.118, '0.007897997971705964']}][0m
[94m[{'metric': {}, 'value': [1745997812.385, '542334976']}][0m
[94m[{'metric': {}, 'value': [1745997812.78, '0.007658836330059885']}][0m
[94m[{'metric': {}, 'value': [1745997813.039, '519540736']}][0m
[94m[{'metric': {}, 'value': [1745997813.422, '0.008306813919106745']}][0m
[94m[{'metric': {}, 'value': [1745997813.679, '517894144']}][0m
[94m[{'metric': {}, 'value': [1745997814.078, '0.009347477678209325']}][0m
[94m[{'metric': {}, 'value': [1745997814.339, '575991808']}][0m
[94m[{'metric': {}, 'value': [1745997814.724, '0.007956075753461977']}][0m
[94m[{'metric': {}, 'value': [1745997814.981, '554999808']}][0m
[94m[{'metric': {}, 'value': [1745997815.364, '0.0044215924196809335']}][0m
[94m[{'metric': {}, 'value': [1745997815.633, '188923904']}][0m
[94m[{'metric': {}, 'value': [1745997816.036, '0.007305405134535264']}][0m
[94m[{'metric': {}, 'value': [1745997816.31, '517062656']}][0m
[94m[{'metric': {}, 'value': [1745997816.71, '0.008024749801875187']}][0m
[94m[{'metric': {}, 'value': [1745997816.978, '516767744']}][0m
[94m[{'metric': {}, 'value': [1745997817.33, '0.009237487615859435']}][0m
[94m[{'metric': {}, 'value': [1745997817.595, '596840448']}][0m
[94m[{'metric': {}, 'value': [1745997817.998, '0.009883506972028576']}][0m
[94m[{'metric': {}, 'value': [1745997818.283, '640061440']}][0m
[94m[{'metric': {}, 'value': [1745997818.669, '0.009875720194339608']}][0m
[94m[{'metric': {}, 'value': [1745997818.935, '563224576']}][0m
[94m[{'metric': {}, 'value': [1745997819.318, '0.012393517224359137']}][0m
[94m[{'metric': {}, 'value': [1745997819.581, '635531264']}][0m
[94m[{'metric': {}, 'value': [1745997819.969, '0.010696594768961365']}][0m
[94m[{'metric': {}, 'value': [1745997820.234, '564629504']}][0m
[94m[{'metric': {}, 'value': [1745997820.626, '0.007995129580301252']}][0m
[94m[{'metric': {}, 'value': [1745997820.891, '550510592']}][0m
[94m[{'metric': {}, 'value': [1745997821.279, '0.010448456767678818']}][0m
[94m[{'metric': {}, 'value': [1745997821.54, '646500352']}][0m
[94m[{'metric': {}, 'value': [1745997821.924, '0.009680913301211545']}][0m
[94m[{'metric': {}, 'value': [1745997822.205, '593719296']}][0m
[94m[{'metric': {}, 'value': [1745997822.591, '0.5924364503165966']}][0m
[94m[{'metric': {}, 'value': [1745997822.848, '1049313280']}][0m
[94m[{'metric': {}, 'value': [1745997823.231, '0.009669168391069452']}][0m
[94m[{'metric': {}, 'value': [1745997823.475, '582467584']}][0m
[94m[{'metric': {}, 'value': [1745997823.853, '0.00430978854750585']}][0m
[94m[{'metric': {}, 'value': [1745997824.113, '48529408']}][0m
[94m[{'metric': {}, 'value': [1745997824.488, '0.009621131492678214']}][0m
[94m[{'metric': {}, 'value': [1745997824.753, '585793536']}][0m
[94m[{'metric': {}, 'value': [1745997825.119, '0.010257721245827033']}][0m
[94m[{'metric': {}, 'value': [1745997825.376, '596762624']}][0m
[94m[{'metric': {}, 'value': [1745997825.776, '0.4039170625592085']}][0m
[94m[{'metric': {}, 'value': [1745997826.027, '753184768']}][0m
[94m[{'metric': {}, 'value': [1745997826.418, '0.009650288758562038']}][0m
[94m[{'metric': {}, 'value': [1745997826.677, '614469632']}][0m
[94m[{'metric': {}, 'value': [1745997827.043, '0.007682611195422542']}][0m
[94m[{'metric': {}, 'value': [1745997827.342, '524251136']}][0m
[94m[{'metric': {}, 'value': [1745997827.728, '0.008263595289506516']}][0m
[94m[{'metric': {}, 'value': [1745997828.005, '514838528']}][0m
[94m[{'metric': {}, 'value': [1745997828.372, '0.009661608959539601']}][0m
[94m[{'metric': {}, 'value': [1745997828.637, '544731136']}][0m
[94m[{'metric': {}, 'value': [1745997829.027, '0.007557730392681679']}][0m
[94m[{'metric': {}, 'value': [1745997829.286, '520552448']}][0m
[94m[{'metric': {}, 'value': [1745997829.672, '0.008436642367066942']}][0m
[94m[{'metric': {}, 'value': [1745997829.934, '555347968']}][0m
[94m[{'metric': {}, 'value': [1745997830.299, '0.44448651928120636']}][0m
[94m[{'metric': {}, 'value': [1745997830.539, '735289344']}][0m
[94m[{'metric': {}, 'value': [1745997830.921, '0.007876646169644489']}][0m
[94m[{'metric': {}, 'value': [1745997831.181, '502251520']}][0m
[94m[{'metric': {}, 'value': [1745997831.55, '0.009571820470855268']}][0m
[94m[{'metric': {}, 'value': [1745997831.815, '594145280']}][0m
[94m[{'metric': {}, 'value': [1745997832.216, '0.00932165117275719']}][0m
[94m[{'metric': {}, 'value': [1745997832.482, '622063616']}][0m
[94m[{'metric': {}, 'value': [1745997832.887, '0.3414126045759459']}][0m
[94m[{'metric': {}, 'value': [1745997833.159, '739672064']}][0m
[94m[{'metric': {}, 'value': [1745997833.564, '0.004556480629387039']}][0m
[94m[{'metric': {}, 'value': [1745997833.83, '93638656']}][0m
[94m[{'metric': {}, 'value': [1745997834.215, '0.01236017777714106']}][0m
[94m[{'metric': {}, 'value': [1745997834.484, '612474880']}][0m
[94m[{'metric': {}, 'value': [1745997834.862, '0.008496159249924237']}][0m
[94m[{'metric': {}, 'value': [1745997835.136, '599445504']}][0m
[94m[{'metric': {}, 'value': [1745997835.521, '0.008326292424953627']}][0m
[94m[{'metric': {}, 'value': [1745997835.79, '511598592']}][0m
[94m[{'metric': {}, 'value': [1745997836.157, '0.008655812327453834']}][0m
[94m[{'metric': {}, 'value': [1745997836.419, '641626112']}][0m
[94m[{'metric': {}, 'value': [1745997836.794, '0.009710072111281696']}][0m
[94m[{'metric': {}, 'value': [1745997837.045, '581881856']}][0m
[94m[{'metric': {}, 'value': [1745997837.42, '0.30324806910486213']}][0m
[94m[{'metric': {}, 'value': [1745997837.691, '68718592']}][0m
[94m[{'metric': {}, 'value': [1745997838.089, '0.009260508208683713']}][0m
[94m[{'metric': {}, 'value': [1745997838.354, '638427136']}][0m
[94m[{'metric': {}, 'value': [1745997838.742, '0.00888250801818636']}][0m
[94m[{'metric': {}, 'value': [1745997838.995, '487555072']}][0m
[94m[{'metric': {}, 'value': [1745997839.379, '0.004959822649807967']}][0m
[94m[{'metric': {}, 'value': [1745997839.652, '68022272']}][0m
[94m[{'metric': {}, 'value': [1745997840.029, '0.008326764285714158']}][0m
[94m[{'metric': {}, 'value': [1745997840.3, '617971712']}][0m
Querying metrics for application: train-ticket
Querying Prometheus for ts-admin-order-service-cpu in deployment ts-admin-order-service
[94m[{'metric': {'pod': 'ts-admin-order-service-559676f59b-kfntj'}, 'value': [1745997840.564, '0.008042477373092919']}][0m
Querying Prometheus for ts-admin-order-service-latency in deployment ts-admin-order-service
[94m[][0m
Querying Prometheus for ts-admin-order-service-memory in deployment ts-admin-order-service
[94m[{'metric': {'pod': 'ts-admin-order-service-559676f59b-kfntj'}, 'value': [1745997841.101, '495683584']}][0m
Querying Prometheus for ts-admin-order-service-workload in deployment ts-admin-order-service
[94m[][0m
Querying Prometheus for ts-admin-route-service-cpu in deployment ts-admin-route-service
[94m[{'metric': {'pod': 'ts-admin-route-service-55f58759d8-tpnrh'}, 'value': [1745997841.599, '0.006056845565143152']}][0m
Querying Prometheus for ts-admin-route-service-latency in deployment ts-admin-route-service
[94m[][0m
Querying Prometheus for ts-admin-route-service-memory in deployment ts-admin-route-service
[94m[{'metric': {'pod': 'ts-admin-route-service-55f58759d8-tpnrh'}, 'value': [1745997842.142, '542304256']}][0m
Querying Prometheus for ts-admin-route-service-workload in deployment ts-admin-route-service
[94m[][0m
Querying Prometheus for ts-auth-service-cpu in deployment ts-auth-service
[94m[{'metric': {'pod': 'ts-auth-service-69db9d9448-cqg2r'}, 'value': [1745997842.685, '0.00781457998691563']}][0m
Querying Prometheus for ts-auth-service-latency in deployment ts-auth-service
[94m[{'metric': {}, 'value': [1745997842.988, 'NaN']}][0m
Querying Prometheus for ts-auth-service-memory in deployment ts-auth-service
[94m[{'metric': {'pod': 'ts-auth-service-69db9d9448-cqg2r'}, 'value': [1745997843.268, '558275242.6666667']}][0m
Querying Prometheus for ts-auth-service-workload in deployment ts-auth-service
[94m[{'metric': {}, 'value': [1745997843.541, '0']}][0m
Querying Prometheus for ts-notification-service-cpu in deployment ts-notification-service
[94m[{'metric': {'pod': 'ts-notification-service-67b587c9bb-lwjhg'}, 'value': [1745997843.807, '0.007979366501528093']}][0m
Querying Prometheus for ts-notification-service-latency in deployment ts-notification-service
[94m[][0m
Querying Prometheus for ts-notification-service-memory in deployment ts-notification-service
[94m[{'metric': {'pod': 'ts-notification-service-67b587c9bb-lwjhg'}, 'value': [1745997844.348, '586076160']}][0m
Querying Prometheus for ts-notification-service-workload in deployment ts-notification-service
[94m[][0m
Querying Prometheus for ts-order-service-cpu in deployment ts-order-service
[94m[{'metric': {'pod': 'ts-order-service-85ddc7957b-gs685'}, 'value': [1745997844.873, '0.3320183028129828']}][0m
Querying Prometheus for ts-order-service-latency in deployment ts-order-service
[94m[{'metric': {}, 'value': [1745997845.139, '143.98773006134974']}][0m
Querying Prometheus for ts-order-service-memory in deployment ts-order-service
[94m[{'metric': {'pod': 'ts-order-service-85ddc7957b-gs685'}, 'value': [1745997845.403, '752118784']}][0m
Querying Prometheus for ts-order-service-workload in deployment ts-order-service
[94m[{'metric': {}, 'value': [1745997845.689, '25.044444444444437']}][0m
Querying Prometheus for ts-payment-service-cpu in deployment ts-payment-service
[94m[{'metric': {'pod': 'ts-payment-service-85c48c8fcb-tplqh'}, 'value': [1745997845.947, '0.005601658595089193']}][0m
Querying Prometheus for ts-payment-service-latency in deployment ts-payment-service
[94m[][0m
Querying Prometheus for ts-payment-service-memory in deployment ts-payment-service
[94m[{'metric': {'pod': 'ts-payment-service-85c48c8fcb-tplqh'}, 'value': [1745997846.484, '614759082.6666666']}][0m
Querying Prometheus for ts-payment-service-workload in deployment ts-payment-service
[94m[][0m
Querying Prometheus for ts-price-service-cpu in deployment ts-price-service
[94m[{'metric': {'pod': 'ts-price-service-85649d648b-5phqb'}, 'value': [1745997847.038, '0.005880918294386009']}][0m
Querying Prometheus for ts-price-service-latency in deployment ts-price-service
[94m[][0m
Querying Prometheus for ts-price-service-memory in deployment ts-price-service
[94m[{'metric': {'pod': 'ts-price-service-85649d648b-5phqb'}, 'value': [1745997847.558, '545073834.6666666']}][0m
Querying Prometheus for ts-price-service-workload in deployment ts-price-service
[94m[][0m
Querying Prometheus for ts-route-service-cpu in deployment ts-route-service
[94m[{'metric': {'pod': 'ts-route-service-644ddf6579-2jc9l'}, 'value': [1745997848.078, '0.3268225325482607']}][0m
Querying Prometheus for ts-route-service-latency in deployment ts-route-service
[94m[{'metric': {}, 'value': [1745997848.344, '750']}][0m
Querying Prometheus for ts-route-service-memory in deployment ts-route-service
[94m[{'metric': {'pod': 'ts-route-service-644ddf6579-2jc9l'}, 'value': [1745997848.624, '735538176']}][0m
Querying Prometheus for ts-route-service-workload in deployment ts-route-service
[94m[{'metric': {}, 'value': [1745997848.895, '24.05555555555555']}][0m
Querying Prometheus for ts-station-service-cpu in deployment ts-station-service
[94m[{'metric': {'pod': 'ts-station-service-67d84d5cbd-kp45f'}, 'value': [1745997849.161, '0.30840340670492655']}][0m
Querying Prometheus for ts-station-service-latency in deployment ts-station-service
[94m[{'metric': {}, 'value': [1745997849.43, '99.04741379310343']}][0m
Querying Prometheus for ts-station-service-memory in deployment ts-station-service
[94m[{'metric': {'pod': 'ts-station-service-67d84d5cbd-kp45f'}, 'value': [1745997849.698, '738711552']}][0m
Querying Prometheus for ts-station-service-workload in deployment ts-station-service
[94m[{'metric': {}, 'value': [1745997849.978, '24.483333333333327']}][0m
Querying Prometheus for ts-train-service-cpu in deployment ts-train-service
[94m[{'metric': {'pod': 'ts-train-service-8468c95c56-d9czz'}, 'value': [1745997850.245, '0.008817818920970315']}][0m
Querying Prometheus for ts-train-service-latency in deployment ts-train-service
[94m[][0m
Querying Prometheus for ts-train-service-memory in deployment ts-train-service
[94m[{'metric': {'pod': 'ts-train-service-8468c95c56-d9czz'}, 'value': [1745997850.79, '599537664']}][0m
Querying Prometheus for ts-train-service-workload in deployment ts-train-service
[94m[][0m
Querying Prometheus for ts-travel-service-cpu in deployment ts-travel-service
[94m[{'metric': {'pod': 'ts-travel-service-678679d7b4-qnn9b'}, 'value': [1745997851.342, '0.007876534906929668']}][0m
Querying Prometheus for ts-travel-service-latency in deployment ts-travel-service
[94m[][0m
Querying Prometheus for ts-travel-service-memory in deployment ts-travel-service
[94m[{'metric': {'pod': 'ts-travel-service-678679d7b4-qnn9b'}, 'value': [1745997851.895, '642594133.3333333']}][0m
Querying Prometheus for ts-travel-service-workload in deployment ts-travel-service
[94m[][0m
Querying Prometheus for ts-ui-dashboard-cpu in deployment ts-ui-dashboard
[94m[{'metric': {'pod': 'ts-ui-dashboard-5445596dc7-dsgpm'}, 'value': [1745997852.437, '0.32592853394899773']}][0m
Querying Prometheus for ts-ui-dashboard-latency in deployment ts-ui-dashboard
[94m[{'metric': {}, 'value': [1745997852.706, '192.40131578947364']}][0m
Querying Prometheus for ts-ui-dashboard-memory in deployment ts-ui-dashboard
[94m[{'metric': {'pod': 'ts-ui-dashboard-5445596dc7-dsgpm'}, 'value': [1745997853.002, '68978005.33333333']}][0m
Querying Prometheus for ts-ui-dashboard-workload in deployment ts-ui-dashboard
[94m[{'metric': {}, 'value': [1745997853.254, '41.23703703703703']}][0m
Querying Prometheus for ts-user-service-cpu in deployment ts-user-service
[94m[{'metric': {'pod': 'ts-user-service-844b454c75-r56zt'}, 'value': [1745997853.511, '0.009164126897516512']}][0m
Querying Prometheus for ts-user-service-latency in deployment ts-user-service
[94m[][0m
Querying Prometheus for ts-user-service-memory in deployment ts-user-service
[94m[{'metric': {'pod': 'ts-user-service-844b454c75-r56zt'}, 'value': [1745997854.063, '637524650.6666667']}][0m
Querying Prometheus for ts-user-service-workload in deployment ts-user-service
[94m[][0m
Recorded metrics at 2025-04-30 07:23:23
[94m[{'metric': {}, 'value': [1745997921.226, '0.04438552888888888']}][0m
[94m[{'metric': {}, 'value': [1745997921.457, '258113536']}][0m
[94m[{'metric': {}, 'value': [1745997921.794, '0.007607122659086123']}][0m
[94m[{'metric': {}, 'value': [1745997922.02, '535867392']}][0m
[94m[{'metric': {}, 'value': [1745997922.37, '0.007694796811841751']}][0m
[94m[{'metric': {}, 'value': [1745997922.602, '494522368']}][0m
[94m[{'metric': {}, 'value': [1745997922.981, '0.007462375175081237']}][0m
[94m[{'metric': {}, 'value': [1745997923.212, '542310400']}][0m
[94m[{'metric': {}, 'value': [1745997923.564, '0.007905355113082966']}][0m
[94m[{'metric': {}, 'value': [1745997923.791, '519680000']}][0m
[94m[{'metric': {}, 'value': [1745997924.137, '0.007930342493340202']}][0m
[94m[{'metric': {}, 'value': [1745997924.38, '518205440']}][0m
[94m[{'metric': {}, 'value': [1745997924.728, '0.008229575928206955']}][0m
[94m[{'metric': {}, 'value': [1745997924.965, '576823296']}][0m
[94m[{'metric': {}, 'value': [1745997925.33, '0.00896684452686273']}][0m
[94m[{'metric': {}, 'value': [1745997925.639, '561954816']}][0m
[94m[{'metric': {}, 'value': [1745997926.015, '0.004535092889810521']}][0m
[94m[{'metric': {}, 'value': [1745997926.295, '188948480']}][0m
[94m[{'metric': {}, 'value': [1745997926.669, '0.0077503796965267754']}][0m
[94m[{'metric': {}, 'value': [1745997926.937, '517771264']}][0m
[94m[{'metric': {}, 'value': [1745997927.303, '0.007889684349761785']}][0m
[94m[{'metric': {}, 'value': [1745997927.577, '516734976']}][0m
[94m[{'metric': {}, 'value': [1745997927.957, '0.008140509487323177']}][0m
[94m[{'metric': {}, 'value': [1745997928.211, '597524480']}][0m
[94m[{'metric': {}, 'value': [1745997928.541, '0.007810039291737978']}][0m
[94m[{'metric': {}, 'value': [1745997928.776, '640188416']}][0m
[94m[{'metric': {}, 'value': [1745997929.102, '0.00812068989841978']}][0m
[94m[{'metric': {}, 'value': [1745997929.329, '562241536']}][0m
[94m[{'metric': {}, 'value': [1745997929.695, '0.010965185198306469']}][0m
[94m[{'metric': {}, 'value': [1745997929.979, '635604992']}][0m
[94m[{'metric': {}, 'value': [1745997930.294, '0.008596516711274751']}][0m
[94m[{'metric': {}, 'value': [1745997930.511, '566272000']}][0m
[94m[{'metric': {}, 'value': [1745997930.848, '0.007742876635740197']}][0m
[94m[{'metric': {}, 'value': [1745997931.081, '549380096']}][0m
[94m[{'metric': {}, 'value': [1745997931.433, '0.008315681802116276']}][0m
[94m[{'metric': {}, 'value': [1745997931.691, '646672384']}][0m
[94m[{'metric': {}, 'value': [1745997932.074, '0.008309306992236108']}][0m
[94m[{'metric': {}, 'value': [1745997932.354, '595664896']}][0m
[94m[{'metric': {}, 'value': [1745997932.725, '0.5830332315794041']}][0m
[94m[{'metric': {}, 'value': [1745997932.982, '1052573696']}][0m
[94m[{'metric': {}, 'value': [1745997933.355, '0.007891750326627207']}][0m
[94m[{'metric': {}, 'value': [1745997933.619, '581758976']}][0m
[94m[{'metric': {}, 'value': [1745997933.995, '0.0039582398589936745']}][0m
[94m[{'metric': {}, 'value': [1745997934.24, '48541696']}][0m
[94m[{'metric': {}, 'value': [1745997934.61, '0.0077556016960443844']}][0m
[94m[{'metric': {}, 'value': [1745997934.871, '586076160']}][0m
[94m[{'metric': {}, 'value': [1745997935.25, '0.008995746546810068']}][0m
[94m[{'metric': {}, 'value': [1745997935.514, '595767296']}][0m
[94m[{'metric': {}, 'value': [1745997935.901, '0.3781744452280557']}][0m
[94m[{'metric': {}, 'value': [1745997936.163, '753348608']}][0m
[94m[{'metric': {}, 'value': [1745997936.529, '0.007150242499999978']}][0m
[94m[{'metric': {}, 'value': [1745997936.761, '615456768']}][0m
[94m[{'metric': {}, 'value': [1745997937.131, '0.007805443759383021']}][0m
[94m[{'metric': {}, 'value': [1745997937.402, '524066816']}][0m
[94m[{'metric': {}, 'value': [1745997937.78, '0.007767519698304166']}][0m
[94m[{'metric': {}, 'value': [1745997938.035, '515510272']}][0m
[94m[{'metric': {}, 'value': [1745997938.474, '0.008366229747337377']}][0m
[94m[{'metric': {}, 'value': [1745997938.736, '545947648']}][0m
[94m[{'metric': {}, 'value': [1745997939.135, '0.007890204881524997']}][0m
[94m[{'metric': {}, 'value': [1745997939.381, '520351744']}][0m
[94m[{'metric': {}, 'value': [1745997939.754, '0.00742197796211666']}][0m
[94m[{'metric': {}, 'value': [1745997940.017, '555945984']}][0m
[94m[{'metric': {}, 'value': [1745997940.36, '0.45590523313018066']}][0m
[94m[{'metric': {}, 'value': [1745997940.585, '737914880']}][0m
[94m[{'metric': {}, 'value': [1745997940.939, '0.008014395197297401']}][0m
[94m[{'metric': {}, 'value': [1745997941.204, '503406592']}][0m
[94m[{'metric': {}, 'value': [1745997941.612, '0.008515067961833302']}][0m
[94m[{'metric': {}, 'value': [1745997941.883, '594300928']}][0m
[94m[{'metric': {}, 'value': [1745997942.258, '0.007674318292954156']}][0m
[94m[{'metric': {}, 'value': [1745997942.485, '622145536']}][0m
[94m[{'metric': {}, 'value': [1745997942.824, '0.3666059267177797']}][0m
[94m[{'metric': {}, 'value': [1745997943.023, '748253184']}][0m
[94m[{'metric': {}, 'value': [1745997943.349, '0.004327805696358799']}][0m
[94m[{'metric': {}, 'value': [1745997943.588, '92884992']}][0m
[94m[{'metric': {}, 'value': [1745997943.945, '0.009614333068806661']}][0m
[94m[{'metric': {}, 'value': [1745997944.175, '612278272']}][0m
[94m[{'metric': {}, 'value': [1745997944.494, '0.008185591164678964']}][0m
[94m[{'metric': {}, 'value': [1745997944.714, '594239488']}][0m
[94m[{'metric': {}, 'value': [1745997945.06, '0.007913918454111967']}][0m
[94m[{'metric': {}, 'value': [1745997945.301, '505380864']}][0m
[94m[{'metric': {}, 'value': [1745997945.655, '0.009014311226017343']}][0m
[94m[{'metric': {}, 'value': [1745997945.861, '638033920']}][0m
[94m[{'metric': {}, 'value': [1745997946.187, '0.008701235383449886']}][0m
[94m[{'metric': {}, 'value': [1745997946.42, '583548928']}][0m
[94m[{'metric': {}, 'value': [1745997946.742, '0.3175315122828544']}][0m
[94m[{'metric': {}, 'value': [1745997946.962, '68337664']}][0m
[94m[{'metric': {}, 'value': [1745997947.35, '0.009937193870310038']}][0m
[94m[{'metric': {}, 'value': [1745997947.626, '640921600']}][0m
[94m[{'metric': {}, 'value': [1745997948.013, '0.008155741298892755']}][0m
[94m[{'metric': {}, 'value': [1745997948.293, '488546304']}][0m
[94m[{'metric': {}, 'value': [1745997948.658, '0.0048832936471871384']}][0m
[94m[{'metric': {}, 'value': [1745997948.912, '69070848']}][0m
[94m[{'metric': {}, 'value': [1745997949.287, '0.009176657733145514']}][0m
[94m[{'metric': {}, 'value': [1745997950.268, '613928960']}][0m
Querying metrics for application: train-ticket
Querying Prometheus for ts-admin-order-service-cpu in deployment ts-admin-order-service
[94m[{'metric': {'pod': 'ts-admin-order-service-559676f59b-kfntj'}, 'value': [1745997951.168, '0.005500065030711897']}][0m
Querying Prometheus for ts-admin-order-service-latency in deployment ts-admin-order-service
[94m[][0m
Querying Prometheus for ts-admin-order-service-memory in deployment ts-admin-order-service
[94m[{'metric': {'pod': 'ts-admin-order-service-559676f59b-kfntj'}, 'value': [1745997952.774, '494841856']}][0m
Querying Prometheus for ts-admin-order-service-workload in deployment ts-admin-order-service
[94m[][0m
Querying Prometheus for ts-admin-route-service-cpu in deployment ts-admin-route-service
[94m[{'metric': {'pod': 'ts-admin-route-service-55f58759d8-tpnrh'}, 'value': [1745997953.21, '0.006499210167300754']}][0m
Querying Prometheus for ts-admin-route-service-latency in deployment ts-admin-route-service
[94m[][0m
Querying Prometheus for ts-admin-route-service-memory in deployment ts-admin-route-service
[94m[{'metric': {'pod': 'ts-admin-route-service-55f58759d8-tpnrh'}, 'value': [1745997953.686, '542391296']}][0m
Querying Prometheus for ts-admin-route-service-workload in deployment ts-admin-route-service
[94m[][0m
Querying Prometheus for ts-auth-service-cpu in deployment ts-auth-service
[94m[{'metric': {'pod': 'ts-auth-service-69db9d9448-cqg2r'}, 'value': [1745997954.163, '0.008759609669110414']}][0m
Querying Prometheus for ts-auth-service-latency in deployment ts-auth-service
[94m[{'metric': {}, 'value': [1745997954.415, 'NaN']}][0m
Querying Prometheus for ts-auth-service-memory in deployment ts-auth-service
[94m[{'metric': {'pod': 'ts-auth-service-69db9d9448-cqg2r'}, 'value': [1745997954.669, '562070528']}][0m
Querying Prometheus for ts-auth-service-workload in deployment ts-auth-service
[94m[{'metric': {}, 'value': [1745997954.937, '0']}][0m
Querying Prometheus for ts-notification-service-cpu in deployment ts-notification-service
[94m[{'metric': {'pod': 'ts-notification-service-67b587c9bb-lwjhg'}, 'value': [1745997955.216, '0.007407072422123646']}][0m
Querying Prometheus for ts-notification-service-latency in deployment ts-notification-service
[94m[][0m
Querying Prometheus for ts-notification-service-memory in deployment ts-notification-service
[94m[{'metric': {'pod': 'ts-notification-service-67b587c9bb-lwjhg'}, 'value': [1745997955.75, '586219520']}][0m
Querying Prometheus for ts-notification-service-workload in deployment ts-notification-service
[94m[][0m
Querying Prometheus for ts-order-service-cpu in deployment ts-order-service
[94m[{'metric': {'pod': 'ts-order-service-85ddc7957b-gs685'}, 'value': [1745997956.311, '0.3031860804900519']}][0m
Querying Prometheus for ts-order-service-latency in deployment ts-order-service
[94m[{'metric': {}, 'value': [1745997956.591, '23.958737864077683']}][0m
Querying Prometheus for ts-order-service-memory in deployment ts-order-service
[94m[{'metric': {'pod': 'ts-order-service-85ddc7957b-gs685'}, 'value': [1745997956.854, '753343488']}][0m
Querying Prometheus for ts-order-service-workload in deployment ts-order-service
[94m[{'metric': {}, 'value': [1745997957.117, '22.144444444444442']}][0m
Querying Prometheus for ts-payment-service-cpu in deployment ts-payment-service
[94m[{'metric': {'pod': 'ts-payment-service-85c48c8fcb-tplqh'}, 'value': [1745997957.396, '0.00715025532107227']}][0m
Querying Prometheus for ts-payment-service-latency in deployment ts-payment-service
[94m[][0m
Querying Prometheus for ts-payment-service-memory in deployment ts-payment-service
[94m[{'metric': {'pod': 'ts-payment-service-85c48c8fcb-tplqh'}, 'value': [1745997957.92, '615638016']}][0m
Querying Prometheus for ts-payment-service-workload in deployment ts-payment-service
[94m[][0m
Querying Prometheus for ts-price-service-cpu in deployment ts-price-service
[94m[{'metric': {'pod': 'ts-price-service-85649d648b-5phqb'}, 'value': [1745997958.442, '0.007677069676718635']}][0m
Querying Prometheus for ts-price-service-latency in deployment ts-price-service
[94m[][0m
Querying Prometheus for ts-price-service-memory in deployment ts-price-service
[94m[{'metric': {'pod': 'ts-price-service-85649d648b-5phqb'}, 'value': [1745997958.983, '545985877.3333333']}][0m
Querying Prometheus for ts-price-service-workload in deployment ts-price-service
[94m[][0m
Querying Prometheus for ts-route-service-cpu in deployment ts-route-service
[94m[{'metric': {'pod': 'ts-route-service-644ddf6579-2jc9l'}, 'value': [1745997959.545, '0.36876718168600947']}][0m
Querying Prometheus for ts-route-service-latency in deployment ts-route-service
[94m[{'metric': {}, 'value': [1745997959.813, '73.5964912280701']}][0m
Querying Prometheus for ts-route-service-memory in deployment ts-route-service
[94m[{'metric': {'pod': 'ts-route-service-644ddf6579-2jc9l'}, 'value': [1745997960.09, '738757632']}][0m
Querying Prometheus for ts-route-service-workload in deployment ts-route-service
[94m[{'metric': {}, 'value': [1745997960.373, '21.911111111111108']}][0m
Querying Prometheus for ts-station-service-cpu in deployment ts-station-service
[94m[{'metric': {'pod': 'ts-station-service-67d84d5cbd-kp45f'}, 'value': [1745997960.63, '0.27334706469282666']}][0m
Querying Prometheus for ts-station-service-latency in deployment ts-station-service
[94m[{'metric': {}, 'value': [1745997960.879, '22.119669876203602']}][0m
Querying Prometheus for ts-station-service-memory in deployment ts-station-service
[94m[{'metric': {'pod': 'ts-station-service-67d84d5cbd-kp45f'}, 'value': [1745997961.138, '746617514.6666666']}][0m
Querying Prometheus for ts-station-service-workload in deployment ts-station-service
[94m[{'metric': {}, 'value': [1745997961.413, '20.333333333333332']}][0m
Querying Prometheus for ts-train-service-cpu in deployment ts-train-service
[94m[{'metric': {'pod': 'ts-train-service-8468c95c56-d9czz'}, 'value': [1745997961.669, '0.008154611644092678']}][0m
Querying Prometheus for ts-train-service-latency in deployment ts-train-service
[94m[][0m
Querying Prometheus for ts-train-service-memory in deployment ts-train-service
[94m[{'metric': {'pod': 'ts-train-service-8468c95c56-d9czz'}, 'value': [1745997962.196, '594762410.6666666']}][0m
Querying Prometheus for ts-train-service-workload in deployment ts-train-service
[94m[][0m
Querying Prometheus for ts-travel-service-cpu in deployment ts-travel-service
[94m[{'metric': {'pod': 'ts-travel-service-678679d7b4-qnn9b'}, 'value': [1745997962.728, '0.009174316883286375']}][0m
Querying Prometheus for ts-travel-service-latency in deployment ts-travel-service
[94m[][0m
Querying Prometheus for ts-travel-service-memory in deployment ts-travel-service
[94m[{'metric': {'pod': 'ts-travel-service-678679d7b4-qnn9b'}, 'value': [1745997963.258, '639472640']}][0m
Querying Prometheus for ts-travel-service-workload in deployment ts-travel-service
[94m[][0m
Querying Prometheus for ts-ui-dashboard-cpu in deployment ts-ui-dashboard
[94m[{'metric': {'pod': 'ts-ui-dashboard-5445596dc7-dsgpm'}, 'value': [1745997963.812, '0.3039757230836901']}][0m
Querying Prometheus for ts-ui-dashboard-latency in deployment ts-ui-dashboard
[94m[{'metric': {}, 'value': [1745997964.093, '46.70511221945138']}][0m
Querying Prometheus for ts-ui-dashboard-memory in deployment ts-ui-dashboard
[94m[{'metric': {'pod': 'ts-ui-dashboard-5445596dc7-dsgpm'}, 'value': [1745997964.355, '68803242.66666666']}][0m
Querying Prometheus for ts-ui-dashboard-workload in deployment ts-ui-dashboard
[94m[{'metric': {}, 'value': [1745997964.638, '35.785185185185185']}][0m
Querying Prometheus for ts-user-service-cpu in deployment ts-user-service
[94m[{'metric': {'pod': 'ts-user-service-844b454c75-r56zt'}, 'value': [1745997964.906, '0.005102767244679765']}][0m
Querying Prometheus for ts-user-service-latency in deployment ts-user-service
[94m[][0m
Querying Prometheus for ts-user-service-memory in deployment ts-user-service
[94m[{'metric': {'pod': 'ts-user-service-844b454c75-r56zt'}, 'value': [1745997965.458, '641771520']}][0m
Querying Prometheus for ts-user-service-workload in deployment ts-user-service
[94m[][0m
Recorded metrics at 2025-04-30 07:25:14
[94m[{'metric': {}, 'value': [1745998032.762, '0.05215128334030576']}][0m
[94m[{'metric': {}, 'value': [1745998033.052, '258502656']}][0m
[94m[{'metric': {}, 'value': [1745998033.441, '0.008147568744175689']}][0m
[94m[{'metric': {}, 'value': [1745998033.699, '537542656']}][0m
[94m[{'metric': {}, 'value': [1745998034.109, '0.008035205344637192']}][0m
[94m[{'metric': {}, 'value': [1745998034.397, '495648768']}][0m
[94m[{'metric': {}, 'value': [1745998034.784, '0.00763431962070727']}][0m
[94m[{'metric': {}, 'value': [1745998035.058, '545013760']}][0m
[94m[{'metric': {}, 'value': [1745998035.445, '0.008306475980879474']}][0m
[94m[{'metric': {}, 'value': [1745998035.721, '520572928']}][0m
[94m[{'metric': {}, 'value': [1745998036.069, '0.007955389073760814']}][0m
[94m[{'metric': {}, 'value': [1745998036.281, '519716864']}][0m
[94m[{'metric': {}, 'value': [1745998036.615, '0.007765590929259712']}][0m
[94m[{'metric': {}, 'value': [1745998036.854, '577064960']}][0m
[94m[{'metric': {}, 'value': [1745998037.191, '0.009647565743968921']}][0m
[94m[{'metric': {}, 'value': [1745998037.411, '562487296']}][0m
[94m[{'metric': {}, 'value': [1745998037.771, '0.004488762269949659']}][0m
[94m[{'metric': {}, 'value': [1745998038.007, '189177856']}][0m
[94m[{'metric': {}, 'value': [1745998038.393, '0.007506479922642822']}][0m
[94m[{'metric': {}, 'value': [1745998038.666, '520237056']}][0m
[94m[{'metric': {}, 'value': [1745998039.056, '0.00816027056823081']}][0m
[94m[{'metric': {}, 'value': [1745998039.318, '517521408']}][0m
[94m[{'metric': {}, 'value': [1745998039.691, '0.00799916151615451']}][0m
[94m[{'metric': {}, 'value': [1745998039.964, '598769664']}][0m
[94m[{'metric': {}, 'value': [1745998040.344, '0.008185103335667562']}][0m
[94m[{'metric': {}, 'value': [1745998040.609, '640856064']}][0m
[94m[{'metric': {}, 'value': [1745998040.984, '0.007787823879509822']}][0m
[94m[{'metric': {}, 'value': [1745998041.247, '563490816']}][0m
[94m[{'metric': {}, 'value': [1745998041.617, '0.007250862847793124']}][0m
[94m[{'metric': {}, 'value': [1745998041.859, '635179008']}][0m
[94m[{'metric': {}, 'value': [1745998042.182, '0.008138348980113362']}][0m
[94m[{'metric': {}, 'value': [1745998042.868, '567070720']}][0m
[94m[{'metric': {}, 'value': [1745998044.773, '0.007686588085651797']}][0m
[94m[{'metric': {}, 'value': [1745998045.277, '551645184']}][0m
[94m[{'metric': {}, 'value': [1745998045.668, '0.008469914337588624']}][0m
[94m[{'metric': {}, 'value': [1745998045.923, '647397376']}][0m
[94m[{'metric': {}, 'value': [1745998046.294, '0.00833936757791566']}][0m
[94m[{'metric': {}, 'value': [1745998046.551, '595722240']}][0m
[94m[{'metric': {}, 'value': [1745998046.902, '0.5393333768700185']}][0m
[94m[{'metric': {}, 'value': [1745998047.149, '1057390592']}][0m
[94m[{'metric': {}, 'value': [1745998047.537, '0.008090591324571253']}][0m
[94m[{'metric': {}, 'value': [1745998047.807, '582778880']}][0m
[94m[{'metric': {}, 'value': [1745998048.174, '0.004187878191567864']}][0m
[94m[{'metric': {}, 'value': [1745998048.421, '48717824']}][0m
[94m[{'metric': {}, 'value': [1745998048.811, '0.008191785826306645']}][0m
[94m[{'metric': {}, 'value': [1745998049.076, '586166272']}][0m
[94m[{'metric': {}, 'value': [1745998049.461, '0.008389989678145774']}][0m
[94m[{'metric': {}, 'value': [1745998049.736, '596959232']}][0m
[94m[{'metric': {}, 'value': [1745998050.131, '0.3342366978158842']}][0m
[94m[{'metric': {}, 'value': [1745998050.421, '747814912']}][0m
[94m[{'metric': {}, 'value': [1745998050.809, '0.007994554149681608']}][0m
[94m[{'metric': {}, 'value': [1745998051.068, '615882752']}][0m
[94m[{'metric': {}, 'value': [1745998051.481, '0.00823476481892357']}][0m
[94m[{'metric': {}, 'value': [1745998051.757, '523948032']}][0m
[94m[{'metric': {}, 'value': [1745998052.158, '0.008383721765618869']}][0m
[94m[{'metric': {}, 'value': [1745998052.433, '516251648']}][0m
[94m[{'metric': {}, 'value': [1745998052.823, '0.00788690411506116']}][0m
[94m[{'metric': {}, 'value': [1745998053.101, '545660928']}][0m
[94m[{'metric': {}, 'value': [1745998053.513, '0.007869319433907123']}][0m
[94m[{'metric': {}, 'value': [1745998053.767, '521310208']}][0m
[94m[{'metric': {}, 'value': [1745998054.137, '0.0076167157068176465']}][0m
[94m[{'metric': {}, 'value': [1745998054.429, '556896256']}][0m
[94m[{'metric': {}, 'value': [1745998054.838, '0.3849946314371616']}][0m
[94m[{'metric': {}, 'value': [1745998055.096, '739876864']}][0m
[94m[{'metric': {}, 'value': [1745998055.506, '0.007982234848729336']}][0m
[94m[{'metric': {}, 'value': [1745998055.781, '503939072']}][0m
[94m[{'metric': {}, 'value': [1745998056.18, '0.008070270463369321']}][0m
[94m[{'metric': {}, 'value': [1745998056.449, '594563072']}][0m
[94m[{'metric': {}, 'value': [1745998056.849, '0.007920981722598081']}][0m
[94m[{'metric': {}, 'value': [1745998057.126, '622247936']}][0m
[94m[{'metric': {}, 'value': [1745998057.473, '0.3174437185118835']}][0m
[94m[{'metric': {}, 'value': [1745998057.748, '741900288']}][0m
[94m[{'metric': {}, 'value': [1745998058.139, '0.004205241777517391']}][0m
[94m[{'metric': {}, 'value': [1745998058.413, '93032448']}][0m
[94m[{'metric': {}, 'value': [1745998058.8, '0.008203652851174621']}][0m
[94m[{'metric': {}, 'value': [1745998059.059, '612462592']}][0m
[94m[{'metric': {}, 'value': [1745998059.467, '0.00938564230786402']}][0m
[94m[{'metric': {}, 'value': [1745998059.741, '593649664']}][0m
[94m[{'metric': {}, 'value': [1745998060.122, '0.00838216520277495']}][0m
[94m[{'metric': {}, 'value': [1745998060.357, '504487936']}][0m
[94m[{'metric': {}, 'value': [1745998060.707, '0.0093216924434153']}][0m
[94m[{'metric': {}, 'value': [1745998060.942, '637005824']}][0m
[94m[{'metric': {}, 'value': [1745998061.284, '0.007914350961014817']}][0m
[94m[{'metric': {}, 'value': [1745998061.51, '581967872']}][0m
[94m[{'metric': {}, 'value': [1745998061.857, '0.3064354291019543']}][0m
[94m[{'metric': {}, 'value': [1745998062.086, '67608576']}][0m
[94m[{'metric': {}, 'value': [1745998062.426, '0.012717965298767635']}][0m
[94m[{'metric': {}, 'value': [1745998062.679, '647393280']}][0m
[94m[{'metric': {}, 'value': [1745998063.051, '0.008435292435280678']}][0m
[94m[{'metric': {}, 'value': [1745998063.279, '495112192']}][0m
[94m[{'metric': {}, 'value': [1745998063.633, '0.0044784574806601704']}][0m
[94m[{'metric': {}, 'value': [1745998063.876, '64536576']}][0m
[94m[{'metric': {}, 'value': [1745998064.26, '0.009317528249022423']}][0m
[94m[{'metric': {}, 'value': [1745998064.542, '615182336']}][0m
Querying metrics for application: train-ticket
Querying Prometheus for ts-admin-order-service-cpu in deployment ts-admin-order-service
[94m[{'metric': {'pod': 'ts-admin-order-service-559676f59b-kfntj'}, 'value': [1745998064.798, '0.0076363714778598935']}][0m
Querying Prometheus for ts-admin-order-service-latency in deployment ts-admin-order-service
[94m[][0m
Querying Prometheus for ts-admin-order-service-memory in deployment ts-admin-order-service
[94m[{'metric': {'pod': 'ts-admin-order-service-559676f59b-kfntj'}, 'value': [1745998065.348, '495990101.3333334']}][0m
Querying Prometheus for ts-admin-order-service-workload in deployment ts-admin-order-service
[94m[][0m
Querying Prometheus for ts-admin-route-service-cpu in deployment ts-admin-route-service
[94m[{'metric': {'pod': 'ts-admin-route-service-55f58759d8-tpnrh'}, 'value': [1745998065.881, '0.0059670752937382165']}][0m
Querying Prometheus for ts-admin-route-service-latency in deployment ts-admin-route-service
[94m[][0m
Querying Prometheus for ts-admin-route-service-memory in deployment ts-admin-route-service
[94m[{'metric': {'pod': 'ts-admin-route-service-55f58759d8-tpnrh'}, 'value': [1745998066.423, '545065642.6666666']}][0m
Querying Prometheus for ts-admin-route-service-workload in deployment ts-admin-route-service
[94m[][0m
Querying Prometheus for ts-auth-service-cpu in deployment ts-auth-service
[94m[{'metric': {'pod': 'ts-auth-service-69db9d9448-cqg2r'}, 'value': [1745998066.954, '0.008589051229888338']}][0m
Querying Prometheus for ts-auth-service-latency in deployment ts-auth-service
[94m[{'metric': {}, 'value': [1745998067.173, 'NaN']}][0m
Querying Prometheus for ts-auth-service-memory in deployment ts-auth-service
[94m[{'metric': {'pod': 'ts-auth-service-69db9d9448-cqg2r'}, 'value': [1745998067.4, '560874837.3333333']}][0m
Querying Prometheus for ts-auth-service-workload in deployment ts-auth-service
[94m[{'metric': {}, 'value': [1745998067.662, '0']}][0m
Querying Prometheus for ts-notification-service-cpu in deployment ts-notification-service
[94m[{'metric': {'pod': 'ts-notification-service-67b587c9bb-lwjhg'}, 'value': [1745998067.926, '0.006362910496366078']}][0m
Querying Prometheus for ts-notification-service-latency in deployment ts-notification-service
[94m[][0m
Querying Prometheus for ts-notification-service-memory in deployment ts-notification-service
[94m[{'metric': {'pod': 'ts-notification-service-67b587c9bb-lwjhg'}, 'value': [1745998068.471, '585998336']}][0m
Querying Prometheus for ts-notification-service-workload in deployment ts-notification-service
[94m[][0m
Querying Prometheus for ts-order-service-cpu in deployment ts-order-service
[94m[{'metric': {'pod': 'ts-order-service-85ddc7957b-gs685'}, 'value': [1745998068.971, '0.16578250000000025']}][0m
Querying Prometheus for ts-order-service-latency in deployment ts-order-service
[94m[{'metric': {}, 'value': [1745998069.257, '23.143009605122735']}][0m
Querying Prometheus for ts-order-service-memory in deployment ts-order-service
[94m[{'metric': {'pod': 'ts-order-service-85ddc7957b-gs685'}, 'value': [1745998069.511, '747873621.3333334']}][0m
Querying Prometheus for ts-order-service-workload in deployment ts-order-service
[94m[{'metric': {}, 'value': [1745998069.792, '16.944444444444443']}][0m
Querying Prometheus for ts-payment-service-cpu in deployment ts-payment-service
[94m[{'metric': {'pod': 'ts-payment-service-85c48c8fcb-tplqh'}, 'value': [1745998070.06, '0.00496674289264921']}][0m
Querying Prometheus for ts-payment-service-latency in deployment ts-payment-service
[94m[][0m
Querying Prometheus for ts-payment-service-memory in deployment ts-payment-service
[94m[{'metric': {'pod': 'ts-payment-service-85c48c8fcb-tplqh'}, 'value': [1745998070.571, '615996074.6666666']}][0m
Querying Prometheus for ts-payment-service-workload in deployment ts-payment-service
[94m[][0m
Querying Prometheus for ts-price-service-cpu in deployment ts-price-service
[94m[{'metric': {'pod': 'ts-price-service-85649d648b-5phqb'}, 'value': [1745998071.098, '0.006760631401361628']}][0m
Querying Prometheus for ts-price-service-latency in deployment ts-price-service
[94m[][0m
Querying Prometheus for ts-price-service-memory in deployment ts-price-service
[94m[{'metric': {'pod': 'ts-price-service-85649d648b-5phqb'}, 'value': [1745998071.624, '545946282.6666666']}][0m
Querying Prometheus for ts-price-service-workload in deployment ts-price-service
[94m[][0m
Querying Prometheus for ts-route-service-cpu in deployment ts-route-service
[94m[{'metric': {'pod': 'ts-route-service-644ddf6579-2jc9l'}, 'value': [1745998072.079, '0.22208689929800052']}][0m
Querying Prometheus for ts-route-service-latency in deployment ts-route-service
[94m[{'metric': {}, 'value': [1745998072.312, '48.852683461117195']}][0m
Querying Prometheus for ts-route-service-memory in deployment ts-route-service
[94m[{'metric': {'pod': 'ts-route-service-644ddf6579-2jc9l'}, 'value': [1745998072.579, '739782656']}][0m
Querying Prometheus for ts-route-service-workload in deployment ts-route-service
[94m[{'metric': {}, 'value': [1745998072.832, '16.455555555555556']}][0m
Querying Prometheus for ts-station-service-cpu in deployment ts-station-service
[94m[{'metric': {'pod': 'ts-station-service-67d84d5cbd-kp45f'}, 'value': [1745998073.061, '0.2557134156908371']}][0m
Querying Prometheus for ts-station-service-latency in deployment ts-station-service
[94m[{'metric': {}, 'value': [1745998073.281, '22.398354876615734']}][0m
Querying Prometheus for ts-station-service-memory in deployment ts-station-service
[94m[{'metric': {'pod': 'ts-station-service-67d84d5cbd-kp45f'}, 'value': [1745998073.536, '743237632']}][0m
Querying Prometheus for ts-station-service-workload in deployment ts-station-service
[94m[{'metric': {}, 'value': [1745998073.784, '17.59444444444444']}][0m
Querying Prometheus for ts-train-service-cpu in deployment ts-train-service
[94m[{'metric': {'pod': 'ts-train-service-8468c95c56-d9czz'}, 'value': [1745998074.047, '0.008529541284403091']}][0m
Querying Prometheus for ts-train-service-latency in deployment ts-train-service
[94m[][0m
Querying Prometheus for ts-train-service-memory in deployment ts-train-service
[94m[{'metric': {'pod': 'ts-train-service-8468c95c56-d9czz'}, 'value': [1745998074.578, '593523712']}][0m
Querying Prometheus for ts-train-service-workload in deployment ts-train-service
[94m[][0m
Querying Prometheus for ts-travel-service-cpu in deployment ts-travel-service
[94m[{'metric': {'pod': 'ts-travel-service-678679d7b4-qnn9b'}, 'value': [1745998075.084, '0.008217605528656472']}][0m
Querying Prometheus for ts-travel-service-latency in deployment ts-travel-service
[94m[][0m
Querying Prometheus for ts-travel-service-memory in deployment ts-travel-service
[94m[{'metric': {'pod': 'ts-travel-service-678679d7b4-qnn9b'}, 'value': [1745998075.587, '636475392']}][0m
Querying Prometheus for ts-travel-service-workload in deployment ts-travel-service
[94m[][0m
Querying Prometheus for ts-ui-dashboard-cpu in deployment ts-ui-dashboard
[94m[{'metric': {'pod': 'ts-ui-dashboard-5445596dc7-dsgpm'}, 'value': [1745998076.015, '0.2614317233154439']}][0m
Querying Prometheus for ts-ui-dashboard-latency in deployment ts-ui-dashboard
[94m[{'metric': {}, 'value': [1745998076.251, '40.62404870624048']}][0m
Querying Prometheus for ts-ui-dashboard-memory in deployment ts-ui-dashboard
[94m[{'metric': {'pod': 'ts-ui-dashboard-5445596dc7-dsgpm'}, 'value': [1745998076.478, '67534848']}][0m
Querying Prometheus for ts-ui-dashboard-workload in deployment ts-ui-dashboard
[94m[{'metric': {}, 'value': [1745998076.724, '27.88148148148148']}][0m
Querying Prometheus for ts-user-service-cpu in deployment ts-user-service
[94m[{'metric': {'pod': 'ts-user-service-844b454c75-r56zt'}, 'value': [1745998076.941, '0.007962011688711194']}][0m
Querying Prometheus for ts-user-service-latency in deployment ts-user-service
[94m[][0m
Querying Prometheus for ts-user-service-memory in deployment ts-user-service
[94m[{'metric': {'pod': 'ts-user-service-844b454c75-r56zt'}, 'value': [1745998077.361, '646212266.6666666']}][0m
Querying Prometheus for ts-user-service-workload in deployment ts-user-service
[94m[][0m
Recorded metrics at 2025-04-30 07:27:05
[94m[{'metric': {}, 'value': [1745998144.663, '0.04401152783636879']}][0m
[94m[{'metric': {}, 'value': [1745998144.957, '258506752']}][0m
[94m[{'metric': {}, 'value': [1745998145.368, '0.00787446422890079']}][0m
[94m[{'metric': {}, 'value': [1745998145.64, '537153536']}][0m
[94m[{'metric': {}, 'value': [1745998146.028, '0.007604906085434452']}][0m
[94m[{'metric': {}, 'value': [1745998146.29, '495661056']}][0m
[94m[{'metric': {}, 'value': [1745998146.684, '0.007660830324909753']}][0m
[94m[{'metric': {}, 'value': [1745998146.961, '545042432']}][0m
[94m[{'metric': {}, 'value': [1745998147.344, '0.007823622472328368']}][0m
[94m[{'metric': {}, 'value': [1745998147.608, '520822784']}][0m
[94m[{'metric': {}, 'value': [1745998147.999, '0.008147523878621134']}][0m
[94m[{'metric': {}, 'value': [1745998148.266, '519237632']}][0m
[94m[{'metric': {}, 'value': [1745998148.653, '0.00792030005861088']}][0m
[94m[{'metric': {}, 'value': [1745998148.94, '577368064']}][0m
[94m[{'metric': {}, 'value': [1745998149.325, '0.009570835389495873']}][0m
[94m[{'metric': {}, 'value': [1745998149.585, '555638784']}][0m
[94m[{'metric': {}, 'value': [1745998149.925, '0.0043425603630216445']}][0m
[94m[{'metric': {}, 'value': [1745998150.155, '189194240']}][0m
[94m[{'metric': {}, 'value': [1745998150.48, '0.007767049034342776']}][0m
[94m[{'metric': {}, 'value': [1745998150.71, '520298496']}][0m
[94m[{'metric': {}, 'value': [1745998151.018, '0.007774540438588939']}][0m
[94m[{'metric': {}, 'value': [1745998151.246, '517693440']}][0m
[94m[{'metric': {}, 'value': [1745998151.595, '0.007848642604165597']}][0m
[94m[{'metric': {}, 'value': [1745998151.841, '598802432']}][0m
[94m[{'metric': {}, 'value': [1745998152.241, '0.00779994902881679']}][0m
[94m[{'metric': {}, 'value': [1745998152.498, '640999424']}][0m
[94m[{'metric': {}, 'value': [1745998152.886, '0.008247432222722931']}][0m
[94m[{'metric': {}, 'value': [1745998153.16, '564436992']}][0m
[94m[{'metric': {}, 'value': [1745998153.545, '0.0074839523360102295']}][0m
[94m[{'metric': {}, 'value': [1745998153.813, '636522496']}][0m
[94m[{'metric': {}, 'value': [1745998154.188, '0.008306610275031602']}][0m
[94m[{'metric': {}, 'value': [1745998154.472, '567341056']}][0m
[94m[{'metric': {}, 'value': [1745998154.878, '0.008122544745532189']}][0m
[94m[{'metric': {}, 'value': [1745998155.136, '550961152']}][0m
[94m[{'metric': {}, 'value': [1745998155.533, '0.0083096130300894']}][0m
[94m[{'metric': {}, 'value': [1745998155.802, '647544832']}][0m
[94m[{'metric': {}, 'value': [1745998156.193, '0.008316375496333524']}][0m
[94m[{'metric': {}, 'value': [1745998156.453, '594243584']}][0m
[94m[{'metric': {}, 'value': [1745998156.875, '0.46231319091509426']}][0m
[94m[{'metric': {}, 'value': [1745998157.154, '1054568448']}][0m
[94m[{'metric': {}, 'value': [1745998157.543, '0.007489558808864877']}][0m
[94m[{'metric': {}, 'value': [1745998157.815, '582496256']}][0m
[94m[{'metric': {}, 'value': [1745998158.216, '0.004161934374077836']}][0m
[94m[{'metric': {}, 'value': [1745998158.478, '48766976']}][0m
[94m[{'metric': {}, 'value': [1745998158.79, '0.007831541867740504']}][0m
[94m[{'metric': {}, 'value': [1745998159.008, '586706944']}][0m
[94m[{'metric': {}, 'value': [1745998159.334, '0.0074681897523976104']}][0m
[94m[{'metric': {}, 'value': [1745998159.578, '597434368']}][0m
[94m[{'metric': {}, 'value': [1745998159.922, '0.27608730456722946']}][0m
[94m[{'metric': {}, 'value': [1745998160.172, '748609536']}][0m
[94m[{'metric': {}, 'value': [1745998160.574, '0.007708507872687364']}][0m
[94m[{'metric': {}, 'value': [1745998160.847, '615686144']}][0m
[94m[{'metric': {}, 'value': [1745998161.227, '0.007495531764705927']}][0m
[94m[{'metric': {}, 'value': [1745998161.483, '525602816']}][0m
[94m[{'metric': {}, 'value': [1745998161.893, '0.00751238610610371']}][0m
[94m[{'metric': {}, 'value': [1745998162.173, '516681728']}][0m
[94m[{'metric': {}, 'value': [1745998162.547, '0.007924482949806657']}][0m
[94m[{'metric': {}, 'value': [1745998162.842, '545558528']}][0m
[94m[{'metric': {}, 'value': [1745998163.236, '0.008088657123907222']}][0m
[94m[{'metric': {}, 'value': [1745998163.515, '521969664']}][0m
[94m[{'metric': {}, 'value': [1745998163.915, '0.007914266034881967']}][0m
[94m[{'metric': {}, 'value': [1745998164.18, '557420544']}][0m
[94m[{'metric': {}, 'value': [1745998164.604, '0.2816757211764706']}][0m
[94m[{'metric': {}, 'value': [1745998164.877, '732839936']}][0m
[94m[{'metric': {}, 'value': [1745998165.274, '0.00797998782877266']}][0m
[94m[{'metric': {}, 'value': [1745998165.552, '504487936']}][0m
[94m[{'metric': {}, 'value': [1745998165.954, '0.007994211098867042']}][0m
[94m[{'metric': {}, 'value': [1745998166.229, '595140608']}][0m
[94m[{'metric': {}, 'value': [1745998166.628, '0.007845740309181044']}][0m
[94m[{'metric': {}, 'value': [1745998166.89, '621252608']}][0m
[94m[{'metric': {}, 'value': [1745998167.295, '0.2773669635912166']}][0m
[94m[{'metric': {}, 'value': [1745998167.584, '745267200']}][0m
[94m[{'metric': {}, 'value': [1745998167.963, '0.004194492048379707']}][0m
[94m[{'metric': {}, 'value': [1745998168.225, '93569024']}][0m
[94m[{'metric': {}, 'value': [1745998168.622, '0.007856228728526272']}][0m
[94m[{'metric': {}, 'value': [1745998168.893, '612487168']}][0m
[94m[{'metric': {}, 'value': [1745998169.287, '0.009016428661529338']}][0m
[94m[{'metric': {}, 'value': [1745998169.572, '593108992']}][0m
[94m[{'metric': {}, 'value': [1745998169.958, '0.007862820028665486']}][0m
[94m[{'metric': {}, 'value': [1745998170.23, '504463360']}][0m
[94m[{'metric': {}, 'value': [1745998170.61, '0.009320324373454092']}][0m
[94m[{'metric': {}, 'value': [1745998170.871, '635969536']}][0m
[94m[{'metric': {}, 'value': [1745998171.266, '0.0077531424886899195']}][0m
[94m[{'metric': {}, 'value': [1745998171.534, '583761920']}][0m
[94m[{'metric': {}, 'value': [1745998171.928, '0.2639364227192962']}][0m
[94m[{'metric': {}, 'value': [1745998172.176, '67158016']}][0m
[94m[{'metric': {}, 'value': [1745998172.569, '0.012180953036223264']}][0m
[94m[{'metric': {}, 'value': [1745998172.841, '639528960']}][0m
[94m[{'metric': {}, 'value': [1745998173.213, '0.007741988516144316']}][0m
[94m[{'metric': {}, 'value': [1745998173.478, '494710784']}][0m
[94m[{'metric': {}, 'value': [1745998173.862, '0.004298460094380435']}][0m
[94m[{'metric': {}, 'value': [1745998174.12, '63766528']}][0m
[94m[{'metric': {}, 'value': [1745998174.501, '0.009096907365046248']}][0m
[94m[{'metric': {}, 'value': [1745998174.759, '615383040']}][0m
Querying metrics for application: train-ticket
Querying Prometheus for ts-admin-order-service-cpu in deployment ts-admin-order-service
[94m[{'metric': {'pod': 'ts-admin-order-service-559676f59b-kfntj'}, 'value': [1745998175.032, '0.005752594589824584']}][0m
Querying Prometheus for ts-admin-order-service-latency in deployment ts-admin-order-service
[94m[][0m
Querying Prometheus for ts-admin-order-service-memory in deployment ts-admin-order-service
[94m[{'metric': {'pod': 'ts-admin-order-service-559676f59b-kfntj'}, 'value': [1745998175.537, '495762090.6666666']}][0m
Querying Prometheus for ts-admin-order-service-workload in deployment ts-admin-order-service
[94m[][0m
Querying Prometheus for ts-admin-route-service-cpu in deployment ts-admin-route-service
[94m[{'metric': {'pod': 'ts-admin-route-service-55f58759d8-tpnrh'}, 'value': [1745998176.065, '0.007308642802340594']}][0m
Querying Prometheus for ts-admin-route-service-latency in deployment ts-admin-route-service
[94m[][0m
Querying Prometheus for ts-admin-route-service-memory in deployment ts-admin-route-service
[94m[{'metric': {'pod': 'ts-admin-route-service-55f58759d8-tpnrh'}, 'value': [1745998176.606, '544350208']}][0m
Querying Prometheus for ts-admin-route-service-workload in deployment ts-admin-route-service
[94m[][0m
Querying Prometheus for ts-auth-service-cpu in deployment ts-auth-service
[94m[{'metric': {'pod': 'ts-auth-service-69db9d9448-cqg2r'}, 'value': [1745998177.099, '0.008045903908256864']}][0m
Querying Prometheus for ts-auth-service-latency in deployment ts-auth-service
[94m[{'metric': {}, 'value': [1745998177.341, 'NaN']}][0m
Querying Prometheus for ts-auth-service-memory in deployment ts-auth-service
[94m[{'metric': {'pod': 'ts-auth-service-69db9d9448-cqg2r'}, 'value': [1745998177.588, '555712512']}][0m
Querying Prometheus for ts-auth-service-workload in deployment ts-auth-service
[94m[{'metric': {}, 'value': [1745998177.858, '0']}][0m
Querying Prometheus for ts-notification-service-cpu in deployment ts-notification-service
[94m[{'metric': {'pod': 'ts-notification-service-67b587c9bb-lwjhg'}, 'value': [1745998178.116, '0.009120623822143525']}][0m
Querying Prometheus for ts-notification-service-latency in deployment ts-notification-service
[94m[][0m
Querying Prometheus for ts-notification-service-memory in deployment ts-notification-service
[94m[{'metric': {'pod': 'ts-notification-service-67b587c9bb-lwjhg'}, 'value': [1745998178.626, '586881024']}][0m
Querying Prometheus for ts-notification-service-workload in deployment ts-notification-service
[94m[][0m
Querying Prometheus for ts-order-service-cpu in deployment ts-order-service
[94m[{'metric': {'pod': 'ts-order-service-85ddc7957b-gs685'}, 'value': [1745998179.137, '0.23300086561350142']}][0m
Querying Prometheus for ts-order-service-latency in deployment ts-order-service
[94m[{'metric': {}, 'value': [1745998179.391, '22.287857641311938']}][0m
Querying Prometheus for ts-order-service-memory in deployment ts-order-service
[94m[{'metric': {'pod': 'ts-order-service-85ddc7957b-gs685'}, 'value': [1745998179.667, '748544000']}][0m
Querying Prometheus for ts-order-service-workload in deployment ts-order-service
[94m[{'metric': {}, 'value': [1745998179.908, '12.255555555555553']}][0m
Querying Prometheus for ts-payment-service-cpu in deployment ts-payment-service
[94m[{'metric': {'pod': 'ts-payment-service-85c48c8fcb-tplqh'}, 'value': [1745998180.135, '0.006617840730449751']}][0m
Querying Prometheus for ts-payment-service-latency in deployment ts-payment-service
[94m[][0m
Querying Prometheus for ts-payment-service-memory in deployment ts-payment-service
[94m[{'metric': {'pod': 'ts-payment-service-85c48c8fcb-tplqh'}, 'value': [1745998180.589, '615951360']}][0m
Querying Prometheus for ts-payment-service-workload in deployment ts-payment-service
[94m[][0m
Querying Prometheus for ts-price-service-cpu in deployment ts-price-service
[94m[{'metric': {'pod': 'ts-price-service-85649d648b-5phqb'}, 'value': [1745998181.012, '0.008500502618908362']}][0m
Querying Prometheus for ts-price-service-latency in deployment ts-price-service
[94m[][0m
Querying Prometheus for ts-price-service-memory in deployment ts-price-service
[94m[{'metric': {'pod': 'ts-price-service-85649d648b-5phqb'}, 'value': [1745998181.466, '545901568']}][0m
Querying Prometheus for ts-price-service-workload in deployment ts-price-service
[94m[][0m
Querying Prometheus for ts-route-service-cpu in deployment ts-route-service
[94m[{'metric': {'pod': 'ts-route-service-644ddf6579-2jc9l'}, 'value': [1745998181.887, '0.2734582906857689']}][0m
Querying Prometheus for ts-route-service-latency in deployment ts-route-service
[94m[{'metric': {}, 'value': [1745998182.104, '47.76303935695903']}][0m
Querying Prometheus for ts-route-service-memory in deployment ts-route-service
[94m[{'metric': {'pod': 'ts-route-service-644ddf6579-2jc9l'}, 'value': [1745998182.333, '732471296']}][0m
Querying Prometheus for ts-route-service-workload in deployment ts-route-service
[94m[{'metric': {}, 'value': [1745998182.56, '12.84949737567832']}][0m
Querying Prometheus for ts-station-service-cpu in deployment ts-station-service
[94m[{'metric': {'pod': 'ts-station-service-67d84d5cbd-kp45f'}, 'value': [1745998182.779, '0.1740293843969641']}][0m
Querying Prometheus for ts-station-service-latency in deployment ts-station-service
[94m[{'metric': {}, 'value': [1745998183.008, '21.3335844001']}][0m
Querying Prometheus for ts-station-service-memory in deployment ts-station-service
[94m[{'metric': {'pod': 'ts-station-service-67d84d5cbd-kp45f'}, 'value': [1745998183.242, '743811072']}][0m
Querying Prometheus for ts-station-service-workload in deployment ts-station-service
[94m[{'metric': {}, 'value': [1745998183.521, '12.027034961302373']}][0m
Querying Prometheus for ts-train-service-cpu in deployment ts-train-service
[94m[{'metric': {'pod': 'ts-train-service-8468c95c56-d9czz'}, 'value': [1745998183.739, '0.008790103729381963']}][0m
Querying Prometheus for ts-train-service-latency in deployment ts-train-service
[94m[][0m
Querying Prometheus for ts-train-service-memory in deployment ts-train-service
[94m[{'metric': {'pod': 'ts-train-service-8468c95c56-d9czz'}, 'value': [1745998184.244, '594021034.6666666']}][0m
Querying Prometheus for ts-train-service-workload in deployment ts-train-service
[94m[][0m
Querying Prometheus for ts-travel-service-cpu in deployment ts-travel-service
[94m[{'metric': {'pod': 'ts-travel-service-678679d7b4-qnn9b'}, 'value': [1745998184.754, '0.005930349999999862']}][0m
Querying Prometheus for ts-travel-service-latency in deployment ts-travel-service
[94m[][0m
Querying Prometheus for ts-travel-service-memory in deployment ts-travel-service
[94m[{'metric': {'pod': 'ts-travel-service-678679d7b4-qnn9b'}, 'value': [1745998185.276, '636630357.3333334']}][0m
Querying Prometheus for ts-travel-service-workload in deployment ts-travel-service
[94m[][0m
Querying Prometheus for ts-ui-dashboard-cpu in deployment ts-ui-dashboard
[94m[{'metric': {'pod': 'ts-ui-dashboard-5445596dc7-dsgpm'}, 'value': [1745998185.787, '0.1663795526939664']}][0m
Querying Prometheus for ts-ui-dashboard-latency in deployment ts-ui-dashboard
[94m[{'metric': {}, 'value': [1745998186.024, '41.07142857142857']}][0m
Querying Prometheus for ts-ui-dashboard-memory in deployment ts-ui-dashboard
[94m[{'metric': {'pod': 'ts-ui-dashboard-5445596dc7-dsgpm'}, 'value': [1745998186.281, '67337216']}][0m
Querying Prometheus for ts-ui-dashboard-workload in deployment ts-ui-dashboard
[94m[{'metric': {}, 'value': [1745998186.565, '20.318518518518516']}][0m
Querying Prometheus for ts-user-service-cpu in deployment ts-user-service
[94m[{'metric': {'pod': 'ts-user-service-844b454c75-r56zt'}, 'value': [1745998186.854, '0.006670620141179968']}][0m
Querying Prometheus for ts-user-service-latency in deployment ts-user-service
[94m[][0m
Querying Prometheus for ts-user-service-memory in deployment ts-user-service
[94m[{'metric': {'pod': 'ts-user-service-844b454c75-r56zt'}, 'value': [1745998187.379, '640309248']}][0m
Querying Prometheus for ts-user-service-workload in deployment ts-user-service
[94m[][0m
Recorded metrics at 2025-04-30 07:28:57
[94m[{'metric': {}, 'value': [1745998254.353, '0.050695527084895685']}][0m
[94m[{'metric': {}, 'value': [1745998254.609, '258867200']}][0m
[94m[{'metric': {}, 'value': [1745998254.994, '0.007396479263578226']}][0m
[94m[{'metric': {}, 'value': [1745998255.263, '537120768']}][0m
[94m[{'metric': {}, 'value': [1745998255.639, '0.007961625676520733']}][0m
[94m[{'metric': {}, 'value': [1745998255.898, '496517120']}][0m
[94m[{'metric': {}, 'value': [1745998256.275, '0.007509764964186687']}][0m
[94m[{'metric': {}, 'value': [1745998256.535, '545173504']}][0m
[94m[{'metric': {}, 'value': [1745998256.892, '0.007809558062810405']}][0m
[94m[{'metric': {}, 'value': [1745998257.155, '520773632']}][0m
[94m[{'metric': {}, 'value': [1745998257.536, '0.0077255899382510165']}][0m
[94m[{'metric': {}, 'value': [1745998257.797, '519553024']}][0m
[94m[{'metric': {}, 'value': [1745998258.192, '0.00827331063767485']}][0m
[94m[{'metric': {}, 'value': [1745998258.464, '576839680']}][0m
[94m[{'metric': {}, 'value': [1745998258.828, '0.008267154997345533']}][0m
[94m[{'metric': {}, 'value': [1745998259.093, '555814912']}][0m
[94m[{'metric': {}, 'value': [1745998259.477, '0.004418334514323722']}][0m
[94m[{'metric': {}, 'value': [1745998259.731, '188833792']}][0m
[94m[{'metric': {}, 'value': [1745998260.1, '0.007210091862914935']}][0m
[94m[{'metric': {}, 'value': [1745998260.368, '519766016']}][0m
[94m[{'metric': {}, 'value': [1745998260.744, '0.007460061689959461']}][0m
[94m[{'metric': {}, 'value': [1745998261.02, '517959680']}][0m
[94m[{'metric': {}, 'value': [1745998261.393, '0.00791187025471497']}][0m
[94m[{'metric': {}, 'value': [1745998261.657, '598929408']}][0m
[94m[{'metric': {}, 'value': [1745998262.034, '0.007992327774436245']}][0m
[94m[{'metric': {}, 'value': [1745998262.288, '643567616']}][0m
[94m[{'metric': {}, 'value': [1745998262.663, '0.0077826238777009725']}][0m
[94m[{'metric': {}, 'value': [1745998262.927, '564465664']}][0m
[94m[{'metric': {}, 'value': [1745998263.316, '0.007772239322188868']}][0m
[94m[{'metric': {}, 'value': [1745998263.566, '636608512']}][0m
[94m[{'metric': {}, 'value': [1745998263.952, '0.008748590923655002']}][0m
[94m[{'metric': {}, 'value': [1745998264.208, '567857152']}][0m
[94m[{'metric': {}, 'value': [1745998264.579, '0.007293875980376725']}][0m
[94m[{'metric': {}, 'value': [1745998264.838, '550453248']}][0m
[94m[{'metric': {}, 'value': [1745998265.207, '0.008272419723096539']}][0m
[94m[{'metric': {}, 'value': [1745998265.472, '648552448']}][0m
[94m[{'metric': {}, 'value': [1745998265.848, '0.008558196530845708']}][0m
[94m[{'metric': {}, 'value': [1745998266.093, '596516864']}][0m
[94m[{'metric': {}, 'value': [1745998266.485, '0.35696133063603225']}][0m
[94m[{'metric': {}, 'value': [1745998266.736, '1053634560']}][0m
[94m[{'metric': {}, 'value': [1745998267.125, '0.0077295602382396215']}][0m
[94m[{'metric': {}, 'value': [1745998267.395, '582488064']}][0m
[94m[{'metric': {}, 'value': [1745998267.782, '0.004015285504381895']}][0m
[94m[{'metric': {}, 'value': [1745998268.044, '48766976']}][0m
[94m[{'metric': {}, 'value': [1745998268.419, '0.008241891390421916']}][0m
[94m[{'metric': {}, 'value': [1745998268.677, '587821056']}][0m
[94m[{'metric': {}, 'value': [1745998269.05, '0.008263265399394483']}][0m
[94m[{'metric': {}, 'value': [1745998269.301, '599048192']}][0m
[94m[{'metric': {}, 'value': [1745998269.678, '0.2179553811545692']}][0m
[94m[{'metric': {}, 'value': [1745998269.955, '748589056']}][0m
[94m[{'metric': {}, 'value': [1745998270.34, '0.008066886440214917']}][0m
[94m[{'metric': {}, 'value': [1745998270.592, '615694336']}][0m
[94m[{'metric': {}, 'value': [1745998270.958, '0.007610470165889767']}][0m
[94m[{'metric': {}, 'value': [1745998271.227, '525508608']}][0m
[94m[{'metric': {}, 'value': [1745998271.614, '0.008103392788578898']}][0m
[94m[{'metric': {}, 'value': [1745998271.865, '516395008']}][0m
[94m[{'metric': {}, 'value': [1745998272.253, '0.008040783802974665']}][0m
[94m[{'metric': {}, 'value': [1745998272.521, '546570240']}][0m
[94m[{'metric': {}, 'value': [1745998272.876, '0.007788636330774935']}][0m
[94m[{'metric': {}, 'value': [1745998273.118, '522379264']}][0m
[94m[{'metric': {}, 'value': [1745998273.5, '0.007582317365163205']}][0m
[94m[{'metric': {}, 'value': [1745998273.769, '556896256']}][0m
[94m[{'metric': {}, 'value': [1745998274.162, '0.24959722819762312']}][0m
[94m[{'metric': {}, 'value': [1745998274.418, '732958720']}][0m
[94m[{'metric': {}, 'value': [1745998274.79, '0.007715197508662125']}][0m
[94m[{'metric': {}, 'value': [1745998275.057, '504512512']}][0m
[94m[{'metric': {}, 'value': [1745998275.429, '0.008088334248888971']}][0m
[94m[{'metric': {}, 'value': [1745998275.708, '596307968']}][0m
[94m[{'metric': {}, 'value': [1745998276.086, '0.008144125723615671']}][0m
[94m[{'metric': {}, 'value': [1745998276.348, '623468544']}][0m
[94m[{'metric': {}, 'value': [1745998276.738, '0.20851781755941512']}][0m
[94m[{'metric': {}, 'value': [1745998276.993, '741273600']}][0m
[94m[{'metric': {}, 'value': [1745998277.367, '0.003933770894910299']}][0m
[94m[{'metric': {}, 'value': [1745998277.636, '93581312']}][0m
[94m[{'metric': {}, 'value': [1745998278.01, '0.00810087697046563']}][0m
[94m[{'metric': {}, 'value': [1745998278.271, '613130240']}][0m
[94m[{'metric': {}, 'value': [1745998278.638, '0.00886697314812786']}][0m
[94m[{'metric': {}, 'value': [1745998278.891, '594247680']}][0m
[94m[{'metric': {}, 'value': [1745998279.279, '0.007281834755862698']}][0m
[94m[{'metric': {}, 'value': [1745998279.529, '504524800']}][0m
[94m[{'metric': {}, 'value': [1745998279.928, '0.008117499466218207']}][0m
[94m[{'metric': {}, 'value': [1745998280.196, '637501440']}][0m
[94m[{'metric': {}, 'value': [1745998280.581, '0.007725593608841361']}][0m
[94m[{'metric': {}, 'value': [1745998280.844, '583671808']}][0m
[94m[{'metric': {}, 'value': [1745998281.225, '0.20211188346769968']}][0m
[94m[{'metric': {}, 'value': [1745998281.472, '66359296']}][0m
[94m[{'metric': {}, 'value': [1745998281.828, '0.007809335358137508']}][0m
[94m[{'metric': {}, 'value': [1745998282.106, '641290240']}][0m
[94m[{'metric': {}, 'value': [1745998282.46, '0.007597045090901975']}][0m
[94m[{'metric': {}, 'value': [1745998282.711, '489144320']}][0m
[94m[{'metric': {}, 'value': [1745998283.093, '0.004351078823477326']}][0m
[94m[{'metric': {}, 'value': [1745998283.348, '63455232']}][0m
[94m[{'metric': {}, 'value': [1745998283.74, '0.008457594284932422']}][0m
[94m[{'metric': {}, 'value': [1745998283.997, '615727104']}][0m
Querying metrics for application: train-ticket
Querying Prometheus for ts-admin-order-service-cpu in deployment ts-admin-order-service
[94m[{'metric': {'pod': 'ts-admin-order-service-559676f59b-kfntj'}, 'value': [1745998284.268, '0.007746652590380779']}][0m
Querying Prometheus for ts-admin-order-service-latency in deployment ts-admin-order-service
[94m[][0m
Querying Prometheus for ts-admin-order-service-memory in deployment ts-admin-order-service
[94m[{'metric': {'pod': 'ts-admin-order-service-559676f59b-kfntj'}, 'value': [1745998284.8, '496399701.3333334']}][0m
Querying Prometheus for ts-admin-order-service-workload in deployment ts-admin-order-service
[94m[][0m
Querying Prometheus for ts-admin-route-service-cpu in deployment ts-admin-route-service
[94m[{'metric': {'pod': 'ts-admin-route-service-55f58759d8-tpnrh'}, 'value': [1745998285.317, '0.007783751946651886']}][0m
Querying Prometheus for ts-admin-route-service-latency in deployment ts-admin-route-service
[94m[][0m
Querying Prometheus for ts-admin-route-service-memory in deployment ts-admin-route-service
[94m[{'metric': {'pod': 'ts-admin-route-service-55f58759d8-tpnrh'}, 'value': [1745998285.837, '545005568']}][0m
Querying Prometheus for ts-admin-route-service-workload in deployment ts-admin-route-service
[94m[][0m
Querying Prometheus for ts-auth-service-cpu in deployment ts-auth-service
[94m[{'metric': {'pod': 'ts-auth-service-69db9d9448-cqg2r'}, 'value': [1745998286.346, '0.008161166953665918']}][0m
Querying Prometheus for ts-auth-service-latency in deployment ts-auth-service
[94m[{'metric': {}, 'value': [1745998286.604, 'NaN']}][0m
Querying Prometheus for ts-auth-service-memory in deployment ts-auth-service
[94m[{'metric': {'pod': 'ts-auth-service-69db9d9448-cqg2r'}, 'value': [1745998286.867, '555990016']}][0m
Querying Prometheus for ts-auth-service-workload in deployment ts-auth-service
[94m[{'metric': {}, 'value': [1745998287.126, '0']}][0m
Querying Prometheus for ts-notification-service-cpu in deployment ts-notification-service
[94m[{'metric': {'pod': 'ts-notification-service-67b587c9bb-lwjhg'}, 'value': [1745998287.388, '0.00839833044894648']}][0m
Querying Prometheus for ts-notification-service-latency in deployment ts-notification-service
[94m[][0m
Querying Prometheus for ts-notification-service-memory in deployment ts-notification-service
[94m[{'metric': {'pod': 'ts-notification-service-67b587c9bb-lwjhg'}, 'value': [1745998287.901, '587692032']}][0m
Querying Prometheus for ts-notification-service-workload in deployment ts-notification-service
[94m[][0m
Querying Prometheus for ts-order-service-cpu in deployment ts-order-service
[94m[{'metric': {'pod': 'ts-order-service-85ddc7957b-gs685'}, 'value': [1745998288.427, '0.1360552024379617']}][0m
Querying Prometheus for ts-order-service-latency in deployment ts-order-service
[94m[{'metric': {}, 'value': [1745998288.671, '21.84183673469388']}][0m
Querying Prometheus for ts-order-service-memory in deployment ts-order-service
[94m[{'metric': {'pod': 'ts-order-service-85ddc7957b-gs685'}, 'value': [1745998288.93, '749101056']}][0m
Querying Prometheus for ts-order-service-workload in deployment ts-order-service
[94m[{'metric': {}, 'value': [1745998289.187, '7.799999999999999']}][0m
Querying Prometheus for ts-payment-service-cpu in deployment ts-payment-service
[94m[{'metric': {'pod': 'ts-payment-service-85c48c8fcb-tplqh'}, 'value': [1745998289.443, '0.006272374719740094']}][0m
Querying Prometheus for ts-payment-service-latency in deployment ts-payment-service
[94m[][0m
Querying Prometheus for ts-payment-service-memory in deployment ts-payment-service
[94m[{'metric': {'pod': 'ts-payment-service-85c48c8fcb-tplqh'}, 'value': [1745998289.958, '615813120']}][0m
Querying Prometheus for ts-payment-service-workload in deployment ts-payment-service
[94m[][0m
Querying Prometheus for ts-price-service-cpu in deployment ts-price-service
[94m[{'metric': {'pod': 'ts-price-service-85649d648b-5phqb'}, 'value': [1745998290.47, '0.006339494650961977']}][0m
Querying Prometheus for ts-price-service-latency in deployment ts-price-service
[94m[][0m
Querying Prometheus for ts-price-service-memory in deployment ts-price-service
[94m[{'metric': {'pod': 'ts-price-service-85649d648b-5phqb'}, 'value': [1745998291.011, '546736128']}][0m
Querying Prometheus for ts-price-service-workload in deployment ts-price-service
[94m[][0m
Querying Prometheus for ts-route-service-cpu in deployment ts-route-service
[94m[{'metric': {'pod': 'ts-route-service-644ddf6579-2jc9l'}, 'value': [1745998291.583, '0.16675347383817754']}][0m
Querying Prometheus for ts-route-service-latency in deployment ts-route-service
[94m[{'metric': {}, 'value': [1745998291.85, '47.12255772646536']}][0m
Querying Prometheus for ts-route-service-memory in deployment ts-route-service
[94m[{'metric': {'pod': 'ts-route-service-644ddf6579-2jc9l'}, 'value': [1745998292.1, '732932778.6666666']}][0m
Querying Prometheus for ts-route-service-workload in deployment ts-route-service
[94m[{'metric': {}, 'value': [1745998292.361, '8.288888888888888']}][0m
Querying Prometheus for ts-station-service-cpu in deployment ts-station-service
[94m[{'metric': {'pod': 'ts-station-service-67d84d5cbd-kp45f'}, 'value': [1745998292.617, '0.05191439999999829']}][0m
Querying Prometheus for ts-station-service-latency in deployment ts-station-service
[94m[{'metric': {}, 'value': [1745998292.869, '20.640394088669947']}][0m
Querying Prometheus for ts-station-service-memory in deployment ts-station-service
[94m[{'metric': {'pod': 'ts-station-service-67d84d5cbd-kp45f'}, 'value': [1745998293.148, '741306368']}][0m
Querying Prometheus for ts-station-service-workload in deployment ts-station-service
[94m[{'metric': {}, 'value': [1745998293.419, '8.327777777777776']}][0m
Querying Prometheus for ts-train-service-cpu in deployment ts-train-service
[94m[{'metric': {'pod': 'ts-train-service-8468c95c56-d9czz'}, 'value': [1745998293.674, '0.007714790680518659']}][0m
Querying Prometheus for ts-train-service-latency in deployment ts-train-service
[94m[][0m
Querying Prometheus for ts-train-service-memory in deployment ts-train-service
[94m[{'metric': {'pod': 'ts-train-service-8468c95c56-d9czz'}, 'value': [1745998295.569, '594378752']}][0m
Querying Prometheus for ts-train-service-workload in deployment ts-train-service
[94m[][0m
Querying Prometheus for ts-travel-service-cpu in deployment ts-travel-service
[94m[{'metric': {'pod': 'ts-travel-service-678679d7b4-qnn9b'}, 'value': [1745998298.376, '0.008171342157107681']}][0m
Querying Prometheus for ts-travel-service-latency in deployment ts-travel-service
[94m[][0m
Querying Prometheus for ts-travel-service-memory in deployment ts-travel-service
[94m[{'metric': {'pod': 'ts-travel-service-678679d7b4-qnn9b'}, 'value': [1745998298.897, '637270016']}][0m
Querying Prometheus for ts-travel-service-workload in deployment ts-travel-service
[94m[][0m
Querying Prometheus for ts-ui-dashboard-cpu in deployment ts-ui-dashboard
[94m[{'metric': {'pod': 'ts-ui-dashboard-5445596dc7-dsgpm'}, 'value': [1745998299.408, '0.13181466141635725']}][0m
Querying Prometheus for ts-ui-dashboard-latency in deployment ts-ui-dashboard
[94m[{'metric': {}, 'value': [1745998299.67, '38.54041916167664']}][0m
Querying Prometheus for ts-ui-dashboard-memory in deployment ts-ui-dashboard
[94m[{'metric': {'pod': 'ts-ui-dashboard-5445596dc7-dsgpm'}, 'value': [1745998299.914, '66446336']}][0m
Querying Prometheus for ts-ui-dashboard-workload in deployment ts-ui-dashboard
[94m[{'metric': {}, 'value': [1745998300.186, '12.640439050007028']}][0m
Querying Prometheus for ts-user-service-cpu in deployment ts-user-service
[94m[{'metric': {'pod': 'ts-user-service-844b454c75-r56zt'}, 'value': [1745998300.448, '0.0069429813677292515']}][0m
Querying Prometheus for ts-user-service-latency in deployment ts-user-service
[94m[][0m
Querying Prometheus for ts-user-service-memory in deployment ts-user-service
[94m[{'metric': {'pod': 'ts-user-service-844b454c75-r56zt'}, 'value': [1745998300.964, '641480704']}][0m
Querying Prometheus for ts-user-service-workload in deployment ts-user-service
[94m[][0m
Recorded metrics at 2025-04-30 07:30:47
[94m[{'metric': {}, 'value': [1745998368.045, '0.04202715407097536']}][0m
[94m[{'metric': {}, 'value': [1745998368.303, '258306048']}][0m
[94m[{'metric': {}, 'value': [1745998368.673, '0.00755479912119896']}][0m
[94m[{'metric': {}, 'value': [1745998368.922, '537501696']}][0m
[94m[{'metric': {}, 'value': [1745998369.325, '0.007556883324604662']}][0m
[94m[{'metric': {}, 'value': [1745998369.576, '496537600']}][0m
[94m[{'metric': {}, 'value': [1745998369.945, '0.007328836690451607']}][0m
[94m[{'metric': {}, 'value': [1745998370.2, '545579008']}][0m
[94m[{'metric': {}, 'value': [1745998370.574, '0.007689202477584572']}][0m
[94m[{'metric': {}, 'value': [1745998370.829, '521105408']}][0m
[94m[{'metric': {}, 'value': [1745998371.209, '0.007366205546094788']}][0m
[94m[{'metric': {}, 'value': [1745998371.472, '519553024']}][0m
[94m[{'metric': {}, 'value': [1745998371.841, '0.007826190476656636']}][0m
[94m[{'metric': {}, 'value': [1745998372.097, '576815104']}][0m
[94m[{'metric': {}, 'value': [1745998372.487, '0.007788139629942998']}][0m
[94m[{'metric': {}, 'value': [1745998372.752, '556703744']}][0m
[94m[{'metric': {}, 'value': [1745998373.129, '0.004520036816765791']}][0m
[94m[{'metric': {}, 'value': [1745998373.386, '188829696']}][0m
[94m[{'metric': {}, 'value': [1745998373.755, '0.007335728616914571']}][0m
[94m[{'metric': {}, 'value': [1745998374.017, '519749632']}][0m
[94m[{'metric': {}, 'value': [1745998374.398, '0.0075613243303946105']}][0m
[94m[{'metric': {}, 'value': [1745998374.637, '517664768']}][0m
[94m[{'metric': {}, 'value': [1745998375.027, '0.008216852663012792']}][0m
[94m[{'metric': {}, 'value': [1745998375.303, '599171072']}][0m
[94m[{'metric': {}, 'value': [1745998375.677, '0.011244965321300267']}][0m
[94m[{'metric': {}, 'value': [1745998375.932, '646942720']}][0m
[94m[{'metric': {}, 'value': [1745998376.312, '0.00789263344145796']}][0m
[94m[{'metric': {}, 'value': [1745998376.566, '564441088']}][0m
[94m[{'metric': {}, 'value': [1745998376.932, '0.00774447061972019']}][0m
[94m[{'metric': {}, 'value': [1745998377.187, '636698624']}][0m
[94m[{'metric': {}, 'value': [1745998377.564, '0.008519433248699401']}][0m
[94m[{'metric': {}, 'value': [1745998377.823, '568029184']}][0m
[94m[{'metric': {}, 'value': [1745998378.209, '0.007638518799155276']}][0m
[94m[{'metric': {}, 'value': [1745998378.461, '550977536']}][0m
[94m[{'metric': {}, 'value': [1745998378.84, '0.008535156193998875']}][0m
[94m[{'metric': {}, 'value': [1745998379.111, '648695808']}][0m
[94m[{'metric': {}, 'value': [1745998379.488, '0.00838729043149601']}][0m
[94m[{'metric': {}, 'value': [1745998379.721, '596848640']}][0m
[94m[{'metric': {}, 'value': [1745998380.098, '0.27166646879762024']}][0m
[94m[{'metric': {}, 'value': [1745998380.349, '1048879104']}][0m
[94m[{'metric': {}, 'value': [1745998380.751, '0.008256670480387578']}][0m
[94m[{'metric': {}, 'value': [1745998381.012, '582725632']}][0m
[94m[{'metric': {}, 'value': [1745998381.403, '0.00419054135106112']}][0m
[94m[{'metric': {}, 'value': [1745998381.661, '49037312']}][0m
[94m[{'metric': {}, 'value': [1745998382.038, '0.0075691729411763685']}][0m
[94m[{'metric': {}, 'value': [1745998382.29, '587649024']}][0m
[94m[{'metric': {}, 'value': [1745998382.68, '0.008300969449862835']}][0m
[94m[{'metric': {}, 'value': [1745998382.901, '600416256']}][0m
[94m[{'metric': {}, 'value': [1745998383.29, '0.15578800000000012']}][0m
[94m[{'metric': {}, 'value': [1745998383.533, '747626496']}][0m
[94m[{'metric': {}, 'value': [1745998383.897, '0.008256031973522752']}][0m
[94m[{'metric': {}, 'value': [1745998384.148, '616460288']}][0m
[94m[{'metric': {}, 'value': [1745998384.504, '0.007346422148808699']}][0m
[94m[{'metric': {}, 'value': [1745998384.765, '525365248']}][0m
[94m[{'metric': {}, 'value': [1745998385.143, '0.007370900075256701']}][0m
[94m[{'metric': {}, 'value': [1745998385.401, '516513792']}][0m
[94m[{'metric': {}, 'value': [1745998385.779, '0.007912167372362945']}][0m
[94m[{'metric': {}, 'value': [1745998386.047, '546672640']}][0m
[94m[{'metric': {}, 'value': [1745998386.415, '0.007238095881593022']}][0m
[94m[{'metric': {}, 'value': [1745998386.687, '521297920']}][0m
[94m[{'metric': {}, 'value': [1745998387.069, '0.007460303521179556']}][0m
[94m[{'metric': {}, 'value': [1745998387.324, '557355008']}][0m
[94m[{'metric': {}, 'value': [1745998387.706, '0.16822236661712497']}][0m
[94m[{'metric': {}, 'value': [1745998387.936, '732721152']}][0m
[94m[{'metric': {}, 'value': [1745998388.333, '0.00771336467287913']}][0m
[94m[{'metric': {}, 'value': [1745998388.583, '503189504']}][0m
[94m[{'metric': {}, 'value': [1745998388.969, '0.008537647659326192']}][0m
[94m[{'metric': {}, 'value': [1745998389.221, '596340736']}][0m
[94m[{'metric': {}, 'value': [1745998389.596, '0.008255775189509294']}][0m
[94m[{'metric': {}, 'value': [1745998389.87, '623595520']}][0m
[94m[{'metric': {}, 'value': [1745998390.267, '0.14577743603780133']}][0m
[94m[{'metric': {}, 'value': [1745998390.526, '744353792']}][0m
[94m[{'metric': {}, 'value': [1745998390.911, '0.004291836035233231']}][0m
[94m[{'metric': {}, 'value': [1745998391.169, '93466624']}][0m
[94m[{'metric': {}, 'value': [1745998391.869, '0.007801146574622373']}][0m
[94m[{'metric': {}, 'value': [1745998392.268, '613826560']}][0m
[94m[{'metric': {}, 'value': [1745998393.468, '0.007993991639612345']}][0m
[94m[{'metric': {}, 'value': [1745998394.371, '594612224']}][0m
[94m[{'metric': {}, 'value': [1745998394.746, '0.007763428858047989']}][0m
[94m[{'metric': {}, 'value': [1745998395.01, '504565760']}][0m
[94m[{'metric': {}, 'value': [1745998395.377, '0.00750223405582423']}][0m
[94m[{'metric': {}, 'value': [1745998395.64, '638148608']}][0m
[94m[{'metric': {}, 'value': [1745998396.039, '0.00795718777241741']}][0m
[94m[{'metric': {}, 'value': [1745998396.295, '585625600']}][0m
[94m[{'metric': {}, 'value': [1745998396.693, '0.1420373300773864']}][0m
[94m[{'metric': {}, 'value': [1745998396.951, '66031616']}][0m
[94m[{'metric': {}, 'value': [1745998397.34, '0.007813383809879467']}][0m
[94m[{'metric': {}, 'value': [1745998397.601, '641630208']}][0m
[94m[{'metric': {}, 'value': [1745998397.962, '0.008292617917995973']}][0m
[94m[{'metric': {}, 'value': [1745998398.225, '490844160']}][0m
[94m[{'metric': {}, 'value': [1745998398.593, '0.004130908118072057']}][0m
[94m[{'metric': {}, 'value': [1745998398.852, '63455232']}][0m
[94m[{'metric': {}, 'value': [1745998399.223, '0.007431099331057776']}][0m
[94m[{'metric': {}, 'value': [1745998399.474, '616189952']}][0m
Querying metrics for application: train-ticket
Querying Prometheus for ts-admin-order-service-cpu in deployment ts-admin-order-service
[94m[{'metric': {'pod': 'ts-admin-order-service-559676f59b-kfntj'}, 'value': [1745998399.73, '0.007724659145358685']}][0m
Querying Prometheus for ts-admin-order-service-latency in deployment ts-admin-order-service
[94m[][0m
Querying Prometheus for ts-admin-order-service-memory in deployment ts-admin-order-service
[94m[{'metric': {'pod': 'ts-admin-order-service-559676f59b-kfntj'}, 'value': [1745998400.226, '496790186.6666666']}][0m
Querying Prometheus for ts-admin-order-service-workload in deployment ts-admin-order-service
[94m[][0m
Querying Prometheus for ts-admin-route-service-cpu in deployment ts-admin-route-service
[94m[{'metric': {'pod': 'ts-admin-route-service-55f58759d8-tpnrh'}, 'value': [1745998400.76, '0.005742201092015705']}][0m
Querying Prometheus for ts-admin-route-service-latency in deployment ts-admin-route-service
[94m[][0m
Querying Prometheus for ts-admin-route-service-memory in deployment ts-admin-route-service
[94m[{'metric': {'pod': 'ts-admin-route-service-55f58759d8-tpnrh'}, 'value': [1745998401.283, '545563989.3333333']}][0m
Querying Prometheus for ts-admin-route-service-workload in deployment ts-admin-route-service
[94m[][0m
Querying Prometheus for ts-auth-service-cpu in deployment ts-auth-service
[94m[{'metric': {'pod': 'ts-auth-service-69db9d9448-cqg2r'}, 'value': [1745998401.783, '0.0064989884744565095']}][0m
Querying Prometheus for ts-auth-service-latency in deployment ts-auth-service
[94m[{'metric': {}, 'value': [1745998402.054, 'NaN']}][0m
Querying Prometheus for ts-auth-service-memory in deployment ts-auth-service
[94m[{'metric': {'pod': 'ts-auth-service-69db9d9448-cqg2r'}, 'value': [1745998402.312, '556534442.6666666']}][0m
Querying Prometheus for ts-auth-service-workload in deployment ts-auth-service
[94m[{'metric': {}, 'value': [1745998402.569, '0']}][0m
Querying Prometheus for ts-notification-service-cpu in deployment ts-notification-service
[94m[{'metric': {'pod': 'ts-notification-service-67b587c9bb-lwjhg'}, 'value': [1745998402.817, '0.005695886601333807']}][0m
Querying Prometheus for ts-notification-service-latency in deployment ts-notification-service
[94m[][0m
Querying Prometheus for ts-notification-service-memory in deployment ts-notification-service
[94m[{'metric': {'pod': 'ts-notification-service-67b587c9bb-lwjhg'}, 'value': [1745998403.327, '587701248']}][0m
Querying Prometheus for ts-notification-service-workload in deployment ts-notification-service
[94m[][0m
Querying Prometheus for ts-order-service-cpu in deployment ts-order-service
[94m[{'metric': {'pod': 'ts-order-service-85ddc7957b-gs685'}, 'value': [1745998403.82, '0.09270932444114793']}][0m
Querying Prometheus for ts-order-service-latency in deployment ts-order-service
[94m[{'metric': {}, 'value': [1745998404.064, '22.270000000000003']}][0m
Querying Prometheus for ts-order-service-memory in deployment ts-order-service
[94m[{'metric': {'pod': 'ts-order-service-85ddc7957b-gs685'}, 'value': [1745998404.315, '747896832']}][0m
Querying Prometheus for ts-order-service-workload in deployment ts-order-service
[94m[{'metric': {}, 'value': [1745998404.572, '3.8999999999999995']}][0m
Querying Prometheus for ts-payment-service-cpu in deployment ts-payment-service
[94m[{'metric': {'pod': 'ts-payment-service-85c48c8fcb-tplqh'}, 'value': [1745998404.829, '0.008092271117604823']}][0m
Querying Prometheus for ts-payment-service-latency in deployment ts-payment-service
[94m[][0m
Querying Prometheus for ts-payment-service-memory in deployment ts-payment-service
[94m[{'metric': {'pod': 'ts-payment-service-85c48c8fcb-tplqh'}, 'value': [1745998405.333, '616598528']}][0m
Querying Prometheus for ts-payment-service-workload in deployment ts-payment-service
[94m[][0m
Querying Prometheus for ts-price-service-cpu in deployment ts-price-service
[94m[{'metric': {'pod': 'ts-price-service-85649d648b-5phqb'}, 'value': [1745998405.842, '0.00816922397172266']}][0m
Querying Prometheus for ts-price-service-latency in deployment ts-price-service
[94m[][0m
Querying Prometheus for ts-price-service-memory in deployment ts-price-service
[94m[{'metric': {'pod': 'ts-price-service-85649d648b-5phqb'}, 'value': [1745998406.362, '546623488']}][0m
Querying Prometheus for ts-price-service-workload in deployment ts-price-service
[94m[][0m
Querying Prometheus for ts-route-service-cpu in deployment ts-route-service
[94m[{'metric': {'pod': 'ts-route-service-644ddf6579-2jc9l'}, 'value': [1745998406.864, '0.06177099280530327']}][0m
Querying Prometheus for ts-route-service-latency in deployment ts-route-service
[94m[{'metric': {}, 'value': [1745998407.117, '46.86192468619247']}][0m
Querying Prometheus for ts-route-service-memory in deployment ts-route-service
[94m[{'metric': {'pod': 'ts-route-service-644ddf6579-2jc9l'}, 'value': [1745998407.378, '732829013.3333334']}][0m
Querying Prometheus for ts-route-service-workload in deployment ts-route-service
[94m[{'metric': {}, 'value': [1745998407.625, '3.4555555555555553']}][0m
Querying Prometheus for ts-station-service-cpu in deployment ts-station-service
[94m[{'metric': {'pod': 'ts-station-service-67d84d5cbd-kp45f'}, 'value': [1745998407.874, '0.06461903410098836']}][0m
Querying Prometheus for ts-station-service-latency in deployment ts-station-service
[94m[{'metric': {}, 'value': [1745998408.123, '21.10138248847926']}][0m
Querying Prometheus for ts-station-service-memory in deployment ts-station-service
[94m[{'metric': {'pod': 'ts-station-service-67d84d5cbd-kp45f'}, 'value': [1745998408.389, '744523776']}][0m
Querying Prometheus for ts-station-service-workload in deployment ts-station-service
[94m[{'metric': {}, 'value': [1745998408.623, '3.261111111111111']}][0m
Querying Prometheus for ts-train-service-cpu in deployment ts-train-service
[94m[{'metric': {'pod': 'ts-train-service-8468c95c56-d9czz'}, 'value': [1745998408.879, '0.00806658179219136']}][0m
Querying Prometheus for ts-train-service-latency in deployment ts-train-service
[94m[][0m
Querying Prometheus for ts-train-service-memory in deployment ts-train-service
[94m[{'metric': {'pod': 'ts-train-service-8468c95c56-d9czz'}, 'value': [1745998409.4, '594949120']}][0m
Querying Prometheus for ts-train-service-workload in deployment ts-train-service
[94m[][0m
Querying Prometheus for ts-travel-service-cpu in deployment ts-travel-service
[94m[{'metric': {'pod': 'ts-travel-service-678679d7b4-qnn9b'}, 'value': [1745998409.901, '0.006834682888018633']}][0m
Querying Prometheus for ts-travel-service-latency in deployment ts-travel-service
[94m[][0m
Querying Prometheus for ts-travel-service-memory in deployment ts-travel-service
[94m[{'metric': {'pod': 'ts-travel-service-678679d7b4-qnn9b'}, 'value': [1745998410.438, '638308352']}][0m
Querying Prometheus for ts-travel-service-workload in deployment ts-travel-service
[94m[][0m
Querying Prometheus for ts-ui-dashboard-cpu in deployment ts-ui-dashboard
[94m[{'metric': {'pod': 'ts-ui-dashboard-5445596dc7-dsgpm'}, 'value': [1745998410.941, '0.062480228012057173']}][0m
Querying Prometheus for ts-ui-dashboard-latency in deployment ts-ui-dashboard
[94m[{'metric': {}, 'value': [1745998411.208, '36.660714285714285']}][0m
Querying Prometheus for ts-ui-dashboard-memory in deployment ts-ui-dashboard
[94m[{'metric': {'pod': 'ts-ui-dashboard-5445596dc7-dsgpm'}, 'value': [1745998411.474, '66094421.33333333']}][0m
Querying Prometheus for ts-ui-dashboard-workload in deployment ts-ui-dashboard
[94m[{'metric': {}, 'value': [1745998411.741, '5.851851851851851']}][0m
Querying Prometheus for ts-user-service-cpu in deployment ts-user-service
[94m[{'metric': {'pod': 'ts-user-service-844b454c75-r56zt'}, 'value': [1745998411.989, '0.009434251559250687']}][0m
Querying Prometheus for ts-user-service-latency in deployment ts-user-service
[94m[][0m
Querying Prometheus for ts-user-service-memory in deployment ts-user-service
[94m[{'metric': {'pod': 'ts-user-service-844b454c75-r56zt'}, 'value': [1745998412.531, '641327104']}][0m
Querying Prometheus for ts-user-service-workload in deployment ts-user-service
[94m[][0m
Recorded metrics at 2025-04-30 07:32:41
[94m[{'metric': {}, 'value': [1745998479.539, '0.04752092378068154']}][0m
[94m[{'metric': {}, 'value': [1745998479.793, '258461696']}][0m
[94m[{'metric': {}, 'value': [1745998480.174, '0.007720192799240568']}][0m
[94m[{'metric': {}, 'value': [1745998480.43, '537272320']}][0m
[94m[{'metric': {}, 'value': [1745998480.8, '0.0077740415808626485']}][0m
[94m[{'metric': {}, 'value': [1745998481.069, '497090560']}][0m
[94m[{'metric': {}, 'value': [1745998481.458, '0.007441304677305964']}][0m
[94m[{'metric': {}, 'value': [1745998481.721, '545505280']}][0m
[94m[{'metric': {}, 'value': [1745998482.089, '0.007875119818618522']}][0m
[94m[{'metric': {}, 'value': [1745998482.346, '519794688']}][0m
[94m[{'metric': {}, 'value': [1745998482.734, '0.008073207750936642']}][0m
[94m[{'metric': {}, 'value': [1745998482.964, '517763072']}][0m
[94m[{'metric': {}, 'value': [1745998483.346, '0.007876471073754724']}][0m
[94m[{'metric': {}, 'value': [1745998483.602, '575500288']}][0m
[94m[{'metric': {}, 'value': [1745998484.003, '0.008278365097492775']}][0m
[94m[{'metric': {}, 'value': [1745998484.281, '556388352']}][0m
[94m[{'metric': {}, 'value': [1745998484.638, '0.004316103529411773']}][0m
[94m[{'metric': {}, 'value': [1745998484.888, '188895232']}][0m
[94m[{'metric': {}, 'value': [1745998485.261, '0.007605233092863518']}][0m
[94m[{'metric': {}, 'value': [1745998485.523, '519815168']}][0m
[94m[{'metric': {}, 'value': [1745998485.908, '0.007770047066798525']}][0m
[94m[{'metric': {}, 'value': [1745998486.161, '517988352']}][0m
[94m[{'metric': {}, 'value': [1745998486.533, '0.007897203387446157']}][0m
[94m[{'metric': {}, 'value': [1745998486.788, '599093248']}][0m
[94m[{'metric': {}, 'value': [1745998487.154, '0.010813242158422729']}][0m
[94m[{'metric': {}, 'value': [1745998487.425, '646332416']}][0m
[94m[{'metric': {}, 'value': [1745998487.808, '0.007747155201900502']}][0m
[94m[{'metric': {}, 'value': [1745998488.056, '564621312']}][0m
[94m[{'metric': {}, 'value': [1745998488.441, '0.0074484345366110025']}][0m
[94m[{'metric': {}, 'value': [1745998488.69, '636448768']}][0m
[94m[{'metric': {}, 'value': [1745998489.075, '0.008012844146151528']}][0m
[94m[{'metric': {}, 'value': [1745998489.669, '568033280']}][0m
[94m[{'metric': {}, 'value': [1745998490.468, '0.0074626162600129695']}][0m
[94m[{'metric': {}, 'value': [1745998491.268, '550518784']}][0m
[94m[{'metric': {}, 'value': [1745998492.469, '0.007945387165114682']}][0m
[94m[{'metric': {}, 'value': [1745998492.868, '647778304']}][0m
[94m[{'metric': {}, 'value': [1745998493.27, '0.008373424838403214']}][0m
[94m[{'metric': {}, 'value': [1745998493.53, '596283392']}][0m
[94m[{'metric': {}, 'value': [1745998493.892, '0.18382916655241432']}][0m
[94m[{'metric': {}, 'value': [1745998494.161, '1049849856']}][0m
[94m[{'metric': {}, 'value': [1745998494.537, '0.008082642427255218']}][0m
[94m[{'metric': {}, 'value': [1745998494.796, '582934528']}][0m
[94m[{'metric': {}, 'value': [1745998495.173, '0.004234694490475911']}][0m
[94m[{'metric': {}, 'value': [1745998495.425, '48402432']}][0m
[94m[{'metric': {}, 'value': [1745998495.806, '0.007768919437470529']}][0m
[94m[{'metric': {}, 'value': [1745998496.068, '587362304']}][0m
[94m[{'metric': {}, 'value': [1745998496.436, '0.007963789752710348']}][0m
[94m[{'metric': {}, 'value': [1745998496.7, '600412160']}][0m
[94m[{'metric': {}, 'value': [1745998497.072, '0.09806183348493792']}][0m
[94m[{'metric': {}, 'value': [1745998497.344, '749338624']}][0m
[94m[{'metric': {}, 'value': [1745998497.717, '0.008225850077969173']}][0m
[94m[{'metric': {}, 'value': [1745998497.956, '616689664']}][0m
[94m[{'metric': {}, 'value': [1745998498.356, '0.007591564991418083']}][0m
[94m[{'metric': {}, 'value': [1745998498.6, '525271040']}][0m
[94m[{'metric': {}, 'value': [1745998498.987, '0.007883020611152678']}][0m
[94m[{'metric': {}, 'value': [1745998499.261, '516612096']}][0m
[94m[{'metric': {}, 'value': [1745998499.64, '0.008148755026346257']}][0m
[94m[{'metric': {}, 'value': [1745998499.889, '546418688']}][0m
[94m[{'metric': {}, 'value': [1745998500.272, '0.00755236068994403']}][0m
[94m[{'metric': {}, 'value': [1745998500.521, '522690560']}][0m
[94m[{'metric': {}, 'value': [1745998500.91, '0.007529029650141775']}][0m
[94m[{'metric': {}, 'value': [1745998501.168, '557723648']}][0m
[94m[{'metric': {}, 'value': [1745998501.552, '0.1074284372001896']}][0m
[94m[{'metric': {}, 'value': [1745998501.802, '732266496']}][0m
[94m[{'metric': {}, 'value': [1745998502.17, '0.00778870101741811']}][0m
[94m[{'metric': {}, 'value': [1745998502.426, '504229888']}][0m
[94m[{'metric': {}, 'value': [1745998502.805, '0.007867547601935813']}][0m
[94m[{'metric': {}, 'value': [1745998503.056, '596312064']}][0m
[94m[{'metric': {}, 'value': [1745998503.449, '0.00780585084180193']}][0m
[94m[{'metric': {}, 'value': [1745998503.7, '623886336']}][0m
[94m[{'metric': {}, 'value': [1745998504.083, '0.08913775515784307']}][0m
[94m[{'metric': {}, 'value': [1745998504.33, '744415232']}][0m
[94m[{'metric': {}, 'value': [1745998504.711, '0.004170704879481557']}][0m
[94m[{'metric': {}, 'value': [1745998504.959, '92975104']}][0m
[94m[{'metric': {}, 'value': [1745998505.327, '0.008307474266371568']}][0m
[94m[{'metric': {}, 'value': [1745998505.586, '613089280']}][0m
[94m[{'metric': {}, 'value': [1745998505.962, '0.008081192388761446']}][0m
[94m[{'metric': {}, 'value': [1745998506.216, '595079168']}][0m
[94m[{'metric': {}, 'value': [1745998506.58, '0.007837411618922568']}][0m
[94m[{'metric': {}, 'value': [1745998506.833, '504655872']}][0m
[94m[{'metric': {}, 'value': [1745998507.214, '0.008567522500218597']}][0m
[94m[{'metric': {}, 'value': [1745998507.472, '638787584']}][0m
[94m[{'metric': {}, 'value': [1745998507.835, '0.008076014274072651']}][0m
[94m[{'metric': {}, 'value': [1745998508.094, '585236480']}][0m
[94m[{'metric': {}, 'value': [1745998508.468, '0.09042809332534486']}][0m
[94m[{'metric': {}, 'value': [1745998508.736, '66002944']}][0m
[94m[{'metric': {}, 'value': [1745998509.1, '0.00861363984935501']}][0m
[94m[{'metric': {}, 'value': [1745998509.368, '641601536']}][0m
[94m[{'metric': {}, 'value': [1745998509.733, '0.008604384009564524']}][0m
[94m[{'metric': {}, 'value': [1745998509.98, '490934272']}][0m
[94m[{'metric': {}, 'value': [1745998510.374, '0.004515846518783036']}][0m
[94m[{'metric': {}, 'value': [1745998510.63, '63590400']}][0m
[94m[{'metric': {}, 'value': [1745998511.008, '0.00815567904854791']}][0m
[94m[{'metric': {}, 'value': [1745998511.271, '615608320']}][0m
Querying metrics for application: train-ticket
Querying Prometheus for ts-admin-order-service-cpu in deployment ts-admin-order-service
[94m[{'metric': {'pod': 'ts-admin-order-service-559676f59b-kfntj'}, 'value': [1745998511.525, '0.008106649670703804']}][0m
Querying Prometheus for ts-admin-order-service-latency in deployment ts-admin-order-service
[94m[][0m
Querying Prometheus for ts-admin-order-service-memory in deployment ts-admin-order-service
[94m[{'metric': {'pod': 'ts-admin-order-service-559676f59b-kfntj'}, 'value': [1745998512.035, '497202517.3333333']}][0m
Querying Prometheus for ts-admin-order-service-workload in deployment ts-admin-order-service
[94m[][0m
Querying Prometheus for ts-admin-route-service-cpu in deployment ts-admin-route-service
[94m[{'metric': {'pod': 'ts-admin-route-service-55f58759d8-tpnrh'}, 'value': [1745998512.536, '0.01044408602150516']}][0m
Querying Prometheus for ts-admin-route-service-latency in deployment ts-admin-route-service
[94m[][0m
Querying Prometheus for ts-admin-route-service-memory in deployment ts-admin-route-service
[94m[{'metric': {'pod': 'ts-admin-route-service-55f58759d8-tpnrh'}, 'value': [1745998513.049, '545221290.6666666']}][0m
Querying Prometheus for ts-admin-route-service-workload in deployment ts-admin-route-service
[94m[][0m
Querying Prometheus for ts-auth-service-cpu in deployment ts-auth-service
[94m[{'metric': {'pod': 'ts-auth-service-69db9d9448-cqg2r'}, 'value': [1745998513.553, '0.007707852681647747']}][0m
Querying Prometheus for ts-auth-service-latency in deployment ts-auth-service
[94m[{'metric': {}, 'value': [1745998513.8, 'NaN']}][0m
Querying Prometheus for ts-auth-service-memory in deployment ts-auth-service
[94m[{'metric': {'pod': 'ts-auth-service-69db9d9448-cqg2r'}, 'value': [1745998514.057, '556494848']}][0m
Querying Prometheus for ts-auth-service-workload in deployment ts-auth-service
[94m[{'metric': {}, 'value': [1745998514.317, '0']}][0m
Querying Prometheus for ts-notification-service-cpu in deployment ts-notification-service
[94m[{'metric': {'pod': 'ts-notification-service-67b587c9bb-lwjhg'}, 'value': [1745998514.582, '0.008220010531858727']}][0m
Querying Prometheus for ts-notification-service-latency in deployment ts-notification-service
[94m[][0m
Querying Prometheus for ts-notification-service-memory in deployment ts-notification-service
[94m[{'metric': {'pod': 'ts-notification-service-67b587c9bb-lwjhg'}, 'value': [1745998515.083, '587441493.3333334']}][0m
Querying Prometheus for ts-notification-service-workload in deployment ts-notification-service
[94m[][0m
Querying Prometheus for ts-order-service-cpu in deployment ts-order-service
[94m[{'metric': {'pod': 'ts-order-service-85ddc7957b-gs685'}, 'value': [1745998515.635, '0.06411920786425522']}][0m
Querying Prometheus for ts-order-service-latency in deployment ts-order-service
[94m[{'metric': {}, 'value': [1745998515.91, '21.93']}][0m
Querying Prometheus for ts-order-service-memory in deployment ts-order-service
[94m[{'metric': {'pod': 'ts-order-service-85ddc7957b-gs685'}, 'value': [1745998516.229, '749292202.6666667']}][0m
Querying Prometheus for ts-order-service-workload in deployment ts-order-service
[94m[{'metric': {}, 'value': [1745998516.471, '3.3833333333333333']}][0m
Querying Prometheus for ts-payment-service-cpu in deployment ts-payment-service
[94m[{'metric': {'pod': 'ts-payment-service-85c48c8fcb-tplqh'}, 'value': [1745998516.737, '0.007970919136112895']}][0m
Querying Prometheus for ts-payment-service-latency in deployment ts-payment-service
[94m[][0m
Querying Prometheus for ts-payment-service-memory in deployment ts-payment-service
[94m[{'metric': {'pod': 'ts-payment-service-85c48c8fcb-tplqh'}, 'value': [1745998517.239, '616630954.6666666']}][0m
Querying Prometheus for ts-payment-service-workload in deployment ts-payment-service
[94m[][0m
Querying Prometheus for ts-price-service-cpu in deployment ts-price-service
[94m[{'metric': {'pod': 'ts-price-service-85649d648b-5phqb'}, 'value': [1745998517.756, '0.008161813754036596']}][0m
Querying Prometheus for ts-price-service-latency in deployment ts-price-service
[94m[][0m
Querying Prometheus for ts-price-service-memory in deployment ts-price-service
[94m[{'metric': {'pod': 'ts-price-service-85649d648b-5phqb'}, 'value': [1745998518.26, '546477397.3333333']}][0m
Querying Prometheus for ts-price-service-workload in deployment ts-price-service
[94m[][0m
Querying Prometheus for ts-route-service-cpu in deployment ts-route-service
[94m[{'metric': {'pod': 'ts-route-service-644ddf6579-2jc9l'}, 'value': [1745998518.765, '0.06994541276475946']}][0m
Querying Prometheus for ts-route-service-latency in deployment ts-route-service
[94m[{'metric': {}, 'value': [1745998519.023, '47.04009433962264']}][0m
Querying Prometheus for ts-route-service-memory in deployment ts-route-service
[94m[{'metric': {'pod': 'ts-route-service-644ddf6579-2jc9l'}, 'value': [1745998519.271, '732310186.6666666']}][0m
Querying Prometheus for ts-route-service-workload in deployment ts-route-service
[94m[{'metric': {}, 'value': [1745998519.522, '3.0555555555555554']}][0m
Querying Prometheus for ts-station-service-cpu in deployment ts-station-service
[94m[{'metric': {'pod': 'ts-station-service-67d84d5cbd-kp45f'}, 'value': [1745998519.78, '0.06343694858965894']}][0m
Querying Prometheus for ts-station-service-latency in deployment ts-station-service
[94m[{'metric': {}, 'value': [1745998520.038, '21.048969072164947']}][0m
Querying Prometheus for ts-station-service-memory in deployment ts-station-service
[94m[{'metric': {'pod': 'ts-station-service-67d84d5cbd-kp45f'}, 'value': [1745998520.301, '744518997.3333334']}][0m
Querying Prometheus for ts-station-service-workload in deployment ts-station-service
[94m[{'metric': {}, 'value': [1745998520.539, '3.1277777777777773']}][0m
Querying Prometheus for ts-train-service-cpu in deployment ts-train-service
[94m[{'metric': {'pod': 'ts-train-service-8468c95c56-d9czz'}, 'value': [1745998520.794, '0.006169556895884847']}][0m
Querying Prometheus for ts-train-service-latency in deployment ts-train-service
[94m[][0m
Querying Prometheus for ts-train-service-memory in deployment ts-train-service
[94m[{'metric': {'pod': 'ts-train-service-8468c95c56-d9czz'}, 'value': [1745998521.307, '594705066.6666666']}][0m
Querying Prometheus for ts-train-service-workload in deployment ts-train-service
[94m[][0m
Querying Prometheus for ts-travel-service-cpu in deployment ts-travel-service
[94m[{'metric': {'pod': 'ts-travel-service-678679d7b4-qnn9b'}, 'value': [1745998521.785, '0.007881313546774531']}][0m
Querying Prometheus for ts-travel-service-latency in deployment ts-travel-service
[94m[][0m
Querying Prometheus for ts-travel-service-memory in deployment ts-travel-service
[94m[{'metric': {'pod': 'ts-travel-service-678679d7b4-qnn9b'}, 'value': [1745998522.299, '638885888']}][0m
Querying Prometheus for ts-travel-service-workload in deployment ts-travel-service
[94m[][0m
Querying Prometheus for ts-ui-dashboard-cpu in deployment ts-ui-dashboard
[94m[{'metric': {'pod': 'ts-ui-dashboard-5445596dc7-dsgpm'}, 'value': [1745998522.818, '0.03856906134138358']}][0m
Querying Prometheus for ts-ui-dashboard-latency in deployment ts-ui-dashboard
[94m[{'metric': {}, 'value': [1745998523.068, '37.234848484848506']}][0m
Querying Prometheus for ts-ui-dashboard-memory in deployment ts-ui-dashboard
[94m[{'metric': {'pod': 'ts-ui-dashboard-5445596dc7-dsgpm'}, 'value': [1745998523.328, '66257920']}][0m
Querying Prometheus for ts-ui-dashboard-workload in deployment ts-ui-dashboard
[94m[{'metric': {}, 'value': [1745998523.559, '5.303703703703704']}][0m
Querying Prometheus for ts-user-service-cpu in deployment ts-user-service
[94m[{'metric': {'pod': 'ts-user-service-844b454c75-r56zt'}, 'value': [1745998523.818, '0.0080864001714716']}][0m
Querying Prometheus for ts-user-service-latency in deployment ts-user-service
[94m[][0m
Querying Prometheus for ts-user-service-memory in deployment ts-user-service
[94m[{'metric': {'pod': 'ts-user-service-844b454c75-r56zt'}, 'value': [1745998524.317, '641822720']}][0m
Querying Prometheus for ts-user-service-workload in deployment ts-user-service
[94m[][0m
Recorded metrics at 2025-04-30 07:34:32
[94m[{'metric': {}, 'value': [1745998591.481, '0.052962914006496116']}][0m
[94m[{'metric': {}, 'value': [1745998591.735, '258576384']}][0m
[94m[{'metric': {}, 'value': [1745998592.094, '0.008737828971893036']}][0m
[94m[{'metric': {}, 'value': [1745998592.347, '536109056']}][0m
[94m[{'metric': {}, 'value': [1745998592.735, '0.008736250812746706']}][0m
[94m[{'metric': {}, 'value': [1745998592.992, '496463872']}][0m
[94m[{'metric': {}, 'value': [1745998593.365, '0.008584423689344037']}][0m
[94m[{'metric': {}, 'value': [1745998593.59, '545574912']}][0m
[94m[{'metric': {}, 'value': [1745998593.973, '0.008456876339858458']}][0m
[94m[{'metric': {}, 'value': [1745998594.235, '521093120']}][0m
[94m[{'metric': {}, 'value': [1745998594.609, '0.008645555428194738']}][0m
[94m[{'metric': {}, 'value': [1745998594.862, '519163904']}][0m
[94m[{'metric': {}, 'value': [1745998595.242, '0.007645674372928956']}][0m
[94m[{'metric': {}, 'value': [1745998595.487, '577052672']}][0m
[94m[{'metric': {}, 'value': [1745998595.861, '0.0076820399172128715']}][0m
[94m[{'metric': {}, 'value': [1745998596.105, '556167168']}][0m
[94m[{'metric': {}, 'value': [1745998596.475, '0.004481549108331502']}][0m
[94m[{'metric': {}, 'value': [1745998596.743, '188919808']}][0m
[94m[{'metric': {}, 'value': [1745998597.141, '0.008464420054051116']}][0m
[94m[{'metric': {}, 'value': [1745998597.405, '518086656']}][0m
[94m[{'metric': {}, 'value': [1745998597.782, '0.008791761107720963']}][0m
[94m[{'metric': {}, 'value': [1745998598.045, '516681728']}][0m
[94m[{'metric': {}, 'value': [1745998598.424, '0.008231094412232973']}][0m
[94m[{'metric': {}, 'value': [1745998598.685, '599379968']}][0m
[94m[{'metric': {}, 'value': [1745998599.058, '0.008463023716641057']}][0m
[94m[{'metric': {}, 'value': [1745998599.324, '646381568']}][0m
[94m[{'metric': {}, 'value': [1745998599.698, '0.008261536911515857']}][0m
[94m[{'metric': {}, 'value': [1745998599.955, '563245056']}][0m
[94m[{'metric': {}, 'value': [1745998600.33, '0.008083032801849164']}][0m
[94m[{'metric': {}, 'value': [1745998600.595, '636473344']}][0m
[94m[{'metric': {}, 'value': [1745998600.978, '0.008521898923728104']}][0m
[94m[{'metric': {}, 'value': [1745998601.232, '567386112']}][0m
[94m[{'metric': {}, 'value': [1745998601.617, '0.00862211619624683']}][0m
[94m[{'metric': {}, 'value': [1745998601.876, '550428672']}][0m
[94m[{'metric': {}, 'value': [1745998602.265, '0.008624976618368682']}][0m
[94m[{'metric': {}, 'value': [1745998602.538, '647852032']}][0m
[94m[{'metric': {}, 'value': [1745998602.937, '0.008542407675066572']}][0m
[94m[{'metric': {}, 'value': [1745998603.187, '596594688']}][0m
[94m[{'metric': {}, 'value': [1745998603.513, '0.13504187048870844']}][0m
[94m[{'metric': {}, 'value': [1745998603.783, '1053822976']}][0m
[94m[{'metric': {}, 'value': [1745998604.163, '0.008169618002419339']}][0m
[94m[{'metric': {}, 'value': [1745998604.429, '583639040']}][0m
[94m[{'metric': {}, 'value': [1745998604.794, '0.004284567773053983']}][0m
[94m[{'metric': {}, 'value': [1745998605.052, '48410624']}][0m
[94m[{'metric': {}, 'value': [1745998605.455, '0.008324138059771216']}][0m
[94m[{'metric': {}, 'value': [1745998605.709, '588394496']}][0m
[94m[{'metric': {}, 'value': [1745998606.107, '0.008256003918521262']}][0m
[94m[{'metric': {}, 'value': [1745998606.362, '599920640']}][0m
[94m[{'metric': {}, 'value': [1745998606.74, '0.06649362387964028']}][0m
[94m[{'metric': {}, 'value': [1745998606.989, '748785664']}][0m
[94m[{'metric': {}, 'value': [1745998607.367, '0.008192900612975798']}][0m
[94m[{'metric': {}, 'value': [1745998607.622, '616894464']}][0m
[94m[{'metric': {}, 'value': [1745998607.988, '0.008743500297390096']}][0m
[94m[{'metric': {}, 'value': [1745998608.252, '523403264']}][0m
[94m[{'metric': {}, 'value': [1745998608.62, '0.008740640392275123']}][0m
[94m[{'metric': {}, 'value': [1745998608.862, '516542464']}][0m
[94m[{'metric': {}, 'value': [1745998609.248, '0.008282194374548387']}][0m
[94m[{'metric': {}, 'value': [1745998609.513, '546861056']}][0m
[94m[{'metric': {}, 'value': [1745998609.902, '0.008780438923864676']}][0m
[94m[{'metric': {}, 'value': [1745998610.139, '520728576']}][0m
[94m[{'metric': {}, 'value': [1745998610.542, '0.008413494416798882']}][0m
[94m[{'metric': {}, 'value': [1745998610.794, '557191168']}][0m
[94m[{'metric': {}, 'value': [1745998611.187, '0.07525234421808054']}][0m
[94m[{'metric': {}, 'value': [1745998611.439, '732995584']}][0m
[94m[{'metric': {}, 'value': [1745998611.826, '0.007992265928030325']}][0m
[94m[{'metric': {}, 'value': [1745998612.083, '504827904']}][0m
[94m[{'metric': {}, 'value': [1745998612.455, '0.008369447321038817']}][0m
[94m[{'metric': {}, 'value': [1745998612.712, '596733952']}][0m
[94m[{'metric': {}, 'value': [1745998613.115, '0.008241525970290792']}][0m
[94m[{'metric': {}, 'value': [1745998613.395, '623980544']}][0m
[94m[{'metric': {}, 'value': [1745998613.763, '0.05978379353141446']}][0m
[94m[{'metric': {}, 'value': [1745998614.027, '744247296']}][0m
[94m[{'metric': {}, 'value': [1745998614.413, '0.004489849912568733']}][0m
[94m[{'metric': {}, 'value': [1745998614.676, '92778496']}][0m
[94m[{'metric': {}, 'value': [1745998615.054, '0.008151767151767257']}][0m
[94m[{'metric': {}, 'value': [1745998615.314, '613175296']}][0m
[94m[{'metric': {}, 'value': [1745998615.698, '0.008418368285504055']}][0m
[94m[{'metric': {}, 'value': [1745998615.971, '595533824']}][0m
[94m[{'metric': {}, 'value': [1745998616.348, '0.008572507712835421']}][0m
[94m[{'metric': {}, 'value': [1745998616.61, '504725504']}][0m
[94m[{'metric': {}, 'value': [1745998616.967, '0.008597046128945369']}][0m
[94m[{'metric': {}, 'value': [1745998617.231, '639049728']}][0m
[94m[{'metric': {}, 'value': [1745998617.61, '0.007687319061551777']}][0m
[94m[{'metric': {}, 'value': [1745998617.862, '585383936']}][0m
[94m[{'metric': {}, 'value': [1745998618.232, '0.0632493184025883']}][0m
[94m[{'metric': {}, 'value': [1745998618.537, '66224128']}][0m
[94m[{'metric': {}, 'value': [1745998618.911, '0.008666253144255254']}][0m
[94m[{'metric': {}, 'value': [1745998619.144, '641556480']}][0m
[94m[{'metric': {}, 'value': [1745998619.472, '0.007671044292359296']}][0m
[94m[{'metric': {}, 'value': [1745998619.686, '490500096']}][0m
[94m[{'metric': {}, 'value': [1745998620.02, '0.004535507102118933']}][0m
[94m[{'metric': {}, 'value': [1745998620.243, '63762432']}][0m
[94m[{'metric': {}, 'value': [1745998620.564, '0.008170631316628674']}][0m
[94m[{'metric': {}, 'value': [1745998620.779, '616292352']}][0m
Querying metrics for application: train-ticket
Querying Prometheus for ts-admin-order-service-cpu in deployment ts-admin-order-service
[94m[{'metric': {'pod': 'ts-admin-order-service-559676f59b-kfntj'}, 'value': [1745998620.989, '0.008454323400097394']}][0m
Querying Prometheus for ts-admin-order-service-latency in deployment ts-admin-order-service
[94m[][0m
Querying Prometheus for ts-admin-order-service-memory in deployment ts-admin-order-service
[94m[{'metric': {'pod': 'ts-admin-order-service-559676f59b-kfntj'}, 'value': [1745998621.422, '496585728']}][0m
Querying Prometheus for ts-admin-order-service-workload in deployment ts-admin-order-service
[94m[][0m
Querying Prometheus for ts-admin-route-service-cpu in deployment ts-admin-route-service
[94m[{'metric': {'pod': 'ts-admin-route-service-55f58759d8-tpnrh'}, 'value': [1745998621.848, '0.008010652930230431']}][0m
Querying Prometheus for ts-admin-route-service-latency in deployment ts-admin-route-service
[94m[][0m
Querying Prometheus for ts-admin-route-service-memory in deployment ts-admin-route-service
[94m[{'metric': {'pod': 'ts-admin-route-service-55f58759d8-tpnrh'}, 'value': [1745998622.29, '545284096']}][0m
Querying Prometheus for ts-admin-route-service-workload in deployment ts-admin-route-service
[94m[][0m
Querying Prometheus for ts-auth-service-cpu in deployment ts-auth-service
[94m[{'metric': {'pod': 'ts-auth-service-69db9d9448-cqg2r'}, 'value': [1745998622.719, '0.006770984081922251']}][0m
Querying Prometheus for ts-auth-service-latency in deployment ts-auth-service
[94m[{'metric': {}, 'value': [1745998622.938, 'NaN']}][0m
Querying Prometheus for ts-auth-service-memory in deployment ts-auth-service
[94m[{'metric': {'pod': 'ts-auth-service-69db9d9448-cqg2r'}, 'value': [1745998623.159, '556221781.3333333']}][0m
Querying Prometheus for ts-auth-service-workload in deployment ts-auth-service
[94m[{'metric': {}, 'value': [1745998623.387, '0']}][0m
Querying Prometheus for ts-notification-service-cpu in deployment ts-notification-service
[94m[{'metric': {'pod': 'ts-notification-service-67b587c9bb-lwjhg'}, 'value': [1745998623.591, '0.008475054839979707']}][0m
Querying Prometheus for ts-notification-service-latency in deployment ts-notification-service
[94m[][0m
Querying Prometheus for ts-notification-service-memory in deployment ts-notification-service
[94m[{'metric': {'pod': 'ts-notification-service-67b587c9bb-lwjhg'}, 'value': [1745998624.034, '588006741.3333333']}][0m
Querying Prometheus for ts-notification-service-workload in deployment ts-notification-service
[94m[][0m
Querying Prometheus for ts-order-service-cpu in deployment ts-order-service
[94m[{'metric': {'pod': 'ts-order-service-85ddc7957b-gs685'}, 'value': [1745998624.495, '0.03184211363212341']}][0m
Querying Prometheus for ts-order-service-latency in deployment ts-order-service
[94m[{'metric': {}, 'value': [1745998624.721, '22.165306122448975']}][0m
Querying Prometheus for ts-order-service-memory in deployment ts-order-service
[94m[{'metric': {'pod': 'ts-order-service-85ddc7957b-gs685'}, 'value': [1745998624.945, '749008896']}][0m
Querying Prometheus for ts-order-service-workload in deployment ts-order-service
[94m[{'metric': {}, 'value': [1745998625.165, '3.0999999999999996']}][0m
Querying Prometheus for ts-payment-service-cpu in deployment ts-payment-service
[94m[{'metric': {'pod': 'ts-payment-service-85c48c8fcb-tplqh'}, 'value': [1745998625.379, '0.006864352683509128']}][0m
Querying Prometheus for ts-payment-service-latency in deployment ts-payment-service
[94m[][0m
Querying Prometheus for ts-payment-service-memory in deployment ts-payment-service
[94m[{'metric': {'pod': 'ts-payment-service-85c48c8fcb-tplqh'}, 'value': [1745998625.806, '617037824']}][0m
Querying Prometheus for ts-payment-service-workload in deployment ts-payment-service
[94m[][0m
Querying Prometheus for ts-price-service-cpu in deployment ts-price-service
[94m[][0m
Querying Prometheus for ts-price-service-latency in deployment ts-price-service
[94m[][0m
Querying Prometheus for ts-price-service-memory in deployment ts-price-service
[94m[{'metric': {'pod': 'ts-price-service-85649d648b-5phqb'}, 'value': [1745998626.675, '546975744']}][0m
Querying Prometheus for ts-price-service-workload in deployment ts-price-service
[94m[][0m
Querying Prometheus for ts-route-service-cpu in deployment ts-route-service
[94m[{'metric': {'pod': 'ts-route-service-644ddf6579-2jc9l'}, 'value': [1745998627.098, '0.059639480280027156']}][0m
Querying Prometheus for ts-route-service-latency in deployment ts-route-service
[94m[{'metric': {}, 'value': [1745998627.321, '46.8075117370892']}][0m
Querying Prometheus for ts-route-service-memory in deployment ts-route-service
[94m[{'metric': {'pod': 'ts-route-service-644ddf6579-2jc9l'}, 'value': [1745998627.552, '733087061.3333333']}][0m
Querying Prometheus for ts-route-service-workload in deployment ts-route-service
[94m[{'metric': {}, 'value': [1745998627.797, '3.177777777777777']}][0m
Querying Prometheus for ts-station-service-cpu in deployment ts-station-service
[94m[{'metric': {'pod': 'ts-station-service-67d84d5cbd-kp45f'}, 'value': [1745998628.05, '0.030272550000000824']}][0m
Querying Prometheus for ts-station-service-latency in deployment ts-station-service
[94m[{'metric': {}, 'value': [1745998628.321, '21.505555555555556']}][0m
Querying Prometheus for ts-station-service-memory in deployment ts-station-service
[94m[{'metric': {'pod': 'ts-station-service-67d84d5cbd-kp45f'}, 'value': [1745998628.564, '744511488']}][0m
Querying Prometheus for ts-station-service-workload in deployment ts-station-service
[94m[{'metric': {}, 'value': [1745998628.78, '3.5499999999999994']}][0m
Querying Prometheus for ts-train-service-cpu in deployment ts-train-service
[94m[{'metric': {'pod': 'ts-train-service-8468c95c56-d9czz'}, 'value': [1745998629.01, '0.007703798231978508']}][0m
Querying Prometheus for ts-train-service-latency in deployment ts-train-service
[94m[][0m
Querying Prometheus for ts-train-service-memory in deployment ts-train-service
[94m[{'metric': {'pod': 'ts-train-service-8468c95c56-d9czz'}, 'value': [1745998629.452, '595451904']}][0m
Querying Prometheus for ts-train-service-workload in deployment ts-train-service
[94m[][0m
Querying Prometheus for ts-travel-service-cpu in deployment ts-travel-service
[94m[{'metric': {'pod': 'ts-travel-service-678679d7b4-qnn9b'}, 'value': [1745998629.891, '0.007593065044824233']}][0m
Querying Prometheus for ts-travel-service-latency in deployment ts-travel-service
[94m[][0m
Querying Prometheus for ts-travel-service-memory in deployment ts-travel-service
[94m[{'metric': {'pod': 'ts-travel-service-678679d7b4-qnn9b'}, 'value': [1745998630.343, '639212544']}][0m
Querying Prometheus for ts-travel-service-workload in deployment ts-travel-service
[94m[][0m
Querying Prometheus for ts-ui-dashboard-cpu in deployment ts-ui-dashboard
[94m[{'metric': {'pod': 'ts-ui-dashboard-5445596dc7-dsgpm'}, 'value': [1745998630.775, '0.058937795001738735']}][0m
Querying Prometheus for ts-ui-dashboard-latency in deployment ts-ui-dashboard
[94m[{'metric': {}, 'value': [1745998631.007, '35.46610169491525']}][0m
Querying Prometheus for ts-ui-dashboard-memory in deployment ts-ui-dashboard
[94m[{'metric': {'pod': 'ts-ui-dashboard-5445596dc7-dsgpm'}, 'value': [1745998631.227, '66308778.66666667']}][0m
Querying Prometheus for ts-ui-dashboard-workload in deployment ts-ui-dashboard
[94m[{'metric': {}, 'value': [1745998631.44, '5.518518518518517']}][0m
Querying Prometheus for ts-user-service-cpu in deployment ts-user-service
[94m[{'metric': {'pod': 'ts-user-service-844b454c75-r56zt'}, 'value': [1745998631.665, '0.0058385703377924385']}][0m
Querying Prometheus for ts-user-service-latency in deployment ts-user-service
[94m[][0m
Querying Prometheus for ts-user-service-memory in deployment ts-user-service
[94m[{'metric': {'pod': 'ts-user-service-844b454c75-r56zt'}, 'value': [1745998632.113, '641755818.6666667']}][0m
Querying Prometheus for ts-user-service-workload in deployment ts-user-service
[94m[][0m
Recorded metrics at 2025-04-30 07:36:24
[94m[{'metric': {}, 'value': [1745998699.243, '0.05258778829306316']}][0m
[94m[{'metric': {}, 'value': [1745998699.493, '258523136']}][0m
[94m[{'metric': {}, 'value': [1745998699.877, '0.007955502221678137']}][0m
[94m[{'metric': {}, 'value': [1745998700.127, '537264128']}][0m
[94m[{'metric': {}, 'value': [1745998700.504, '0.008583529595026982']}][0m
[94m[{'metric': {}, 'value': [1745998700.77, '496508928']}][0m
[94m[{'metric': {}, 'value': [1745998701.168, '0.00841995837603121']}][0m
[94m[{'metric': {}, 'value': [1745998701.44, '545673216']}][0m
[94m[{'metric': {}, 'value': [1745998701.853, '0.008139748443612193']}][0m
[94m[{'metric': {}, 'value': [1745998702.091, '519655424']}][0m
[94m[{'metric': {}, 'value': [1745998702.462, '0.008408753034968054']}][0m
[94m[{'metric': {}, 'value': [1745998702.712, '519184384']}][0m
[94m[{'metric': {}, 'value': [1745998703.056, '0.007849664420374915']}][0m
[94m[{'metric': {}, 'value': [1745998703.329, '577519616']}][0m
[94m[{'metric': {}, 'value': [1745998703.712, '0.00796769565929325']}][0m
[94m[{'metric': {}, 'value': [1745998703.966, '556417024']}][0m
[94m[{'metric': {}, 'value': [1745998704.355, '0.00462653889714209']}][0m
[94m[{'metric': {}, 'value': [1745998704.606, '188526592']}][0m
[94m[{'metric': {}, 'value': [1745998705.009, '0.008525364010110212']}][0m
[94m[{'metric': {}, 'value': [1745998705.264, '525455360']}][0m
[94m[{'metric': {}, 'value': [1745998705.646, '0.00846043978591478']}][0m
[94m[{'metric': {}, 'value': [1745998705.897, '517922816']}][0m
[94m[{'metric': {}, 'value': [1745998706.288, '0.008678649586611782']}][0m
[94m[{'metric': {}, 'value': [1745998706.536, '598618112']}][0m
[94m[{'metric': {}, 'value': [1745998706.904, '0.007875430436812486']}][0m
[94m[{'metric': {}, 'value': [1745998707.167, '646619136']}][0m
[94m[{'metric': {}, 'value': [1745998707.57, '0.008030655054577647']}][0m
[94m[{'metric': {}, 'value': [1745998707.825, '563179520']}][0m
[94m[{'metric': {}, 'value': [1745998708.205, '0.008689799180043128']}][0m
[94m[{'metric': {}, 'value': [1745998708.486, '635637760']}][0m
[94m[{'metric': {}, 'value': [1745998708.881, '0.008429856193529196']}][0m
[94m[{'metric': {}, 'value': [1745998709.147, '565780480']}][0m
[94m[{'metric': {}, 'value': [1745998709.552, '0.008613958110943364']}][0m
[94m[{'metric': {}, 'value': [1745998709.816, '550772736']}][0m
[94m[{'metric': {}, 'value': [1745998710.153, '0.00855713770533668']}][0m
[94m[{'metric': {}, 'value': [1745998710.399, '647909376']}][0m
[94m[{'metric': {}, 'value': [1745998710.78, '0.00846079425479095']}][0m
[94m[{'metric': {}, 'value': [1745998711.043, '596389888']}][0m
[94m[{'metric': {}, 'value': [1745998711.383, '0.12290161488273531']}][0m
[94m[{'metric': {}, 'value': [1745998711.613, '1054224384']}][0m
[94m[{'metric': {}, 'value': [1745998711.957, '0.008350779905973044']}][0m
[94m[{'metric': {}, 'value': [1745998712.187, '584036352']}][0m
[94m[{'metric': {}, 'value': [1745998712.516, '0.003989374879237618']}][0m
[94m[{'metric': {}, 'value': [1745998712.731, '48578560']}][0m
[94m[{'metric': {}, 'value': [1745998713.072, '0.008058093628675838']}][0m
[94m[{'metric': {}, 'value': [1745998713.312, '588296192']}][0m
[94m[{'metric': {}, 'value': [1745998713.632, '0.008167924639561272']}][0m
[94m[{'metric': {}, 'value': [1745998713.847, '599683072']}][0m
[94m[{'metric': {}, 'value': [1745998714.184, '0.061793553008103304']}][0m
[94m[{'metric': {}, 'value': [1745998714.414, '748912640']}][0m
[94m[{'metric': {}, 'value': [1745998714.766, '0.008391558185492339']}][0m
[94m[{'metric': {}, 'value': [1745998714.999, '616792064']}][0m
[94m[{'metric': {}, 'value': [1745998715.317, '0.008132206464438194']}][0m
[94m[{'metric': {}, 'value': [1745998715.554, '525230080']}][0m
[94m[{'metric': {}, 'value': [1745998715.935, '0.008627510408115534']}][0m
[94m[{'metric': {}, 'value': [1745998716.189, '516923392']}][0m
[94m[{'metric': {}, 'value': [1745998716.519, '0.008787974508378503']}][0m
[94m[{'metric': {}, 'value': [1745998716.789, '546111488']}][0m
[94m[{'metric': {}, 'value': [1745998717.198, '0.008037624684846574']}][0m
[94m[{'metric': {}, 'value': [1745998717.471, '522272768']}][0m
[94m[{'metric': {}, 'value': [1745998717.856, '0.008080936747663614']}][0m
[94m[{'metric': {}, 'value': [1745998718.114, '557543424']}][0m
[94m[{'metric': {}, 'value': [1745998718.465, '0.0704794094740306']}][0m
[94m[{'metric': {}, 'value': [1745998718.674, '732860416']}][0m
[94m[{'metric': {}, 'value': [1745998719.007, '0.008609018584912828']}][0m
[94m[{'metric': {}, 'value': [1745998719.273, '504913920']}][0m
[94m[{'metric': {}, 'value': [1745998719.653, '0.008757847963344858']}][0m
[94m[{'metric': {}, 'value': [1745998719.921, '595136512']}][0m
[94m[{'metric': {}, 'value': [1745998720.298, '0.008303686862256531']}][0m
[94m[{'metric': {}, 'value': [1745998720.559, '623927296']}][0m
[94m[{'metric': {}, 'value': [1745998720.948, '0.058559989337082105']}][0m
[94m[{'metric': {}, 'value': [1745998721.212, '743809024']}][0m
[94m[{'metric': {}, 'value': [1745998721.588, '0.004168058423765078']}][0m
[94m[{'metric': {}, 'value': [1745998721.854, '92610560']}][0m
[94m[{'metric': {}, 'value': [1745998722.252, '0.0078863817963244']}][0m
[94m[{'metric': {}, 'value': [1745998722.508, '613654528']}][0m
[94m[{'metric': {}, 'value': [1745998722.903, '0.008190259290272298']}][0m
[94m[{'metric': {}, 'value': [1745998723.151, '595935232']}][0m
[94m[{'metric': {}, 'value': [1745998723.538, '0.008351148446177846']}][0m
[94m[{'metric': {}, 'value': [1745998723.746, '505323520']}][0m
[94m[{'metric': {}, 'value': [1745998724.076, '0.008228271267990037']}][0m
[94m[{'metric': {}, 'value': [1745998724.329, '638914560']}][0m
[94m[{'metric': {}, 'value': [1745998724.717, '0.007862643046944125']}][0m
[94m[{'metric': {}, 'value': [1745998724.98, '586018816']}][0m
[94m[{'metric': {}, 'value': [1745998725.358, '0.05937997957099081']}][0m
[94m[{'metric': {}, 'value': [1745998725.618, '66371584']}][0m
[94m[{'metric': {}, 'value': [1745998725.986, '0.00789574348206961']}][0m
[94m[{'metric': {}, 'value': [1745998726.248, '642342912']}][0m
[94m[{'metric': {}, 'value': [1745998726.656, '0.007712431194460543']}][0m
[94m[{'metric': {}, 'value': [1745998726.916, '490008576']}][0m
[94m[{'metric': {}, 'value': [1745998727.252, '0.0042908809549598295']}][0m
[94m[{'metric': {}, 'value': [1745998727.475, '63823872']}][0m
[94m[{'metric': {}, 'value': [1745998727.801, '0.007946897702162078']}][0m
[94m[{'metric': {}, 'value': [1745998728.007, '616423424']}][0m
Querying metrics for application: train-ticket
Querying Prometheus for ts-admin-order-service-cpu in deployment ts-admin-order-service
[94m[{'metric': {'pod': 'ts-admin-order-service-559676f59b-kfntj'}, 'value': [1745998728.234, '0.0039212750000004355']}][0m
Querying Prometheus for ts-admin-order-service-latency in deployment ts-admin-order-service
[94m[][0m
Querying Prometheus for ts-admin-order-service-memory in deployment ts-admin-order-service
[94m[{'metric': {'pod': 'ts-admin-order-service-559676f59b-kfntj'}, 'value': [1745998728.65, '496596309.3333334']}][0m
Querying Prometheus for ts-admin-order-service-workload in deployment ts-admin-order-service
[94m[][0m
Querying Prometheus for ts-admin-route-service-cpu in deployment ts-admin-route-service
[94m[{'metric': {'pod': 'ts-admin-route-service-55f58759d8-tpnrh'}, 'value': [1745998729.12, '0.006201263535163804']}][0m
Querying Prometheus for ts-admin-route-service-latency in deployment ts-admin-route-service
[94m[][0m
Querying Prometheus for ts-admin-route-service-memory in deployment ts-admin-route-service
[94m[{'metric': {'pod': 'ts-admin-route-service-55f58759d8-tpnrh'}, 'value': [1745998729.573, '545787904']}][0m
Querying Prometheus for ts-admin-route-service-workload in deployment ts-admin-route-service
[94m[][0m
Querying Prometheus for ts-auth-service-cpu in deployment ts-auth-service
[94m[{'metric': {'pod': 'ts-auth-service-69db9d9448-cqg2r'}, 'value': [1745998730.012, '0.005864643004647587']}][0m
Querying Prometheus for ts-auth-service-latency in deployment ts-auth-service
[94m[{'metric': {}, 'value': [1745998730.225, 'NaN']}][0m
Querying Prometheus for ts-auth-service-memory in deployment ts-auth-service
[94m[{'metric': {'pod': 'ts-auth-service-69db9d9448-cqg2r'}, 'value': [1745998730.452, '556492117.3333334']}][0m
Querying Prometheus for ts-auth-service-workload in deployment ts-auth-service
[94m[{'metric': {}, 'value': [1745998730.67, '0']}][0m
Querying Prometheus for ts-notification-service-cpu in deployment ts-notification-service
[94m[{'metric': {'pod': 'ts-notification-service-67b587c9bb-lwjhg'}, 'value': [1745998730.889, '0.005649833333332784']}][0m
Querying Prometheus for ts-notification-service-latency in deployment ts-notification-service
[94m[][0m
Querying Prometheus for ts-notification-service-memory in deployment ts-notification-service
[94m[{'metric': {'pod': 'ts-notification-service-67b587c9bb-lwjhg'}, 'value': [1745998731.332, '587368448']}][0m
Querying Prometheus for ts-notification-service-workload in deployment ts-notification-service
[94m[][0m
Querying Prometheus for ts-order-service-cpu in deployment ts-order-service
[94m[{'metric': {'pod': 'ts-order-service-85ddc7957b-gs685'}, 'value': [1745998731.765, '0.04406265879797429']}][0m
Querying Prometheus for ts-order-service-latency in deployment ts-order-service
[94m[{'metric': {}, 'value': [1745998731.996, '22.420353982300885']}][0m
Querying Prometheus for ts-order-service-memory in deployment ts-order-service
[94m[{'metric': {'pod': 'ts-order-service-85ddc7957b-gs685'}, 'value': [1745998732.202, '748875776']}][0m
Querying Prometheus for ts-order-service-workload in deployment ts-order-service
[94m[{'metric': {}, 'value': [1745998732.419, '3.51111111111111']}][0m
Querying Prometheus for ts-payment-service-cpu in deployment ts-payment-service
[94m[{'metric': {'pod': 'ts-payment-service-85c48c8fcb-tplqh'}, 'value': [1745998732.65, '0.006048562459568048']}][0m
Querying Prometheus for ts-payment-service-latency in deployment ts-payment-service
[94m[][0m
Querying Prometheus for ts-payment-service-memory in deployment ts-payment-service
[94m[{'metric': {'pod': 'ts-payment-service-85c48c8fcb-tplqh'}, 'value': [1745998733.115, '616936789.3333334']}][0m
Querying Prometheus for ts-payment-service-workload in deployment ts-payment-service
[94m[][0m
Querying Prometheus for ts-price-service-cpu in deployment ts-price-service
[94m[{'metric': {'pod': 'ts-price-service-85649d648b-5phqb'}, 'value': [1745998733.556, '0.010982654600302812']}][0m
Querying Prometheus for ts-price-service-latency in deployment ts-price-service
[94m[][0m
Querying Prometheus for ts-price-service-memory in deployment ts-price-service
[94m[{'metric': {'pod': 'ts-price-service-85649d648b-5phqb'}, 'value': [1745998734.015, '546215936']}][0m
Querying Prometheus for ts-price-service-workload in deployment ts-price-service
[94m[][0m
Querying Prometheus for ts-route-service-cpu in deployment ts-route-service
[94m[{'metric': {'pod': 'ts-route-service-644ddf6579-2jc9l'}, 'value': [1745998734.527, '0.07641578416540556']}][0m
Querying Prometheus for ts-route-service-latency in deployment ts-route-service
[94m[{'metric': {}, 'value': [1745998734.757, '46.83417085427136']}][0m
Querying Prometheus for ts-route-service-memory in deployment ts-route-service
[94m[{'metric': {'pod': 'ts-route-service-644ddf6579-2jc9l'}, 'value': [1745998734.983, '731198464']}][0m
Querying Prometheus for ts-route-service-workload in deployment ts-route-service
[94m[{'metric': {}, 'value': [1745998735.205, '3.033333333333333']}][0m
Querying Prometheus for ts-station-service-cpu in deployment ts-station-service
[94m[{'metric': {'pod': 'ts-station-service-67d84d5cbd-kp45f'}, 'value': [1745998735.429, '0.049937212689451886']}][0m
Querying Prometheus for ts-station-service-latency in deployment ts-station-service
[94m[{'metric': {}, 'value': [1745998735.655, '20.676020408163268']}][0m
Querying Prometheus for ts-station-service-memory in deployment ts-station-service
[94m[{'metric': {'pod': 'ts-station-service-67d84d5cbd-kp45f'}, 'value': [1745998735.883, '744166741.3333334']}][0m
Querying Prometheus for ts-station-service-workload in deployment ts-station-service
[94m[{'metric': {}, 'value': [1745998736.107, '3.255555555555555']}][0m
Querying Prometheus for ts-train-service-cpu in deployment ts-train-service
[94m[{'metric': {'pod': 'ts-train-service-8468c95c56-d9czz'}, 'value': [1745998736.313, '0.0076319870059562075']}][0m
Querying Prometheus for ts-train-service-latency in deployment ts-train-service
[94m[][0m
Querying Prometheus for ts-train-service-memory in deployment ts-train-service
[94m[{'metric': {'pod': 'ts-train-service-8468c95c56-d9czz'}, 'value': [1745998736.761, '596067669.3333333']}][0m
Querying Prometheus for ts-train-service-workload in deployment ts-train-service
[94m[][0m
Querying Prometheus for ts-travel-service-cpu in deployment ts-travel-service
[94m[{'metric': {'pod': 'ts-travel-service-678679d7b4-qnn9b'}, 'value': [1745998737.203, '0.007646662370442499']}][0m
Querying Prometheus for ts-travel-service-latency in deployment ts-travel-service
[94m[][0m
Querying Prometheus for ts-travel-service-memory in deployment ts-travel-service
[94m[{'metric': {'pod': 'ts-travel-service-678679d7b4-qnn9b'}, 'value': [1745998737.655, '639012864']}][0m
Querying Prometheus for ts-travel-service-workload in deployment ts-travel-service
[94m[][0m
Querying Prometheus for ts-ui-dashboard-cpu in deployment ts-ui-dashboard
[94m[{'metric': {'pod': 'ts-ui-dashboard-5445596dc7-dsgpm'}, 'value': [1745998738.113, '0.05986216516268559']}][0m
Querying Prometheus for ts-ui-dashboard-latency in deployment ts-ui-dashboard
[94m[{'metric': {}, 'value': [1745998738.334, '36.524390243902445']}][0m
Querying Prometheus for ts-ui-dashboard-memory in deployment ts-ui-dashboard
[94m[{'metric': {'pod': 'ts-ui-dashboard-5445596dc7-dsgpm'}, 'value': [1745998738.56, '66454869.333333336']}][0m
Querying Prometheus for ts-ui-dashboard-workload in deployment ts-ui-dashboard
[94m[{'metric': {}, 'value': [1745998738.794, '5.4074074074074066']}][0m
Querying Prometheus for ts-user-service-cpu in deployment ts-user-service
[94m[{'metric': {'pod': 'ts-user-service-844b454c75-r56zt'}, 'value': [1745998739.025, '0.007157841682300606']}][0m
Querying Prometheus for ts-user-service-latency in deployment ts-user-service
[94m[][0m
Querying Prometheus for ts-user-service-memory in deployment ts-user-service
[94m[{'metric': {'pod': 'ts-user-service-844b454c75-r56zt'}, 'value': [1745998739.469, '642408448']}][0m
Querying Prometheus for ts-user-service-workload in deployment ts-user-service
[94m[][0m
Recorded metrics at 2025-04-30 07:38:12
[94m[{'metric': {}, 'value': [1745998806.385, '0.04344864005576282']}][0m
[94m[{'metric': {}, 'value': [1745998806.615, '258289664']}][0m
[94m[{'metric': {}, 'value': [1745998806.952, '0.008474554027123066']}][0m
[94m[{'metric': {}, 'value': [1745998807.172, '537403392']}][0m
[94m[{'metric': {}, 'value': [1745998807.547, '0.0076018575630800115']}][0m
[94m[{'metric': {}, 'value': [1745998807.815, '497225728']}][0m
[94m[{'metric': {}, 'value': [1745998808.206, '0.007191126453518494']}][0m
[94m[{'metric': {}, 'value': [1745998808.464, '545366016']}][0m
[94m[{'metric': {}, 'value': [1745998808.828, '0.008114308126872975']}][0m
[94m[{'metric': {}, 'value': [1745998809.05, '520744960']}][0m
[94m[{'metric': {}, 'value': [1745998809.438, '0.007827984691963387']}][0m
[94m[{'metric': {}, 'value': [1745998809.708, '519434240']}][0m
[94m[{'metric': {}, 'value': [1745998810.104, '0.008414419633452673']}][0m
[94m[{'metric': {}, 'value': [1745998810.363, '577568768']}][0m
[94m[{'metric': {}, 'value': [1745998810.752, '0.007892185940293903']}][0m
[94m[{'metric': {}, 'value': [1745998811.018, '556457984']}][0m
[94m[{'metric': {}, 'value': [1745998811.405, '0.004517090678771249']}][0m
[94m[{'metric': {}, 'value': [1745998811.673, '188899328']}][0m
[94m[{'metric': {}, 'value': [1745998812.072, '0.007553854482153587']}][0m
[94m[{'metric': {}, 'value': [1745998812.349, '527257600']}][0m
[94m[{'metric': {}, 'value': [1745998812.733, '0.007704996668410124']}][0m
[94m[{'metric': {}, 'value': [1745998812.969, '518164480']}][0m
[94m[{'metric': {}, 'value': [1745998813.306, '0.011257616360608833']}][0m
[94m[{'metric': {}, 'value': [1745998813.568, '603926528']}][0m
[94m[{'metric': {}, 'value': [1745998813.95, '0.008608997617394835']}][0m
[94m[{'metric': {}, 'value': [1745998814.216, '646856704']}][0m
[94m[{'metric': {}, 'value': [1745998814.591, '0.008395423297169297']}][0m
[94m[{'metric': {}, 'value': [1745998814.851, '564498432']}][0m
[94m[{'metric': {}, 'value': [1745998815.238, '0.008326910826325402']}][0m
[94m[{'metric': {}, 'value': [1745998815.496, '636063744']}][0m
[94m[{'metric': {}, 'value': [1745998815.882, '0.00871370115642337']}][0m
[94m[{'metric': {}, 'value': [1745998816.154, '567951360']}][0m
[94m[{'metric': {}, 'value': [1745998816.551, '0.008455799740945756']}][0m
[94m[{'metric': {}, 'value': [1745998816.827, '555442176']}][0m
[94m[{'metric': {}, 'value': [1745998817.166, '0.008504638982162804']}][0m
[94m[{'metric': {}, 'value': [1745998817.407, '647573504']}][0m
[94m[{'metric': {}, 'value': [1745998817.77, '0.008269027548532638']}][0m
[94m[{'metric': {}, 'value': [1745998818.027, '596410368']}][0m
[94m[{'metric': {}, 'value': [1745998818.398, '0.12213634199182553']}][0m
[94m[{'metric': {}, 'value': [1745998818.645, '1054412800']}][0m
[94m[{'metric': {}, 'value': [1745998819.043, '0.007957508858777423']}][0m
[94m[{'metric': {}, 'value': [1745998819.312, '583917568']}][0m
[94m[{'metric': {}, 'value': [1745998819.691, '0.0038816669710596335']}][0m
[94m[{'metric': {}, 'value': [1745998819.956, '48447488']}][0m
[94m[{'metric': {}, 'value': [1745998820.333, '0.007803790869801899']}][0m
[94m[{'metric': {}, 'value': [1745998820.634, '586747904']}][0m
[94m[{'metric': {}, 'value': [1745998820.981, '0.008314235913203584']}][0m
[94m[{'metric': {}, 'value': [1745998821.19, '600289280']}][0m
[94m[{'metric': {}, 'value': [1745998821.526, '0.060384056500740385']}][0m
[94m[{'metric': {}, 'value': [1745998821.751, '749010944']}][0m
[94m[{'metric': {}, 'value': [1745998822.093, '0.008021607330590362']}][0m
[94m[{'metric': {}, 'value': [1745998822.345, '616951808']}][0m
[94m[{'metric': {}, 'value': [1745998822.74, '0.007355226530428937']}][0m
[94m[{'metric': {}, 'value': [1745998823.021, '525701120']}][0m
[94m[{'metric': {}, 'value': [1745998823.399, '0.008027830982047882']}][0m
[94m[{'metric': {}, 'value': [1745998823.648, '516808704']}][0m
[94m[{'metric': {}, 'value': [1745998823.977, '0.008659006820870483']}][0m
[94m[{'metric': {}, 'value': [1745998824.213, '546844672']}][0m
[94m[{'metric': {}, 'value': [1745998824.589, '0.008297059269953395']}][0m
[94m[{'metric': {}, 'value': [1745998824.846, '522665984']}][0m
[94m[{'metric': {}, 'value': [1745998825.208, '0.008138420395917358']}][0m
[94m[{'metric': {}, 'value': [1745998825.421, '556990464']}][0m
[94m[{'metric': {}, 'value': [1745998825.759, '0.06809354943296501']}][0m
[94m[{'metric': {}, 'value': [1745998825.985, '733364224']}][0m
[94m[{'metric': {}, 'value': [1745998826.303, '0.008014351820632508']}][0m
[94m[{'metric': {}, 'value': [1745998826.535, '504758272']}][0m
[94m[{'metric': {}, 'value': [1745998826.893, '0.008768706281098838']}][0m
[94m[{'metric': {}, 'value': [1745998827.131, '595525632']}][0m
[94m[{'metric': {}, 'value': [1745998827.455, '0.008254573929600472']}][0m
[94m[{'metric': {}, 'value': [1745998827.706, '624070656']}][0m
[94m[{'metric': {}, 'value': [1745998828.026, '0.061307045734585154']}][0m
[94m[{'metric': {}, 'value': [1745998828.261, '744108032']}][0m
[94m[{'metric': {}, 'value': [1745998828.639, '0.004167560874948417']}][0m
[94m[{'metric': {}, 'value': [1745998828.908, '92872704']}][0m
[94m[{'metric': {}, 'value': [1745998829.296, '0.008307854374447138']}][0m
[94m[{'metric': {}, 'value': [1745998829.545, '613027840']}][0m
[94m[{'metric': {}, 'value': [1745998829.923, '0.007763339144046501']}][0m
[94m[{'metric': {}, 'value': [1745998830.183, '595763200']}][0m
[94m[{'metric': {}, 'value': [1745998830.577, '0.008070682284730587']}][0m
[94m[{'metric': {}, 'value': [1745998830.848, '505438208']}][0m
[94m[{'metric': {}, 'value': [1745998831.234, '0.007749657134959442']}][0m
[94m[{'metric': {}, 'value': [1745998831.504, '637259776']}][0m
[94m[{'metric': {}, 'value': [1745998831.887, '0.008295394923426002']}][0m
[94m[{'metric': {}, 'value': [1745998832.116, '584646656']}][0m
[94m[{'metric': {}, 'value': [1745998832.441, '0.057273270145972686']}][0m
[94m[{'metric': {}, 'value': [1745998832.665, '66281472']}][0m
[94m[{'metric': {}, 'value': [1745998832.998, '0.007630390635614157']}][0m
[94m[{'metric': {}, 'value': [1745998833.234, '642646016']}][0m
[94m[{'metric': {}, 'value': [1745998833.556, '0.007062390078027633']}][0m
[94m[{'metric': {}, 'value': [1745998833.781, '490401792']}][0m
[94m[{'metric': {}, 'value': [1745998834.112, '0.004149962839163542']}][0m
[94m[{'metric': {}, 'value': [1745998834.322, '63848448']}][0m
[94m[{'metric': {}, 'value': [1745998834.64, '0.00733807636850274']}][0m
[94m[{'metric': {}, 'value': [1745998834.854, '616112128']}][0m
Querying metrics for application: train-ticket
Querying Prometheus for ts-admin-order-service-cpu in deployment ts-admin-order-service
[94m[{'metric': {'pod': 'ts-admin-order-service-559676f59b-kfntj'}, 'value': [1745998835.079, '0.005992789063131749']}][0m
Querying Prometheus for ts-admin-order-service-latency in deployment ts-admin-order-service
[94m[][0m
Querying Prometheus for ts-admin-order-service-memory in deployment ts-admin-order-service
[94m[{'metric': {'pod': 'ts-admin-order-service-559676f59b-kfntj'}, 'value': [1745998835.524, '497348608']}][0m
Querying Prometheus for ts-admin-order-service-workload in deployment ts-admin-order-service
[94m[][0m
Querying Prometheus for ts-admin-route-service-cpu in deployment ts-admin-route-service
[94m[{'metric': {'pod': 'ts-admin-route-service-55f58759d8-tpnrh'}, 'value': [1745998835.935, '0.006100544637830718']}][0m
Querying Prometheus for ts-admin-route-service-latency in deployment ts-admin-route-service
[94m[][0m
Querying Prometheus for ts-admin-route-service-memory in deployment ts-admin-route-service
[94m[{'metric': {'pod': 'ts-admin-route-service-55f58759d8-tpnrh'}, 'value': [1745998836.36, '545596416']}][0m
Querying Prometheus for ts-admin-route-service-workload in deployment ts-admin-route-service
[94m[][0m
Querying Prometheus for ts-auth-service-cpu in deployment ts-auth-service
[94m[{'metric': {'pod': 'ts-auth-service-69db9d9448-cqg2r'}, 'value': [1745998836.777, '0.007752896244431095']}][0m
Querying Prometheus for ts-auth-service-latency in deployment ts-auth-service
[94m[{'metric': {}, 'value': [1745998836.995, 'NaN']}][0m
Querying Prometheus for ts-auth-service-memory in deployment ts-auth-service
[94m[{'metric': {'pod': 'ts-auth-service-69db9d9448-cqg2r'}, 'value': [1745998837.209, '556505770.6666666']}][0m
Querying Prometheus for ts-auth-service-workload in deployment ts-auth-service
[94m[{'metric': {}, 'value': [1745998837.429, '0']}][0m
Querying Prometheus for ts-notification-service-cpu in deployment ts-notification-service
[94m[{'metric': {'pod': 'ts-notification-service-67b587c9bb-lwjhg'}, 'value': [1745998837.65, '0.006100359473852737']}][0m
Querying Prometheus for ts-notification-service-latency in deployment ts-notification-service
[94m[][0m
Querying Prometheus for ts-notification-service-memory in deployment ts-notification-service
[94m[{'metric': {'pod': 'ts-notification-service-67b587c9bb-lwjhg'}, 'value': [1745998838.082, '587336362.6666666']}][0m
Querying Prometheus for ts-notification-service-workload in deployment ts-notification-service
[94m[][0m
Querying Prometheus for ts-order-service-cpu in deployment ts-order-service
[94m[{'metric': {'pod': 'ts-order-service-85ddc7957b-gs685'}, 'value': [1745998838.555, '0.06910517809608456']}][0m
Querying Prometheus for ts-order-service-latency in deployment ts-order-service
[94m[{'metric': {}, 'value': [1745998839.369, '22.122033898305084']}][0m
Querying Prometheus for ts-order-service-memory in deployment ts-order-service
[94m[{'metric': {'pod': 'ts-order-service-85ddc7957b-gs685'}, 'value': [1745998842.972, '748986368']}][0m
Querying Prometheus for ts-order-service-workload in deployment ts-order-service
[94m[{'metric': {}, 'value': [1745998843.22, '3.3474363235081084']}][0m
Querying Prometheus for ts-payment-service-cpu in deployment ts-payment-service
[94m[{'metric': {'pod': 'ts-payment-service-85c48c8fcb-tplqh'}, 'value': [1745998843.462, '0.007245002310180118']}][0m
Querying Prometheus for ts-payment-service-latency in deployment ts-payment-service
[94m[][0m
Querying Prometheus for ts-payment-service-memory in deployment ts-payment-service
[94m[{'metric': {'pod': 'ts-payment-service-85c48c8fcb-tplqh'}, 'value': [1745998843.978, '617147050.6666666']}][0m
Querying Prometheus for ts-payment-service-workload in deployment ts-payment-service
[94m[][0m
Querying Prometheus for ts-price-service-cpu in deployment ts-price-service
[94m[{'metric': {'pod': 'ts-price-service-85649d648b-5phqb'}, 'value': [1745998844.501, '0.0069047992783663106']}][0m
Querying Prometheus for ts-price-service-latency in deployment ts-price-service
[94m[][0m
Querying Prometheus for ts-price-service-memory in deployment ts-price-service
[94m[{'metric': {'pod': 'ts-price-service-85649d648b-5phqb'}, 'value': [1745998845.01, '546922496']}][0m
Querying Prometheus for ts-price-service-workload in deployment ts-price-service
[94m[][0m
Querying Prometheus for ts-route-service-cpu in deployment ts-route-service
[94m[{'metric': {'pod': 'ts-route-service-644ddf6579-2jc9l'}, 'value': [1745998845.454, '0.0644778844032608']}][0m
Querying Prometheus for ts-route-service-latency in deployment ts-route-service
[94m[{'metric': {}, 'value': [1745998845.688, '46.57194327920324']}][0m
Querying Prometheus for ts-route-service-memory in deployment ts-route-service
[94m[{'metric': {'pod': 'ts-route-service-644ddf6579-2jc9l'}, 'value': [1745998845.934, '733283669.3333333']}][0m
Querying Prometheus for ts-route-service-workload in deployment ts-route-service
[94m[{'metric': {}, 'value': [1745998846.183, '3.0843026476127173']}][0m
Querying Prometheus for ts-station-service-cpu in deployment ts-station-service
[94m[{'metric': {'pod': 'ts-station-service-67d84d5cbd-kp45f'}, 'value': [1745998846.443, '0.058418175119735745']}][0m
Querying Prometheus for ts-station-service-latency in deployment ts-station-service
[94m[{'metric': {}, 'value': [1745998846.716, '20.9744187521423']}][0m
Querying Prometheus for ts-station-service-memory in deployment ts-station-service
[94m[{'metric': {'pod': 'ts-station-service-67d84d5cbd-kp45f'}, 'value': [1745998846.985, '744484864']}][0m
Querying Prometheus for ts-station-service-workload in deployment ts-station-service
[94m[{'metric': {}, 'value': [1745998847.247, '3.294051939509809']}][0m
Querying Prometheus for ts-train-service-cpu in deployment ts-train-service
[94m[{'metric': {'pod': 'ts-train-service-8468c95c56-d9czz'}, 'value': [1745998847.493, '0.005757675000000973']}][0m
Querying Prometheus for ts-train-service-latency in deployment ts-train-service
[94m[][0m
Querying Prometheus for ts-train-service-memory in deployment ts-train-service
[94m[{'metric': {'pod': 'ts-train-service-8468c95c56-d9czz'}, 'value': [1745998848.022, '595180202.6666666']}][0m
Querying Prometheus for ts-train-service-workload in deployment ts-train-service
[94m[][0m
Querying Prometheus for ts-travel-service-cpu in deployment ts-travel-service
[94m[{'metric': {'pod': 'ts-travel-service-678679d7b4-qnn9b'}, 'value': [1745998848.557, '0.00858267438503638']}][0m
Querying Prometheus for ts-travel-service-latency in deployment ts-travel-service
[94m[][0m
Querying Prometheus for ts-travel-service-memory in deployment ts-travel-service
[94m[{'metric': {'pod': 'ts-travel-service-678679d7b4-qnn9b'}, 'value': [1745998848.997, '638093312']}][0m
Querying Prometheus for ts-travel-service-workload in deployment ts-travel-service
[94m[][0m
Querying Prometheus for ts-ui-dashboard-cpu in deployment ts-ui-dashboard
[94m[{'metric': {'pod': 'ts-ui-dashboard-5445596dc7-dsgpm'}, 'value': [1745998849.455, '0.036881524999998305']}][0m
Querying Prometheus for ts-ui-dashboard-latency in deployment ts-ui-dashboard
[94m[{'metric': {}, 'value': [1745998849.679, '36.40625']}][0m
Querying Prometheus for ts-ui-dashboard-memory in deployment ts-ui-dashboard
[94m[{'metric': {'pod': 'ts-ui-dashboard-5445596dc7-dsgpm'}, 'value': [1745998849.936, '66362026.666666664']}][0m
Querying Prometheus for ts-ui-dashboard-workload in deployment ts-ui-dashboard
[94m[{'metric': {}, 'value': [1745998850.197, '5.474074074074073']}][0m
Querying Prometheus for ts-user-service-cpu in deployment ts-user-service
[94m[{'metric': {'pod': 'ts-user-service-844b454c75-r56zt'}, 'value': [1745998850.442, '0.007528283079990362']}][0m
Querying Prometheus for ts-user-service-latency in deployment ts-user-service
[94m[][0m
Querying Prometheus for ts-user-service-memory in deployment ts-user-service
[94m[{'metric': {'pod': 'ts-user-service-844b454c75-r56zt'}, 'value': [1745998850.948, '642781184']}][0m
Querying Prometheus for ts-user-service-workload in deployment ts-user-service
[94m[][0m
Recorded metrics at 2025-04-30 07:39:59
[94m[{'metric': {}, 'value': [1745998918.167, '0.04111063505168259']}][0m
[94m[{'metric': {}, 'value': [1745998918.411, '258387968']}][0m
[94m[{'metric': {}, 'value': [1745998918.784, '0.007580577208176497']}][0m
[94m[{'metric': {}, 'value': [1745998919.035, '537518080']}][0m
[94m[{'metric': {}, 'value': [1745998919.421, '0.006877942231323097']}][0m
[94m[{'metric': {}, 'value': [1745998919.691, '497123328']}][0m
[94m[{'metric': {}, 'value': [1745998920.069, '0.007192169543726315']}][0m
[94m[{'metric': {}, 'value': [1745998920.293, '545722368']}][0m
[94m[{'metric': {}, 'value': [1745998920.666, '0.0075050428190468095']}][0m
[94m[{'metric': {}, 'value': [1745998920.913, '520478720']}][0m
[94m[{'metric': {}, 'value': [1745998921.301, '0.00759598481927809']}][0m
[94m[{'metric': {}, 'value': [1745998921.568, '519102464']}][0m
[94m[{'metric': {}, 'value': [1745998921.954, '0.008121737241613627']}][0m
[94m[{'metric': {}, 'value': [1745998922.216, '576077824']}][0m
[94m[{'metric': {}, 'value': [1745998922.591, '0.007512463280075627']}][0m
[94m[{'metric': {}, 'value': [1745998922.852, '556453888']}][0m
[94m[{'metric': {}, 'value': [1745998923.231, '0.004530815467694717']}][0m
[94m[{'metric': {}, 'value': [1745998923.484, '189026304']}][0m
[94m[{'metric': {}, 'value': [1745998923.856, '0.007390357052601179']}][0m
[94m[{'metric': {}, 'value': [1745998924.099, '527106048']}][0m
[94m[{'metric': {}, 'value': [1745998924.476, '0.007528906549523537']}][0m
[94m[{'metric': {}, 'value': [1745998924.727, '518168576']}][0m
[94m[{'metric': {}, 'value': [1745998925.097, '0.011759163454196616']}][0m
[94m[{'metric': {}, 'value': [1745998925.354, '610766848']}][0m
[94m[{'metric': {}, 'value': [1745998925.708, '0.008193790088817541']}][0m
[94m[{'metric': {}, 'value': [1745998925.971, '646770688']}][0m
[94m[{'metric': {}, 'value': [1745998926.353, '0.008327949547895955']}][0m
[94m[{'metric': {}, 'value': [1745998926.614, '568430592']}][0m
[94m[{'metric': {}, 'value': [1745998927.003, '0.008180855550847329']}][0m
[94m[{'metric': {}, 'value': [1745998927.254, '643055616']}][0m
[94m[{'metric': {}, 'value': [1745998927.64, '0.008396163148421351']}][0m
[94m[{'metric': {}, 'value': [1745998927.89, '566829056']}][0m
[94m[{'metric': {}, 'value': [1745998928.236, '0.007358033889108119']}][0m
[94m[{'metric': {}, 'value': [1745998928.502, '556773376']}][0m
[94m[{'metric': {}, 'value': [1745998928.884, '0.008814455974748975']}][0m
[94m[{'metric': {}, 'value': [1745998929.14, '647843840']}][0m
[94m[{'metric': {}, 'value': [1745998929.525, '0.008744141536568993']}][0m
[94m[{'metric': {}, 'value': [1745998929.784, '595517440']}][0m
[94m[{'metric': {}, 'value': [1745998930.159, '0.12948396187229658']}][0m
[94m[{'metric': {}, 'value': [1745998930.422, '1054318592']}][0m
[94m[{'metric': {}, 'value': [1745998930.797, '0.008372672338531445']}][0m
[94m[{'metric': {}, 'value': [1745998931.045, '583786496']}][0m
[94m[{'metric': {}, 'value': [1745998931.407, '0.004472763724026439']}][0m
[94m[{'metric': {}, 'value': [1745998931.669, '53747712']}][0m
[94m[{'metric': {}, 'value': [1745998932.037, '0.008376831757608907']}][0m
[94m[{'metric': {}, 'value': [1745998932.299, '587345920']}][0m
[94m[{'metric': {}, 'value': [1745998932.696, '0.00882014872283113']}][0m
[94m[{'metric': {}, 'value': [1745998932.957, '599269376']}][0m
[94m[{'metric': {}, 'value': [1745998933.327, '0.06387098299670074']}][0m
[94m[{'metric': {}, 'value': [1745998933.579, '748974080']}][0m
[94m[{'metric': {}, 'value': [1745998933.948, '0.00821418608844783']}][0m
[94m[{'metric': {}, 'value': [1745998934.212, '617046016']}][0m
[94m[{'metric': {}, 'value': [1745998934.583, '0.007591362124951054']}][0m
[94m[{'metric': {}, 'value': [1745998934.836, '530530304']}][0m
[94m[{'metric': {}, 'value': [1745998935.209, '0.007992419211842064']}][0m
[94m[{'metric': {}, 'value': [1745998936.068, '523067392']}][0m
[94m[{'metric': {}, 'value': [1745998936.668, '0.00872284776481504']}][0m
[94m[{'metric': {}, 'value': [1745998937.168, '546820096']}][0m
[94m[{'metric': {}, 'value': [1745998937.769, '0.00723519898361232']}][0m
[94m[{'metric': {}, 'value': [1745998938.673, '522272768']}][0m
[94m[{'metric': {}, 'value': [1745998939.071, '0.0072227136581771685']}][0m
[94m[{'metric': {}, 'value': [1745998939.33, '558350336']}][0m
[94m[{'metric': {}, 'value': [1745998939.7, '0.06673864278419446']}][0m
[94m[{'metric': {}, 'value': [1745998939.974, '732848128']}][0m
[94m[{'metric': {}, 'value': [1745998940.357, '0.007687872325548773']}][0m
[94m[{'metric': {}, 'value': [1745998940.605, '503877632']}][0m
[94m[{'metric': {}, 'value': [1745998940.982, '0.008719480274070447']}][0m
[94m[{'metric': {}, 'value': [1745998941.227, '595402752']}][0m
[94m[{'metric': {}, 'value': [1745998941.598, '0.008060439859519644']}][0m
[94m[{'metric': {}, 'value': [1745998941.86, '624050176']}][0m
[94m[{'metric': {}, 'value': [1745998942.248, '0.05768056828767714']}][0m
[94m[{'metric': {}, 'value': [1745998942.517, '744116224']}][0m
[94m[{'metric': {}, 'value': [1745998942.894, '0.004171547540959846']}][0m
[94m[{'metric': {}, 'value': [1745998943.129, '93335552']}][0m
[94m[{'metric': {}, 'value': [1745998943.508, '0.008272990032880862']}][0m
[94m[{'metric': {}, 'value': [1745998943.766, '613646336']}][0m
[94m[{'metric': {}, 'value': [1745998944.094, '0.007742996501806062']}][0m
[94m[{'metric': {}, 'value': [1745998944.357, '595505152']}][0m
[94m[{'metric': {}, 'value': [1745998944.727, '0.006954844280939235']}][0m
[94m[{'metric': {}, 'value': [1745998944.988, '505131008']}][0m
[94m[{'metric': {}, 'value': [1745998945.36, '0.00780112643848512']}][0m
[94m[{'metric': {}, 'value': [1745998945.625, '638676992']}][0m
[94m[{'metric': {}, 'value': [1745998946.007, '0.010334564580100045']}][0m
[94m[{'metric': {}, 'value': [1745998946.265, '589176832']}][0m
[94m[{'metric': {}, 'value': [1745998946.636, '0.05745549699803433']}][0m
[94m[{'metric': {}, 'value': [1745998946.887, '66269184']}][0m
[94m[{'metric': {}, 'value': [1745998947.264, '0.007691627992529379']}][0m
[94m[{'metric': {}, 'value': [1745998947.522, '642998272']}][0m
[94m[{'metric': {}, 'value': [1745998947.905, '0.008114994462432726']}][0m
[94m[{'metric': {}, 'value': [1745998948.177, '490516480']}][0m
[94m[{'metric': {}, 'value': [1745998948.57, '0.004090146944340406']}][0m
[94m[{'metric': {}, 'value': [1745998948.817, '63934464']}][0m
[94m[{'metric': {}, 'value': [1745998949.182, '0.007854771041553384']}][0m
[94m[{'metric': {}, 'value': [1745998949.445, '616189952']}][0m
Querying metrics for application: train-ticket
Querying Prometheus for ts-admin-order-service-cpu in deployment ts-admin-order-service
[94m[{'metric': {'pod': 'ts-admin-order-service-559676f59b-kfntj'}, 'value': [1745998949.704, '0.008204100480236756']}][0m
Querying Prometheus for ts-admin-order-service-latency in deployment ts-admin-order-service
[94m[][0m
Querying Prometheus for ts-admin-order-service-memory in deployment ts-admin-order-service
[94m[{'metric': {'pod': 'ts-admin-order-service-559676f59b-kfntj'}, 'value': [1745998950.23, '497292629.3333334']}][0m
Querying Prometheus for ts-admin-order-service-workload in deployment ts-admin-order-service
[94m[][0m
Querying Prometheus for ts-admin-route-service-cpu in deployment ts-admin-route-service
[94m[{'metric': {'pod': 'ts-admin-route-service-55f58759d8-tpnrh'}, 'value': [1745998950.737, '0.006128386533329879']}][0m
Querying Prometheus for ts-admin-route-service-latency in deployment ts-admin-route-service
[94m[][0m
Querying Prometheus for ts-admin-route-service-memory in deployment ts-admin-route-service
[94m[{'metric': {'pod': 'ts-admin-route-service-55f58759d8-tpnrh'}, 'value': [1745998951.264, '545737386.6666667']}][0m
Querying Prometheus for ts-admin-route-service-workload in deployment ts-admin-route-service
[94m[][0m
Querying Prometheus for ts-auth-service-cpu in deployment ts-auth-service
[94m[{'metric': {'pod': 'ts-auth-service-69db9d9448-cqg2r'}, 'value': [1745998951.778, '0.0078909596346416']}][0m
Querying Prometheus for ts-auth-service-latency in deployment ts-auth-service
[94m[{'metric': {}, 'value': [1745998952.003, 'NaN']}][0m
Querying Prometheus for ts-auth-service-memory in deployment ts-auth-service
[94m[{'metric': {'pod': 'ts-auth-service-69db9d9448-cqg2r'}, 'value': [1745998952.234, '556627285.3333334']}][0m
Querying Prometheus for ts-auth-service-workload in deployment ts-auth-service
[94m[{'metric': {}, 'value': [1745998952.492, '0']}][0m
Querying Prometheus for ts-notification-service-cpu in deployment ts-notification-service
[94m[{'metric': {'pod': 'ts-notification-service-67b587c9bb-lwjhg'}, 'value': [1745998952.751, '0.007901925477768608']}][0m
Querying Prometheus for ts-notification-service-latency in deployment ts-notification-service
[94m[][0m
Querying Prometheus for ts-notification-service-memory in deployment ts-notification-service
[94m[{'metric': {'pod': 'ts-notification-service-67b587c9bb-lwjhg'}, 'value': [1745998953.263, '586977280']}][0m
Querying Prometheus for ts-notification-service-workload in deployment ts-notification-service
[94m[][0m
Querying Prometheus for ts-order-service-cpu in deployment ts-order-service
[94m[{'metric': {'pod': 'ts-order-service-85ddc7957b-gs685'}, 'value': [1745998953.779, '0.059200136425649995']}][0m
Querying Prometheus for ts-order-service-latency in deployment ts-order-service
[94m[{'metric': {}, 'value': [1745998954.041, '22.345323741007192']}][0m
Querying Prometheus for ts-order-service-memory in deployment ts-order-service
[94m[{'metric': {'pod': 'ts-order-service-85ddc7957b-gs685'}, 'value': [1745998954.31, '749031424']}][0m
Querying Prometheus for ts-order-service-workload in deployment ts-order-service
[94m[{'metric': {}, 'value': [1745998954.574, '2.822222222222222']}][0m
Querying Prometheus for ts-payment-service-cpu in deployment ts-payment-service
[94m[{'metric': {'pod': 'ts-payment-service-85c48c8fcb-tplqh'}, 'value': [1745998954.841, '0.010721243210621444']}][0m
Querying Prometheus for ts-payment-service-latency in deployment ts-payment-service
[94m[][0m
Querying Prometheus for ts-payment-service-memory in deployment ts-payment-service
[94m[{'metric': {'pod': 'ts-payment-service-85c48c8fcb-tplqh'}, 'value': [1745998955.373, '619401216']}][0m
Querying Prometheus for ts-payment-service-workload in deployment ts-payment-service
[94m[][0m
Querying Prometheus for ts-price-service-cpu in deployment ts-price-service
[94m[{'metric': {'pod': 'ts-price-service-85649d648b-5phqb'}, 'value': [1745998955.914, '0.008102611275964147']}][0m
Querying Prometheus for ts-price-service-latency in deployment ts-price-service
[94m[][0m
Querying Prometheus for ts-price-service-memory in deployment ts-price-service
[94m[{'metric': {'pod': 'ts-price-service-85649d648b-5phqb'}, 'value': [1745998956.436, '546825557.3333334']}][0m
Querying Prometheus for ts-price-service-workload in deployment ts-price-service
[94m[][0m
Querying Prometheus for ts-route-service-cpu in deployment ts-route-service
[94m[{'metric': {'pod': 'ts-route-service-644ddf6579-2jc9l'}, 'value': [1745998956.954, '0.057986994416417366']}][0m
Querying Prometheus for ts-route-service-latency in deployment ts-route-service
[94m[{'metric': {}, 'value': [1745998957.23, '46.95454545454545']}][0m
Querying Prometheus for ts-route-service-memory in deployment ts-route-service
[94m[{'metric': {'pod': 'ts-route-service-644ddf6579-2jc9l'}, 'value': [1745998957.476, '733117098.6666666']}][0m
Querying Prometheus for ts-route-service-workload in deployment ts-route-service
[94m[{'metric': {}, 'value': [1745998957.753, '3.4999999999999996']}][0m
Querying Prometheus for ts-station-service-cpu in deployment ts-station-service
[94m[{'metric': {'pod': 'ts-station-service-67d84d5cbd-kp45f'}, 'value': [1745998957.981, '0.07505451416631043']}][0m
Querying Prometheus for ts-station-service-latency in deployment ts-station-service
[94m[{'metric': {}, 'value': [1745998958.237, '21.45']}][0m
Querying Prometheus for ts-station-service-memory in deployment ts-station-service
[94m[{'metric': {'pod': 'ts-station-service-67d84d5cbd-kp45f'}, 'value': [1745998958.499, '741633024']}][0m
Querying Prometheus for ts-station-service-workload in deployment ts-station-service
[94m[{'metric': {}, 'value': [1745998958.747, '3.166666666666666']}][0m
Querying Prometheus for ts-train-service-cpu in deployment ts-train-service
[94m[{'metric': {'pod': 'ts-train-service-8468c95c56-d9czz'}, 'value': [1745998958.981, '0.007858222770749865']}][0m
Querying Prometheus for ts-train-service-latency in deployment ts-train-service
[94m[][0m
Querying Prometheus for ts-train-service-memory in deployment ts-train-service
[94m[{'metric': {'pod': 'ts-train-service-8468c95c56-d9czz'}, 'value': [1745998959.526, '595140608']}][0m
Querying Prometheus for ts-train-service-workload in deployment ts-train-service
[94m[][0m
Querying Prometheus for ts-travel-service-cpu in deployment ts-travel-service
[94m[{'metric': {'pod': 'ts-travel-service-678679d7b4-qnn9b'}, 'value': [1745998960.052, '0.008289945849834016']}][0m
Querying Prometheus for ts-travel-service-latency in deployment ts-travel-service
[94m[][0m
Querying Prometheus for ts-travel-service-memory in deployment ts-travel-service
[94m[{'metric': {'pod': 'ts-travel-service-678679d7b4-qnn9b'}, 'value': [1745998960.569, '638686208']}][0m
Querying Prometheus for ts-travel-service-workload in deployment ts-travel-service
[94m[][0m
Querying Prometheus for ts-ui-dashboard-cpu in deployment ts-ui-dashboard
[94m[{'metric': {'pod': 'ts-ui-dashboard-5445596dc7-dsgpm'}, 'value': [1745998961.073, '0.04812423053006884']}][0m
Querying Prometheus for ts-ui-dashboard-latency in deployment ts-ui-dashboard
[94m[{'metric': {}, 'value': [1745998961.335, '38.66319444444445']}][0m
Querying Prometheus for ts-ui-dashboard-memory in deployment ts-ui-dashboard
[94m[{'metric': {'pod': 'ts-ui-dashboard-5445596dc7-dsgpm'}, 'value': [1745998961.593, '66501290.666666664']}][0m
Querying Prometheus for ts-ui-dashboard-workload in deployment ts-ui-dashboard
[94m[{'metric': {}, 'value': [1745998961.843, '5.229629629629629']}][0m
Querying Prometheus for ts-user-service-cpu in deployment ts-user-service
[94m[{'metric': {'pod': 'ts-user-service-844b454c75-r56zt'}, 'value': [1745998962.108, '0.007663840179571971']}][0m
Querying Prometheus for ts-user-service-latency in deployment ts-user-service
[94m[][0m
Querying Prometheus for ts-user-service-memory in deployment ts-user-service
[94m[{'metric': {'pod': 'ts-user-service-844b454c75-r56zt'}, 'value': [1745998962.651, '642849792']}][0m
Querying Prometheus for ts-user-service-workload in deployment ts-user-service
[94m[][0m
Recorded metrics at 2025-04-30 07:41:51
[94m[{'metric': {}, 'value': [1745999029.715, '0.039822908290815244']}][0m
[94m[{'metric': {}, 'value': [1745999029.976, '258400256']}][0m
[94m[{'metric': {}, 'value': [1745999030.365, '0.007336183290018488']}][0m
[94m[{'metric': {}, 'value': [1745999030.612, '544215040']}][0m
[94m[{'metric': {}, 'value': [1745999030.987, '0.007270305288454395']}][0m
[94m[{'metric': {}, 'value': [1745999031.253, '503017472']}][0m
[94m[{'metric': {}, 'value': [1745999031.632, '0.007370064224003452']}][0m
[94m[{'metric': {}, 'value': [1745999031.89, '551632896']}][0m
[94m[{'metric': {}, 'value': [1745999032.272, '0.007619356172935585']}][0m
[94m[{'metric': {}, 'value': [1745999032.526, '526893056']}][0m
[94m[{'metric': {}, 'value': [1745999032.883, '0.007882939242149169']}][0m
[94m[{'metric': {}, 'value': [1745999033.142, '523259904']}][0m
[94m[{'metric': {}, 'value': [1745999033.486, '0.007767875855533512']}][0m
[94m[{'metric': {}, 'value': [1745999033.752, '577626112']}][0m
[94m[{'metric': {}, 'value': [1745999034.131, '0.008716877185470649']}][0m
[94m[{'metric': {}, 'value': [1745999034.395, '556376064']}][0m
[94m[{'metric': {}, 'value': [1745999034.795, '0.004885404149209883']}][0m
[94m[{'metric': {}, 'value': [1745999035.025, '195727360']}][0m
[94m[{'metric': {}, 'value': [1745999035.407, '0.007324574363053874']}][0m
[94m[{'metric': {}, 'value': [1745999035.671, '518987776']}][0m
[94m[{'metric': {}, 'value': [1745999036.068, '0.007755350808245822']}][0m
[94m[{'metric': {}, 'value': [1745999036.338, '521678848']}][0m
[94m[{'metric': {}, 'value': [1745999036.706, '0.011307541554765183']}][0m
[94m[{'metric': {}, 'value': [1745999036.965, '612229120']}][0m
[94m[{'metric': {}, 'value': [1745999037.333, '0.007600153046945742']}][0m
[94m[{'metric': {}, 'value': [1745999037.609, '646754304']}][0m
[94m[{'metric': {}, 'value': [1745999037.966, '0.008088791631859889']}][0m
[94m[{'metric': {}, 'value': [1745999038.2, '569098240']}][0m
[94m[{'metric': {}, 'value': [1745999038.583, '0.00788102497680846']}][0m
[94m[{'metric': {}, 'value': [1745999038.833, '644460544']}][0m
[94m[{'metric': {}, 'value': [1745999039.213, '0.00832098760881893']}][0m
[94m[{'metric': {}, 'value': [1745999039.472, '574488576']}][0m
[94m[{'metric': {}, 'value': [1745999039.851, '0.007672063641111336']}][0m
[94m[{'metric': {}, 'value': [1745999040.11, '555823104']}][0m
[94m[{'metric': {}, 'value': [1745999040.969, '0.007765112544984587']}][0m
[94m[{'metric': {}, 'value': [1745999042.068, '647860224']}][0m
[94m[{'metric': {}, 'value': [1745999043.369, '0.007899160580696566']}][0m
[94m[{'metric': {}, 'value': [1745999043.873, '596729856']}][0m
[94m[{'metric': {}, 'value': [1745999044.275, '0.1223165489327346']}][0m
[94m[{'metric': {}, 'value': [1745999044.568, '1055219712']}][0m
[94m[{'metric': {}, 'value': [1745999044.946, '0.007691405447143533']}][0m
[94m[{'metric': {}, 'value': [1745999045.176, '582918144']}][0m
[94m[{'metric': {}, 'value': [1745999045.555, '0.004401388902153736']}][0m
[94m[{'metric': {}, 'value': [1745999045.808, '53305344']}][0m
[94m[{'metric': {}, 'value': [1745999046.189, '0.007687148766543844']}][0m
[94m[{'metric': {}, 'value': [1745999046.445, '587124736']}][0m
[94m[{'metric': {}, 'value': [1745999046.824, '0.008155308067178365']}][0m
[94m[{'metric': {}, 'value': [1745999047.074, '599924736']}][0m
[94m[{'metric': {}, 'value': [1745999047.454, '0.0583092784509279']}][0m
[94m[{'metric': {}, 'value': [1745999047.705, '748867584']}][0m
[94m[{'metric': {}, 'value': [1745999048.087, '0.007484795525604353']}][0m
[94m[{'metric': {}, 'value': [1745999048.34, '625090560']}][0m
[94m[{'metric': {}, 'value': [1745999048.735, '0.007610276401197476']}][0m
[94m[{'metric': {}, 'value': [1745999048.959, '531722240']}][0m
[94m[{'metric': {}, 'value': [1745999049.332, '0.007694533071569013']}][0m
[94m[{'metric': {}, 'value': [1745999049.6, '524378112']}][0m
[94m[{'metric': {}, 'value': [1745999049.979, '0.007972541504835227']}][0m
[94m[{'metric': {}, 'value': [1745999050.242, '546738176']}][0m
[94m[{'metric': {}, 'value': [1745999050.619, '0.008197695294410945']}][0m
[94m[{'metric': {}, 'value': [1745999050.874, '527155200']}][0m
[94m[{'metric': {}, 'value': [1745999051.249, '0.007711303951474167']}][0m
[94m[{'metric': {}, 'value': [1745999051.503, '558256128']}][0m
[94m[{'metric': {}, 'value': [1745999051.877, '0.06944061213144782']}][0m
[94m[{'metric': {}, 'value': [1745999052.132, '733200384']}][0m
[94m[{'metric': {}, 'value': [1745999052.492, '0.0075665560323713524']}][0m
[94m[{'metric': {}, 'value': [1745999052.75, '503812096']}][0m
[94m[{'metric': {}, 'value': [1745999053.116, '0.008016560532025527']}][0m
[94m[{'metric': {}, 'value': [1745999053.367, '595836928']}][0m
[94m[{'metric': {}, 'value': [1745999053.74, '0.007975891250460658']}][0m
[94m[{'metric': {}, 'value': [1745999053.969, '623984640']}][0m
[94m[{'metric': {}, 'value': [1745999054.333, '0.059384928999132267']}][0m
[94m[{'metric': {}, 'value': [1745999054.603, '738856960']}][0m
[94m[{'metric': {}, 'value': [1745999054.974, '0.004310170308483289']}][0m
[94m[{'metric': {}, 'value': [1745999055.233, '93069312']}][0m
[94m[{'metric': {}, 'value': [1745999055.606, '0.007721608141614546']}][0m
[94m[{'metric': {}, 'value': [1745999055.865, '613240832']}][0m
[94m[{'metric': {}, 'value': [1745999056.241, '0.007861044062381663']}][0m
[94m[{'metric': {}, 'value': [1745999056.5, '595357696']}][0m
[94m[{'metric': {}, 'value': [1745999056.879, '0.007110910130497881']}][0m
[94m[{'metric': {}, 'value': [1745999057.148, '505155584']}][0m
[94m[{'metric': {}, 'value': [1745999057.527, '0.00844002202118804']}][0m
[94m[{'metric': {}, 'value': [1745999057.79, '639000576']}][0m
[94m[{'metric': {}, 'value': [1745999058.165, '0.01027951293074659']}][0m
[94m[{'metric': {}, 'value': [1745999058.426, '594685952']}][0m
[94m[{'metric': {}, 'value': [1745999058.784, '0.0547539529411763']}][0m
[94m[{'metric': {}, 'value': [1745999059.03, '66510848']}][0m
[94m[{'metric': {}, 'value': [1745999059.406, '0.008456634530535337']}][0m
[94m[{'metric': {}, 'value': [1745999059.658, '642478080']}][0m
[94m[{'metric': {}, 'value': [1745999060.039, '0.007988602087984834']}][0m
[94m[{'metric': {}, 'value': [1745999060.297, '490160128']}][0m
[94m[{'metric': {}, 'value': [1745999060.671, '0.004098785114350235']}][0m
[94m[{'metric': {}, 'value': [1745999060.943, '63827968']}][0m
[94m[{'metric': {}, 'value': [1745999061.314, '0.00820203195440647']}][0m
[94m[{'metric': {}, 'value': [1745999061.565, '615821312']}][0m
Querying metrics for application: train-ticket
Querying Prometheus for ts-admin-order-service-cpu in deployment ts-admin-order-service
[94m[{'metric': {'pod': 'ts-admin-order-service-559676f59b-kfntj'}, 'value': [1745999061.823, '0.008009428446132246']}][0m
Querying Prometheus for ts-admin-order-service-latency in deployment ts-admin-order-service
[94m[][0m
Querying Prometheus for ts-admin-order-service-memory in deployment ts-admin-order-service
[94m[{'metric': {'pod': 'ts-admin-order-service-559676f59b-kfntj'}, 'value': [1745999062.296, '503117824']}][0m
Querying Prometheus for ts-admin-order-service-workload in deployment ts-admin-order-service
[94m[][0m
Querying Prometheus for ts-admin-route-service-cpu in deployment ts-admin-route-service
[94m[{'metric': {'pod': 'ts-admin-route-service-55f58759d8-tpnrh'}, 'value': [1745999062.814, '0.006439535489426393']}][0m
Querying Prometheus for ts-admin-route-service-latency in deployment ts-admin-route-service
[94m[][0m
Querying Prometheus for ts-admin-route-service-memory in deployment ts-admin-route-service
[94m[{'metric': {'pod': 'ts-admin-route-service-55f58759d8-tpnrh'}, 'value': [1745999063.328, '552195072']}][0m
Querying Prometheus for ts-admin-route-service-workload in deployment ts-admin-route-service
[94m[][0m
Querying Prometheus for ts-auth-service-cpu in deployment ts-auth-service
[94m[{'metric': {'pod': 'ts-auth-service-69db9d9448-cqg2r'}, 'value': [1745999063.847, '0.008511373609431183']}][0m
Querying Prometheus for ts-auth-service-latency in deployment ts-auth-service
[94m[{'metric': {}, 'value': [1745999064.096, 'NaN']}][0m
Querying Prometheus for ts-auth-service-memory in deployment ts-auth-service
[94m[{'metric': {'pod': 'ts-auth-service-69db9d9448-cqg2r'}, 'value': [1745999064.359, '556451840']}][0m
Querying Prometheus for ts-auth-service-workload in deployment ts-auth-service
[94m[{'metric': {}, 'value': [1745999064.611, '0']}][0m
Querying Prometheus for ts-notification-service-cpu in deployment ts-notification-service
[94m[{'metric': {'pod': 'ts-notification-service-67b587c9bb-lwjhg'}, 'value': [1745999064.88, '0.007973716142567035']}][0m
Querying Prometheus for ts-notification-service-latency in deployment ts-notification-service
[94m[][0m
Querying Prometheus for ts-notification-service-memory in deployment ts-notification-service
[94m[{'metric': {'pod': 'ts-notification-service-67b587c9bb-lwjhg'}, 'value': [1745999065.409, '587291648']}][0m
Querying Prometheus for ts-notification-service-workload in deployment ts-notification-service
[94m[][0m
Querying Prometheus for ts-order-service-cpu in deployment ts-order-service
[94m[{'metric': {'pod': 'ts-order-service-85ddc7957b-gs685'}, 'value': [1745999065.922, '0.06798521638042596']}][0m
Querying Prometheus for ts-order-service-latency in deployment ts-order-service
[94m[{'metric': {}, 'value': [1745999066.162, '22.096226415094343']}][0m
Querying Prometheus for ts-order-service-memory in deployment ts-order-service
[94m[{'metric': {'pod': 'ts-order-service-85ddc7957b-gs685'}, 'value': [1745999066.421, '748597248']}][0m
Querying Prometheus for ts-order-service-workload in deployment ts-order-service
[94m[{'metric': {}, 'value': [1745999066.682, '3.344444444444444']}][0m
Querying Prometheus for ts-payment-service-cpu in deployment ts-payment-service
[94m[{'metric': {'pod': 'ts-payment-service-85c48c8fcb-tplqh'}, 'value': [1745999066.939, '0.007804984682154471']}][0m
Querying Prometheus for ts-payment-service-latency in deployment ts-payment-service
[94m[][0m
Querying Prometheus for ts-payment-service-memory in deployment ts-payment-service
[94m[{'metric': {'pod': 'ts-payment-service-85c48c8fcb-tplqh'}, 'value': [1745999067.46, '624781312']}][0m
Querying Prometheus for ts-payment-service-workload in deployment ts-payment-service
[94m[][0m
Querying Prometheus for ts-price-service-cpu in deployment ts-price-service
[94m[{'metric': {'pod': 'ts-price-service-85649d648b-5phqb'}, 'value': [1745999068.002, '0.006694328028189364']}][0m
Querying Prometheus for ts-price-service-latency in deployment ts-price-service
[94m[][0m
Querying Prometheus for ts-price-service-memory in deployment ts-price-service
[94m[{'metric': {'pod': 'ts-price-service-85649d648b-5phqb'}, 'value': [1745999068.512, '546807808']}][0m
Querying Prometheus for ts-price-service-workload in deployment ts-price-service
[94m[][0m
Querying Prometheus for ts-route-service-cpu in deployment ts-route-service
[94m[{'metric': {'pod': 'ts-route-service-644ddf6579-2jc9l'}, 'value': [1745999068.986, '0.0607773615665406']}][0m
Querying Prometheus for ts-route-service-latency in deployment ts-route-service
[94m[{'metric': {}, 'value': [1745999069.253, '47.21739130434783']}][0m
Querying Prometheus for ts-route-service-memory in deployment ts-route-service
[94m[{'metric': {'pod': 'ts-route-service-644ddf6579-2jc9l'}, 'value': [1745999069.523, '733295957.3333334']}][0m
Querying Prometheus for ts-route-service-workload in deployment ts-route-service
[94m[{'metric': {}, 'value': [1745999069.783, '3.266666666666666']}][0m
Querying Prometheus for ts-station-service-cpu in deployment ts-station-service
[94m[{'metric': {'pod': 'ts-station-service-67d84d5cbd-kp45f'}, 'value': [1745999070.045, '0.04708545795242022']}][0m
Querying Prometheus for ts-station-service-latency in deployment ts-station-service
[94m[{'metric': {}, 'value': [1745999070.305, '20.603174603174608']}][0m
Querying Prometheus for ts-station-service-memory in deployment ts-station-service
[94m[{'metric': {'pod': 'ts-station-service-67d84d5cbd-kp45f'}, 'value': [1745999070.574, '738938880']}][0m
Querying Prometheus for ts-station-service-workload in deployment ts-station-service
[94m[{'metric': {}, 'value': [1745999070.835, '3.061111111111111']}][0m
Querying Prometheus for ts-train-service-cpu in deployment ts-train-service
[94m[{'metric': {'pod': 'ts-train-service-8468c95c56-d9czz'}, 'value': [1745999071.088, '0.01069768134059664']}][0m
Querying Prometheus for ts-train-service-latency in deployment ts-train-service
[94m[][0m
Querying Prometheus for ts-train-service-memory in deployment ts-train-service
[94m[{'metric': {'pod': 'ts-train-service-8468c95c56-d9czz'}, 'value': [1745999071.608, '594470229.3333334']}][0m
Querying Prometheus for ts-train-service-workload in deployment ts-train-service
[94m[][0m
Querying Prometheus for ts-travel-service-cpu in deployment ts-travel-service
[94m[{'metric': {'pod': 'ts-travel-service-678679d7b4-qnn9b'}, 'value': [1745999072.119, '0.00596140000000105']}][0m
Querying Prometheus for ts-travel-service-latency in deployment ts-travel-service
[94m[][0m
Querying Prometheus for ts-travel-service-memory in deployment ts-travel-service
[94m[{'metric': {'pod': 'ts-travel-service-678679d7b4-qnn9b'}, 'value': [1745999072.634, '639178069.3333334']}][0m
Querying Prometheus for ts-travel-service-workload in deployment ts-travel-service
[94m[][0m
Querying Prometheus for ts-ui-dashboard-cpu in deployment ts-ui-dashboard
[94m[{'metric': {'pod': 'ts-ui-dashboard-5445596dc7-dsgpm'}, 'value': [1745999073.151, '0.044944749256963346']}][0m
Querying Prometheus for ts-ui-dashboard-latency in deployment ts-ui-dashboard
[94m[{'metric': {}, 'value': [1745999073.385, '38.54609929078015']}][0m
Querying Prometheus for ts-ui-dashboard-memory in deployment ts-ui-dashboard
[94m[{'metric': {'pod': 'ts-ui-dashboard-5445596dc7-dsgpm'}, 'value': [1745999073.627, '66420736']}][0m
Querying Prometheus for ts-ui-dashboard-workload in deployment ts-ui-dashboard
[94m[{'metric': {}, 'value': [1745999073.857, '5.355555555555556']}][0m
Querying Prometheus for ts-user-service-cpu in deployment ts-user-service
[94m[{'metric': {'pod': 'ts-user-service-844b454c75-r56zt'}, 'value': [1745999074.082, '0.0063875914804951885']}][0m
Querying Prometheus for ts-user-service-latency in deployment ts-user-service
[94m[][0m
Querying Prometheus for ts-user-service-memory in deployment ts-user-service
[94m[{'metric': {'pod': 'ts-user-service-844b454c75-r56zt'}, 'value': [1745999074.523, '642123093.3333333']}][0m
Querying Prometheus for ts-user-service-workload in deployment ts-user-service
[94m[][0m
Recorded metrics at 2025-04-30 07:43:42
[94m[{'metric': {}, 'value': [1745999141.484, '0.04201274422582358']}][0m
[94m[{'metric': {}, 'value': [1745999141.747, '264060928']}][0m
[94m[{'metric': {}, 'value': [1745999142.114, '0.007747561572745477']}][0m
[94m[{'metric': {}, 'value': [1745999142.351, '545583104']}][0m
[94m[{'metric': {}, 'value': [1745999142.725, '0.007968843436297956']}][0m
[94m[{'metric': {}, 'value': [1745999142.978, '503414784']}][0m
[94m[{'metric': {}, 'value': [1745999143.355, '0.008100517986035075']}][0m
[94m[{'metric': {}, 'value': [1745999143.613, '553107456']}][0m
[94m[{'metric': {}, 'value': [1745999143.993, '0.011529597960091113']}][0m
[94m[{'metric': {}, 'value': [1745999144.248, '525598720']}][0m
[94m[{'metric': {}, 'value': [1745999144.64, '0.007855414439465944']}][0m
[94m[{'metric': {}, 'value': [1745999144.899, '526229504']}][0m
[94m[{'metric': {}, 'value': [1745999145.279, '0.00780406860474484']}][0m
[94m[{'metric': {}, 'value': [1745999145.532, '582021120']}][0m
[94m[{'metric': {}, 'value': [1745999145.909, '0.008225619001781483']}][0m
[94m[{'metric': {}, 'value': [1745999146.163, '556453888']}][0m
[94m[{'metric': {}, 'value': [1745999146.522, '0.0049018795715963116']}][0m
[94m[{'metric': {}, 'value': [1745999146.778, '197513216']}][0m
[94m[{'metric': {}, 'value': [1745999147.159, '0.006950889166666662']}][0m
[94m[{'metric': {}, 'value': [1745999147.419, '519548928']}][0m
[94m[{'metric': {}, 'value': [1745999147.779, '0.007575063906129057']}][0m
[94m[{'metric': {}, 'value': [1745999148.038, '523423744']}][0m
[94m[{'metric': {}, 'value': [1745999148.4, '0.007550558339870644']}][0m
[94m[{'metric': {}, 'value': [1745999148.636, '605409280']}][0m
[94m[{'metric': {}, 'value': [1745999149.013, '0.007861045535603017']}][0m
[94m[{'metric': {}, 'value': [1745999149.271, '652988416']}][0m
[94m[{'metric': {}, 'value': [1745999149.647, '0.007882605406296808']}][0m
[94m[{'metric': {}, 'value': [1745999149.901, '564555776']}][0m
[94m[{'metric': {}, 'value': [1745999150.27, '0.007188505939571304']}][0m
[94m[{'metric': {}, 'value': [1745999150.523, '639483904']}][0m
[94m[{'metric': {}, 'value': [1745999150.899, '0.007911136071260576']}][0m
[94m[{'metric': {}, 'value': [1745999151.155, '576057344']}][0m
[94m[{'metric': {}, 'value': [1745999151.527, '0.007281326119204326']}][0m
[94m[{'metric': {}, 'value': [1745999151.776, '551682048']}][0m
[94m[{'metric': {}, 'value': [1745999152.168, '0.007599517512692384']}][0m
[94m[{'metric': {}, 'value': [1745999152.417, '648376320']}][0m
[94m[{'metric': {}, 'value': [1745999152.785, '0.008507769000716325']}][0m
[94m[{'metric': {}, 'value': [1745999153.072, '602390528']}][0m
[94m[{'metric': {}, 'value': [1745999153.457, '0.1104084811416924']}][0m
[94m[{'metric': {}, 'value': [1745999153.721, '1054248960']}][0m
[94m[{'metric': {}, 'value': [1745999154.057, '0.007932130763038756']}][0m
[94m[{'metric': {}, 'value': [1745999154.306, '583716864']}][0m
[94m[{'metric': {}, 'value': [1745999154.691, '0.004473106057931931']}][0m
[94m[{'metric': {}, 'value': [1745999154.946, '47935488']}][0m
[94m[{'metric': {}, 'value': [1745999155.325, '0.008017794752346334']}][0m
[94m[{'metric': {}, 'value': [1745999155.577, '587689984']}][0m
[94m[{'metric': {}, 'value': [1745999155.94, '0.008038590500408735']}][0m
[94m[{'metric': {}, 'value': [1745999156.203, '599429120']}][0m
[94m[{'metric': {}, 'value': [1745999156.581, '0.05381569946674807']}][0m
[94m[{'metric': {}, 'value': [1745999156.844, '749084672']}][0m
[94m[{'metric': {}, 'value': [1745999157.212, '0.008047545011055285']}][0m
[94m[{'metric': {}, 'value': [1745999157.482, '625250304']}][0m
[94m[{'metric': {}, 'value': [1745999157.831, '0.007734269354365487']}][0m
[94m[{'metric': {}, 'value': [1745999158.074, '530292736']}][0m
[94m[{'metric': {}, 'value': [1745999158.465, '0.0069483035294117335']}][0m
[94m[{'metric': {}, 'value': [1745999158.722, '520351744']}][0m
[94m[{'metric': {}, 'value': [1745999159.085, '0.0078548702616913']}][0m
[94m[{'metric': {}, 'value': [1745999159.345, '546820096']}][0m
[94m[{'metric': {}, 'value': [1745999159.71, '0.007656802267734375']}][0m
[94m[{'metric': {}, 'value': [1745999159.967, '527863808']}][0m
[94m[{'metric': {}, 'value': [1745999160.344, '0.007751308790150969']}][0m
[94m[{'metric': {}, 'value': [1745999160.597, '557727744']}][0m
[94m[{'metric': {}, 'value': [1745999160.968, '0.05517136225546118']}][0m
[94m[{'metric': {}, 'value': [1745999161.225, '728973312']}][0m
[94m[{'metric': {}, 'value': [1745999161.598, '0.0070277610416666515']}][0m
[94m[{'metric': {}, 'value': [1745999161.851, '504168448']}][0m
[94m[{'metric': {}, 'value': [1745999162.23, '0.007520100910150849']}][0m
[94m[{'metric': {}, 'value': [1745999162.49, '596307968']}][0m
[94m[{'metric': {}, 'value': [1745999162.861, '0.007982307122590841']}][0m
[94m[{'metric': {}, 'value': [1745999163.079, '623960064']}][0m
[94m[{'metric': {}, 'value': [1745999163.398, '0.05234768094149747']}][0m
[94m[{'metric': {}, 'value': [1745999163.645, '738848768']}][0m
[94m[{'metric': {}, 'value': [1745999164.03, '0.004423868417604494']}][0m
[94m[{'metric': {}, 'value': [1745999164.279, '94040064']}][0m
[94m[{'metric': {}, 'value': [1745999164.645, '0.008215590223006938']}][0m
[94m[{'metric': {}, 'value': [1745999164.907, '619565056']}][0m
[94m[{'metric': {}, 'value': [1745999165.306, '0.007853537097240532']}][0m
[94m[{'metric': {}, 'value': [1745999165.563, '595980288']}][0m
[94m[{'metric': {}, 'value': [1745999165.93, '0.007343428763214496']}][0m
[94m[{'metric': {}, 'value': [1745999166.187, '505368576']}][0m
[94m[{'metric': {}, 'value': [1745999166.56, '0.007933836397856572']}][0m
[94m[{'metric': {}, 'value': [1745999166.815, '639008768']}][0m
[94m[{'metric': {}, 'value': [1745999167.189, '0.0076867339099940075']}][0m
[94m[{'metric': {}, 'value': [1745999167.46, '596377600']}][0m
[94m[{'metric': {}, 'value': [1745999167.839, '0.04795614600657936']}][0m
[94m[{'metric': {}, 'value': [1745999168.092, '65679360']}][0m
[94m[{'metric': {}, 'value': [1745999168.467, '0.008472550070286309']}][0m
[94m[{'metric': {}, 'value': [1745999168.74, '642531328']}][0m
[94m[{'metric': {}, 'value': [1745999169.075, '0.008476688972813019']}][0m
[94m[{'metric': {}, 'value': [1745999169.34, '490119168']}][0m
[94m[{'metric': {}, 'value': [1745999169.724, '0.004355179627367018']}][0m
[94m[{'metric': {}, 'value': [1745999169.97, '63668224']}][0m
[94m[{'metric': {}, 'value': [1745999170.375, '0.008596268865287904']}][0m
[94m[{'metric': {}, 'value': [1745999170.631, '616124416']}][0m
Querying metrics for application: train-ticket
Querying Prometheus for ts-admin-order-service-cpu in deployment ts-admin-order-service
[94m[{'metric': {'pod': 'ts-admin-order-service-559676f59b-kfntj'}, 'value': [1745999170.882, '0.006171880640625325']}][0m
Querying Prometheus for ts-admin-order-service-latency in deployment ts-admin-order-service
[94m[][0m
Querying Prometheus for ts-admin-order-service-memory in deployment ts-admin-order-service
[94m[{'metric': {'pod': 'ts-admin-order-service-559676f59b-kfntj'}, 'value': [1745999171.374, '503521280']}][0m
Querying Prometheus for ts-admin-order-service-workload in deployment ts-admin-order-service
[94m[][0m
Querying Prometheus for ts-admin-route-service-cpu in deployment ts-admin-route-service
[94m[{'metric': {'pod': 'ts-admin-route-service-55f58759d8-tpnrh'}, 'value': [1745999171.886, '0.007976550502067102']}][0m
Querying Prometheus for ts-admin-route-service-latency in deployment ts-admin-route-service
[94m[][0m
Querying Prometheus for ts-admin-route-service-memory in deployment ts-admin-route-service
[94m[{'metric': {'pod': 'ts-admin-route-service-55f58759d8-tpnrh'}, 'value': [1745999172.413, '553234432']}][0m
Querying Prometheus for ts-admin-route-service-workload in deployment ts-admin-route-service
[94m[][0m
Querying Prometheus for ts-auth-service-cpu in deployment ts-auth-service
[94m[{'metric': {'pod': 'ts-auth-service-69db9d9448-cqg2r'}, 'value': [1745999172.913, '0.008222535294814688']}][0m
Querying Prometheus for ts-auth-service-latency in deployment ts-auth-service
[94m[{'metric': {}, 'value': [1745999173.182, 'NaN']}][0m
Querying Prometheus for ts-auth-service-memory in deployment ts-auth-service
[94m[{'metric': {'pod': 'ts-auth-service-69db9d9448-cqg2r'}, 'value': [1745999173.447, '556583594.6666666']}][0m
Querying Prometheus for ts-auth-service-workload in deployment ts-auth-service
[94m[{'metric': {}, 'value': [1745999173.703, '0']}][0m
Querying Prometheus for ts-notification-service-cpu in deployment ts-notification-service
[94m[{'metric': {'pod': 'ts-notification-service-67b587c9bb-lwjhg'}, 'value': [1745999173.966, '0.008690515317260483']}][0m
Querying Prometheus for ts-notification-service-latency in deployment ts-notification-service
[94m[][0m
Querying Prometheus for ts-notification-service-memory in deployment ts-notification-service
