Type,Name,Request Count,Failure Count,Median Response Time,Average Response Time,Min Response Time,Max Response Time,Average Content Size,Requests/s,Failures/s,50%,66%,75%,80%,90%,95%,98%,99%,99.9%,99.99%,100%
GET,/api/v1/orderservice/order,6656,113,23,131.47668362437167,6.804376840591431,13641.464117914438,6128.831129807692,5.783190242331157,0.09818216607323028,23,25,28,31,110,340,750,1700,10000,14000,14000
PUT,/api/v1/orderservice/order,6611,228,24,137.19078598215341,6.658829981461167,10040.375860175118,461.20768416275905,5.744091149647128,0.1981020695990841,24,26,28,31,95,190,810,4600,9900,10000,10000
GET,/api/v1/routeservice/routes,6628,310,43,262.44568476080644,9.447142947465181,12933.238615980372,1629.3150271575137,5.758861917994428,0.26934930515664945,43,47,51,57,310,720,4100,8100,10000,13000,13000
GET,/api/v1/stationservice/stations,6700,132,22,141.5775288726245,7.1427789516747,13754.674562020227,1032.7565671641792,5.821420466288876,0.11469067187315396,22,25,27,30,86,300,740,3000,12000,14000,14000
PUT,/api/v1/stationservice/stations,6626,194,24,117.69961045848764,7.264816900715232,10028.97049789317,119.23332327195895,5.757124180541804,0.16856053290448386,24,26,28,31,97,190,790,2100,9600,10000,10000
POST,/api/v1/users/login,126,0,300.0,6189.17265680382,202.7604707982391,41199.14472103119,341.0,0.10947745951528333,0.0,300,320,390,610,36000,40000,41000,41000,41000,41000,41000
,Aggregated,33347,977,25,180.82136048304986,6.658829981461167,41199.14472103119,1871.056436860887,28.974165416318677,0.8488847456066017,25,31,41,46,100,350,970,5600,12000,41000,41000
