Timestamp,User Count,Type,Name,Requests/s,Failures/s,50%,66%,75%,80%,90%,95%,98%,99%,99.9%,99.99%,100%,Total Request Count,Total Failure Count,Total Median Response Time,Total Average Response Time,Total Min Response Time,Total Max Response Time,Total Average Content Size
1745995501,0,,Aggregated,0.000000,0.000000,N/A,N/A,N/A,N/A,N/A,N/A,N/A,N/A,N/A,N/A,N/A,0,0,0,0.0,0,0,0
1745995502,5,,Aggregated,0.000000,0.000000,N/A,N/A,N/A,N/A,N/A,N/A,N/A,N/A,N/A,N/A,N/A,0,0,0,0.0,0,0,0
1745995503,10,,Aggregated,0.000000,0.000000,N/A,N/A,N/A,N/A,N/A,N/A,N/A,N/A,N/A,N/A,N/A,0,0,0,0.0,0,0,0
1745995504,15,,Aggregated,0.000000,0.000000,N/A,N/A,N/A,N/A,N/A,N/A,N/A,N/A,N/A,N/A,N/A,0,0,0,0.0,0,0,0
1745995505,20,,Aggregated,0.000000,0.000000,N/A,N/A,N/A,N/A,N/A,N/A,N/A,N/A,N/A,N/A,N/A,0,0,0,0.0,0,0,0
1745995506,20,,Aggregated,0.000000,0.000000,N/A,N/A,N/A,N/A,N/A,N/A,N/A,N/A,N/A,N/A,N/A,0,0,0,0.0,0,0,0
1745995507,20,,Aggregated,0.000000,0.000000,3400,3400,5500,5500,5500,5500,5500,5500,5500,5500,5500,3,0,3400.0,3794.446883335089,2464.4397981464863,5471.293970942497,1051.0
1745995508,20,,Aggregated,0.000000,0.000000,3100,4200,5100,5300,6100,6200,6300,6300,6300,6300,6300,35,15,3100.0,2785.4140840537316,260.84809587337077,6280.299447942525,1303.6571428571428
1745995509,20,,Aggregated,0.000000,0.000000,3100,4100,5100,5200,6100,6200,6300,6300,6300,6300,6300,37,16,3100.0,2636.979317997356,34.43274390883744,6280.299447942525,1308.7837837837837
1745995510,20,,Aggregated,2.000000,0.000000,2500,4100,5100,5200,6100,6200,6300,6300,6300,6300,6300,40,17,820.0,2443.092746671755,28.17132812924683,6280.299447942525,1323.125
1745995511,20,,Aggregated,2.000000,0.000000,820,3400,4200,5100,5500,6100,6300,6300,6300,6300,6300,42,17,820.0,2330.3489220727765,28.17132812924683,6280.299447942525,1341.2142857142858
1745995512,20,,Aggregated,4.111111,1.777778,370,3100,4200,5100,5500,6100,6300,6300,6300,6300,6300,47,19,370.0,2087.6231122553904,22.245598025619984,6280.299447942525,1319.4468085106382
1745995513,20,,Aggregated,4.111111,1.777778,370,3100,4200,5100,5500,6100,6300,6300,6300,6300,6300,47,19,370.0,2087.6231122553904,22.245598025619984,6280.299447942525,1319.4468085106382
1745995514,20,,Aggregated,4.111111,1.777778,370,3100,4200,5100,5500,6100,6300,6300,6300,6300,6300,47,19,370.0,2087.6231122553904,22.245598025619984,6280.299447942525,1319.4468085106382
1745995515,20,,Aggregated,4.700000,1.900000,360,3100,4100,5100,5500,6100,6300,6300,6300,6300,6300,49,20,360.0,2003.9234824469122,22.245598025619984,6280.299447942525,1289.734693877551
1745995516,20,,Aggregated,4.700000,1.900000,360,3100,4100,5100,5500,6100,6300,6300,6300,6300,6300,49,20,360.0,2003.9234824469122,22.245598025619984,6280.299447942525,1289.734693877551
1745995517,20,,Aggregated,4.700000,1.900000,360,3100,4100,5100,5500,6100,6300,6300,6300,6300,6300,49,20,360.0,2003.9234824469122,22.245598025619984,6280.299447942525,1289.734693877551
1745995518,20,,Aggregated,4.700000,1.900000,360,3100,4100,5100,5500,6100,6300,6300,6300,6300,6300,49,20,360.0,2003.9234824469122,22.245598025619984,6280.299447942525,1289.734693877551
1745995519,20,,Aggregated,4.700000,1.900000,360,3100,4100,5100,5500,6100,6300,6300,6300,6300,6300,49,20,360.0,2003.9234824469122,22.245598025619984,6280.299447942525,1289.734693877551
1745995520,20,,Aggregated,4.700000,1.900000,360,3100,4100,5100,5500,6100,6300,6300,6300,6300,6300,49,20,360.0,2003.9234824469122,22.245598025619984,6280.299447942525,1289.734693877551
1745995521,20,,Aggregated,4.700000,1.900000,360,3100,4100,5100,5500,6100,6300,6300,6300,6300,6300,49,20,360.0,2003.9234824469122,22.245598025619984,6280.299447942525,1289.734693877551
1745995522,20,,Aggregated,4.700000,1.900000,360,3100,4100,5100,5500,6100,6300,6300,6300,6300,6300,49,20,360.0,2003.9234824469122,22.245598025619984,6280.299447942525,1289.734693877551
1745995523,20,,Aggregated,4.700000,1.900000,360,3100,4100,5100,5500,6100,6300,6300,6300,6300,6300,49,20,360.0,2003.9234824469122,22.245598025619984,6280.299447942525,1289.734693877551
1745995524,20,,Aggregated,4.700000,1.900000,360,3100,4100,5100,5500,6100,6300,6300,6300,6300,6300,49,20,360.0,2003.9234824469122,22.245598025619984,6280.299447942525,1289.734693877551
1745995525,20,,Aggregated,4.700000,1.900000,360,3100,4100,5100,5500,6100,6300,6300,6300,6300,6300,49,20,360.0,2003.9234824469122,22.245598025619984,6280.299447942525,1289.734693877551
1745995526,20,,Aggregated,4.700000,1.900000,360,3100,4100,5100,5500,6100,6300,6300,6300,6300,6300,49,20,360.0,2003.9234824469122,22.245598025619984,6280.299447942525,1289.734693877551
1745995527,20,,Aggregated,4.700000,1.900000,360,3100,4100,5100,5500,6100,6300,6300,6300,6300,6300,49,20,360.0,2003.9234824469122,22.245598025619984,6280.299447942525,1289.734693877551
1745995528,20,,Aggregated,4.700000,1.900000,360,3100,4100,5100,5500,6100,6300,6300,6300,6300,6300,49,20,360.0,2003.9234824469122,22.245598025619984,6280.299447942525,1289.734693877551
1745995529,20,,Aggregated,4.700000,1.900000,360,3100,4100,5100,5500,6100,6300,6300,6300,6300,6300,49,20,360.0,2003.9234824469122,22.245598025619984,6280.299447942525,1289.734693877551
1745995530,20,,Aggregated,4.700000,1.900000,360,3100,4100,5100,5500,6100,6300,6300,6300,6300,6300,49,20,360.0,2003.9234824469122,22.245598025619984,6280.299447942525,1289.734693877551
1745995531,20,,Aggregated,4.700000,1.900000,360,3100,4100,5100,5500,6100,6300,6300,6300,6300,6300,49,20,360.0,2003.9234824469122,22.245598025619984,6280.299447942525,1289.734693877551
1745995532,20,,Aggregated,4.700000,1.900000,360,3100,4100,5100,5500,6100,6300,6300,6300,6300,6300,49,20,360.0,2003.9234824469122,22.245598025619984,6280.299447942525,1289.734693877551
1745995533,20,,Aggregated,4.700000,1.900000,360,3100,4100,5100,5500,6100,6300,6300,6300,6300,6300,49,20,360.0,2003.9234824469122,22.245598025619984,6280.299447942525,1289.734693877551
1745995534,20,,Aggregated,4.700000,1.900000,360,3100,4100,5100,5500,6100,6300,6300,6300,6300,6300,49,20,360.0,2003.9234824469122,22.245598025619984,6280.299447942525,1289.734693877551
1745995535,20,,Aggregated,4.700000,1.900000,360,3100,4100,5100,5500,6100,6300,6300,6300,6300,6300,49,20,360.0,2003.9234824469122,22.245598025619984,6280.299447942525,1289.734693877551
1745995536,20,,Aggregated,4.700000,1.900000,360,3100,4100,5100,5500,6100,6300,6300,6300,6300,6300,49,20,360.0,2003.9234824469122,22.245598025619984,6280.299447942525,1289.734693877551
1745995537,20,,Aggregated,4.700000,1.900000,360,3100,4100,5100,5500,6100,6300,6300,6300,6300,6300,49,20,360.0,2003.9234824469122,22.245598025619984,6280.299447942525,1289.734693877551
1745995538,20,,Aggregated,4.700000,1.900000,360,3100,4100,5100,5500,6100,6300,6300,6300,6300,6300,49,20,360.0,2003.9234824469122,22.245598025619984,6280.299447942525,1289.734693877551
1745995539,20,,Aggregated,0.000000,0.000000,2500,4200,5500,6200,32000,32000,32000,32000,32000,32000,32000,59,20,2500.0,6904.942107836763,22.245598025619984,31695.566116133705,1128.9322033898304
1745995540,20,,Aggregated,0.000000,0.000000,510,4100,5200,6100,32000,32000,32000,32000,32000,32000,32000,69,20,510.0,5977.21613404692,22.245598025619984,31695.566116133705,1028.7391304347825
1745995541,20,,Aggregated,0.000000,0.000000,510,3400,5200,5500,32000,32000,32000,32000,32000,32000,32000,71,20,510.0,5809.8804383263205,22.245598025619984,31695.566116133705,1044.112676056338
1745995542,20,,Aggregated,1.000000,0.000000,510,3100,4200,5300,29000,32000,32000,32000,32000,32000,32000,81,20,510.0,5110.638004037793,22.245598025619984,31695.566116133705,1094.6049382716049
1745995543,20,,Aggregated,2.000000,0.000000,420,820,4100,5200,29000,32000,32000,32000,32000,32000,32000,89,20,420.0,4655.27985333936,22.245598025619984,31695.566116133705,1093.1460674157304
1745995544,20,,Aggregated,2.300000,0.000000,360,820,4100,5100,28000,32000,32000,32000,32000,32000,32000,96,20,350.0,4319.210891238375,22.245598025619984,31695.566116133705,1108.9791666666667
1745995545,20,,Aggregated,3.400000,0.000000,280,520,4100,5200,32000,32000,37000,37000,38000,38000,38000,121,20,280.0,5530.514277700597,22.245598025619984,37500.635728938505,1002.0413223140496
1745995546,20,,Aggregated,4.000000,0.000000,260,510,4100,5300,32000,37000,38000,38000,38000,38000,38000,134,20,94,5815.541769638518,22.245598025619984,37977.30074101128,986.0895522388059
1745995547,20,,Aggregated,4.800000,0.000000,73,510,3100,5100,32000,36000,38000,38000,38000,38000,38000,149,20,73,5234.664375740635,22.245598025619984,37977.30074101128,996.489932885906
1745995548,20,,Aggregated,7.200000,0.000000,62,360,820,4100,32000,34000,37000,38000,38000,38000,38000,167,20,62,4674.377767767891,22.245598025619984,37977.30074101128,1018.6107784431138
1745995549,20,,Aggregated,8.900000,0.000000,54,290,510,3100,29000,32000,37000,38000,38000,38000,38000,184,20,53,4247.347068056748,22.245598025619984,37977.30074101128,1045.3532608695652
1745995550,20,,Aggregated,10.100000,0.000000,48,83,510,820,6300,32000,37000,38000,38000,38000,38000,206,20,47,3797.8779900394093,22.245598025619984,37977.30074101128,1031.6941747572816
1745995551,20,,Aggregated,11.900000,0.000000,47,77,370,520,6100,32000,37000,38000,38000,38000,38000,222,20,46,3527.0780745090346,22.245598025619984,37977.30074101128,1055.1891891891892
1745995552,20,,Aggregated,13.300000,0.000000,45,68,350,510,5500,32000,37000,38000,38000,38000,38000,242,20,44,3238.601820934025,22.245598025619984,37977.30074101128,1059.293388429752
1745995553,20,,Aggregated,13.800000,0.000000,44,64,270,510,5300,32000,37000,38000,38000,38000,38000,257,20,44,3051.846070304796,22.245598025619984,37977.30074101128,1067.6848249027237
1745995554,20,,Aggregated,15.200000,0.000000,43,62,180,420,5200,32000,37000,38000,38000,38000,38000,273,20,43,2875.1620045733457,22.245598025619984,37977.30074101128,1076.5018315018315
1745995555,20,,Aggregated,16.100000,0.000000,43,60,82,350,5100,32000,37000,38000,38000,38000,38000,293,20,43,2681.867603216568,22.245598025619984,37977.30074101128,1107.1399317406144
1745995556,20,,Aggregated,16.800000,0.000000,41,58,74,290,4200,32000,37000,37000,38000,38000,38000,312,20,41,2520.6929419595654,22.245598025619984,37977.30074101128,1124.048076923077
1745995557,20,,Aggregated,17.700000,0.000000,41,57,71,280,4200,32000,37000,37000,38000,38000,38000,319,20,41,2466.0932340646063,22.245598025619984,37977.30074101128,1138.9529780564264
1745995558,20,,Aggregated,17.200000,0.000000,41,55,67,180,4100,32000,37000,37000,38000,38000,38000,339,20,41,2322.91507028568,22.245598025619984,37977.30074101128,1151.519174041298
1745995559,20,,Aggregated,17.400000,0.000000,40,53,64,83,3100,30000,36000,37000,38000,38000,38000,356,20,40,2213.630211342053,22.245598025619984,37977.30074101128,1139.4578651685392
1745995560,20,,Aggregated,17.400000,0.000000,40,53,63,82,3100,29000,36000,37000,38000,38000,38000,370,20,40,2131.4906650474545,22.245598025619984,37977.30074101128,1141.927027027027
1745995561,20,,Aggregated,17.300000,0.000000,39,52,62,76,3100,28000,36000,37000,38000,38000,38000,381,20,39,2071.004941221693,22.245598025619984,37977.30074101128,1145.010498687664
1745995562,20,,Aggregated,16.400000,0.000000,39,52,62,76,2500,28000,36000,37000,38000,38000,38000,397,20,39,1989.3228554393233,21.687272004783154,37977.30074101128,1147.9974811083123
1745995563,20,,Aggregated,16.300000,0.000000,38,49,61,73,820,6300,34000,37000,38000,38000,38000,415,20,38,1904.3198915624835,17.153227934613824,37977.30074101128,1148.0433734939759
1745995564,20,,Aggregated,15.700000,0.000000,38,49,60,71,820,6200,34000,37000,38000,38000,38000,426,20,38,1856.861722787313,17.153227934613824,37977.30074101128,1146.0023474178404
1745995565,20,,Aggregated,15.300000,0.000000,37,48,59,70,520,6100,34000,37000,38000,38000,38000,445,20,37,1778.8784925396858,13.313384959474206,37977.30074101128,1156.8
1745995566,20,,Aggregated,15.800000,0.000000,37,48,58,66,510,6100,32000,37000,38000,38000,38000,461,20,37,1718.3114873243337,13.313384959474206,37977.30074101128,1160.0911062906725
1745995567,20,,Aggregated,15.300000,0.000000,37,47,58,64,510,6100,32000,37000,38000,38000,38000,473,20,37,1675.5038998262016,13.313384959474206,37977.30074101128,1167.4714587737844
1745995568,20,,Aggregated,15.200000,0.000000,36,47,57,63,510,5500,32000,37000,38000,38000,38000,490,20,36,1618.5433077255302,13.313384959474206,37977.30074101128,1158.142857142857
1745995569,20,,Aggregated,14.900000,0.000000,36,47,57,62,510,5500,32000,37000,38000,38000,38000,500,20,36,1586.9719358091243,13.313384959474206,37977.30074101128,1159.558
1745995570,20,,Aggregated,15.000000,0.000000,36,47,56,62,500,5300,32000,37000,38000,38000,38000,521,20,36,1524.7303405843654,13.313384959474206,37977.30074101128,1173.641074856046
1745995571,20,,Aggregated,14.900000,0.000000,36,46,56,61,450,5300,32000,37000,38000,38000,38000,537,20,36,1480.212511352109,13.313384959474206,37977.30074101128,1167.1415270018622
1745995572,20,,Aggregated,14.400000,0.000000,36,46,55,60,370,5200,32000,37000,38000,38000,38000,551,20,36,1443.543309585433,13.313384959474206,37977.30074101128,1167.6206896551723
1745995573,20,,Aggregated,15.100000,0.000000,35,45,54,59,360,5100,32000,37000,38000,38000,38000,570,20,35,1396.4635926621493,13.313384959474206,37977.30074101128,1171.4263157894736
1745995574,20,,Aggregated,15.600000,0.000000,35,44,53,59,350,5100,32000,37000,38000,38000,38000,585,20,35,1361.4349159559347,13.313384959474206,37977.30074101128,1170.1179487179488
1745995575,20,,Aggregated,15.500000,0.000000,35,44,53,58,350,4200,32000,37000,38000,38000,38000,605,20,35,1317.4412384386799,13.313384959474206,37977.30074101128,1162.6495867768595
1745995576,20,,Aggregated,15.600000,0.000000,34,43,53,58,290,4200,32000,37000,38000,38000,38000,624,20,34,1278.3775437949375,13.313384959474206,37977.30074101128,1163.0929487179487
1745995577,20,,Aggregated,15.800000,0.000000,35,43,53,58,290,4200,32000,37000,38000,38000,38000,630,20,35,1266.6163618868543,13.313384959474206,37977.30074101128,1167.4063492063492
1745995578,20,,Aggregated,16.000000,0.000000,34,42,53,57,270,4100,32000,37000,38000,38000,38000,656,20,34,1217.8127568764555,13.313384959474206,37977.30074101128,1169.2088414634147
1745995580,20,,Aggregated,16.300000,0.000000,34,42,53,58,260,4100,32000,37000,38000,38000,38000,664,20,34,1203.5678646864556,13.313384959474206,37977.30074101128,1174.4668674698796
1745995581,20,,Aggregated,15.600000,0.000000,34,41,52,57,200,3400,32000,37000,38000,38000,38000,683,20,34,1170.9194046865855,13.313384959474206,37977.30074101128,1168.3631039531479
1745995582,20,,Aggregated,16.600000,0.000000,34,41,52,57,180,3400,32000,37000,38000,38000,38000,696,20,34,1149.7991520117957,13.313384959474206,37977.30074101128,1171.1666666666667
1745995583,20,,Aggregated,16.400000,0.000000,34,41,52,57,180,3100,32000,36000,38000,38000,38000,705,20,34,1135.4673784018119,13.313384959474206,37977.30074101128,1165.2666666666667
1745995584,20,,Aggregated,15.900000,0.000000,34,41,52,56,160,3100,32000,36000,38000,38000,38000,728,20,34,1101.0990293567315,13.313384959474206,37977.30074101128,1168.1895604395604
1745995585,20,,Aggregated,15.300000,0.000000,33,41,51,56,95,3100,32000,36000,38000,38000,38000,743,20,33,1079.3934011606882,13.313384959474206,37977.30074101128,1159.6890982503364
1745995586,20,,Aggregated,15.300000,0.000000,33,40,51,56,95,3100,32000,36000,38000,38000,38000,760,20,33,1056.210614853894,13.313384959474206,37977.30074101128,1159.5434210526316
1745995587,20,,Aggregated,15.700000,0.000000,33,40,51,56,91,3100,32000,36000,38000,38000,38000,774,20,33,1037.748558217544,13.313384959474206,37977.30074101128,1163.8385012919896
1745995588,20,,Aggregated,15.700000,0.000000,33,40,50,55,88,2500,32000,36000,38000,38000,38000,791,20,33,1016.1132286541168,13.313384959474206,37977.30074101128,1159.0745891276865
1745995589,20,,Aggregated,14.800000,0.000000,33,39,49,54,83,820,32000,34000,38000,38000,38000,810,20,33,992.9821426327696,13.313384959474206,37977.30074101128,1165.0172839506172
1745995590,20,,Aggregated,14.800000,0.000000,33,39,49,54,83,820,32000,34000,38000,38000,38000,821,20,33,980.0865894703061,13.313384959474206,37977.30074101128,1168.2216808769792
1745995591,20,,Aggregated,15.200000,0.000000,33,39,49,54,82,820,32000,34000,38000,38000,38000,840,20,33,958.6355632292994,13.313384959474206,37977.30074101128,1168.732142857143
1745995592,20,,Aggregated,15.700000,0.000000,32,38,49,53,79,820,30000,34000,38000,38000,38000,859,20,32,938.1219822256387,13.313384959474206,37977.30074101128,1162.024447031432
1745995593,20,,Aggregated,15.600000,0.000000,32,38,48,53,76,520,30000,34000,38000,38000,38000,878,20,32,918.5191947176038,13.313384959474206,37977.30074101128,1160.115034168565
1745995594,20,,Aggregated,15.600000,0.000000,32,38,47,53,75,520,30000,34000,38000,38000,38000,891,20,32,905.5970498754232,13.313384959474206,37977.30074101128,1157.702581369248
1745995595,20,,Aggregated,16.900000,0.000000,32,38,47,53,74,510,29000,32000,38000,38000,38000,905,20,32,892.048768597547,13.313384959474206,37977.30074101128,1155.6729281767955
1745995596,20,,Aggregated,16.900000,0.000000,32,38,47,53,74,510,29000,32000,38000,38000,38000,919,20,32,878.9482463176045,13.313384959474206,37977.30074101128,1155.860718171926
1745995597,20,,Aggregated,16.200000,0.000000,32,38,47,53,72,510,29000,32000,38000,38000,38000,937,20,32,862.7420654850878,13.313384959474206,37977.30074101128,1154.153681963714
1745995598,20,,Aggregated,15.900000,0.000000,32,37,47,52,71,510,28000,32000,38000,38000,38000,951,20,32,850.5290898097313,13.313384959474206,37977.30074101128,1157.720294426919
1745995599,20,,Aggregated,16.300000,0.000000,32,37,46,52,71,510,28000,32000,38000,38000,38000,965,20,32,838.6063880574228,13.313384959474206,37977.30074101128,1156.859067357513
1745995600,20,,Aggregated,15.900000,0.000000,32,37,46,52,69,510,28000,32000,38000,38000,38000,981,20,32,825.50123514618,13.313384959474206,37977.30074101128,1159.7390417940876
1745995601,20,,Aggregated,15.600000,0.000000,32,37,46,51,67,510,6300,32000,38000,38000,38000,1001,20,32,809.5133547277118,11.213775957003236,37977.30074101128,1155.110889110889
1745995602,20,,Aggregated,15.700000,0.000000,32,37,46,51,67,510,6300,32000,38000,38000,38000,1012,20,32,801.0604896137708,11.213775957003236,37977.30074101128,1157.0760869565217
1745995603,20,,Aggregated,15.700000,0.000000,32,37,45,51,66,510,6300,32000,38000,38000,38000,1026,20,32,790.4307053337731,11.213775957003236,37977.30074101128,1156.288499025341
1745995604,20,,Aggregated,15.400000,0.000000,31,37,45,51,66,500,6300,32000,38000,38000,38000,1043,20,31,778.8671141656424,11.213775957003236,37977.30074101128,1161.790987535954
1745995605,20,,Aggregated,15.200000,0.000000,31,36,45,51,65,500,6200,32000,38000,38000,38000,1060,20,31,766.8685023202825,11.213775957003236,37977.30074101128,1165.0150943396227
1745995606,20,,Aggregated,15.100000,0.000000,31,36,44,51,64,480,6200,32000,38000,38000,38000,1074,20,31,757.2025195006073,11.213775957003236,37977.30074101128,1162.9627560521415
1745995607,20,,Aggregated,14.900000,0.000000,31,36,44,50,63,450,6200,32000,38000,38000,38000,1091,20,31,745.8747014745653,11.213775957003236,37977.30074101128,1163.5783684692942
1745995608,20,,Aggregated,14.900000,0.000000,31,36,44,50,63,440,6100,32000,38000,38000,38000,1108,20,31,734.823684297613,11.213775957003236,37977.30074101128,1163.7400722021662
1745995609,20,,Aggregated,15.400000,0.000000,31,36,44,50,62,420,6100,32000,38000,38000,38000,1124,20,31,724.8604615375125,11.213775957003236,37977.30074101128,1166.7491103202847
1745995610,20,,Aggregated,15.800000,0.000000,31,36,44,50,62,370,6100,32000,38000,38000,38000,1144,20,31,712.7828965905054,11.213775957003236,37977.30074101128,1167.618006993007
1745995611,20,,Aggregated,15.800000,0.000000,31,36,44,50,62,370,6100,32000,38000,38000,38000,1153,20,31,707.4466046807739,11.213775957003236,37977.30074101128,1167.4666088464874
1745995612,20,,Aggregated,16.500000,0.000000,31,36,44,50,62,360,6100,32000,38000,38000,38000,1174,20,31,695.3883001349194,11.213775957003236,37977.30074101128,1174.618398637138
1745995613,20,,Aggregated,15.100000,0.000000,31,36,44,50,62,360,6100,32000,38000,38000,38000,1185,20,31,689.8231240478639,11.213775957003236,37977.30074101128,1172.3864978902955
1745995614,20,,Aggregated,16.100000,0.000000,31,36,44,50,62,360,5500,32000,38000,38000,38000,1201,20,31,680.9756279315064,11.213775957003236,37977.30074101128,1171.5611990008326
1745995615,20,,Aggregated,15.700000,0.000000,31,36,44,50,62,360,5500,32000,38000,38000,38000,1218,20,31,671.9825886368097,11.213775957003236,37977.30074101128,1171.4195402298851
1745995616,20,,Aggregated,15.800000,0.000000,31,36,44,49,61,350,5500,32000,38000,38000,38000,1233,20,31,664.1559037940754,11.213775957003236,37977.30074101128,1175.0040551500406
1745995617,20,,Aggregated,16.200000,0.000000,31,36,44,49,61,350,5500,32000,38000,38000,38000,1247,20,31,657.0960729894151,11.213775957003236,37977.30074101128,1175.1323175621492
1745995618,20,,Aggregated,16.200000,0.000000,31,36,44,49,61,350,5300,32000,38000,38000,38000,1267,20,31,647.2312291887837,11.213775957003236,37977.30074101128,1175.5793212312549
1745995619,20,,Aggregated,15.400000,0.000000,31,35,44,49,60,340,5300,32000,38000,38000,38000,1281,20,31,640.5813787247008,11.213775957003236,37977.30074101128,1177.2380952380952
1745995620,20,,Aggregated,15.900000,0.000000,31,35,43,49,60,290,5300,32000,38000,38000,38000,1302,20,31,630.658468297903,11.213775957003236,37977.30074101128,1177.8379416282642
1745995621,20,,Aggregated,15.300000,0.000000,31,35,43,49,60,290,5300,32000,38000,38000,38000,1318,20,31,623.3948086334,11.213775957003236,37977.30074101128,1175.329286798179
1745995622,20,,Aggregated,15.300000,0.000000,31,35,43,49,60,280,5300,32000,38000,38000,38000,1327,20,31,619.3804808958281,11.213775957003236,37977.30074101128,1176.8206480783722
1745995623,20,,Aggregated,16.500000,0.000000,31,35,43,49,60,270,5200,32000,38000,38000,38000,1352,20,30,608.4784164342109,11.213775957003236,37977.30074101128,1181.201923076923
1745995624,20,,Aggregated,16.500000,0.000000,30,35,43,48,60,270,5200,32000,38000,38000,38000,1362,20,30,604.1723489696392,11.213775957003236,37977.30074101128,1181.6541850220265
1745995625,20,,Aggregated,16.400000,0.000000,30,35,43,48,60,260,5200,32000,38000,38000,38000,1382,20,30,595.8281979908259,11.213775957003236,37977.30074101128,1180.5347322720695
1745995626,20,,Aggregated,16.200000,0.000000,30,35,42,48,59,260,5200,32000,38000,38000,38000,1393,20,30,591.3278359407659,11.213775957003236,37977.30074101128,1181.0789662598709
1745995627,20,,Aggregated,16.600000,0.000000,30,35,42,47,59,250,5100,32000,38000,38000,38000,1411,20,30,584.2237078175833,11.213775957003236,37977.30074101128,1184.9397590361446
1745995628,20,,Aggregated,15.800000,0.000000,30,35,42,47,59,230,5100,32000,38000,38000,38000,1425,20,30,578.7748084818585,11.213775957003236,37977.30074101128,1185.4077192982456
1745995629,20,,Aggregated,16.600000,0.000000,30,35,41,47,59,200,5100,32000,38000,38000,38000,1444,20,30,571.4661964185348,11.213775957003236,37977.30074101128,1187.8324099722993
1745995630,20,,Aggregated,15.500000,0.000000,30,34,41,47,59,200,5100,32000,38000,38000,38000,1460,20,30,565.4537733031871,11.213775957003236,37977.30074101128,1185.2828767123287
1745995631,20,,Aggregated,16.700000,0.000000,30,34,41,46,59,180,5100,32000,38000,38000,38000,1478,20,30,558.9117548744798,11.213775957003236,37977.30074101128,1185.180649526387
1745995632,20,,Aggregated,15.900000,0.000000,30,34,41,46,59,180,5100,32000,38000,38000,38000,1500,20,30,551.0729887184376,11.213775957003236,37977.30074101128,1188.392
1745995633,20,,Aggregated,16.200000,0.000000,30,34,41,46,58,180,4200,32000,38000,38000,38000,1514,20,30,546.1497074988076,9.366134880110621,37977.30074101128,1186.8936591809775
1745995634,20,,Aggregated,17.100000,0.000000,30,34,41,46,58,180,4200,32000,38000,38000,38000,1531,20,30,540.3699653787669,9.366134880110621,37977.30074101128,1188.6688438928804
1745995635,20,,Aggregated,16.300000,0.000000,30,34,40,46,58,160,4200,32000,38000,38000,38000,1550,20,30,534.0991600346,9.366134880110621,37977.30074101128,1189.543870967742
1745995636,20,,Aggregated,16.800000,0.000000,30,34,41,46,58,180,4200,32000,38000,38000,38000,1563,20,30,530.3955107162542,9.366134880110621,37977.30074101128,1186.9027511196416
1745995637,20,,Aggregated,16.800000,0.000000,30,34,40,45,58,180,4200,32000,38000,38000,38000,1588,20,30,522.3882862389315,9.366134880110621,37977.30074101128,1186.9955919395466
1745995638,20,,Aggregated,17.200000,0.000000,30,34,40,45,58,180,4200,32000,38000,38000,38000,1598,20,30,519.2941605044675,9.366134880110621,37977.30074101128,1184.6301627033793
1745995639,20,,Aggregated,17.500000,0.000000,30,34,41,45,58,160,4100,32000,38000,38000,38000,1607,20,30,516.5930095352708,9.366134880110621,37977.30074101128,1185.9751088985688
1745995640,20,,Aggregated,17.000000,0.000000,30,33,40,45,58,130,4100,32000,38000,38000,38000,1628,20,29,510.2793726150784,9.366134880110621,37977.30074101128,1183.522113022113
1745995641,20,,Aggregated,16.100000,0.000000,29,33,40,45,58,130,4100,32000,38000,38000,38000,1646,20,29,505.12234461244833,9.366134880110621,37977.30074101128,1179.777035236938
1745995642,20,,Aggregated,16.600000,0.000000,29,33,40,45,58,110,4100,32000,38000,38000,38000,1665,20,29,499.6794830174283,9.366134880110621,37977.30074101128,1175.0078078078077
1745995643,20,,Aggregated,16.000000,0.000000,29,33,40,45,57,110,4100,32000,38000,38000,38000,1677,20,29,496.3239511425263,9.366134880110621,37977.30074101128,1173.299344066786
1745995644,20,,Aggregated,16.100000,0.000000,29,33,40,45,57,96,4100,32000,38000,38000,38000,1692,20,29,492.2025688530615,9.366134880110621,37977.30074101128,1171.2328605200946
1745995645,20,,Aggregated,16.100000,0.000000,29,33,40,45,57,95,3400,30000,38000,38000,38000,1701,20,29,489.7626289088489,9.366134880110621,37977.30074101128,1172.4309229864784
1745995646,20,,Aggregated,15.900000,0.000000,29,33,40,45,57,95,3400,30000,38000,38000,38000,1720,20,29,484.68150073069495,9.366134880110621,37977.30074101128,1171.3383720930233
1745995647,20,,Aggregated,15.200000,0.000000,29,33,40,45,57,94,3400,30000,38000,38000,38000,1736,20,29,480.5193831818232,9.366134880110621,37977.30074101128,1172.0771889400921
1745995648,20,,Aggregated,15.600000,0.000000,29,33,40,45,57,91,3400,30000,38000,38000,38000,1746,20,29,477.93375509527044,9.366134880110621,37977.30074101128,1171.1265750286368
1745995649,20,,Aggregated,14.600000,0.000000,29,33,39,44,56,91,3100,30000,38000,38000,38000,1771,20,29,471.5207762861617,9.366134880110621,37977.30074101128,1172.544889892716
1745995650,20,,Aggregated,15.200000,0.000000,29,33,39,44,56,88,3100,30000,38000,38000,38000,1782,20,29,468.8022432990705,9.366134880110621,37977.30074101128,1173.0145903479238
1745995651,20,,Aggregated,16.600000,0.000000,29,33,39,44,56,91,3100,29000,38000,38000,38000,1805,20,29,463.27644092330087,9.366134880110621,37977.30074101128,1172.6304709141275
1745995652,20,,Aggregated,15.300000,0.000000,29,33,39,44,56,91,3100,29000,38000,38000,38000,1820,20,29,459.71533408552244,9.366134880110621,37977.30074101128,1173.2467032967033
1745995653,20,,Aggregated,16.000000,0.000000,29,33,39,44,56,88,3100,29000,38000,38000,38000,1835,20,29,456.224310967046,9.366134880110621,37977.30074101128,1175.7961852861035
1745995654,20,,Aggregated,15.600000,0.000000,29,33,39,44,56,83,3100,29000,38000,38000,38000,1844,20,29,454.16486973989424,9.366134880110621,37977.30074101128,1175.8069414316703
1745995655,20,,Aggregated,16.000000,0.000000,29,33,40,44,56,83,3100,29000,38000,38000,38000,1866,20,29,449.21944396021814,9.366134880110621,37977.30074101128,1180.8381564844588
1745995656,20,,Aggregated,15.300000,0.000000,29,33,40,44,56,83,3100,29000,38000,38000,38000,1880,20,29,446.13003160376,9.366134880110621,37977.30074101128,1182.2824468085107
1745995657,20,,Aggregated,16.000000,0.000000,29,33,40,44,55,83,3100,29000,38000,38000,38000,1893,20,29,443.28062038421456,9.366134880110621,37977.30074101128,1183.0760697305864
1745995658,20,,Aggregated,15.900000,0.000000,29,33,39,44,55,82,3100,28000,38000,38000,38000,1914,20,29,438.6769133504887,9.366134880110621,37977.30074101128,1183.2800417972833
1745995659,20,,Aggregated,15.900000,0.000000,29,33,39,44,55,81,3100,28000,38000,38000,38000,1926,20,29,436.09287875374685,9.366134880110621,37977.30074101128,1182.7622014537903
1745995660,20,,Aggregated,16.100000,0.000000,29,33,39,44,55,79,3100,28000,38000,38000,38000,1945,20,29,432.1291325987343,9.366134880110621,37977.30074101128,1183.8622107969152
1745995661,20,,Aggregated,15.700000,0.000000,29,33,39,44,55,79,2500,28000,38000,38000,38000,1960,20,29,429.0617063762715,9.366134880110621,37977.30074101128,1185.0127551020407
1745995662,20,,Aggregated,16.000000,0.000000,29,33,39,44,54,77,2500,28000,38000,38000,38000,1976,20,29,425.85680819175917,9.366134880110621,37977.30074101128,1186.031882591093
1745995663,20,,Aggregated,16.100000,0.000000,29,33,39,44,54,76,2500,28000,38000,38000,38000,1990,20,29,423.0653280338469,9.366134880110621,37977.30074101128,1186.4115577889447
1745995664,20,,Aggregated,15.200000,0.000000,29,33,39,44,54,76,820,6300,38000,38000,38000,2003,20,29,420.5446338974529,9.366134880110621,37977.30074101128,1186.2840738891662
1745995665,20,,Aggregated,15.600000,0.000000,29,32,39,44,54,76,820,6300,38000,38000,38000,2027,20,29,415.8638175270237,9.366134880110621,37977.30074101128,1185.2747903305378
1745995666,20,,Aggregated,15.400000,0.000000,29,33,39,44,54,76,820,6300,38000,38000,38000,2035,20,29,414.34577388656885,9.366134880110621,37977.30074101128,1185.114004914005
1745995667,20,,Aggregated,15.900000,0.000000,29,32,39,44,54,76,820,6300,38000,38000,38000,2056,20,29,410.3693447764537,9.366134880110621,37977.30074101128,1184.2704280155642
1745995668,20,,Aggregated,15.800000,0.000000,29,32,39,44,54,75,820,6300,38000,38000,38000,2075,20,29,406.83863240383926,9.366134880110621,37977.30074101128,1183.0780722891566
1745995669,20,,Aggregated,16.500000,0.000000,29,32,39,44,54,74,820,6300,38000,38000,38000,2090,20,29,404.10406657507974,9.366134880110621,37977.30074101128,1182.8913875598087
1745995670,20,,Aggregated,16.400000,0.000000,29,32,39,44,54,74,820,6200,38000,38000,38000,2103,20,29,401.7948252724637,9.366134880110621,37977.30074101128,1181.7275320970043
1745995671,20,,Aggregated,15.900000,0.000000,29,32,39,43,53,74,820,6200,38000,38000,38000,2121,20,29,398.56281147082893,9.366134880110621,37977.30074101128,1182.3719943422914
1745995672,20,,Aggregated,16.100000,0.000000,29,32,38,43,53,74,820,6200,38000,38000,38000,2142,20,29,394.91729715288585,9.366134880110621,37977.30074101128,1181.6535947712418
1745995673,20,,Aggregated,16.000000,0.000000,29,32,38,43,53,74,540,6200,38000,38000,38000,2157,20,29,392.38890555959694,9.366134880110621,37977.30074101128,1181.9267501159018
1745995674,20,,Aggregated,17.000000,0.000000,28,32,38,43,53,73,540,6200,38000,38000,38000,2175,20,28,389.3896268717088,9.366134880110621,37977.30074101128,1183.583908045977
1745995675,20,,Aggregated,16.000000,0.000000,28,32,38,43,53,73,540,6200,38000,38000,38000,2193,20,28,386.4808828122761,9.366134880110621,37977.30074101128,1184.5554035567716
1745995676,20,,Aggregated,17.300000,0.000000,28,32,38,43,53,72,520,6100,38000,38000,38000,2203,20,28,384.84896217427195,9.366134880110621,37977.30074101128,1183.4507489786654
1745995677,20,,Aggregated,16.600000,0.000000,28,32,38,43,53,72,520,6100,38000,38000,38000,2226,20,28,381.1936760855745,9.366134880110621,37977.30074101128,1182.7295597484276
1745995678,20,,Aggregated,16.300000,0.000000,28,32,38,43,53,72,520,6100,38000,38000,38000,2237,20,28,379.4680145401782,9.366134880110621,37977.30074101128,1182.7617344658024
1745995679,20,,Aggregated,16.700000,0.000000,28,32,38,43,53,71,520,6100,38000,38000,38000,2251,20,28,377.2845241485883,9.366134880110621,37977.30074101128,1180.3220790759663
1745995680,20,,Aggregated,16.100000,0.000000,28,32,38,43,53,71,520,6100,38000,38000,38000,2268,20,28,374.66310359052227,9.366134880110621,37977.30074101128,1179.833774250441
1745995681,20,,Aggregated,15.900000,0.000000,28,32,38,43,53,71,520,6100,38000,38000,38000,2283,20,28,372.4203353441364,9.366134880110621,37977.30074101128,1180.1007446342533
1745995682,20,,Aggregated,16.700000,0.000000,28,32,38,43,53,70,510,6100,38000,38000,38000,2302,20,28,369.5268937010119,9.366134880110621,37977.30074101128,1179.2198088618593
1745995683,20,,Aggregated,16.400000,0.000000,28,32,38,43,53,70,510,6100,38000,38000,38000,2316,20,28,367.46908240842623,9.366134880110621,37977.30074101128,1181.646804835924
1745995684,20,,Aggregated,16.200000,0.000000,28,32,38,43,53,71,510,6100,38000,38000,38000,2331,20,28,365.66485889521294,9.366134880110621,37977.30074101128,1180.2569712569712
1745995685,20,,Aggregated,15.800000,0.000000,28,32,38,43,53,71,510,6100,38000,38000,38000,2349,20,28,363.06935179246716,9.366134880110621,37977.30074101128,1181.2613878246061
1745995686,20,,Aggregated,15.900000,0.000000,28,32,38,43,53,70,510,6100,38000,38000,38000,2362,20,28,361.236342455471,9.366134880110621,37977.30074101128,1181.4961896697714
1745995687,20,,Aggregated,15.400000,0.000000,28,32,38,43,53,69,510,6100,38000,38000,38000,2381,20,28,358.5829713688095,9.366134880110621,37977.30074101128,1181.4607307853844
1745995688,20,,Aggregated,16.300000,0.000000,28,32,38,43,52,69,510,5500,38000,38000,38000,2401,20,28,355.82543464281713,9.366134880110621,37977.30074101128,1182.7505206164099
1745995689,20,,Aggregated,15.400000,0.000000,28,32,38,43,52,69,510,5500,38000,38000,38000,2415,20,28,353.92091940128194,9.366134880110621,37977.30074101128,1182.8095238095239
1745995690,20,,Aggregated,16.100000,0.000000,28,32,37,42,52,68,510,5500,38000,38000,38000,2436,20,28,351.0922326512133,9.18048806488514,37977.30074101128,1181.0377668308702
1745995691,20,,Aggregated,16.500000,0.000000,28,32,37,42,52,68,510,5500,38000,38000,38000,2450,20,28,349.2481020219358,9.18048806488514,37977.30074101128,1181.077142857143
1745995692,20,,Aggregated,16.000000,0.000000,28,31,37,42,52,67,510,5500,38000,38000,38000,2463,20,28,347.5603844193039,9.18048806488514,37977.30074101128,1180.8928136419001
1745995693,20,,Aggregated,16.100000,0.000000,28,31,37,42,52,67,510,5500,38000,38000,38000,2479,20,28,345.4690622124474,9.18048806488514,37977.30074101128,1182.0322710770472
1745995694,20,,Aggregated,15.500000,0.000000,28,31,37,42,52,67,510,5500,38000,38000,38000,2499,20,28,342.9366873827677,9.18048806488514,37977.30074101128,1182.9955982392958
1745995695,20,,Aggregated,16.400000,0.000000,28,31,37,42,52,66,510,5300,38000,38000,38000,2512,20,28,341.30993189833686,9.18048806488514,37977.30074101128,1183.1950636942674
1745995696,20,,Aggregated,16.200000,0.000000,28,31,37,42,52,66,510,5300,38000,38000,38000,2530,20,28,339.0968972321953,9.18048806488514,37977.30074101128,1182.5608695652174
1745995697,20,,Aggregated,16.600000,0.000000,28,31,37,42,52,65,510,5300,38000,38000,38000,2542,20,28,337.62522830600744,9.18048806488514,37977.30074101128,1181.7757671125098
1745995698,20,,Aggregated,16.300000,0.000000,28,31,37,41,52,65,510,5300,38000,38000,38000,2557,20,28,335.77796922114123,9.18048806488514,37977.30074101128,1182.2968322252639
1745995699,20,,Aggregated,16.200000,0.000000,28,31,37,41,52,64,510,5300,38000,38000,38000,2574,20,28,333.7517214257693,9.18048806488514,37977.30074101128,1183.3908313908314
1745995700,20,,Aggregated,16.100000,0.000000,28,31,37,41,51,64,510,5300,38000,38000,38000,2591,20,28,331.7610000233935,9.18048806488514,37977.30074101128,1183.90891547665
1745995701,20,,Aggregated,15.700000,0.000000,28,31,37,41,51,64,510,5300,38000,38000,38000,2608,20,28,329.7889795036668,9.18048806488514,37977.30074101128,1185.1775306748466
1745995702,20,,Aggregated,15.600000,0.000000,28,31,37,41,51,63,510,5300,38000,38000,38000,2621,20,28,328.2997554958006,9.18048806488514,37977.30074101128,1186.4876001526136
1745995703,20,,Aggregated,15.900000,0.000000,28,31,36,41,51,63,510,5300,38000,38000,38000,2640,20,28,326.13297335672985,9.18048806488514,37977.30074101128,1188.8594696969697
1745995704,20,,Aggregated,16.600000,0.000000,28,31,36,41,51,63,500,5300,38000,38000,38000,2655,20,28,324.4451708795254,9.18048806488514,37977.30074101128,1188.1947269303203
1745995705,20,,Aggregated,16.200000,0.000000,28,31,36,41,51,63,500,5300,38000,38000,38000,2668,20,28,323.0155568173353,9.18048806488514,37977.30074101128,1188.8264617691154
1745995706,20,,Aggregated,15.500000,0.000000,28,31,36,41,51,62,500,5300,38000,38000,38000,2684,20,28,321.25019918595984,9.18048806488514,37977.30074101128,1187.534649776453
1745995707,20,,Aggregated,15.400000,0.000000,28,31,36,41,51,62,480,5200,38000,38000,38000,2701,20,28,319.4082703616198,9.18048806488514,37977.30074101128,1186.449463161792
1745995708,20,,Aggregated,15.300000,0.000000,28,31,36,41,51,62,480,5200,38000,38000,38000,2716,20,28,317.8190660465094,9.18048806488514,37977.30074101128,1187.3711340206185
1745995709,20,,Aggregated,15.700000,0.000000,28,31,36,41,51,62,480,5200,38000,38000,38000,2728,20,28,316.54769746964604,9.18048806488514,37977.30074101128,1188.4343841642228
1745995710,20,,Aggregated,15.400000,0.000000,28,31,36,41,51,62,480,5200,38000,38000,38000,2742,20,28,315.08554380884993,9.18048806488514,37977.30074101128,1189.8625091174326
1745995711,20,,Aggregated,15.500000,0.000000,28,31,36,41,51,62,450,5200,38000,38000,38000,2758,20,28,313.64021074738315,9.18048806488514,37977.30074101128,1191.5594633792603
1745995712,20,,Aggregated,15.500000,0.000000,28,31,36,41,51,62,450,5200,38000,38000,38000,2775,20,28,311.8957684435756,9.18048806488514,37977.30074101128,1191.192072072072
1745995713,20,,Aggregated,14.900000,0.000000,28,31,36,41,51,62,450,5200,38000,38000,38000,2797,20,28,309.6475607879036,9.18048806488514,37977.30074101128,1189.338577046836
1745995714,20,,Aggregated,14.800000,0.000000,28,31,36,41,51,62,480,5100,38000,38000,38000,2813,20,28,308.5779866096562,9.18048806488514,37977.30074101128,1189.5904728048347
1745995715,20,,Aggregated,15.300000,0.000000,28,31,36,41,51,62,480,5100,38000,38000,38000,2824,20,28,307.5008006341341,9.18048806488514,37977.30074101128,1189.8186968838527
1745995716,20,,Aggregated,15.800000,0.000000,28,31,36,41,51,62,480,5100,38000,38000,38000,2847,20,28,305.23114515120744,9.18048806488514,37977.30074101128,1190.0365296803652
1745995717,20,,Aggregated,15.800000,0.000000,28,31,36,41,51,62,450,5100,38000,38000,38000,2864,20,28,303.5543813822497,9.18048806488514,37977.30074101128,1190.8421787709497
1745995718,20,,Aggregated,15.900000,0.000000,28,31,36,41,51,62,450,5100,38000,38000,38000,2877,20,28,302.30628430689916,9.18048806488514,37977.30074101128,1190.897810218978
1745995719,20,,Aggregated,15.700000,0.000000,28,31,36,41,51,62,450,5100,38000,38000,38000,2900,20,28,300.1217525046929,9.18048806488514,37977.30074101128,1190.0579310344829
1745995720,20,,Aggregated,16.900000,0.000000,28,31,36,41,51,62,440,5100,38000,38000,38000,2914,20,28,298.8118150566469,9.18048806488514,37977.30074101128,1189.270761839396
1745995721,20,,Aggregated,16.600000,0.000000,28,31,36,41,51,62,440,5100,38000,38000,38000,2931,20,28,297.2343209217401,9.18048806488514,37977.30074101128,1191.27362674855
1745995722,20,,Aggregated,16.800000,0.000000,28,31,36,41,51,61,440,5100,38000,38000,38000,2945,20,28,295.9634195557038,9.18048806488514,37977.30074101128,1191.3694397283532
1745995723,20,,Aggregated,16.900000,0.000000,28,31,36,41,51,61,420,5100,38000,38000,38000,2963,20,28,294.29056816149745,9.18048806488514,37977.30074101128,1190.6635167060413
1745995724,20,,Aggregated,17.100000,0.000000,28,31,35,41,51,61,420,5100,38000,38000,38000,2973,20,28,293.36950661498,9.18048806488514,37977.30074101128,1189.3780692902792
1745995725,20,,Aggregated,16.700000,0.000000,28,31,36,41,51,62,420,5100,38000,38000,38000,2988,20,28,292.51711773806113,9.18048806488514,37977.30074101128,1189.5341365461848
1745995726,20,,Aggregated,16.500000,0.000000,28,31,36,41,51,62,410,4200,37000,38000,38000,3001,20,28,291.35512713804064,9.18048806488514,37977.30074101128,1189.348217260913
1745995727,20,,Aggregated,16.400000,0.000000,27,31,36,41,51,62,410,4200,37000,38000,38000,3020,20,27,289.67646103188866,9.18048806488514,37977.30074101128,1190.0056291390729
1745995728,20,,Aggregated,16.400000,0.000000,27,31,36,41,51,62,410,4200,37000,38000,38000,3035,20,27,288.3824775106683,9.18048806488514,37977.30074101128,1189.5084019769358
1745995729,20,,Aggregated,16.100000,0.000000,27,31,35,40,51,62,390,4200,37000,38000,38000,3052,20,27,286.9117783460654,9.18048806488514,37977.30074101128,1190.471494102228
1745995730,20,,Aggregated,15.100000,0.000000,27,31,35,40,51,61,390,4200,37000,38000,38000,3071,20,27,285.2963934251744,9.18048806488514,37977.30074101128,1189.82839465972
1745995731,20,,Aggregated,15.300000,0.000000,27,31,35,40,50,61,390,4200,37000,38000,38000,3085,20,27,284.10284040349336,9.18048806488514,37977.30074101128,1189.0875202593193
1745995732,20,,Aggregated,15.500000,0.000000,27,31,35,40,50,61,380,4200,37000,38000,38000,3106,20,27,282.3483858914046,9.18048806488514,37977.30074101128,1188.6249195106245
1745995733,20,,Aggregated,15.900000,0.000000,27,31,35,40,50,61,380,4200,37000,38000,38000,3118,20,27,281.35530157243227,9.18048806488514,37977.30074101128,1188.2860808210391
1745995734,20,,Aggregated,15.500000,0.000000,27,31,35,40,50,61,380,4200,37000,38000,38000,3137,20,27,279.8168234863925,9.18048806488514,37977.30074101128,1189.0098820529167
1745995735,20,,Aggregated,16.200000,0.000000,27,31,35,40,50,60,370,4200,37000,38000,38000,3155,20,27,278.3584780582978,9.18048806488514,37977.30074101128,1189.4852614896988
1745995736,20,,Aggregated,15.500000,0.000000,27,31,35,40,50,60,370,4200,37000,38000,38000,3165,20,27,277.57095444835664,9.18048806488514,37977.30074101128,1189.5289099526067
1745995737,20,,Aggregated,16.100000,0.000000,27,31,35,40,50,60,370,4200,37000,38000,38000,3184,20,27,276.06642466397074,9.18048806488514,37977.30074101128,1188.8354271356784
1745995738,20,,Aggregated,15.600000,0.000000,27,30,35,40,50,60,360,4100,37000,38000,38000,3206,20,27,274.3339828366306,9.18048806488514,37977.30074101128,1187.853711790393
1745995739,20,,Aggregated,16.400000,0.000000,27,30,35,40,50,60,360,4100,37000,38000,38000,3216,20,27,273.5857612369275,9.18048806488514,37977.30074101128,1187.9004975124378
1745995740,20,,Aggregated,16.900000,0.000000,27,30,35,40,50,60,360,4100,37000,38000,38000,3236,20,27,272.06914098690146,9.18048806488514,37977.30074101128,1189.2963535228678
1745995741,20,,Aggregated,16.700000,0.000000,27,30,35,40,50,60,360,4100,37000,38000,38000,3256,20,27,270.54220286020046,9.18048806488514,37977.30074101128,1188.6977886977886
1745995742,20,,Aggregated,16.500000,0.000000,27,30,35,40,50,60,360,4100,37000,38000,38000,3268,20,27,269.6308271229584,9.18048806488514,37977.30074101128,1188.8947368421052
1745995743,20,,Aggregated,16.000000,0.000000,27,30,35,40,50,60,360,4100,37000,38000,38000,3295,20,27,267.60552819183715,9.18048806488514,37977.30074101128,1187.3669195751138
1745995744,20,,Aggregated,16.800000,0.000000,27,30,35,40,50,60,350,4100,37000,38000,38000,3309,20,27,266.5717262053768,9.18048806488514,37977.30074101128,1188.4786944696282
1745995745,20,,Aggregated,16.100000,0.000000,27,30,35,39,49,60,350,4100,37000,38000,38000,3328,20,27,265.18070103079833,9.18048806488514,37977.30074101128,1188.411358173077
1745995746,20,,Aggregated,17.800000,0.000000,27,30,34,39,49,59,350,4100,37000,38000,38000,3344,20,27,264.02924866688494,9.18048806488514,37977.30074101128,1189.5113636363637
1745995747,20,,Aggregated,17.700000,0.000000,27,30,34,39,49,59,350,4100,37000,38000,38000,3358,20,27,263.0203001226391,9.18048806488514,37977.30074101128,1189.721262656343
1745995748,20,,Aggregated,17.900000,0.000000,27,30,34,39,49,59,350,4100,37000,38000,38000,3371,20,27,262.11223622983766,9.18048806488514,37977.30074101128,1190.2159596558884
1745995749,20,,Aggregated,17.800000,0.000000,27,30,34,39,49,59,350,4100,37000,38000,38000,3386,20,27,261.0876580823501,9.18048806488514,37977.30074101128,1192.2551683402244
1745995750,20,,Aggregated,16.900000,0.000000,27,30,34,39,49,59,350,3400,37000,38000,38000,3402,20,27,259.9765995951552,9.18048806488514,37977.30074101128,1192.8439153439153
1745995751,20,,Aggregated,16.500000,0.000000,27,30,35,39,49,60,350,3400,37000,38000,38000,3415,20,27,259.22166888921157,9.18048806488514,37977.30074101128,1193.3566617862373
1745995752,20,,Aggregated,16.700000,0.000000,27,30,35,39,49,60,350,3400,37000,38000,38000,3433,20,27,257.9920600145212,9.18048806488514,37977.30074101128,1192.6221963297407
1745995753,20,,Aggregated,16.800000,0.000000,27,30,35,39,49,60,350,3400,37000,38000,38000,3447,20,27,257.23375920453526,9.18048806488514,37977.30074101128,1193.8207136640558
1745995754,20,,Aggregated,15.900000,0.000000,27,30,35,39,49,60,350,3400,37000,38000,38000,3457,20,27,256.57266237370783,9.18048806488514,37977.30074101128,1195.0659531385595
1745995755,20,,Aggregated,16.200000,0.000000,27,30,35,39,49,60,350,3400,37000,38000,38000,3481,20,27,254.93762407388192,7.200151914730668,37977.30074101128,1195.8931341568514
1745995756,20,,Aggregated,15.000000,0.000000,27,30,34,39,49,60,350,3400,37000,38000,38000,3494,20,27,254.07170058808086,7.200151914730668,37977.30074101128,1195.8488838008013
1745995757,20,,Aggregated,14.300000,0.000000,27,30,34,39,49,59,350,3100,37000,38000,38000,3513,20,27,252.83856266467157,7.200151914730668,37977.30074101128,1196.3896954170225
1745995758,20,,Aggregated,14.800000,0.000000,27,30,34,39,49,59,350,3100,37000,38000,38000,3526,20,27,251.98617790897245,7.200151914730668,37977.30074101128,1196.7663074305162
1745995759,20,,Aggregated,14.500000,0.000000,27,30,34,39,49,59,350,3100,37000,38000,38000,3542,20,27,250.97039465441193,7.200151914730668,37977.30074101128,1197.0115753811406
1745995760,20,,Aggregated,15.000000,0.000000,27,30,34,39,49,59,350,3100,37000,38000,38000,3552,20,27,250.31849258104214,7.200151914730668,37977.30074101128,1197.5844594594594
1745995761,20,,Aggregated,16.100000,0.000000,27,30,34,39,49,59,350,3100,37000,38000,38000,3575,20,27,248.87522703642352,7.200151914730668,37977.30074101128,1197.7622377622379
1745995762,20,,Aggregated,16.000000,0.000000,27,30,34,39,49,59,350,3100,37000,38000,38000,3586,20,27,248.1904172276085,7.200151914730668,37977.30074101128,1196.4771332961518
1745995763,20,,Aggregated,15.300000,0.000000,27,30,34,39,49,59,340,3100,37000,38000,38000,3607,20,27,246.91364062620295,7.200151914730668,37977.30074101128,1196.6626004990296
1745995764,20,,Aggregated,15.900000,0.000000,27,30,34,39,49,59,340,3100,37000,38000,38000,3622,20,27,246.0098362769875,7.200151914730668,37977.30074101128,1197.779679734953
1745995765,20,,Aggregated,15.300000,0.000000,27,30,34,39,49,59,340,3100,37000,38000,38000,3630,20,27,245.53404031635696,7.200151914730668,37977.30074101128,1197.0446280991735
1745995766,20,,Aggregated,16.600000,0.000000,27,30,34,39,49,59,340,3100,37000,38000,38000,3653,20,27,244.1595676140908,7.200151914730668,37977.30074101128,1197.420750068437
1745995767,20,,Aggregated,16.000000,0.000000,27,30,34,39,49,59,340,3100,37000,38000,38000,3667,20,27,243.30197912972307,7.200151914730668,37977.30074101128,1197.6697572947915
1745995768,20,,Aggregated,15.300000,0.000000,27,30,34,39,49,59,340,3100,37000,38000,38000,3689,20,27,241.96490939334439,7.200151914730668,37977.30074101128,1195.3380319869884
1745995769,20,,Aggregated,15.600000,0.000000,27,30,34,39,49,59,340,3100,37000,38000,38000,3698,20,27,241.43797064035337,7.200151914730668,37977.30074101128,1195.2920497566251
1745995770,20,,Aggregated,15.600000,0.000000,27,30,34,39,49,59,330,3100,37000,38000,38000,3720,20,27,240.13686238034498,7.200151914730668,37977.30074101128,1195.3365591397849
1745995771,20,,Aggregated,15.900000,0.000000,27,30,34,39,48,59,330,3100,37000,38000,38000,3738,20,27,239.08562593790168,7.200151914730668,37977.30074101128,1193.7239165329054
1745995772,20,,Aggregated,15.300000,0.000000,27,30,34,38,48,58,320,3100,37000,38000,38000,3752,20,27,238.28226013345144,7.200151914730668,37977.30074101128,1193.1007462686566
1745995773,20,,Aggregated,16.100000,0.000000,27,30,34,38,48,58,320,3100,37000,38000,38000,3767,20,27,237.4248661216198,7.200151914730668,37977.30074101128,1192.5465887974515
1745995774,20,,Aggregated,16.000000,0.000000,27,30,34,38,48,58,320,3100,37000,38000,38000,3788,20,27,236.27450178742927,7.200151914730668,37977.30074101128,1193.256863780359
1745995775,20,,Aggregated,16.700000,0.000000,27,30,34,38,48,58,310,3100,37000,38000,38000,3805,20,27,235.35028066811654,7.200151914730668,37977.30074101128,1192.9805519053878
1745995776,20,,Aggregated,15.500000,0.000000,27,30,34,38,48,58,310,3100,37000,38000,38000,3824,20,27,234.3249472223342,7.200151914730668,37977.30074101128,1192.9011506276152
1745995777,20,,Aggregated,16.600000,0.000000,27,30,34,38,48,58,310,3100,37000,38000,38000,3838,20,27,233.55938381624154,7.200151914730668,37977.30074101128,1193.3272537780094
1745995778,20,,Aggregated,17.500000,0.000000,27,30,34,38,48,58,290,3100,37000,38000,38000,3860,20,27,232.37545542259716,7.200151914730668,37977.30074101128,1193.5137305699482
1745995779,20,,Aggregated,17.200000,0.000000,27,30,34,38,48,58,290,3100,37000,38000,38000,3871,20,27,231.7963507723783,7.200151914730668,37977.30074101128,1193.674761043658
1745995780,20,,Aggregated,17.000000,0.000000,27,30,34,38,48,58,290,3100,37000,38000,38000,3887,20,27,230.95743411829432,7.200151914730668,37977.30074101128,1194.2819655261126
1745995781,20,,Aggregated,16.800000,0.000000,27,30,34,38,48,58,280,2500,37000,38000,38000,3908,20,27,229.83974432444035,7.200151914730668,37977.30074101128,1193.3766632548618
1745995782,20,,Aggregated,17.100000,0.000000,27,29,34,38,48,58,280,2500,37000,38000,38000,3928,20,27,228.79685291011825,7.200151914730668,37977.30074101128,1192.8587067209776
1745995783,20,,Aggregated,16.800000,0.000000,27,29,34,38,48,58,280,2500,37000,38000,38000,3942,20,27,228.08137899009537,7.200151914730668,37977.30074101128,1193.2767630644344
1745995784,20,,Aggregated,17.300000,0.000000,27,29,34,38,48,58,270,2500,37000,38000,38000,3954,20,27,227.4820294093268,7.200151914730668,37977.30074101128,1193.3065250379364
1745995785,20,,Aggregated,17.400000,0.000000,27,29,33,38,48,57,270,2500,37000,38000,38000,3987,20,27,225.79673796194666,7.200151914730668,37977.30074101128,1193.7519438174065
1745995786,20,,Aggregated,17.300000,0.000000,26,29,33,38,48,57,270,2500,37000,38000,38000,3996,20,26,225.337261477221,7.200151914730668,37977.30074101128,1192.6599099099099
1745995787,20,,Aggregated,17.100000,0.000000,26,29,33,38,48,57,270,820,37000,38000,38000,4009,20,26,224.67557668629462,7.200151914730668,37977.30074101128,1193.0695934148166
1745995788,20,,Aggregated,17.700000,0.000000,26,29,33,38,48,57,270,820,37000,38000,38000,4026,20,26,223.8347222818033,7.200151914730668,37977.30074101128,1193.3601589667164
1745995789,20,,Aggregated,17.000000,0.000000,26,29,33,38,48,57,270,820,37000,38000,38000,4040,20,26,223.14006350242929,7.200151914730668,37977.30074101128,1193.3363861386138
1745995790,20,,Aggregated,17.300000,0.000000,26,29,33,38,48,57,270,820,37000,38000,38000,4054,20,26,222.45504661709242,7.200151914730668,37977.30074101128,1193.7982239763196
1745995791,20,,Aggregated,16.800000,0.000000,26,29,33,38,48,57,270,820,37000,38000,38000,4072,20,26,221.58488094703063,7.200151914730668,37977.30074101128,1194.6949901768173
1745995792,20,,Aggregated,16.900000,0.000000,26,29,33,38,48,57,270,820,37000,38000,38000,4090,20,26,220.73124022209393,7.200151914730668,37977.30074101128,1194.005378973105
1745995793,20,,Aggregated,16.600000,0.000000,26,29,33,38,48,57,270,820,37000,38000,38000,4112,20,26,219.77472137010898,7.200151914730668,37977.30074101128,1194.6519941634242
1745995794,20,,Aggregated,16.500000,0.000000,26,29,33,38,48,57,270,820,37000,38000,38000,4125,20,26,219.17273039540106,7.200151914730668,37977.30074101128,1194.980606060606
1745995795,20,,Aggregated,16.500000,0.000000,26,29,33,38,48,57,270,820,37000,38000,38000,4141,20,26,218.42108212486298,7.200151914730668,37977.30074101128,1195.9905819850278
1745995796,20,,Aggregated,16.700000,0.000000,26,29,33,38,47,57,270,820,37000,38000,38000,4152,20,26,217.9123718689778,7.200151914730668,37977.30074101128,1195.2731213872833
1745995797,20,,Aggregated,16.600000,0.000000,26,29,33,38,48,57,270,820,37000,38000,38000,4169,20,26,217.40511938837744,7.200151914730668,37977.30074101128,1195.0738786279683
1745995798,20,,Aggregated,15.500000,0.000000,26,29,33,38,48,57,270,820,37000,38000,38000,4176,20,26,217.07948930627333,7.200151914730668,37977.30074101128,1195.263888888889
1745995799,20,,Aggregated,15.500000,0.000000,26,29,33,38,47,57,270,820,37000,38000,38000,4195,20,26,216.2128385381731,7.200151914730668,37977.30074101128,1195.307747318236
1745995800,20,,Aggregated,15.700000,0.000000,26,29,33,38,47,57,270,820,37000,38000,38000,4217,20,26,215.200273266302,7.200151914730668,37977.30074101128,1194.0583353094617
1745995801,20,,Aggregated,15.000000,0.000000,26,29,33,38,47,57,270,820,37000,38000,38000,4224,20,26,214.89005431579824,7.200151914730668,37977.30074101128,1194.3108428030303
1745995802,20,,Aggregated,15.300000,0.000000,26,29,33,37,47,57,270,820,37000,38000,38000,4244,20,26,213.97479783789046,7.200151914730668,37977.30074101128,1193.8901979264845
1745995803,20,,Aggregated,16.200000,0.000000,26,29,33,37,47,57,270,820,37000,38000,38000,4256,20,26,213.44088375479984,7.200151914730668,37977.30074101128,1193.6875
1745995804,20,,Aggregated,14.600000,0.000000,26,29,33,37,47,56,270,820,37000,38000,38000,4271,20,26,212.79652620971228,7.200151914730668,37977.30074101128,1194.4687426832124
1745995805,20,,Aggregated,14.900000,0.000000,26,29,33,37,47,56,270,820,37000,38000,38000,4288,20,26,212.06599340064767,7.200151914730668,37977.30074101128,1193.5296175373135
1745995806,20,,Aggregated,14.500000,0.000000,26,29,33,37,47,56,270,670,37000,38000,38000,4308,20,26,211.1979794573729,7.200151914730668,37977.30074101128,1193.0573351903436
1745995807,20,,Aggregated,14.800000,0.000000,26,29,33,37,47,56,270,670,37000,38000,38000,4327,20,26,210.38632161609883,7.200151914730668,37977.30074101128,1193.4418765888606
1745995808,20,,Aggregated,14.700000,0.000000,26,29,33,37,47,56,270,670,37000,38000,38000,4343,20,26,209.70850844183244,7.200151914730668,37977.30074101128,1194.4409394427814
1745995809,20,,Aggregated,16.100000,0.000000,26,29,33,37,47,56,260,670,37000,38000,38000,4362,20,26,208.89999464594925,7.200151914730668,37977.30074101128,1194.3097203117836
1745995810,20,,Aggregated,16.200000,0.000000,26,29,33,37,47,56,260,670,37000,38000,38000,4377,20,26,208.25950854188966,7.200151914730668,37977.30074101128,1194.1146904272332
1745995811,20,,Aggregated,16.900000,0.000000,26,29,33,37,47,56,260,670,37000,38000,38000,4394,20,26,207.5482660449993,7.200151914730668,37977.30074101128,1194.0402822030042
1745995812,20,,Aggregated,16.500000,0.000000,26,29,33,37,47,56,250,660,37000,38000,38000,4405,20,26,207.10418924211476,7.200151914730668,37977.30074101128,1194.2365493757095
1745995813,20,,Aggregated,16.200000,0.000000,26,29,33,37,47,56,250,660,37000,38000,38000,4419,20,26,206.57024282233297,7.200151914730668,37977.30074101128,1195.2821905408464
1745995814,20,,Aggregated,17.100000,0.000000,26,29,33,37,47,56,250,660,37000,38000,38000,4443,20,26,205.60031390413323,7.200151914730668,37977.30074101128,1195.6628404231376
1745995815,20,,Aggregated,16.400000,0.000000,26,29,33,37,47,56,240,660,37000,38000,38000,4452,20,26,205.24376086894463,7.200151914730668,37977.30074101128,1196.5116801437557
1745995816,20,,Aggregated,16.300000,0.000000,26,29,33,37,47,55,240,660,37000,38000,38000,4470,20,26,204.53239584251014,7.200151914730668,37977.30074101128,1196.8170022371364
1745995817,20,,Aggregated,16.900000,0.000000,26,29,33,37,47,55,240,660,37000,38000,38000,4491,20,26,203.7016958784954,7.200151914730668,37977.30074101128,1196.370741482966
1745995818,20,,Aggregated,16.600000,0.000000,26,29,33,37,47,55,230,540,37000,38000,38000,4507,20,26,203.07482963187994,7.200151914730668,37977.30074101128,1196.884180164189
1745995819,20,,Aggregated,15.900000,0.000000,26,29,33,37,47,55,230,540,37000,38000,38000,4521,20,26,202.53216897036936,7.200151914730668,37977.30074101128,1197.3771289537713
1745995820,20,,Aggregated,16.000000,0.000000,26,29,33,37,47,55,230,540,37000,38000,38000,4539,20,26,201.81728069988327,7.200151914730668,37977.30074101128,1198.1116986120292
1745995821,20,,Aggregated,16.200000,0.000000,26,29,33,37,47,55,230,540,37000,38000,38000,4555,20,26,201.19917671856572,7.200151914730668,37977.30074101128,1199.1042810098793
1745995822,20,,Aggregated,16.100000,0.000000,26,29,33,37,47,55,230,540,37000,38000,38000,4573,20,26,200.51105277965743,7.200151914730668,37977.30074101128,1199.3903345724907
1745995823,20,,Aggregated,16.000000,0.000000,26,29,33,37,47,55,230,540,37000,38000,38000,4583,20,26,200.1434226909308,7.200151914730668,37977.30074101128,1199.4575605498583
1745995824,20,,Aggregated,16.000000,0.000000,26,29,33,37,47,55,230,540,37000,38000,38000,4600,20,26,199.49588650913464,7.200151914730668,37977.30074101128,1198.9845652173913
1745995825,20,,Aggregated,16.500000,0.000000,26,29,33,37,47,55,220,520,37000,38000,38000,4625,20,26,198.56529589843106,7.200151914730668,37977.30074101128,1198.7452972972974
1745995826,20,,Aggregated,16.300000,0.000000,26,29,33,37,47,55,220,520,37000,38000,38000,4634,20,26,198.22955372551175,7.200151914730668,37977.30074101128,1198.6450151057402
1745995827,20,,Aggregated,15.800000,0.000000,26,29,33,37,47,54,220,520,37000,38000,38000,4657,20,26,197.36815749857368,7.200151914730668,37977.30074101128,1198.3968219884046
1745995828,20,,Aggregated,17.200000,0.000000,26,29,33,37,47,54,220,520,37000,38000,38000,4679,20,26,196.54798060052494,7.200151914730668,37977.30074101128,1198.0429578969865
1745995829,20,,Aggregated,16.300000,0.000000,26,29,33,37,46,54,220,520,37000,38000,38000,4693,20,26,196.0422531768601,7.200151914730668,37977.30074101128,1197.9522693373108
1745995830,20,,Aggregated,16.600000,0.000000,26,29,32,37,46,54,220,520,37000,38000,38000,4714,20,26,195.28893973435544,7.200151914730668,37977.30074101128,1198.2880780653372
1745995831,20,,Aggregated,17.000000,0.000000,26,29,33,37,46,54,220,520,37000,38000,38000,4733,20,26,194.78372548155474,7.200151914730668,37977.30074101128,1198.4208747094865
1745995832,20,,Aggregated,17.000000,0.000000,26,29,32,37,46,54,220,520,37000,38000,38000,4752,20,26,194.11322677148166,7.200151914730668,37977.30074101128,1197.9196127946127
1745995833,20,,Aggregated,17.500000,0.000000,26,29,32,37,46,54,220,520,37000,38000,38000,4762,20,26,193.8023188730122,7.200151914730668,37977.30074101128,1198.3989920201595
1745995834,20,,Aggregated,17.800000,0.000000,26,29,32,37,46,54,220,520,37000,38000,38000,4782,20,26,193.097764585344,7.200151914730668,37977.30074101128,1197.5934755332496
1745995836,20,,Aggregated,17.700000,0.000000,26,29,32,37,46,54,220,520,37000,38000,38000,4796,20,26,192.6077376416899,7.200151914730668,37977.30074101128,1197.9165971643035
1745995837,20,,Aggregated,17.900000,0.000000,26,29,32,37,46,54,220,520,37000,38000,38000,4810,20,26,192.13161264403902,7.200151914730668,37977.30074101128,1198.2382536382536
1745995838,20,,Aggregated,16.900000,0.000000,26,29,32,37,46,54,220,520,37000,38000,38000,4831,20,26,191.4240797041622,7.200151914730668,37977.30074101128,1197.6015317739598
1745995839,20,,Aggregated,16.900000,0.000000,26,29,32,37,46,54,220,520,37000,38000,38000,4846,20,26,190.9151156542952,7.200151914730668,37977.30074101128,1197.6192736277342
1745995840,20,,Aggregated,17.500000,0.000000,26,29,32,37,46,54,220,520,37000,38000,38000,4859,20,26,190.47955540789897,7.200151914730668,37977.30074101128,1197.808396789463
1745995841,20,,Aggregated,17.200000,0.000000,26,29,33,37,46,54,220,520,37000,38000,38000,4880,20,26,189.95088126680233,7.200151914730668,37977.30074101128,1196.803073770492
1745995842,20,,Aggregated,16.700000,0.000000,26,29,33,37,46,54,220,520,37000,38000,38000,4894,20,26,189.49190435571802,7.200151914730668,37977.30074101128,1196.7768696362893
1745995843,20,,Aggregated,16.600000,0.000000,26,29,32,37,46,54,220,510,37000,38000,38000,4906,20,26,189.0895299714942,7.200151914730668,37977.30074101128,1196.1410517733389
1745995844,20,,Aggregated,16.600000,0.000000,26,29,32,37,46,54,220,510,37000,38000,38000,4922,20,26,188.55451263221678,7.200151914730668,37977.30074101128,1196.2677773262901
1745995845,20,,Aggregated,16.100000,0.000000,26,29,32,37,46,54,220,510,37000,38000,38000,4943,20,26,187.85923672364257,7.200151914730668,37977.30074101128,1196.2929395104188
1745995846,20,,Aggregated,15.400000,0.000000,26,29,32,37,46,54,220,510,37000,38000,38000,4957,20,26,187.40540742188384,7.200151914730668,37977.30074101128,1196.663506152915
1745995847,20,,Aggregated,16.000000,0.000000,26,29,32,37,46,54,220,510,37000,38000,38000,4975,20,26,186.8283523002349,7.200151914730668,37977.30074101128,1197.3336683417085
1745995848,20,,Aggregated,16.100000,0.000000,26,29,32,37,46,54,220,510,37000,38000,38000,4997,20,26,186.14005525421246,7.200151914730668,37977.30074101128,1197.6123674204523
1745995849,20,,Aggregated,16.500000,0.000000,26,29,32,37,46,54,200,510,37000,38000,38000,5010,20,26,185.72550362985424,7.200151914730668,37977.30074101128,1196.6918163672656
1745995850,20,,Aggregated,16.500000,0.000000,26,29,32,37,46,54,200,510,37000,38000,38000,5026,20,26,185.21674949352632,7.200151914730668,37977.30074101128,1197.1526064464783
1745995851,20,,Aggregated,16.700000,0.000000,26,29,32,37,46,54,200,510,37000,38000,38000,5046,20,26,184.6099416679196,7.200151914730668,37977.30074101128,1197.2820055489497
1745995852,20,,Aggregated,16.700000,0.000000,26,29,32,37,46,54,180,510,37000,38000,38000,5058,20,26,184.2366517000357,7.200151914730668,37977.30074101128,1197.8357058125741
1745995853,20,,Aggregated,16.600000,0.000000,26,29,32,37,46,54,200,510,37000,38000,38000,5077,20,26,183.71116375043968,7.200151914730668,37977.30074101128,1197.7593066771715
1745995854,20,,Aggregated,16.600000,0.000000,26,29,32,37,46,53,200,510,37000,38000,38000,5100,20,26,183.00833329558372,7.200151914730668,37977.30074101128,1197.6368627450981
1745995855,20,,Aggregated,16.900000,0.000000,26,29,32,37,46,53,180,510,37000,38000,38000,5116,20,26,182.5214859916107,7.200151914730668,37977.30074101128,1196.8534010946053
1745995856,20,,Aggregated,17.800000,0.000000,26,29,32,37,46,53,180,510,37000,38000,38000,5136,20,26,181.91014345261308,7.200151914730668,37977.30074101128,1198.106308411215
1745995857,20,,Aggregated,17.800000,0.000000,26,29,32,37,46,53,180,510,37000,38000,38000,5146,20,26,181.61601158879876,7.200151914730668,37977.30074101128,1198.5499417022932
1745995858,20,,Aggregated,17.700000,0.000000,26,29,32,37,46,53,180,510,37000,38000,38000,5163,20,26,181.11065355068752,7.200151914730668,37977.30074101128,1198.3767189618438
1745995859,20,,Aggregated,17.100000,0.000000,26,29,32,37,46,53,180,510,37000,38000,38000,5179,20,26,180.64696572079563,7.200151914730668,37977.30074101128,1198.486966595868
1745995860,20,,Aggregated,16.300000,0.000000,26,29,32,37,46,53,180,510,37000,38000,38000,5194,20,26,180.21435957486446,7.200151914730668,37977.30074101128,1198.17481709665
1745995861,20,,Aggregated,16.800000,0.000000,26,28,32,37,46,53,180,510,37000,38000,38000,5208,20,26,179.81189025196528,7.200151914730668,37977.30074101128,1198.1461213517666
1745995862,20,,Aggregated,16.300000,0.000000,26,28,32,37,46,53,180,510,37000,38000,38000,5223,20,26,179.37513937962888,7.200151914730668,37977.30074101128,1198.5429829599848
1745995863,20,,Aggregated,15.800000,0.000000,26,28,32,37,46,53,180,510,37000,38000,38000,5237,20,26,178.96840022396705,7.200151914730668,37977.30074101128,1198.7460378079054
1745995864,20,,Aggregated,15.800000,0.000000,26,28,32,37,46,53,180,510,37000,38000,38000,5251,20,26,178.56939157648955,7.200151914730668,37977.30074101128,1198.4797181489241
1745995865,20,,Aggregated,16.000000,0.000000,26,28,32,37,46,53,180,510,37000,38000,38000,5265,20,26,178.1743350781939,7.200151914730668,37977.30074101128,1198.0698955365622
1745995866,20,,Aggregated,15.100000,0.000000,26,28,32,37,46,53,180,510,37000,38000,38000,5284,20,26,177.64128402776504,7.200151914730668,37977.30074101128,1198.792013626041
1745995867,20,,Aggregated,14.800000,0.000000,26,28,32,37,46,53,180,510,37000,38000,38000,5298,20,26,177.25348426916813,7.200151914730668,37977.30074101128,1198.7565118912796
1745995868,20,,Aggregated,14.900000,0.000000,26,28,32,37,46,53,160,510,37000,38000,38000,5315,20,26,176.7681745842085,7.200151914730668,37977.30074101128,1199.283537158984
1745995869,20,,Aggregated,15.000000,0.000000,26,28,32,37,46,53,160,510,37000,38000,38000,5330,20,26,176.34589350904648,7.200151914730668,37977.30074101128,1199.2962476547843
1745995870,20,,Aggregated,15.400000,0.000000,26,28,32,37,46,53,160,510,37000,38000,38000,5345,20,26,175.92371047602512,7.200151914730668,37977.30074101128,1199.6774555659495
1745995871,20,,Aggregated,15.300000,0.000000,26,28,32,37,46,53,160,510,37000,38000,38000,5365,20,26,175.3683056893263,7.200151914730668,37977.30074101128,1199.7383038210623
1745995872,20,,Aggregated,15.100000,0.000000,26,28,32,37,46,53,160,510,37000,38000,38000,5378,20,26,175.01646089577974,7.200151914730668,37977.30074101128,1200.8177761249535
1745995873,20,,Aggregated,15.800000,0.000000,26,28,32,37,46,53,160,510,37000,38000,38000,5396,20,26,174.59402038105483,7.200151914730668,37977.30074101128,1199.8004077094145
1745995874,20,,Aggregated,15.300000,0.000000,26,28,32,37,46,53,150,510,37000,38000,38000,5412,20,26,174.1608460577472,7.200151914730668,37977.30074101128,1200.2658906134516
1745995875,20,,Aggregated,15.800000,0.000000,26,28,32,37,46,53,150,510,37000,38000,38000,5431,20,26,173.64550644121658,7.200151914730668,37977.30074101128,1200.2277665255017
1745995876,20,,Aggregated,15.800000,0.000000,26,28,32,37,46,53,150,510,37000,38000,38000,5445,20,26,173.2712768805038,7.200151914730668,37977.30074101128,1199.7876951331498
1745995877,20,,Aggregated,16.700000,0.000000,26,28,32,37,46,53,130,510,37000,38000,38000,5467,20,26,172.68252236637773,7.200151914730668,37977.30074101128,1199.2130967623925
1745995878,20,,Aggregated,16.200000,0.000000,26,28,32,37,46,53,150,510,37000,38000,38000,5477,20,26,172.5042896061797,7.200151914730668,37977.30074101128,1198.8595946686141
1745995879,20,,Aggregated,16.500000,0.000000,26,28,32,37,46,53,150,510,37000,38000,38000,5499,20,26,171.9178798454193,7.200151914730668,37977.30074101128,1199.7299509001637
1745995880,20,,Aggregated,16.200000,0.000000,26,28,32,37,46,53,130,510,37000,38000,38000,5511,20,26,171.62489847967382,7.200151914730668,37977.30074101128,1200.3249863908547
1745995881,20,,Aggregated,16.400000,0.000000,26,28,32,37,46,53,130,510,37000,38000,38000,5525,20,26,171.25536518533843,7.200151914730668,37977.30074101128,1199.8850678733031
1745995882,20,,Aggregated,16.800000,0.000000,26,28,32,37,46,53,130,510,37000,38000,38000,5544,20,26,170.7559629534284,7.200151914730668,37977.30074101128,1200.1614357864357
1745995883,20,,Aggregated,16.100000,0.000000,26,28,32,37,46,53,130,510,37000,38000,38000,5564,20,26,170.23453716671403,7.200151914730668,37977.30074101128,1199.4175053918045
1745995884,20,,Aggregated,16.400000,0.000000,26,28,32,37,46,53,130,510,37000,38000,38000,5580,20,26,169.8189369584751,7.200151914730668,37977.30074101128,1199.118817204301
1745995885,20,,Aggregated,16.400000,0.000000,26,28,32,37,46,53,130,510,37000,38000,38000,5596,20,26,169.40423961861288,7.200151914730668,37977.30074101128,1197.762866333095
1745995886,20,,Aggregated,16.500000,0.000000,26,28,32,37,46,53,130,500,37000,38000,38000,5621,20,26,168.75799792135933,7.200151914730668,37977.30074101128,1197.2777085927771
1745995887,20,,Aggregated,16.700000,0.000000,26,28,32,37,46,53,130,500,37000,38000,38000,5636,20,26,168.38579661410495,7.200151914730668,37977.30074101128,1197.3624911284599
1745995888,20,,Aggregated,17.300000,0.000000,26,28,32,37,46,53,120,500,37000,38000,38000,5655,20,26,167.89902894602056,7.200151914730668,37977.30074101128,1197.1333333333334
1745995889,20,,Aggregated,17.300000,0.000000,26,28,32,37,46,53,120,500,37000,38000,38000,5673,20,26,167.45466498302474,7.200151914730668,37977.30074101128,1196.3971443680591
1745995890,20,,Aggregated,17.000000,0.000000,26,28,32,37,46,53,120,500,37000,38000,38000,5692,20,26,166.99205277397155,7.200151914730668,37977.30074101128,1196.3829936753339
1745995891,20,,Aggregated,18.000000,0.000000,26,28,32,37,46,53,120,500,37000,38000,38000,5708,20,26,166.59476212886656,7.200151914730668,37977.30074101128,1196.1010861948143
1745995892,20,,Aggregated,17.700000,0.000000,26,28,32,37,46,53,120,500,37000,38000,38000,5722,20,26,166.25862201068347,7.200151914730668,37977.30074101128,1196.2911569381336
1745995893,20,,Aggregated,18.200000,0.000000,26,28,32,37,46,53,120,500,37000,38000,38000,5739,20,26,165.85273673618514,7.200151914730668,37977.30074101128,1196.958180867747
1745995894,20,,Aggregated,18.100000,0.000000,26,28,32,37,46,53,110,500,37000,38000,38000,5756,20,26,165.44288809155097,7.200151914730668,37977.30074101128,1196.7632036136206
1745995895,20,,Aggregated,17.300000,0.000000,26,28,32,37,46,53,110,500,37000,38000,38000,5770,20,26,165.11357031085495,7.200151914730668,37977.30074101128,1196.7372616984403
1745995896,20,,Aggregated,17.300000,0.000000,26,28,32,37,46,53,110,500,37000,38000,38000,5781,20,26,164.84492422948895,7.200151914730668,37977.30074101128,1196.153260681543
1745995897,20,,Aggregated,17.100000,0.000000,26,28,32,37,46,52,100,480,37000,38000,38000,5801,20,26,164.37834810299893,7.200151914730668,37977.30074101128,1196.4968108946734
1745995898,20,,Aggregated,15.900000,0.000000,26,28,32,37,46,53,100,480,37000,38000,38000,5817,20,26,164.0038613262571,7.200151914730668,37977.30074101128,1195.9902011346055
1745995899,20,,Aggregated,16.800000,0.000000,26,28,32,37,46,52,100,480,37000,38000,38000,5839,20,26,163.5026485676089,7.200151914730668,37977.30074101128,1196.5283438945025
1745995900,20,,Aggregated,16.900000,0.000000,26,28,32,37,46,52,100,480,37000,38000,38000,5848,20,26,163.2967905385312,7.200151914730668,37977.30074101128,1197.1759575923393
1745995901,20,,Aggregated,15.600000,0.000000,26,28,32,37,46,52,100,480,37000,38000,38000,5867,20,26,162.84666675784567,7.200151914730668,37977.30074101128,1196.3310039202318
1745995902,20,,Aggregated,15.600000,0.000000,26,28,32,37,46,52,100,480,37000,38000,38000,5884,20,26,162.4569932284466,7.200151914730668,37977.30074101128,1196.2508497620665
1745995903,20,,Aggregated,15.800000,0.000000,26,28,32,37,46,52,100,450,37000,38000,38000,5909,20,26,161.86776797915718,7.200151914730668,37977.30074101128,1195.2348959214758
1745995904,20,,Aggregated,16.500000,0.000000,26,28,32,37,46,52,100,450,37000,38000,38000,5921,20,26,161.5880002908464,7.200151914730668,37977.30074101128,1195.3779766931261
1745995905,20,,Aggregated,16.400000,0.000000,26,28,32,37,46,52,100,480,37000,38000,38000,5936,20,26,161.32980711390064,7.200151914730668,37977.30074101128,1195.4433962264152
1745995906,20,,Aggregated,16.400000,0.000000,26,28,32,37,46,52,100,480,37000,38000,38000,5951,20,26,160.9904504611721,7.200151914730668,37977.30074101128,1194.8007057637371
1745995907,20,,Aggregated,16.300000,0.000000,26,28,32,37,46,52,100,480,37000,38000,38000,5969,20,26,160.63915377398985,7.200151914730668,37977.30074101128,1195.0333389177417
1745995908,20,,Aggregated,17.400000,0.000000,26,28,32,37,46,52,100,480,37000,38000,38000,5988,20,26,160.21126948536386,7.200151914730668,37977.30074101128,1195.307281229125
1745995909,20,,Aggregated,16.500000,0.000000,26,28,32,37,46,52,100,450,37000,38000,38000,6003,20,26,159.87959973985403,7.200151914730668,37977.30074101128,1194.9983341662503
1745995910,20,,Aggregated,16.900000,0.000000,26,28,32,37,46,52,100,450,37000,38000,38000,6016,20,26,159.6006952980694,7.200151914730668,37977.30074101128,1195.469414893617
1745995911,20,,Aggregated,16.700000,0.000000,26,28,32,37,46,52,100,450,37000,38000,38000,6032,20,26,159.24696804024126,7.200151914730668,37977.30074101128,1195.3678713527852
1745995912,20,,Aggregated,16.600000,0.000000,26,28,32,37,46,52,100,450,37000,38000,38000,6052,20,26,158.79946693107706,7.200151914730668,37977.30074101128,1196.0014871116987
1745995913,20,,Aggregated,16.600000,0.000000,26,28,32,36,46,52,100,450,37000,38000,38000,6074,20,26,158.3094765958252,7.200151914730668,37977.30074101128,1195.1728679618045
1745995914,20,,Aggregated,16.100000,0.000000,26,28,32,36,46,52,100,450,37000,38000,38000,6081,20,26,158.15658613098603,7.200151914730668,37977.30074101128,1195.347640190758
1745995915,20,,Aggregated,16.600000,0.000000,25,28,32,36,46,52,100,440,37000,38000,38000,6102,20,25,157.701937489812,7.200151914730668,37977.30074101128,1195.4133071124222
1745995916,20,,Aggregated,16.200000,0.000000,25,28,32,36,46,52,100,440,37000,38000,38000,6116,20,25,157.40576584201685,7.200151914730668,37977.30074101128,1195.7168083714846
1745995917,20,,Aggregated,16.400000,0.000000,25,28,32,36,46,52,100,440,37000,38000,38000,6136,20,25,156.98352825013293,7.200151914730668,37977.30074101128,1196.0650260756192
1745995918,20,,Aggregated,15.800000,0.000000,25,28,32,36,46,52,100,440,37000,38000,38000,6149,20,25,156.71243622575236,7.200151914730668,37977.30074101128,1195.6833631484794
1745995919,20,,Aggregated,16.600000,0.000000,25,28,32,36,46,52,98,440,37000,38000,38000,6163,20,25,156.42282228595613,7.200151914730668,37977.30074101128,1195.9837741359727
1745995920,20,,Aggregated,16.300000,0.000000,25,28,32,36,46,52,98,440,37000,38000,38000,6181,20,25,156.04374356484385,7.200151914730668,37977.30074101128,1195.5672221323412
1745995921,20,,Aggregated,16.200000,0.000000,25,28,32,36,46,52,98,440,37000,38000,38000,6191,20,25,155.8323459318932,7.200151914730668,37977.30074101128,1195.6649975771281
1745995922,20,,Aggregated,16.500000,0.000000,25,28,32,36,46,52,96,420,37000,38000,38000,6205,20,25,155.54204399462589,7.200151914730668,37977.30074101128,1195.3274778404511
1745995923,20,,Aggregated,16.000000,0.000000,25,28,32,36,45,52,96,420,37000,38000,38000,6221,20,25,155.20203818930585,7.200151914730668,37977.30074101128,1195.1101109146439
1745995924,20,,Aggregated,15.500000,0.000000,25,28,32,36,45,52,96,420,37000,38000,38000,6240,20,25,154.81777110611662,7.200151914730668,37977.30074101128,1195.4139423076922
1745995925,20,,Aggregated,15.600000,0.000000,25,28,32,36,45,52,95,420,37000,38000,38000,6253,20,25,154.54381337777636,7.200151914730668,37977.30074101128,1194.680473372781
1745995926,20,,Aggregated,15.500000,0.000000,25,28,32,36,45,52,95,420,37000,38000,38000,6275,20,25,154.0907665379568,7.200151914730668,37977.30074101128,1194.788047808765
1745995927,20,,Aggregated,15.300000,0.000000,25,28,32,36,45,52,96,420,37000,38000,38000,6298,20,25,153.66431630072952,7.200151914730668,37977.30074101128,1195.2848523340742
1745995928,20,,Aggregated,15.700000,0.000000,25,28,32,36,45,52,95,420,37000,38000,38000,6310,20,25,153.4162470924029,7.200151914730668,37977.30074101128,1195.5716323296356
1745995929,20,,Aggregated,15.700000,0.000000,25,28,32,36,45,52,95,420,37000,38000,38000,6326,20,25,153.096809063635,7.200151914730668,37977.30074101128,1194.8558330698704
1745995930,20,,Aggregated,15.300000,0.000000,25,28,32,36,45,52,95,420,37000,38000,38000,6345,20,25,152.71576998995323,7.200151914730668,37977.30074101128,1195.1542947202522
1745995931,20,,Aggregated,16.500000,0.000000,25,28,32,36,45,52,94,420,37000,38000,38000,6365,20,25,152.31992200548115,7.200151914730668,37977.30074101128,1195.684053417125
1745995932,20,,Aggregated,16.500000,0.000000,25,28,32,36,45,52,94,420,37000,38000,38000,6380,20,25,152.030812071375,7.200151914730668,37977.30074101128,1195.5506269592477
1745995933,20,,Aggregated,17.300000,0.000000,25,28,32,36,45,52,94,420,37000,38000,38000,6395,20,25,151.73254192812607,7.200151914730668,37977.30074101128,1195.8359655981235
1745995934,20,,Aggregated,17.200000,0.000000,25,28,32,36,45,52,93,420,37000,38000,38000,6415,20,25,151.33693842750858,7.200151914730668,37977.30074101128,1195.5137957911145
1745995935,20,,Aggregated,16.500000,0.000000,25,28,32,36,45,52,93,420,37000,38000,38000,6424,20,25,151.16820496197175,7.200151914730668,37977.30074101128,1196.1022727272727
1745995936,20,,Aggregated,17.600000,0.000000,25,28,32,36,45,52,93,420,37000,38000,38000,6445,20,25,150.7578345828475,7.200151914730668,37977.30074101128,1196.5084561675717
1745995937,20,,Aggregated,17.500000,0.000000,25,28,32,36,45,52,92,420,37000,38000,38000,6463,20,25,150.40851436075818,7.200151914730668,37977.30074101128,1197.065449481665
1745995938,20,,Aggregated,17.200000,0.000000,25,28,32,36,45,52,92,420,37000,38000,38000,6473,20,25,150.21721371799873,7.200151914730668,37977.30074101128,1197.381585045574
1745995939,20,,Aggregated,16.600000,0.000000,25,28,32,36,45,52,92,420,37000,38000,38000,6497,20,25,149.75400087372017,7.200151914730668,37977.30074101128,1197.5899645990457
1745995940,20,,Aggregated,16.600000,0.000000,25,28,32,36,45,52,91,410,37000,38000,38000,6505,20,25,149.60719612878043,7.200151914730668,37977.30074101128,1197.6727132974636
1745995941,20,,Aggregated,15.700000,0.000000,25,28,32,36,45,52,91,410,37000,38000,38000,6523,20,25,149.2624069047127,7.200151914730668,37977.30074101128,1197.1237160815576
1745995942,20,,Aggregated,15.900000,0.000000,25,28,32,36,45,51,91,410,37000,38000,38000,6544,20,25,148.86735021964276,7.200151914730668,37977.30074101128,1196.880195599022
1745995943,20,,Aggregated,16.000000,0.000000,25,28,32,36,45,51,91,410,37000,38000,38000,6564,20,25,148.48649796385928,7.200151914730668,37977.30074101128,1195.9597806215722
1745995944,20,,Aggregated,16.000000,0.000000,25,28,32,36,45,51,91,410,37000,38000,38000,6577,20,25,148.2474297064958,7.200151914730668,37977.30074101128,1196.1622320206782
1745995945,20,,Aggregated,16.700000,0.000000,25,28,32,36,45,51,91,420,37000,38000,38000,6596,20,25,147.9524238293611,7.200151914730668,37977.30074101128,1195.6567616737416
1745995946,20,,Aggregated,16.200000,0.000000,25,28,32,36,45,51,92,420,37000,38000,38000,6607,20,25,147.84471935431756,7.200151914730668,37977.30074101128,1196.1970637202967
1745995947,20,,Aggregated,16.200000,0.000000,25,28,32,36,45,51,92,420,37000,38000,38000,6629,20,25,147.43538699156386,7.200151914730668,37977.30074101128,1196.0352994418465
1745995948,20,,Aggregated,16.600000,0.000000,25,28,32,36,45,51,92,420,37000,38000,38000,6648,20,25,147.07954455599656,7.200151914730668,37977.30074101128,1196.238567990373
1745995949,20,,Aggregated,16.900000,0.000000,25,28,32,36,45,51,92,420,37000,38000,38000,6659,20,25,146.89305146408853,7.200151914730668,37977.30074101128,1196.5099864844572
1745995950,20,,Aggregated,16.800000,0.000000,25,28,32,36,45,52,94,420,37000,38000,38000,6672,20,25,146.73268000060096,7.200151914730668,37977.30074101128,1196.5653477218225
1745995951,20,,Aggregated,17.600000,0.000000,25,28,32,36,45,52,94,420,37000,38000,38000,6693,20,25,146.34980547659174,7.200151914730668,37977.30074101128,1195.9223068877932
1745995952,20,,Aggregated,16.900000,0.000000,25,28,32,36,45,52,94,410,37000,38000,38000,6703,20,25,146.17526313043658,7.200151914730668,37977.30074101128,1196.0836938684172
1745995953,20,,Aggregated,16.000000,0.000000,25,28,32,36,45,52,94,410,37000,38000,38000,6723,20,25,145.82187741150253,7.200151914730668,37977.30074101128,1196.7307749516585
1745995954,20,,Aggregated,16.300000,0.000000,25,28,32,36,45,52,95,420,37000,38000,38000,6740,20,25,145.6332520168974,7.200151914730668,37977.30074101128,1196.213353115727
1745995955,20,,Aggregated,16.000000,0.000000,25,28,32,36,45,52,95,420,37000,38000,38000,6750,20,25,145.45745912746148,7.200151914730668,37977.30074101128,1196.320148148148
1745995956,20,,Aggregated,15.600000,0.000000,25,28,32,36,45,52,94,420,37000,38000,38000,6762,20,25,145.24455531699988,7.200151914730668,37977.30074101128,1196.1477373558118
1745995957,20,,Aggregated,16.200000,0.000000,25,28,32,36,45,52,94,420,37000,38000,38000,6778,20,25,144.96747237865424,7.200151914730668,37977.30074101128,1195.9491000295072
1745995958,20,,Aggregated,15.100000,0.000000,25,28,32,36,45,52,94,420,37000,38000,38000,6797,20,25,144.62952545291282,7.200151914730668,37977.30074101128,1195.854788877446
1745995959,20,,Aggregated,14.900000,0.000000,25,28,32,36,45,52,94,410,37000,38000,38000,6811,20,25,144.3833695298531,7.200151914730668,37977.30074101128,1195.2152400528557
1745995960,20,,Aggregated,15.100000,0.000000,25,28,32,36,45,52,94,410,37000,38000,38000,6824,20,25,144.16726583955867,7.200151914730668,37977.30074101128,1196.030773739742
1745995961,20,,Aggregated,14.900000,0.000000,25,28,32,36,45,52,94,410,37000,38000,38000,6843,20,25,143.8667340341307,7.200151914730668,37977.30074101128,1196.5931608943447
1745995962,20,,Aggregated,14.900000,0.000000,25,28,31,36,45,52,94,410,37000,38000,38000,6869,20,25,143.4003133539296,7.146725198253989,37977.30074101128,1196.6161013247925
1745995963,20,,Aggregated,15.300000,0.000000,25,28,31,36,45,52,94,410,37000,38000,38000,6884,20,25,143.1366206038005,7.146725198253989,37977.30074101128,1196.3047646717025
1745995964,20,,Aggregated,15.600000,0.000000,25,28,31,36,45,52,94,410,37000,38000,38000,6896,20,25,142.94114751945085,7.146725198253989,37977.30074101128,1196.4622969837587
1745995965,20,,Aggregated,16.400000,0.000000,25,28,31,36,45,51,93,400,37000,38000,38000,6913,20,25,142.65000013305576,7.146725198253989,37977.30074101128,1196.8336467524953
1745995966,20,,Aggregated,16.200000,0.000000,25,28,31,36,45,51,93,400,37000,38000,38000,6934,20,25,142.29383743623956,7.146725198253989,37977.30074101128,1196.7409864436113
1745995967,20,,Aggregated,15.900000,0.000000,25,28,31,36,45,51,94,400,37000,38000,38000,6950,20,25,142.09333261887028,7.146725198253989,37977.30074101128,1196.6513669064748
1745995968,20,,Aggregated,16.400000,0.000000,25,28,31,36,45,51,94,400,37000,38000,38000,6967,20,25,141.81077703067615,7.146725198253989,37977.30074101128,1196.4894502655375
1745995969,20,,Aggregated,16.800000,0.000000,25,28,31,36,45,51,94,400,37000,38000,38000,6980,20,25,141.60875324316638,7.146725198253989,37977.30074101128,1197.4585959885387
1745995970,20,,Aggregated,16.800000,0.000000,25,28,31,36,45,51,94,400,37000,38000,38000,6998,20,25,141.31004383327573,7.146725198253989,37977.30074101128,1196.913118033724
1745995971,20,,Aggregated,16.800000,0.000000,25,28,31,36,45,51,93,390,36000,38000,38000,7015,20,25,141.02630960036146,7.146725198253989,37977.30074101128,1197.0352102637205
1745995972,20,,Aggregated,16.700000,0.000000,25,28,31,36,45,51,93,390,36000,38000,38000,7030,20,25,140.7689408496205,7.146725198253989,37977.30074101128,1197.3271692745377
1745995973,20,,Aggregated,16.900000,0.000000,25,28,31,36,45,51,93,390,36000,38000,38000,7047,20,25,140.48690375420898,7.146725198253989,37977.30074101128,1197.9027955158224
1745995974,20,,Aggregated,16.500000,0.000000,25,28,31,36,45,51,92,390,36000,38000,38000,7063,20,25,140.22916088124802,7.146725198253989,37977.30074101128,1197.2515928075888
1745995975,20,,Aggregated,15.700000,0.000000,25,28,31,36,45,51,92,390,36000,38000,38000,7079,20,25,139.96864278948922,7.146725198253989,37977.30074101128,1197.5790365870885
1745995976,20,,Aggregated,16.800000,0.000000,25,28,31,36,45,51,92,390,36000,38000,38000,7096,20,25,139.70306975822928,7.146725198253989,37977.30074101128,1198.287908680947
1745995977,20,,Aggregated,16.800000,0.000000,25,28,31,36,45,51,91,390,36000,38000,38000,7114,20,25,139.4059032288563,7.146725198253989,37977.30074101128,1197.8854371661512
1745995978,20,,Aggregated,16.200000,0.000000,25,28,31,36,45,51,91,390,36000,38000,38000,7131,20,25,139.13516754167222,7.146725198253989,37977.30074101128,1197.9478334034497
1745995979,20,,Aggregated,16.500000,0.000000,25,28,31,36,45,51,91,390,36000,38000,38000,7150,20,25,138.82966816181096,7.146725198253989,37977.30074101128,1197.582097902098
1745995980,20,,Aggregated,17.100000,0.000000,25,28,31,36,45,51,91,390,36000,38000,38000,7166,20,25,138.57746123370825,7.146725198253989,37977.30074101128,1197.7167178342172
1745995981,20,,Aggregated,16.200000,0.000000,25,28,31,36,45,51,91,390,36000,38000,38000,7179,20,25,138.36932245486662,7.146725198253989,37977.30074101128,1197.8602869480428
1745995982,20,,Aggregated,17.300000,0.000000,25,28,31,36,45,51,91,380,36000,38000,38000,7203,20,25,137.98875129580867,7.146725198253989,37977.30074101128,1197.4992364292657
1745995983,20,,Aggregated,16.400000,0.000000,25,28,31,36,45,51,91,380,36000,38000,38000,7218,20,25,137.76847167065338,7.146725198253989,37977.30074101128,1197.9909947353838
1745995984,20,,Aggregated,17.600000,0.000000,25,28,31,36,45,51,91,380,36000,38000,38000,7234,20,25,137.51540827374484,7.146725198253989,37977.30074101128,1198.0385678739287
1745995985,20,,Aggregated,17.200000,0.000000,25,28,31,36,45,51,91,380,36000,38000,38000,7248,20,25,137.3034917107831,7.146725198253989,37977.30074101128,1198.3919701986756
1745995986,20,,Aggregated,16.600000,0.000000,25,28,31,36,45,51,90,380,36000,38000,38000,7266,20,25,137.02812514418724,7.146725198253989,37977.30074101128,1197.7947976878613
1745995987,20,,Aggregated,16.500000,0.000000,25,28,31,36,45,51,91,380,36000,38000,38000,7282,20,25,136.81365602771376,7.146725198253989,37977.30074101128,1197.7359241966492
1745995988,20,,Aggregated,17.400000,0.000000,25,28,31,36,45,51,91,380,36000,38000,38000,7291,20,25,136.68260170814753,7.146725198253989,37977.30074101128,1198.2527773967906
1745995989,20,,Aggregated,16.600000,0.000000,25,27,31,36,45,51,91,380,36000,38000,38000,7315,20,25,136.31506944412615,7.146725198253989,37977.30074101128,1198.037183868763
1745995990,20,,Aggregated,16.200000,0.000000,25,28,31,36,45,51,91,380,36000,38000,38000,7331,20,25,136.08472220354594,7.146725198253989,37977.30074101128,1198.152639476197
1745995991,20,,Aggregated,16.600000,0.000000,25,27,31,36,45,51,91,380,36000,38000,38000,7345,20,25,135.87010814640303,7.146725198253989,37977.30074101128,1197.8238257317903
1745995992,20,,Aggregated,15.900000,0.000000,25,27,31,36,45,51,90,380,36000,38000,38000,7359,20,25,135.66338555108518,7.146725198253989,37977.30074101128,1198.0706617746976
1745995993,20,,Aggregated,16.800000,0.000000,25,27,31,36,45,51,90,380,36000,38000,38000,7377,20,25,135.38258703092487,7.146725198253989,37977.30074101128,1197.9482174325606
1745995994,20,,Aggregated,15.500000,0.000000,25,27,31,36,45,51,89,380,36000,38000,38000,7403,20,25,134.99342998656803,7.146725198253989,37977.30074101128,1197.6976901256248
1745995995,20,,Aggregated,16.000000,0.000000,25,27,31,36,45,51,89,380,36000,38000,38000,7420,20,25,134.74123923128693,7.146725198253989,37977.30074101128,1197.7742587601078
1745995996,20,,Aggregated,16.000000,0.000000,25,27,31,36,45,51,89,380,36000,38000,38000,7430,20,25,134.598929560831,7.146725198253989,37977.30074101128,1197.5165545087484
1745995997,20,,Aggregated,16.700000,0.000000,25,27,31,36,45,51,88,380,36000,38000,38000,7452,20,25,134.2761155325178,7.146725198253989,37977.30074101128,1197.9005636070854
1745995998,20,,Aggregated,16.500000,0.000000,25,27,31,36,45,51,88,380,36000,38000,38000,7477,20,25,133.89721285341656,7.146725198253989,37977.30074101128,1197.0569747224822
1745995999,20,,Aggregated,16.700000,0.000000,25,27,31,36,45,51,88,380,36000,38000,38000,7483,20,25,133.81917416787672,7.146725198253989,37977.30074101128,1197.3401042362689
1745996000,20,,Aggregated,17.100000,0.000000,25,27,31,36,45,51,88,370,36000,38000,38000,7511,20,25,133.41631521971163,7.146725198253989,37977.30074101128,1197.544002130209
1745996001,20,,Aggregated,18.000000,0.000000,25,27,31,36,45,51,88,370,36000,38000,38000,7525,20,25,133.21031383080933,7.146725198253989,37977.30074101128,1196.9617275747507
1745996002,20,,Aggregated,17.100000,0.000000,25,27,31,36,45,51,88,370,36000,38000,38000,7538,20,25,133.02760548406184,7.146725198253989,37977.30074101128,1196.8737065534624
1745996003,20,,Aggregated,18.300000,0.000000,25,27,31,36,45,51,88,370,36000,38000,38000,7555,20,25,132.7939378284719,7.146725198253989,37977.30074101128,1196.7592322964924
1745996004,20,,Aggregated,17.900000,0.000000,25,27,31,36,45,51,88,370,36000,38000,38000,7567,20,25,132.63004203339307,7.146725198253989,37977.30074101128,1196.901414034624
1745996005,20,,Aggregated,17.800000,0.000000,25,27,31,36,45,51,88,370,36000,38000,38000,7587,20,25,132.34534398289267,7.146725198253989,37977.30074101128,1196.6221167787005
1745996006,20,,Aggregated,17.500000,0.000000,25,27,31,36,45,51,87,360,36000,38000,38000,7602,20,25,132.138332710017,7.146725198253989,37977.30074101128,1196.1176006314129
1745996007,20,,Aggregated,16.800000,0.000000,25,27,31,36,45,51,87,360,36000,38000,38000,7614,20,25,131.97606783238538,7.146725198253989,37977.30074101128,1196.0018387181508
1745996008,20,,Aggregated,16.900000,0.000000,25,27,31,36,45,51,87,360,36000,38000,38000,7629,20,25,131.75923369145164,7.146725198253989,37977.30074101128,1195.7227683837987
1745996009,20,,Aggregated,16.600000,0.000000,25,27,31,36,45,51,87,360,36000,38000,38000,7649,20,25,131.46911293863232,7.146725198253989,37977.30074101128,1195.3536409988233
1745996010,20,,Aggregated,16.300000,0.000000,25,27,31,36,45,51,88,370,36000,38000,38000,7665,20,25,131.3399174884302,7.146725198253989,37977.30074101128,1195.241226353555
1745996011,20,,Aggregated,15.300000,0.000000,25,27,31,36,45,51,88,370,36000,38000,38000,7677,20,25,131.18471932189604,7.146725198253989,37977.30074101128,1195.3850462420216
1745996012,20,,Aggregated,16.200000,0.000000,25,27,31,36,45,51,93,370,36000,38000,38000,7699,20,25,131.02129064038843,7.146725198253989,37977.30074101128,1194.9581763865438
1745996013,20,,Aggregated,14.700000,0.000000,25,27,31,36,45,51,92,360,36000,38000,38000,7714,20,25,130.81891487669108,7.146725198253989,37977.30074101128,1195.2323049001816
1745996014,20,,Aggregated,15.700000,0.000000,25,27,31,36,45,51,92,360,36000,38000,38000,7733,20,25,130.5679373293065,7.146725198253989,37977.30074101128,1195.2221647484805
1745996015,20,,Aggregated,15.600000,0.000000,25,27,31,36,45,51,92,360,36000,38000,38000,7738,20,25,130.50217730699418,7.146725198253989,37977.30074101128,1195.2271904884983
1745996016,20,,Aggregated,16.100000,0.000000,25,27,31,36,45,51,91,360,36000,38000,38000,7755,20,25,130.27751321470825,7.146725198253989,37977.30074101128,1195.1179883945842
1745996017,20,,Aggregated,16.200000,0.000000,25,27,31,36,45,51,91,360,36000,38000,38000,7781,20,25,129.91820684926316,7.146725198253989,37977.30074101128,1195.4297648117208
1745996018,20,,Aggregated,15.500000,0.000000,25,27,31,36,45,51,91,360,36000,38000,38000,7793,20,25,129.75134828547272,7.146725198253989,37977.30074101128,1195.2485563967664
1745996019,20,,Aggregated,15.900000,0.000000,25,27,31,36,45,51,91,360,36000,38000,38000,7811,20,25,129.5166518990484,7.146725198253989,37977.30074101128,1195.7114325950583
1745996020,20,,Aggregated,16.200000,0.000000,25,27,31,36,45,51,91,360,36000,38000,38000,7826,20,25,129.31833986277792,7.146725198253989,37977.30074101128,1195.5964732941477
1745996021,20,,Aggregated,16.000000,0.000000,25,27,31,36,45,51,91,360,36000,38000,38000,7844,20,25,129.0672586892182,7.146725198253989,37977.30074101128,1194.8268740438552
1745996022,20,,Aggregated,16.500000,0.000000,25,27,31,36,45,51,91,360,36000,38000,38000,7867,20,25,128.76287177020407,7.146725198253989,37977.30074101128,1194.2232108808948
1745996023,20,,Aggregated,16.300000,0.000000,25,27,31,36,45,51,91,360,36000,38000,38000,7885,20,25,128.52351512053016,7.146725198253989,37977.30074101128,1194.1501585288522
1745996024,20,,Aggregated,16.300000,0.000000,25,27,31,36,45,51,91,360,36000,38000,38000,7896,20,25,128.387141032582,7.146725198253989,37977.30074101128,1194.4756838905776
1745996025,20,,Aggregated,17.600000,0.000000,25,27,31,36,45,51,90,350,36000,38000,38000,7912,20,25,128.1866927129048,7.146725198253989,37977.30074101128,1195.1214610717898
1745996026,20,,Aggregated,16.700000,0.000000,25,27,31,36,45,51,90,350,36000,38000,38000,7928,20,25,127.97458576424143,7.146725198253989,37977.30074101128,1195.385847628658
1745996027,20,,Aggregated,16.100000,0.000000,25,27,31,36,45,51,90,350,36000,38000,38000,7944,20,25,127.76763736803089,7.146725198253989,37977.30074101128,1195.1865558912386
1745996028,20,,Aggregated,17.000000,0.000000,25,27,31,36,45,51,89,350,36000,38000,38000,7960,20,25,127.56544507963316,7.146725198253989,37977.30074101128,1195.0165829145728
1745996029,20,,Aggregated,16.900000,0.000000,25,27,31,36,45,51,89,350,36000,38000,38000,7981,20,25,127.29592191104662,7.146725198253989,37977.30074101128,1195.3170028818445
1745996030,20,,Aggregated,16.500000,0.000000,25,27,31,36,45,51,89,350,34000,38000,38000,8001,20,25,127.04772663593954,7.146725198253989,37977.30074101128,1194.8762654668167
1745996031,20,,Aggregated,16.700000,0.000000,25,27,31,36,45,51,90,350,34000,38000,38000,8007,20,25,127.02002288161033,7.146725198253989,37977.30074101128,1195.2239290620707
1745996032,20,,Aggregated,16.600000,0.000000,25,27,31,36,45,51,90,350,34000,38000,38000,8025,20,25,126.79227005423415,7.146725198253989,37977.30074101128,1194.9368224299064
1745996033,20,,Aggregated,17.200000,0.000000,25,27,31,36,45,51,90,350,34000,38000,38000,8042,20,25,126.58490483306053,7.146725198253989,37977.30074101128,1195.079457846307
1745996034,20,,Aggregated,16.100000,0.000000,25,27,31,36,45,51,89,350,34000,38000,38000,8057,20,25,126.40300550040557,7.146725198253989,37977.30074101128,1195.0461710314012
1745996035,20,,Aggregated,15.100000,0.000000,25,27,31,36,45,51,89,350,34000,38000,38000,8068,20,25,126.26654637126039,7.146725198253989,37977.30074101128,1194.4344323252355
1745996036,20,,Aggregated,15.700000,0.000000,25,27,31,36,45,51,89,350,34000,38000,38000,8090,20,25,126.00338432237929,7.146725198253989,37977.30074101128,1195.1024721878862
1745996037,20,,Aggregated,16.200000,0.000000,25,27,31,36,45,51,89,350,34000,38000,38000,8101,20,25,125.87447814013841,7.146725198253989,37977.30074101128,1195.2070114800642
1745996038,20,,Aggregated,15.600000,0.000000,25,27,31,36,45,51,89,350,34000,38000,38000,8115,20,25,125.69907861190791,7.146725198253989,37977.30074101128,1194.9164510166358
1745996039,20,,Aggregated,16.000000,0.000000,25,27,31,36,45,51,89,350,34000,38000,38000,8132,20,25,125.48560095877436,7.146725198253989,37977.30074101128,1194.2647565174618
1745996040,20,,Aggregated,15.400000,0.000000,25,27,31,36,45,51,89,350,34000,38000,38000,8149,20,25,125.27314888446328,7.146725198253989,37977.30074101128,1193.859246533317
1745996041,20,,Aggregated,15.400000,0.000000,25,27,31,36,45,51,88,350,34000,38000,38000,8167,20,25,125.03841285920745,7.146725198253989,37977.30074101128,1192.9998775560182
1745996042,20,,Aggregated,15.500000,0.000000,25,27,31,36,45,51,88,350,34000,38000,38000,8181,20,25,124.87002100824309,7.146725198253989,37977.30074101128,1193.4702359124801
1745996043,20,,Aggregated,15.200000,0.000000,25,27,31,36,45,51,88,350,34000,38000,38000,8205,20,25,124.57863956112085,7.146725198253989,37977.30074101128,1193.4375380865326
1745996044,20,,Aggregated,16.000000,0.000000,25,27,31,36,45,51,88,350,34000,38000,38000,8221,20,25,124.39578785584816,7.146725198253989,37977.30074101128,1193.5820459798078
1745996045,20,,Aggregated,15.600000,0.000000,25,27,31,36,45,51,88,350,34000,38000,38000,8233,20,25,124.250477003049,7.146725198253989,37977.30074101128,1193.804081136888
1745996046,20,,Aggregated,16.300000,0.000000,25,27,31,36,45,51,88,350,34000,38000,38000,8247,20,25,124.08625679249849,7.146725198253989,37977.30074101128,1194.0736025221292
1745996047,20,,Aggregated,16.300000,0.000000,25,27,31,36,45,51,88,350,34000,38000,38000,8259,20,25,123.9492576435129,7.146725198253989,37977.30074101128,1194.2858699600436
1745996048,20,,Aggregated,16.400000,0.000000,25,27,31,36,45,51,88,350,34000,38000,38000,8281,20,25,123.68411926241463,7.146725198253989,37977.30074101128,1194.160367105422
1745996049,20,,Aggregated,15.800000,0.000000,25,27,31,36,45,51,88,350,34000,38000,38000,8295,20,25,123.52367431139254,7.146725198253989,37977.30074101128,1194.3069318866787
1745996050,20,,Aggregated,15.800000,0.000000,25,27,31,36,45,51,88,350,34000,38000,38000,8308,20,25,123.37825048185094,7.146725198253989,37977.30074101128,1194.263842079923
1745996051,20,,Aggregated,16.600000,0.000000,25,27,31,36,45,51,88,350,34000,38000,38000,8327,20,25,123.15722108771952,7.146725198253989,37977.30074101128,1194.222889395941
1745996052,20,,Aggregated,16.100000,0.000000,25,27,31,36,45,51,88,350,34000,38000,38000,8345,20,25,122.94211960545535,7.146725198253989,37977.30074101128,1194.270581186339
1745996053,20,,Aggregated,15.600000,0.000000,25,27,31,36,45,51,87,350,34000,38000,38000,8361,20,25,122.74848276801272,7.146725198253989,37977.30074101128,1193.7763425427581
1745996055,20,,Aggregated,16.100000,0.000000,25,27,31,36,45,51,87,350,34000,38000,38000,8376,20,25,122.58564592852794,7.146725198253989,37977.30074101128,1194.0906160458453
1745996056,20,,Aggregated,16.500000,0.000000,25,27,31,36,45,51,87,350,34000,38000,38000,8393,20,25,122.39188875222504,7.146725198253989,37977.30074101128,1194.1993327773143
1745996057,20,,Aggregated,15.500000,0.000000,25,27,31,36,45,51,85,350,34000,38000,38000,8416,20,25,122.12785066768505,7.146725198253989,37977.30074101128,1194.1371197718631
1745996058,20,,Aggregated,15.900000,0.000000,25,27,31,36,45,51,85,350,34000,38000,38000,8428,20,25,121.99290701437111,7.146725198253989,37977.30074101128,1194.1922164214523
1745996059,20,,Aggregated,16.700000,0.000000,25,27,31,36,45,50,85,350,34000,38000,38000,8442,20,25,121.8400708018226,7.146725198253989,37977.30074101128,1194.3721866856195
1745996060,20,,Aggregated,16.800000,0.000000,25,27,31,36,45,51,87,350,34000,38000,38000,8465,20,25,121.6431661327994,7.146725198253989,37977.30074101128,1194.5534554046071
1745996061,20,,Aggregated,16.800000,0.000000,25,27,31,36,45,51,87,350,34000,38000,38000,8485,20,25,121.4108151906435,7.146725198253989,37977.30074101128,1194.589510901591
1745996062,20,,Aggregated,16.000000,0.000000,25,27,31,36,45,51,87,350,34000,38000,38000,8497,20,25,121.27415410457145,7.146725198253989,37977.30074101128,1194.9210309521006
1745996063,20,,Aggregated,17.600000,0.000000,25,27,31,36,45,50,85,350,34000,38000,38000,8521,20,25,120.99720082428185,7.146725198253989,37977.30074101128,1194.3931463443257
1745996064,20,,Aggregated,16.900000,0.000000,25,27,31,36,45,50,85,350,34000,38000,38000,8534,20,25,120.85388153373457,7.146725198253989,37977.30074101128,1194.5828450902272
1745996065,20,,Aggregated,16.900000,0.000000,25,27,31,36,45,50,84,350,34000,38000,38000,8551,20,25,120.66705163343678,7.146725198253989,37977.30074101128,1194.6867033095543
1745996066,20,,Aggregated,17.200000,0.000000,25,27,31,36,45,50,84,350,34000,38000,38000,8570,20,25,120.44831871333811,7.146725198253989,37977.30074101128,1194.4192532088682
1745996067,20,,Aggregated,17.200000,0.000000,25,27,31,36,45,50,84,350,34000,38000,38000,8591,20,25,120.21055052168242,7.146725198253989,37977.30074101128,1194.4383657315796
1745996068,20,,Aggregated,17.700000,0.000000,25,27,31,36,45,50,85,350,34000,38000,38000,8603,20,25,120.1825153462478,7.146725198253989,37977.30074101128,1194.001278623736
1745996069,20,,Aggregated,17.600000,0.000000,25,27,31,36,45,50,85,350,34000,38000,38000,8620,20,25,119.99008967268352,7.146725198253989,37977.30074101128,1193.575754060325
1745996070,20,,Aggregated,17.600000,0.000000,25,27,31,36,45,50,85,350,34000,38000,38000,8631,20,25,119.88006363092602,7.146725198253989,37977.30074101128,1193.488819372031
1745996071,20,,Aggregated,17.300000,0.000000,25,27,31,36,45,50,88,350,34000,38000,38000,8653,20,25,119.80079678178939,7.146725198253989,37977.30074101128,1193.1872183057899
1745996072,20,,Aggregated,16.700000,0.000000,25,27,31,36,45,50,88,350,34000,38000,38000,8661,20,25,119.71703525105183,7.146725198253989,37977.30074101128,1193.3388754185428
1745996073,20,,Aggregated,16.800000,0.000000,25,27,31,36,45,50,88,350,34000,38000,38000,8678,20,25,119.57041355404564,7.146725198253989,37977.30074101128,1193.699008988246
1745996074,20,,Aggregated,16.800000,0.000000,25,27,31,36,45,50,88,350,34000,38000,38000,8688,20,25,119.47831393230358,7.146725198253989,37977.30074101128,1194.0277394106813
1745996075,20,,Aggregated,16.200000,0.000000,25,27,31,36,45,50,88,350,34000,38000,38000,8705,20,25,119.28729257072412,7.146725198253989,37977.30074101128,1194.1017805858703
1745996076,20,,Aggregated,15.500000,0.000000,25,27,31,36,45,50,88,350,34000,38000,38000,8725,20,25,119.07591508015628,7.146725198253989,37977.30074101128,1193.895358166189
1745996077,20,,Aggregated,15.400000,0.000000,25,27,31,36,45,50,88,350,34000,38000,38000,8745,20,25,118.86029961045561,7.146725198253989,37977.30074101128,1193.8889651229274
1745996078,20,,Aggregated,15.500000,0.000000,25,27,31,36,45,50,88,350,34000,38000,38000,8761,20,25,118.69435886918457,7.146725198253989,37977.30074101128,1194.2196096336036
1745996079,20,,Aggregated,15.200000,0.000000,25,27,31,36,45,50,88,350,34000,38000,38000,8775,20,25,118.54323449364182,7.146725198253989,37977.30074101128,1194.176638176638
1745996080,20,,Aggregated,15.200000,0.000000,25,27,31,36,45,50,88,350,34000,38000,38000,8793,20,25,118.35574531313601,7.146725198253989,37977.30074101128,1194.1114522915957
1745996081,20,,Aggregated,15.400000,0.000000,25,27,31,36,45,50,88,350,34000,38000,38000,8803,20,25,118.26062727786514,7.146725198253989,37977.30074101128,1194.7391798250596
1745996082,20,,Aggregated,16.200000,0.000000,25,27,31,36,45,50,88,350,34000,38000,38000,8821,20,25,118.06709887527445,7.146725198253989,37977.30074101128,1194.419453576692
1745996083,20,,Aggregated,14.900000,0.000000,25,27,31,36,45,50,88,350,34000,38000,38000,8837,20,25,117.90144508110149,7.146725198253989,37977.30074101128,1194.4181283240919
1745996084,20,,Aggregated,16.000000,0.000000,25,27,31,36,45,50,87,350,34000,38000,38000,8851,20,25,117.75529805486453,7.146725198253989,37977.30074101128,1194.0889165066094
1745996085,20,,Aggregated,15.700000,0.000000,25,27,31,36,45,50,88,350,34000,38000,38000,8876,20,25,117.50993801244867,7.146725198253989,37977.30074101128,1193.1953582694907
1745996086,20,,Aggregated,16.100000,0.000000,25,27,31,36,45,50,88,350,34000,38000,38000,8885,20,25,117.41753643138578,7.146725198253989,37977.30074101128,1192.9285312324141
1745996087,20,,Aggregated,16.100000,0.000000,25,27,31,36,45,50,87,350,34000,38000,38000,8901,20,25,117.25574732397023,7.146725198253989,37977.30074101128,1192.7801370632512
1745996088,20,,Aggregated,15.600000,0.000000,25,27,31,36,45,50,87,350,34000,38000,38000,8914,20,25,117.12390871921528,7.146725198253989,37977.30074101128,1192.6683868072694
1745996089,20,,Aggregated,15.800000,0.000000,25,27,31,36,45,50,87,350,34000,38000,38000,8936,20,25,116.8892201498541,7.146725198253989,37977.30074101128,1192.128804834378
1745996090,20,,Aggregated,15.200000,0.000000,25,27,31,36,45,50,87,350,34000,38000,38000,8949,20,25,116.76572373617473,7.146725198253989,37977.30074101128,1192.0911833724438
1745996091,20,,Aggregated,15.900000,0.000000,25,27,31,36,45,50,85,350,34000,38000,38000,8969,20,25,116.56579843293225,7.146725198253989,37977.30074101128,1192.7752257776788
1745996092,20,,Aggregated,15.400000,0.000000,25,27,31,36,45,50,85,350,34000,38000,38000,8980,20,25,116.4585385850386,7.146725198253989,37977.30074101128,1192.843429844098
1745996093,20,,Aggregated,16.200000,0.000000,25,27,31,36,45,50,85,350,34000,38000,38000,9000,20,25,116.25773519399162,7.146725198253989,37977.30074101128,1193.0875555555556
1745996094,20,,Aggregated,16.000000,0.000000,24,27,31,36,45,50,84,350,32000,38000,38000,9014,20,24,116.11868470034368,7.146725198253989,37977.30074101128,1192.7857776791657
1745996095,20,,Aggregated,16.600000,0.000000,24,27,31,36,45,50,84,350,32000,38000,38000,9031,20,24,115.94713999618675,7.146725198253989,37977.30074101128,1191.8386668143062
1745996096,20,,Aggregated,16.400000,0.000000,24,27,31,36,45,50,84,350,32000,38000,38000,9050,20,24,115.74369480743366,7.146725198253989,37977.30074101128,1191.5587845303867
1745996097,20,,Aggregated,15.400000,0.000000,24,27,31,36,45,50,83,350,32000,38000,38000,9067,20,24,115.57921795633105,7.146725198253989,37977.30074101128,1191.4730340796293
1745996098,20,,Aggregated,16.600000,0.000000,24,27,31,36,45,50,83,350,32000,38000,38000,9085,20,24,115.39551319324309,7.146725198253989,37977.30074101128,1191.3863511282334
1745996099,20,,Aggregated,16.300000,0.000000,24,27,31,36,45,50,83,340,32000,38000,38000,9103,20,24,115.21191996450426,7.146725198253989,37977.30074101128,1191.3316489069537
1745996100,20,,Aggregated,17.100000,0.000000,24,27,31,36,45,50,83,340,32000,38000,38000,9116,20,24,115.08924079888422,7.146725198253989,37977.30074101128,1191.5130539710399
1745996101,20,,Aggregated,16.400000,0.000000,24,27,30,35,45,50,83,340,32000,38000,38000,9139,20,24,114.85793899205868,7.146725198253989,37977.30074101128,1191.1896268738374
1745996102,20,,Aggregated,16.800000,0.000000,24,27,30,36,45,50,83,340,32000,38000,38000,9154,20,24,114.71920403931065,7.146725198253989,37977.30074101128,1191.6709635132183
1745996103,20,,Aggregated,16.500000,0.000000,24,27,30,36,45,50,83,340,32000,38000,38000,9170,20,24,114.56477750136416,7.146725198253989,37977.30074101128,1191.315812431843
1745996104,20,,Aggregated,16.900000,0.000000,24,27,31,36,45,50,83,340,32000,38000,38000,9181,20,24,114.46730449700166,7.146725198253989,37977.30074101128,1191.844025705261
1745996105,20,,Aggregated,17.100000,0.000000,24,27,30,35,45,50,82,340,32000,38000,38000,9205,20,24,114.22201236727658,7.146725198253989,37977.30074101128,1191.3328625746876
1745996106,20,,Aggregated,16.500000,0.000000,24,27,30,35,45,50,82,340,32000,38000,38000,9219,20,24,114.09068733451932,7.146725198253989,37977.30074101128,1191.538670137759
1745996107,20,,Aggregated,16.900000,0.000000,24,27,30,35,45,50,82,340,32000,38000,38000,9238,20,24,113.91229081685101,7.146725198253989,37977.30074101128,1191.5400519592986
1745996108,20,,Aggregated,17.000000,0.000000,24,27,30,36,45,50,82,340,32000,38000,38000,9249,20,24,113.81289987147285,7.146725198253989,37977.30074101128,1191.8493891231485
1745996109,20,,Aggregated,17.000000,0.000000,24,27,30,36,45,50,81,340,32000,38000,38000,9262,20,24,113.69406065563332,7.146725198253989,37977.30074101128,1191.9185920967393
1745996110,20,,Aggregated,16.200000,0.000000,24,27,31,36,45,50,83,340,32000,38000,38000,9280,20,24,113.57621179039566,7.146725198253989,37977.30074101128,1192.3672413793104
1745996111,20,,Aggregated,16.300000,0.000000,24,27,30,36,45,50,83,340,32000,38000,38000,9299,20,24,113.39100627493022,7.146725198253989,37977.30074101128,1192.5490913001397
1745996112,20,,Aggregated,16.000000,0.000000,24,27,30,36,45,50,83,330,32000,38000,38000,9310,20,24,113.29251270812249,7.146725198253989,37977.30074101128,1192.431686358754
1745996113,20,,Aggregated,16.400000,0.000000,24,27,31,36,45,50,83,340,32000,38000,38000,9324,20,24,113.22950480506024,7.146725198253989,37977.30074101128,1192.8455598455598
1745996114,20,,Aggregated,15.700000,0.000000,24,27,30,36,45,50,83,340,32000,38000,38000,9341,20,24,113.07006665492906,7.146725198253989,37977.30074101128,1192.9449737715447
1745996115,20,,Aggregated,15.400000,0.000000,24,27,30,36,45,50,83,340,32000,38000,38000,9361,20,24,112.87581082945835,7.146725198253989,37977.30074101128,1192.3058433928
1745996116,20,,Aggregated,15.600000,0.000000,24,27,30,36,45,50,83,340,32000,38000,38000,9376,20,24,112.73813872062124,7.146725198253989,37977.30074101128,1192.4548848122868
1745996117,20,,Aggregated,15.800000,0.000000,24,27,31,36,45,50,83,340,32000,38000,38000,9389,20,24,112.63179182241014,7.146725198253989,37977.30074101128,1192.5559697518372
1745996118,20,,Aggregated,15.200000,0.000000,24,27,30,36,45,50,83,340,32000,38000,38000,9403,20,24,112.50055260545943,7.146725198253989,37977.30074101128,1192.3106455386578
1745996119,20,,Aggregated,14.900000,0.000000,24,27,30,36,45,50,83,340,32000,38000,38000,9419,20,24,112.3495827320133,7.146725198253989,37977.30074101128,1192.17199278055
1745996120,20,,Aggregated,15.500000,0.000000,24,27,31,36,45,50,83,340,32000,38000,38000,9431,20,24,112.24728167627227,7.146725198253989,37977.30074101128,1192.528257872972
1745996121,20,,Aggregated,15.500000,0.000000,24,27,31,36,45,50,83,340,32000,38000,38000,9448,20,24,112.09010934779222,7.146725198253989,37977.30074101128,1192.4165961049957
1745996122,20,,Aggregated,15.000000,0.000000,24,27,31,36,45,50,82,340,32000,38000,38000,9465,20,24,111.94048264483064,7.146725198253989,37977.30074101128,1192.7500264131008
1745996123,20,,Aggregated,14.900000,0.000000,24,27,30,36,45,50,82,340,32000,38000,38000,9477,20,24,111.82782568538303,7.146725198253989,37977.30074101128,1192.6599134747282
1745996124,20,,Aggregated,15.400000,0.000000,24,27,30,36,45,50,83,330,32000,38000,38000,9501,20,24,111.68003677310725,7.146725198253989,37977.30074101128,1192.8421218819071
1745996125,20,,Aggregated,15.300000,0.000000,24,27,31,36,45,50,83,330,32000,38000,38000,9509,20,24,111.61459243820818,7.146725198253989,37977.30074101128,1193.0365969081922
1745996126,20,,Aggregated,15.400000,0.000000,24,27,31,36,45,50,83,330,32000,38000,38000,9524,20,24,111.48112977157002,7.146725198253989,37977.30074101128,1193.0815833683325
1745996127,20,,Aggregated,15.200000,0.000000,24,27,30,36,45,50,83,330,32000,38000,38000,9550,20,24,111.23340163638338,7.146725198253989,37977.30074101128,1192.46
1745996128,20,,Aggregated,14.900000,0.000000,24,27,30,36,45,50,83,330,32000,38000,38000,9563,20,24,111.11938969105927,7.146725198253989,37977.30074101128,1192.6308689741713
1745996129,20,,Aggregated,15.800000,0.000000,24,27,30,36,45,50,83,330,32000,38000,38000,9573,20,24,111.03561407614822,7.146725198253989,37977.30074101128,1192.8761098924058
1745996130,20,,Aggregated,16.000000,0.000000,24,27,30,36,45,50,83,330,32000,38000,38000,9593,20,24,110.85724764375195,7.146725198253989,37977.30074101128,1193.310017721255
1745996131,20,,Aggregated,15.700000,0.000000,24,27,30,36,45,50,82,330,32000,38000,38000,9611,20,24,110.70012037251108,7.146725198253989,37977.30074101128,1193.4564561440018
1745996132,20,,Aggregated,16.600000,0.000000,24,27,30,36,45,50,82,330,32000,38000,38000,9623,20,24,110.59652427689501,7.146725198253989,37977.30074101128,1193.366933388756
1745996133,20,,Aggregated,16.200000,0.000000,24,27,30,36,45,50,82,330,32000,38000,38000,9641,20,24,110.43091335710335,7.146725198253989,37977.30074101128,1193.2823358572762
1745996134,20,,Aggregated,15.800000,0.000000,24,27,30,36,45,50,81,330,32000,38000,38000,9657,20,24,110.29050006803912,7.146725198253989,37977.30074101128,1193.3500051775914
1745996135,20,,Aggregated,16.400000,0.000000,24,27,30,36,45,50,81,330,32000,38000,38000,9677,20,24,110.11263404139791,7.146725198253989,37977.30074101128,1193.1674072543144
1745996136,20,,Aggregated,16.300000,0.000000,24,27,30,36,45,50,81,330,32000,38000,38000,9688,20,24,110.01647093439433,7.146725198253989,37977.30074101128,1192.9989677952105
1745996137,20,,Aggregated,16.200000,0.000000,24,27,30,36,45,50,81,320,32000,38000,38000,9703,20,24,109.89107859124077,7.146725198253989,37977.30074101128,1193.4489333195918
1745996138,20,,Aggregated,16.500000,0.000000,24,27,30,36,45,50,81,320,32000,38000,38000,9717,20,24,109.77194615709425,7.146725198253989,37977.30074101128,1193.6139755068436
1745996139,20,,Aggregated,15.600000,0.000000,24,27,30,36,45,50,81,320,32000,38000,38000,9733,20,24,109.63673104155917,7.146725198253989,37977.30074101128,1193.8843111065448
1745996140,20,,Aggregated,15.200000,0.000000,24,27,30,36,45,50,81,320,32000,38000,38000,9745,20,24,109.53363688973727,7.146725198253989,37977.30074101128,1193.7680861980502
1745996141,20,,Aggregated,15.900000,0.000000,24,27,30,36,45,50,79,320,32000,38000,38000,9763,20,24,109.3797334468424,7.146725198253989,37977.30074101128,1193.7096179453038
1745996142,20,,Aggregated,14.900000,0.000000,24,27,30,36,45,50,79,320,32000,38000,38000,9772,20,24,109.31150051213326,7.146725198253989,37977.30074101128,1193.7208350388867
1745996143,20,,Aggregated,15.100000,0.000000,24,27,30,36,45,50,79,320,32000,38000,38000,9791,20,24,109.13767192845957,7.146725198253989,37977.30074101128,1194.0653661525891
1745996144,20,,Aggregated,15.000000,0.000000,24,27,30,36,45,50,79,320,32000,38000,38000,9813,20,24,108.9506311279529,7.146725198253989,37977.30074101128,1194.7640884540915
1745996145,20,,Aggregated,14.500000,0.000000,24,27,30,36,45,50,79,320,32000,38000,38000,9828,20,24,108.82463178652921,7.146725198253989,37977.30074101128,1194.8629426129426
1745996146,20,,Aggregated,15.200000,0.000000,24,27,30,36,45,50,79,320,32000,38000,38000,9842,20,24,108.70770181917102,7.146725198253989,37977.30074101128,1194.7934362934363
1745996147,20,,Aggregated,15.000000,0.000000,24,27,30,36,45,50,77,320,32000,38000,38000,9860,20,24,108.55935125748209,7.146725198253989,37977.30074101128,1194.9611561866125
1745996148,20,,Aggregated,15.100000,0.000000,24,27,30,36,45,50,77,320,32000,38000,38000,9877,20,24,108.41275387668206,7.146725198253989,37977.30074101128,1195.0236914042725
1745996149,20,,Aggregated,15.300000,0.000000,24,27,30,36,45,50,77,320,32000,38000,38000,9891,20,24,108.29347078390902,7.146725198253989,37977.30074101128,1194.8396522090788
1745996150,20,,Aggregated,15.600000,0.000000,24,27,30,36,45,50,79,310,32000,38000,38000,9903,20,24,108.22184029253265,7.146725198253989,37977.30074101128,1195.1497526002222
1745996151,20,,Aggregated,15.600000,0.000000,24,27,30,36,45,50,79,310,32000,38000,38000,9926,20,24,108.03157580066333,7.146725198253989,37977.30074101128,1195.292867217409
1745996152,20,,Aggregated,15.600000,0.000000,24,27,30,36,45,50,79,310,32000,38000,38000,9940,20,24,107.9210415690757,7.146725198253989,37977.30074101128,1195.279778672032
1745996153,20,,Aggregated,15.800000,0.000000,24,27,30,36,45,50,77,310,32000,38000,38000,9956,20,24,107.7956200264929,7.146725198253989,37977.30074101128,1195.369023704299
1745996154,20,,Aggregated,16.500000,0.000000,24,27,30,36,45,50,77,310,32000,38000,38000,9972,20,24,107.66402880201319,7.146725198253989,37977.30074101128,1195.233553951063
1745996155,20,,Aggregated,16.000000,0.000000,24,27,30,36,45,50,77,310,32000,38000,38000,9987,20,24,107.5430962874099,7.146725198253989,37977.30074101128,1195.2450185240814
1745996156,20,,Aggregated,16.300000,0.000000,24,27,30,36,45,50,77,290,32000,38000,38000,10006,20,24,107.37967041327893,7.146725198253989,37977.30074101128,1195.0122926244253
1745996157,20,,Aggregated,16.000000,0.000000,24,27,30,36,45,50,77,290,32000,38000,38000,10019,20,24,107.27210992418583,7.146725198253989,37977.30074101128,1194.7517716338955
1745996158,20,,Aggregated,16.900000,0.000000,24,27,30,36,45,50,79,290,32000,38000,38000,10042,20,24,107.10244495642375,7.146725198253989,37977.30074101128,1194.9883489344752
1745996159,20,,Aggregated,16.500000,0.000000,24,27,30,36,45,50,77,290,32000,38000,38000,10052,20,24,107.02024924774886,7.146725198253989,37977.30074101128,1194.6766812574613
1745996160,20,,Aggregated,16.500000,0.000000,24,27,30,36,45,50,77,290,32000,38000,38000,10071,20,24,106.87640720746543,7.146725198253989,37977.30074101128,1194.8928606891072
1745996161,20,,Aggregated,16.100000,0.000000,24,27,30,36,45,50,77,290,32000,38000,38000,10083,20,24,106.78070509850333,7.146725198253989,37977.30074101128,1194.9024099970247
1745996162,20,,Aggregated,16.300000,0.000000,24,27,30,36,45,50,77,290,32000,38000,38000,10102,20,24,106.62973981137328,7.146725198253989,37977.30074101128,1194.381904573352
1745996163,20,,Aggregated,16.000000,0.000000,24,27,30,36,45,50,77,290,32000,38000,38000,10121,20,24,106.47349910505179,7.146725198253989,37977.30074101128,1193.9342950301354
1745996164,20,,Aggregated,16.400000,0.000000,24,27,30,36,45,50,77,290,32000,38000,38000,10141,20,24,106.31146822200026,7.146725198253989,37977.30074101128,1193.7313874371364
1745996165,20,,Aggregated,16.300000,0.000000,24,27,30,36,45,50,76,290,32000,38000,38000,10153,20,24,106.21629013537009,7.146725198253989,37977.30074101128,1194.0100462917364
1745996166,20,,Aggregated,16.500000,0.000000,24,27,30,35,45,49,76,290,32000,38000,38000,10172,20,24,106.05956109320672,7.146725198253989,37977.30074101128,1194.3668895005899
1745996167,20,,Aggregated,16.700000,0.000000,24,27,30,36,45,49,76,290,32000,38000,38000,10191,20,24,105.91539430304354,7.146725198253989,37977.30074101128,1194.5534294966146
1745996168,20,,Aggregated,16.500000,0.000000,24,27,30,35,45,49,76,290,32000,38000,38000,10205,20,24,105.80135132544316,7.146725198253989,37977.30074101128,1194.6851543361097
1745996169,20,,Aggregated,17.100000,0.000000,24,27,30,35,45,49,76,290,32000,38000,38000,10219,20,24,105.69481326800089,7.146725198253989,37977.30074101128,1195.0606712985616
1745996170,20,,Aggregated,16.400000,0.000000,24,27,30,35,45,49,76,290,32000,38000,38000,10237,20,24,105.55156648511651,7.146725198253989,37977.30074101128,1195.3633877112436
1745996171,20,,Aggregated,16.800000,0.000000,24,27,30,35,45,49,76,290,32000,38000,38000,10252,20,24,105.4323923753533,7.146725198253989,37977.30074101128,1195.3752438548577
1745996172,20,,Aggregated,16.700000,0.000000,24,27,30,35,45,49,76,290,32000,38000,38000,10269,20,24,105.2987603631209,7.146725198253989,37977.30074101128,1195.26857532379
1745996173,20,,Aggregated,16.800000,0.000000,24,27,30,35,45,49,76,290,32000,38000,38000,10288,20,24,105.14897553543133,7.146725198253989,37977.30074101128,1195.0423794712285
1745996174,20,,Aggregated,16.400000,0.000000,24,27,30,35,45,49,76,290,32000,38000,38000,10306,20,24,105.005247366084,7.146725198253989,37977.30074101128,1194.5525907238502
1745996175,20,,Aggregated,16.800000,0.000000,24,27,30,35,45,49,76,290,32000,38000,38000,10323,20,24,104.87871356799248,7.146725198253989,37977.30074101128,1194.4720526978592
1745996176,20,,Aggregated,16.500000,0.000000,24,27,30,35,45,49,76,290,32000,38000,38000,10336,20,24,104.77156412865946,7.146725198253989,37977.30074101128,1194.9593653250774
1745996177,20,,Aggregated,16.500000,0.000000,24,27,30,35,45,49,76,290,32000,38000,38000,10360,20,24,104.58299261198692,7.146725198253989,37977.30074101128,1195.0006756756757
1745996178,20,,Aggregated,16.400000,0.000000,24,27,30,35,45,49,76,290,32000,38000,38000,10370,20,24,104.50653778301532,7.146725198253989,37977.30074101128,1194.9423336547734
1745996179,20,,Aggregated,15.900000,0.000000,24,27,30,35,45,49,76,290,32000,38000,38000,10385,20,24,104.39859837209326,7.146725198253989,37977.30074101128,1195.1702455464613
1745996180,20,,Aggregated,17.200000,0.000000,24,27,30,35,45,49,76,280,32000,38000,38000,10404,20,24,104.24667481549736,7.146725198253989,37977.30074101128,1195.7083813917725
1745996181,20,,Aggregated,16.200000,0.000000,24,27,30,35,45,49,76,280,32000,38000,38000,10420,20,24,104.12379307086952,7.146725198253989,37977.30074101128,1195.7991362763917
1745996182,20,,Aggregated,16.600000,0.000000,24,27,30,35,45,49,76,280,32000,38000,38000,10436,20,24,104.00627889615012,7.146725198253989,37977.30074101128,1195.6146032962822
1745996183,20,,Aggregated,16.600000,0.000000,24,27,30,35,45,49,75,280,32000,38000,38000,10451,20,24,103.89434668725069,7.146725198253989,37977.30074101128,1195.7438522629413
1745996184,20,,Aggregated,17.100000,0.000000,24,27,30,35,45,49,75,280,32000,38000,38000,10470,20,24,103.74184356423748,7.146725198253989,37977.30074101128,1195.3788920725883
1745996185,20,,Aggregated,16.700000,0.000000,24,27,30,35,45,49,75,280,32000,38000,38000,10484,20,24,103.64869649434328,7.146725198253989,37977.30074101128,1195.982449446776
1745996186,20,,Aggregated,16.600000,0.000000,24,27,30,35,45,49,76,280,32000,38000,38000,10502,20,24,103.55372756871321,7.146725198253989,37977.30074101128,1195.9255379927633
1745996187,20,,Aggregated,16.700000,0.000000,24,27,30,35,45,49,76,280,32000,38000,38000,10520,20,24,103.42201614693097,7.146725198253989,37977.30074101128,1195.994011406844
1745996188,20,,Aggregated,15.800000,0.000000,24,27,30,35,45,49,76,280,32000,38000,38000,10535,20,24,103.30981375158052,7.146725198253989,37977.30074101128,1195.4795443758899
1745996189,20,,Aggregated,15.800000,0.000000,24,27,30,35,45,49,75,280,32000,38000,38000,10551,20,24,103.18927520316025,7.146725198253989,37977.30074101128,1195.328594446024
1745996190,20,,Aggregated,16.200000,0.000000,24,27,30,35,45,49,76,290,32000,38000,38000,10564,20,24,103.24865367470026,7.146725198253989,37977.30074101128,1195.359806891329
1745996191,20,,Aggregated,16.500000,0.000000,24,27,30,35,45,49,76,290,32000,38000,38000,10583,20,24,103.17167618339134,7.146725198253989,37977.30074101128,1195.445998299159
1745996192,20,,Aggregated,16.200000,0.000000,24,27,30,35,45,49,76,290,32000,38000,38000,10605,20,24,102.99837359985558,7.146725198253989,37977.30074101128,1194.9494578029232
1745996193,20,,Aggregated,16.200000,0.000000,24,27,30,35,45,49,76,290,32000,38000,38000,10617,20,24,102.90814262004814,7.146725198253989,37977.30074101128,1195.053216539512
1745996194,20,,Aggregated,15.700000,0.000000,24,27,30,35,45,49,76,290,32000,38000,38000,10637,20,24,102.78582840969145,7.146725198253989,37977.30074101128,1194.8587007614929
1745996195,20,,Aggregated,16.800000,0.000000,24,27,30,35,45,49,76,290,32000,38000,38000,10655,20,24,102.65122080059632,7.146725198253989,37977.30074101128,1194.9895823557015
1745996196,20,,Aggregated,16.100000,0.000000,24,27,30,35,45,49,76,290,32000,38000,38000,10674,20,24,102.50410042903917,7.146725198253989,37977.30074101128,1195.0560239835113
1745996197,20,,Aggregated,16.400000,0.000000,24,27,30,35,45,49,76,290,32000,38000,38000,10691,20,24,102.37597280346849,7.146725198253989,37977.30074101128,1194.990739874661
1745996198,20,,Aggregated,17.100000,0.000000,24,27,30,35,45,49,76,290,32000,38000,38000,10710,20,24,102.23671530108606,7.146725198253989,37977.30074101128,1194.7491129785246
1745996199,20,,Aggregated,17.400000,0.000000,24,27,30,35,45,49,76,290,32000,38000,38000,10731,20,24,102.07990041204327,7.146725198253989,37977.30074101128,1194.3510390457552
1745996200,20,,Aggregated,16.900000,0.000000,24,27,30,35,45,49,76,290,32000,38000,38000,10741,20,24,102.00870638328607,7.146725198253989,37977.30074101128,1194.4530304440927
1745996201,20,,Aggregated,17.800000,0.000000,24,27,30,35,45,49,76,290,32000,38000,38000,10759,20,24,101.90679655577068,7.146725198253989,37977.30074101128,1194.5575797007157
1745996202,20,,Aggregated,17.800000,0.000000,24,27,30,35,45,49,76,290,32000,38000,38000,10778,20,24,101.76710907398281,7.146725198253989,37977.30074101128,1194.5527927259232
1745996203,20,,Aggregated,18.000000,0.000000,24,27,30,35,45,49,76,290,32000,38000,38000,10793,20,24,101.65746872917174,7.146725198253989,37977.30074101128,1194.3815435930696
1745996204,20,,Aggregated,17.400000,0.000000,24,27,30,35,45,49,76,290,32000,38000,38000,10802,20,24,101.5966276544793,7.146725198253989,37977.30074101128,1194.5500833179042
1745996205,20,,Aggregated,17.000000,0.000000,24,26,30,35,45,49,76,290,32000,38000,38000,10821,20,24,101.46000165182113,7.146725198253989,37977.30074101128,1194.3371222622677
1745996206,20,,Aggregated,17.200000,0.000000,24,26,30,35,45,49,76,290,32000,38000,38000,10839,20,24,101.33376289095906,7.146725198253989,37977.30074101128,1194.4303902574038
1745996207,20,,Aggregated,16.500000,0.000000,24,26,30,35,45,49,76,290,32000,38000,38000,10847,20,24,101.28052922446878,7.146725198253989,37977.30074101128,1194.6103069973265
1745996208,20,,Aggregated,16.100000,0.000000,24,26,30,35,45,49,76,290,32000,38000,38000,10869,20,24,101.12342270781292,7.146725198253989,37977.30074101128,1194.96816634465
1745996209,20,,Aggregated,16.400000,0.000000,24,26,30,35,44,49,76,290,32000,38000,38000,10885,20,24,101.00533183945149,7.146725198253989,37977.30074101128,1195.0584290307763
1745996210,20,,Aggregated,15.700000,0.000000,24,26,30,35,44,49,76,280,32000,38000,38000,10903,20,24,100.87639186121295,7.146725198253989,37977.30074101128,1195.4007153994314
1745996211,20,,Aggregated,15.200000,0.000000,24,26,30,35,44,49,76,280,32000,38000,38000,10917,20,24,100.77838786684295,7.146725198253989,37977.30074101128,1195.5713107996703
1745996212,20,,Aggregated,15.800000,0.000000,24,26,30,35,44,49,76,280,32000,38000,38000,10931,20,24,100.67530983096897,7.146725198253989,37977.30074101128,1195.534717775135
1745996213,20,,Aggregated,15.600000,0.000000,24,26,30,35,44,49,76,280,32000,38000,38000,10952,20,24,100.52177932892685,7.146725198253989,37977.30074101128,1195.840303140979
1745996214,20,,Aggregated,15.900000,0.000000,24,26,30,35,44,49,76,280,32000,38000,38000,10967,20,24,100.40994944966606,6.914909929037094,37977.30074101128,1195.9181179903346
1745996215,20,,Aggregated,16.100000,0.000000,24,26,30,35,44,49,76,280,32000,38000,38000,10990,20,24,100.24662151340789,6.914909929037094,37977.30074101128,1195.8437670609644
1745996216,20,,Aggregated,16.300000,0.000000,24,26,30,35,44,49,75,280,32000,38000,38000,11005,20,24,100.14355690796089,6.914909929037094,37977.30074101128,1196.0564288959563
1745996217,20,,Aggregated,16.600000,0.000000,24,26,30,35,44,49,75,280,32000,38000,38000,11025,20,24,100.00105408704555,6.914909929037094,37977.30074101128,1196.0477097505668
1745996218,20,,Aggregated,16.900000,0.000000,24,26,30,35,44,49,75,280,32000,38000,38000,11039,20,24,99.90370399070598,6.914909929037094,37977.30074101128,1196.368964580125
1745996219,20,,Aggregated,16.500000,0.000000,24,26,30,35,44,49,75,280,32000,38000,38000,11059,20,24,99.77246067181933,6.914909929037094,37977.30074101128,1196.7390360792115
1745996220,20,,Aggregated,17.400000,0.000000,24,26,30,35,44,49,75,280,32000,38000,38000,11073,20,24,99.68387008726476,6.914909929037094,37977.30074101128,1196.9567416237696
1745996221,20,,Aggregated,17.000000,0.000000,24,26,30,35,44,49,75,280,32000,38000,38000,11087,20,24,99.59834080011467,6.914909929037094,37977.30074101128,1197.0920898349418
1745996222,20,,Aggregated,17.200000,0.000000,24,26,30,35,44,49,75,280,32000,38000,38000,11097,20,24,99.5379238980017,6.914909929037094,37977.30074101128,1197.3224294854465
1745996223,20,,Aggregated,17.200000,0.000000,24,26,30,35,44,49,74,270,32000,38000,38000,11115,20,24,99.41672822364174,6.914909929037094,37977.30074101128,1197.2652271704903
1745996224,20,,Aggregated,16.700000,0.000000,24,26,30,35,44,49,74,270,32000,38000,38000,11134,20,24,99.28783798219413,6.914909929037094,37977.30074101128,1197.128704867972
1745996225,20,,Aggregated,15.600000,0.000000,24,26,30,35,44,49,74,270,32000,38000,38000,11146,20,24,99.20392600329325,6.914909929037094,37977.30074101128,1196.7709492194508
1745996226,21,,Aggregated,15.900000,0.000000,24,26,30,35,44,49,74,280,32000,38000,38000,11167,21,24,99.08521459587192,6.914909929037094,37977.30074101128,1196.5893256917705
1745996227,21,,Aggregated,16.400000,0.000000,24,26,30,35,44,49,74,280,32000,38000,38000,11186,21,24,98.95967799225123,6.914909929037094,37977.30074101128,1196.7570177006974
1745996228,21,,Aggregated,15.800000,0.100000,24,26,30,35,44,49,74,280,32000,38000,38000,11196,21,24,98.89538842365685,6.914909929037094,37977.30074101128,1196.9620400142908
1745996229,21,,Aggregated,16.300000,0.100000,24,26,30,35,44,49,74,270,32000,38000,38000,11221,21,24,98.71376095003181,6.914909929037094,37977.30074101128,1196.7761340343998
1745996230,22,,Aggregated,15.700000,0.100000,24,26,30,35,44,49,74,280,32000,38000,38000,11244,22,24,98.58486011652249,6.914909929037094,37977.30074101128,1196.287886872999
1745996231,22,,Aggregated,15.500000,0.100000,24,26,30,35,44,49,74,280,32000,38000,38000,11264,22,24,98.44732365635619,6.914909929037094,37977.30074101128,1195.9271129261363
1745996232,22,,Aggregated,16.400000,0.200000,24,26,30,35,44,49,74,280,32000,38000,38000,11284,22,24,98.30687129158608,6.914909929037094,37977.30074101128,1195.9406238922368
1745996233,22,,Aggregated,16.900000,0.200000,24,26,30,35,44,49,74,270,32000,38000,38000,11301,22,24,98.19101620186639,6.914909929037094,37977.30074101128,1196.018405450845
1745996234,23,,Aggregated,17.900000,0.200000,24,26,30,35,44,49,74,270,32000,38000,38000,11326,23,24,98.03825615387267,6.914909929037094,37977.30074101128,1195.774236270528
1745996235,23,,Aggregated,18.700000,0.200000,24,26,30,35,44,49,74,270,32000,38000,38000,11341,23,24,97.9457519321168,6.914909929037094,37977.30074101128,1195.831231813773
1745996236,23,,Aggregated,18.900000,0.300000,24,26,30,35,44,49,74,270,32000,38000,38000,11360,23,24,97.836597145963,6.914909929037094,37977.30074101128,1195.6506161971831
1745996237,23,,Aggregated,18.900000,0.300000,24,26,30,35,44,49,74,270,32000,38000,38000,11381,23,24,97.7020882302752,6.914909929037094,37977.30074101128,1196.1622001581584
1745996238,24,,Aggregated,19.300000,0.200000,24,26,30,35,44,49,74,270,32000,38000,38000,11399,23,24,97.59255214005641,6.914909929037094,37977.30074101128,1196.0239494692516
1745996239,24,,Aggregated,19.200000,0.200000,24,26,30,35,44,49,74,270,32000,38000,38000,11417,23,24,97.48157233179181,6.914909929037094,37977.30074101128,1196.1440833844267
1745996240,24,,Aggregated,19.700000,0.200000,24,26,30,35,44,49,74,270,32000,38000,38000,11438,24,24,97.37559990201117,6.914909929037094,37977.30074101128,1195.9451827242524
1745996241,24,,Aggregated,20.500000,0.200000,24,26,30,35,44,49,74,270,32000,38000,38000,11454,24,24,97.26071775844459,6.914909929037094,37977.30074101128,1195.9766020604156
1745996242,25,,Aggregated,19.200000,0.100000,24,26,30,35,44,49,74,280,32000,38000,38000,11490,25,24,97.05967348578788,6.914909929037094,37977.30074101128,1195.8703220191471
1745996243,25,,Aggregated,19.300000,0.200000,24,26,30,35,44,49,74,280,32000,38000,38000,11505,25,24,97.01275651667774,6.914909929037094,37977.30074101128,1195.967579313342
1745996244,25,,Aggregated,19.100000,0.300000,24,26,30,35,44,49,74,280,32000,38000,38000,11527,25,24,96.88756878290546,6.914909929037094,37977.30074101128,1196.0910904832133
1745996245,25,,Aggregated,20.600000,0.300000,24,26,30,35,44,49,74,280,32000,38000,38000,11548,25,24,96.75387263425942,6.914909929037094,37977.30074101128,1195.805507447177
1745996246,26,,Aggregated,20.300000,0.200000,24,26,30,35,44,49,74,280,32000,38000,38000,11569,26,24,96.66067491829612,6.914909929037094,37977.30074101128,1196.0560117555535
1745996247,26,,Aggregated,20.500000,0.200000,24,26,30,35,44,49,74,280,32000,38000,38000,11595,26,24,96.49949854130585,6.914909929037094,37977.30074101128,1196.2004312203535
1745996248,26,,Aggregated,20.900000,0.300000,24,26,30,35,44,49,74,280,32000,38000,38000,11608,26,24,96.42283489015341,6.914909929037094,37977.30074101128,1196.146450723639
1745996249,26,,Aggregated,20.900000,0.300000,24,26,30,35,44,49,74,280,32000,38000,38000,11634,26,24,96.26626236856484,6.914909929037094,37977.30074101128,1196.5225201994156
1745996250,27,,Aggregated,21.200000,0.300000,24,26,30,35,44,49,74,280,32000,38000,38000,11650,26,24,96.1799210645938,6.914909929037094,37977.30074101128,1196.6203433476394
1745996251,27,,Aggregated,21.000000,0.300000,24,26,30,35,44,49,74,280,32000,38000,38000,11672,26,24,96.05455586627366,6.914909929037094,37977.30074101128,1196.7416895133654
1745996252,27,,Aggregated,21.600000,0.300000,24,26,30,35,44,49,74,280,32000,38000,38000,11700,26,24,95.87560482774902,6.914909929037094,37977.30074101128,1197.1011965811965
1745996253,27,,Aggregated,21.200000,0.200000,24,26,30,35,44,49,73,270,32000,38000,38000,11722,26,24,95.74072215328083,6.914909929037094,37977.30074101128,1196.5129670704657
1745996254,28,,Aggregated,21.500000,0.100000,24,26,30,35,44,49,74,280,32000,38000,38000,11755,28,24,95.66234572800863,6.914909929037094,37977.30074101128,1196.1826456826882
1745996255,28,,Aggregated,21.100000,0.100000,24,26,30,35,44,49,74,280,32000,38000,38000,11779,28,24,95.51776152249067,6.914909929037094,37977.30074101128,1196.3229476186434
1745996256,28,,Aggregated,21.400000,0.100000,24,26,30,35,44,49,73,280,32000,38000,38000,11810,28,24,95.32349462586217,6.914909929037094,37977.30074101128,1196.1721422523285
1745996257,28,,Aggregated,22.400000,0.300000,24,26,30,35,44,49,73,280,32000,38000,38000,11822,28,24,95.25488285408716,6.914909929037094,37977.30074101128,1196.286668922348
1745996258,29,,Aggregated,23.000000,0.200000,24,26,30,35,44,49,74,280,32000,38000,38000,11847,29,24,95.14842634769683,6.914909929037094,37977.30074101128,1196.5972820123238
1745996260,29,,Aggregated,24.000000,0.200000,24,26,30,35,44,49,73,280,32000,38000,38000,11873,29,24,95.00077323174888,6.914909929037094,37977.30074101128,1196.8206013644403
1745996261,29,,Aggregated,22.700000,0.200000,24,26,30,35,44,49,73,280,32000,38000,38000,11891,29,24,94.90179747858654,6.914909929037094,37977.30074101128,1197.3113278950466
1745996262,29,,Aggregated,23.500000,0.300000,24,26,30,35,44,49,73,280,32000,38000,38000,11914,29,24,94.76591141365871,6.914909929037094,37977.30074101128,1197.239969783448
1745996263,30,,Aggregated,24.000000,0.300000,24,26,30,35,44,49,73,280,32000,38000,38000,11940,30,24,94.63337341123034,6.914909929037094,37977.30074101128,1197.152596314908
1745996264,30,,Aggregated,24.100000,0.300000,24,26,29,34,44,49,73,280,32000,38000,38000,11970,30,24,94.45893136504726,6.914909929037094,37977.30074101128,1197.5041771094402
1745996265,30,,Aggregated,23.800000,0.400000,24,26,29,34,44,49,73,280,32000,38000,38000,11989,30,24,94.34725942205667,6.914909929037094,37977.30074101128,1197.3619150888314
1745996266,30,,Aggregated,23.800000,0.400000,24,26,29,34,44,49,72,280,32000,38000,38000,12017,30,24,94.18440693229505,6.914909929037094,37977.30074101128,1197.4355496380128
1745996267,31,,Aggregated,24.500000,0.400000,24,26,29,34,44,49,73,280,32000,38000,38000,12043,30,24,94.08371091076664,6.914909929037094,37977.30074101128,1197.2055135763514
1745996268,31,,Aggregated,23.600000,0.200000,24,26,29,34,44,49,73,280,32000,38000,38000,12066,30,24,93.9496750542383,6.914909929037094,37977.30074101128,1197.2047074424001
1745996269,31,,Aggregated,23.600000,0.200000,24,26,29,34,44,49,73,280,32000,38000,38000,12091,30,24,93.80976579152201,6.914909929037094,37977.30074101128,1197.0071127284757
1745996270,31,,Aggregated,24.200000,0.200000,24,26,29,34,44,49,72,270,32000,38000,38000,12131,30,24,93.57925512804594,6.914909929037094,37977.30074101128,1197.1479680158272
1745996271,32,,Aggregated,24.200000,0.200000,24,26,29,34,44,49,73,280,32000,38000,38000,12150,31,24,93.49751971936075,6.914909929037094,37977.30074101128,1196.8956378600824
1745996272,32,,Aggregated,24.400000,0.100000,24,26,29,34,44,49,72,280,32000,38000,38000,12178,31,24,93.33193631656361,6.914909929037094,37977.30074101128,1196.7098866809
1745996273,32,,Aggregated,25.900000,0.200000,24,26,29,34,44,49,72,270,32000,38000,38000,12201,31,24,93.207974013771,6.914909929037094,37977.30074101128,1197.1695762642407
1745996274,32,,Aggregated,26.400000,0.200000,24,26,29,34,44,49,72,270,32000,38000,38000,12220,31,24,93.1049488670438,6.914909929037094,37977.30074101128,1197.2378887070377
1745996275,33,,Aggregated,26.400000,0.200000,24,26,29,34,44,49,72,280,32000,38000,38000,12249,32,24,92.96827092265328,6.914909929037094,37977.30074101128,1197.075679647318
1745996276,33,,Aggregated,24.900000,0.100000,24,26,29,34,44,49,74,290,32000,38000,38000,12290,32,24,92.81519238217192,6.914909929037094,37977.30074101128,1197.093490642799
1745996277,33,,Aggregated,26.100000,0.200000,24,26,29,34,44,49,74,280,32000,38000,38000,12309,32,24,92.7162877370926,6.914909929037094,37977.30074101128,1196.951823868714
1745996278,33,,Aggregated,26.800000,0.200000,24,26,29,34,44,49,74,280,32000,38000,38000,12345,32,24,92.50646814533822,6.914909929037094,37977.30074101128,1197.4430943701905
1745996279,34,,Aggregated,26.300000,0.200000,24,26,29,34,44,49,74,280,32000,38000,38000,12366,33,24,92.40679017909187,6.914909929037094,37977.30074101128,1197.0751253436842
1745996280,34,,Aggregated,27.900000,0.200000,24,26,29,34,44,49,73,280,32000,38000,38000,12403,33,24,92.20946345780978,6.914909929037094,37977.30074101128,1197.2901717326454
1745996281,34,,Aggregated,27.900000,0.200000,24,26,29,34,44,49,73,280,32000,38000,38000,12422,33,24,92.11461443263669,6.914909929037094,37977.30074101128,1197.30260827564
1745996282,34,,Aggregated,26.800000,0.300000,24,26,29,34,44,49,73,280,32000,38000,38000,12456,34,24,91.93428400064285,6.914909929037094,37977.30074101128,1196.8071612074502
1745996283,35,,Aggregated,27.200000,0.200000,24,26,29,34,44,49,74,290,32000,38000,38000,12489,35,24,91.8756727362555,6.914909929037094,37977.30074101128,1196.8302506205462
1745996284,35,,Aggregated,27.400000,0.200000,24,26,29,34,44,49,73,280,32000,38000,38000,12517,35,24,91.73103142356736,6.914909929037094,37977.30074101128,1196.733562355197
1745996285,35,,Aggregated,28.300000,0.400000,24,26,29,34,44,49,76,290,32000,38000,38000,12541,35,24,91.84883708013543,6.914909929037094,37977.30074101128,1196.93597001834
1745996286,35,,Aggregated,29.500000,0.400000,24,26,29,34,44,49,76,290,32000,38000,38000,12566,35,24,91.71462134521418,6.914909929037094,37977.30074101128,1196.9686455514882
1745996287,36,,Aggregated,29.100000,0.300000,24,26,29,34,44,49,76,290,32000,38000,38000,12601,36,24,91.6183097653306,6.914909929037094,37977.30074101128,1196.909689707166
1745996288,36,,Aggregated,28.000000,0.300000,24,26,29,34,44,49,76,290,32000,38000,38000,12631,36,24,91.45470821016556,6.914909929037094,37977.30074101128,1197.314147731771
1745996289,36,,Aggregated,29.000000,0.400000,24,26,29,34,44,49,76,290,32000,38000,38000,12659,36,24,91.30888128613367,6.914909929037094,37977.30074101128,1197.5603918160991
1745996290,36,,Aggregated,28.500000,0.400000,24,26,29,34,44,49,76,290,32000,38000,38000,12688,36,24,91.15225474663873,6.914909929037094,37977.30074101128,1197.096784363178
1745996291,37,,Aggregated,29.200000,0.300000,24,26,29,34,44,49,76,290,32000,38000,38000,12722,37,24,90.9922993387797,6.914909929037094,37977.30074101128,1197.2027983021537
1745996292,37,,Aggregated,29.100000,0.300000,24,26,29,34,44,49,76,290,32000,38000,38000,12753,37,24,90.82764913549266,6.914909929037094,37977.30074101128,1197.8176899553046
1745996293,37,,Aggregated,29.700000,0.400000,24,26,29,34,44,49,76,290,32000,38000,38000,12776,37,24,90.70100439346831,6.914909929037094,37977.30074101128,1197.9823105823418
1745996294,37,,Aggregated,30.000000,0.400000,24,26,29,34,44,49,76,290,32000,38000,38000,12807,37,24,90.64219927515896,6.914909929037094,37977.30074101128,1198.228312641524
1745996295,38,,Aggregated,29.200000,0.200000,24,26,29,34,44,49,77,300,32000,38000,38000,12843,38,24,90.48708941983854,6.914909929037094,37977.30074101128,1198.5143658023826
1745996296,38,,Aggregated,29.200000,0.200000,24,26,29,34,44,49,76,300,32000,38000,38000,12872,38,24,90.34658909090572,6.914909929037094,37977.30074101128,1198.2207893101306
1745996297,38,,Aggregated,30.000000,0.300000,24,26,29,34,44,49,76,300,32000,38000,38000,12900,38,24,90.20723184612183,6.914909929037094,37977.30074101128,1198.4607751937986
1745996298,38,,Aggregated,30.400000,0.300000,24,26,29,34,44,49,76,290,32000,38000,38000,12931,38,24,90.0642234718181,6.914909929037094,37977.30074101128,1198.8576289536772
1745996299,39,,Aggregated,30.100000,0.200000,24,26,29,34,44,49,77,290,32000,38000,38000,12969,39,24,89.91464559573068,6.914909929037094,37977.30074101128,1198.9462564577068
1745996300,39,,Aggregated,29.300000,0.200000,24,26,29,34,44,49,77,290,32000,38000,38000,12998,39,24,89.769829915233,6.914909929037094,37977.30074101128,1199.2588090475458
1745996301,39,,Aggregated,30.500000,0.300000,24,26,29,34,44,49,76,290,32000,38000,38000,13033,39,24,89.57889665371661,6.914909929037094,37977.30074101128,1199.1599017877695
1745996302,39,,Aggregated,30.100000,0.300000,24,26,29,34,44,49,76,290,32000,38000,38000,13066,39,24,89.4194643640286,6.914909929037094,37977.30074101128,1199.6415888565743
1745996303,40,,Aggregated,31.100000,0.200000,24,26,29,34,44,49,76,290,32000,38000,38000,13107,40,24,89.24235598975511,6.914909929037094,37977.30074101128,1199.7870603494316
1745996304,40,,Aggregated,30.900000,0.200000,24,26,29,34,44,49,76,290,32000,38000,38000,13133,40,24,89.11569381629408,6.914909929037094,37977.30074101128,1199.661463488921
1745996305,40,,Aggregated,32.000000,0.300000,24,26,29,34,44,49,76,290,32000,38000,38000,13171,40,24,88.9318800616993,6.914909929037094,37977.30074101128,1199.3510743299673
1745996306,40,,Aggregated,32.000000,0.300000,24,26,29,34,44,49,76,290,32000,38000,38000,13197,40,24,88.80609961349305,6.914909929037094,37977.30074101128,1199.206940971433
1745996307,41,,Aggregated,32.000000,0.200000,24,26,29,34,44,49,76,290,32000,38000,38000,13238,41,24,88.61445621928192,6.914909929037094,37977.30074101128,1199.6541773681824
1745996308,41,,Aggregated,32.200000,0.200000,24,26,29,34,44,49,76,290,32000,38000,38000,13264,41,24,88.48241032133863,6.914909929037094,37977.30074101128,1199.9972104945718
1745996309,41,,Aggregated,33.200000,0.300000,24,26,29,34,44,49,76,290,32000,38000,38000,13300,41,24,88.30517727914932,6.914909929037094,37977.30074101128,1200.3413533834587
1745996310,41,,Aggregated,33.700000,0.300000,24,26,29,34,44,49,76,290,32000,38000,38000,13329,41,24,88.16161147728998,6.914909929037094,37977.30074101128,1200.625478280441
1745996311,42,,Aggregated,32.700000,0.200000,24,26,29,34,44,49,76,290,32000,38000,38000,13366,42,24,88.01281613648382,6.914909929037094,37977.30074101128,1200.488777495137
1745996312,42,,Aggregated,33.400000,0.200000,24,26,29,34,44,49,76,290,32000,38000,38000,13400,42,24,87.8540013882561,6.914909929037094,37977.30074101128,1200.1643283582089
1745996313,42,,Aggregated,33.000000,0.300000,24,26,29,34,44,49,76,290,32000,38000,38000,13433,42,24,87.70574641607836,6.914909929037094,37977.30074101128,1200.265093426636
1745996314,42,,Aggregated,33.000000,0.300000,24,26,29,34,44,49,75,290,32000,38000,38000,13474,42,24,87.5164971732899,6.914909929037094,37977.30074101128,1200.1457622086982
1745996315,43,,Aggregated,33.100000,0.200000,24,26,29,34,44,49,76,290,32000,38000,38000,13509,43,24,87.39149425734016,6.914909929037094,37977.30074101128,1199.6654822710786
1745996316,43,,Aggregated,33.900000,0.200000,24,26,29,34,44,49,76,290,32000,38000,38000,13551,43,24,87.18174834392124,6.914909929037094,37977.30074101128,1199.819201534942
1745996317,43,,Aggregated,34.400000,0.300000,24,26,29,34,44,49,76,290,32000,38000,38000,13583,43,24,87.05193709216911,6.914909929037094,37977.30074101128,1199.735036442612
1745996318,43,,Aggregated,34.600000,0.300000,24,26,29,34,44,49,81,290,32000,38000,38000,13624,43,24,86.9466748430359,6.914909929037094,37977.30074101128,1199.8881385789782
1745996319,44,,Aggregated,34.700000,0.200000,24,26,29,34,44,49,81,290,32000,38000,38000,13654,43,24,86.8173357736808,6.914909929037094,37977.30074101128,1199.7312142961769
1745996320,44,,Aggregated,35.700000,0.200000,24,26,29,34,44,49,83,290,32000,38000,38000,13696,43,24,86.70358448085676,6.914909929037094,37977.30074101128,1199.4892669392523
1745996321,44,,Aggregated,35.600000,0.200000,24,26,29,34,44,49,83,290,32000,38000,38000,13727,43,24,86.5902423998168,6.914909929037094,37977.30074101128,1199.51664602608
1745996322,44,,Aggregated,36.400000,0.200000,24,26,29,34,44,49,83,290,32000,38000,38000,13763,43,24,86.40954559699011,6.914909929037094,37977.30074101128,1199.2341059362059
1745996323,45,,Aggregated,35.700000,0.100000,24,26,29,34,44,49,83,290,32000,38000,38000,13802,44,24,86.23737981888766,6.914909929037094,37977.30074101128,1198.5686132444573
1745996324,45,,Aggregated,36.100000,0.100000,24,26,29,34,44,49,83,290,32000,38000,38000,13835,44,24,86.09309726664652,6.914909929037094,37977.30074101128,1198.9923382724974
1745996325,45,,Aggregated,37.600000,0.200000,24,26,29,34,44,49,82,290,32000,38000,38000,13877,44,24,85.9035937238836,6.914909929037094,37977.30074101128,1199.3415003242776
1745996326,45,,Aggregated,36.600000,0.200000,24,26,29,34,44,49,82,290,32000,38000,38000,13907,45,24,85.76421565356466,6.914909929037094,37977.30074101128,1199.3326382397354
1745996327,46,,Aggregated,36.200000,0.100000,24,26,29,34,44,49,82,290,32000,38000,38000,13952,46,24,85.61454839242003,6.914909929037094,37977.30074101128,1199.1791141055046
1745996328,46,,Aggregated,36.500000,0.100000,24,26,29,34,44,49,82,290,32000,38000,38000,13997,46,24,85.40892741197293,6.914909929037094,37977.30074101128,1198.6208473244267
1745996329,46,,Aggregated,36.500000,0.300000,24,26,29,34,44,49,82,290,32000,38000,38000,14022,46,24,85.3062622023004,6.914909929037094,37977.30074101128,1199.125730994152
1745996330,46,,Aggregated,37.600000,0.300000,24,26,29,34,44,49,81,290,32000,38000,38000,14068,46,24,85.09635274126829,6.914909929037094,37977.30074101128,1198.9800966733012
1745996331,47,,Aggregated,36.700000,0.300000,24,26,29,34,44,49,81,290,32000,38000,38000,14115,47,24,84.90165628912142,6.914909929037094,37977.30074101128,1198.1786043216437
1745996332,47,,Aggregated,37.000000,0.300000,24,26,29,34,44,49,81,290,32000,38000,38000,14160,47,24,84.70341172432698,6.914909929037094,37977.30074101128,1198.6152542372881
1745996333,47,,Aggregated,38.900000,0.400000,24,26,29,34,44,49,81,290,32000,38000,38000,14190,47,24,84.56714456950834,6.0941060073673725,37977.30074101128,1198.9045806906272
1745996334,47,,Aggregated,39.400000,0.400000,24,26,29,34,44,49,79,290,32000,38000,38000,14240,47,24,84.36301672570224,6.0941060073673725,37977.30074101128,1199.3377106741573
1745996335,48,,Aggregated,38.000000,0.300000,24,26,29,34,44,49,79,290,32000,38000,38000,14274,47,24,84.22771086589445,6.0941060073673725,37977.30074101128,1199.6256130026622
1745996336,48,,Aggregated,39.400000,0.300000,24,26,29,34,44,49,79,280,32000,38000,38000,14309,48,24,84.09880782420346,6.0941060073673725,37977.30074101128,1199.0341742958976
1745996337,48,,Aggregated,38.800000,0.300000,24,26,29,34,44,49,79,280,32000,38000,38000,14346,48,24,83.94622823826435,6.0941060073673725,37977.30074101128,1198.939983270598
1745996338,48,,Aggregated,39.400000,0.400000,24,26,29,34,44,49,84,300,32000,38000,38000,14382,48,24,84.12547514850577,6.0941060073673725,37977.30074101128,1199.4516061743846
1745996339,49,,Aggregated,39.100000,0.200000,24,26,29,34,44,49,83,300,32000,38000,38000,14430,48,24,83.9236593023988,6.0941060073673725,37977.30074101128,1199.1858627858628
1745996340,49,,Aggregated,37.900000,0.200000,24,26,29,34,44,49,84,300,32000,38000,38000,14471,49,24,83.77655301911487,6.0941060073673725,37977.30074101128,1198.4018381590768
1745996341,49,,Aggregated,39.700000,0.200000,24,26,29,34,44,49,83,300,32000,38000,38000,14520,49,24,83.56930535801715,6.0941060073673725,37977.30074101128,1198.793044077135
1745996342,49,,Aggregated,39.700000,0.300000,24,26,29,34,44,49,88,300,32000,38000,38000,14566,49,24,83.45992132725257,6.0941060073673725,37977.30074101128,1198.3920087875874
1745996343,50,,Aggregated,39.600000,0.200000,24,26,29,34,44,49,88,290,32000,38000,38000,14603,50,24,83.30560098714068,6.0941060073673725,37977.30074101128,1197.876532219407
1745996344,50,,Aggregated,39.600000,0.200000,24,26,29,34,44,49,88,290,32000,38000,38000,14648,50,24,83.11219079939293,6.0941060073673725,37977.30074101128,1197.9743992353906
1745996345,50,,Aggregated,41.100000,0.300000,24,26,29,34,44,49,87,290,32000,38000,38000,14680,50,24,82.993213588271,6.0941060073673725,37977.30074101128,1198.342302452316
1745996346,50,,Aggregated,40.700000,0.300000,24,26,29,34,44,49,88,290,32000,38000,38000,14728,50,24,82.8568996247219,6.0941060073673725,37977.30074101128,1198.8618278109723
1745996347,51,,Aggregated,41.100000,0.300000,24,26,29,34,44,49,88,290,32000,38000,38000,14759,50,24,82.73091455586143,6.0941060073673725,37977.30074101128,1199.1714208279693
1745996348,51,,Aggregated,41.000000,0.200000,24,26,29,34,44,49,87,290,32000,38000,38000,14806,50,24,82.5435779947565,6.0941060073673725,37977.30074101128,1199.2347696879644
1745996349,51,,Aggregated,41.400000,0.200000,24,26,29,34,44,49,85,290,32000,38000,38000,14852,50,24,82.36132272540931,6.0941060073673725,37977.30074101128,1199.4250605978993
1745996350,51,,Aggregated,41.800000,0.200000,24,26,29,34,44,49,85,290,32000,38000,38000,14885,50,24,82.23573116433572,6.0941060073673725,37977.30074101128,1199.2769230769231
1745996351,52,,Aggregated,42.300000,0.200000,24,26,29,34,44,49,85,290,32000,38000,38000,14931,51,24,82.07917849280766,6.0941060073673725,37977.30074101128,1198.746969392539
1745996352,52,,Aggregated,41.800000,0.100000,24,26,29,34,44,49,84,290,32000,38000,38000,14972,51,24,81.92770714783752,6.0941060073673725,37977.30074101128,1198.8540609137056
1745996353,52,,Aggregated,40.400000,0.200000,24,26,29,34,44,49,84,290,32000,38000,38000,15011,52,24,81.79173701439427,6.0941060073673725,37977.30074101128,1198.635533941776
1745996354,52,,Aggregated,41.000000,0.200000,24,26,29,34,44,49,84,290,32000,38000,38000,15066,52,24,81.59004444670656,6.0941060073673725,37977.30074101128,1198.8967210938538
1745996355,53,,Aggregated,39.900000,0.200000,24,26,29,34,44,49,84,290,32000,38000,38000,15099,52,24,81.47083018653892,6.0941060073673725,37977.30074101128,1199.484601629247
1745996356,53,,Aggregated,41.500000,0.200000,24,26,29,34,44,49,88,290,32000,38000,38000,15146,53,24,81.39637671424873,6.0941060073673725,37977.30074101128,1199.2815924996698
1745996357,53,,Aggregated,41.800000,0.200000,24,26,29,34,44,49,88,290,32000,38000,38000,15194,53,24,81.22895424194108,6.0941060073673725,37977.30074101128,1199.24516256417
1745996358,53,,Aggregated,41.400000,0.300000,24,26,29,34,44,49,88,290,32000,38000,38000,15231,53,24,81.11935228571444,6.0941060073673725,37977.30074101128,1199.2719453745651
1745996359,54,,Aggregated,42.600000,0.300000,24,26,29,34,44,49,88,290,32000,38000,38000,15284,54,24,80.93965828288454,6.0941060073673725,37977.30074101128,1199.5374901858152
1745996360,54,,Aggregated,42.600000,0.300000,24,26,29,34,44,49,88,290,32000,38000,38000,15325,54,24,80.79167950729769,6.0941060073673725,37977.30074101128,1199.735334420881
1745996361,54,,Aggregated,42.000000,0.400000,24,26,29,34,44,49,88,290,32000,38000,38000,15364,54,24,80.6415402440933,6.0941060073673725,37977.30074101128,1200.3029809945326
1745996362,54,,Aggregated,43.300000,0.400000,24,26,29,34,44,49,88,290,32000,38000,38000,15418,54,24,80.44243616300598,6.0941060073673725,37977.30074101128,1200.2626799844338
1745996363,55,,Aggregated,43.400000,0.300000,24,26,29,34,44,49,88,290,32000,38000,38000,15460,55,24,80.31626151453578,6.0941060073673725,37977.30074101128,1200.0360284605433
1745996364,55,,Aggregated,45.200000,0.300000,24,26,29,34,44,49,87,290,32000,38000,38000,15514,55,24,80.11752380592687,6.0941060073673725,37977.30074101128,1199.8746293670233
1745996365,55,,Aggregated,44.700000,0.300000,24,26,29,34,44,48,85,290,32000,38000,38000,15557,55,24,79.95921589607816,6.0941060073673725,37977.30074101128,1199.8042038953527
1745996366,55,,Aggregated,44.100000,0.300000,24,26,29,34,44,48,84,290,32000,38000,38000,15606,55,24,79.78968021157792,6.0941060073673725,37977.30074101128,1199.7605408176341
1745996367,56,,Aggregated,45.300000,0.300000,24,26,29,34,44,48,85,290,32000,38000,38000,15650,56,24,79.65002269195482,6.0941060073673725,37977.30074101128,1199.5504792332267
1745996368,56,,Aggregated,45.600000,0.200000,24,26,29,34,44,48,84,290,32000,38000,38000,15695,56,24,79.48574843984387,6.0941060073673725,37977.30074101128,1199.4140809174896
1745996369,56,,Aggregated,45.700000,0.300000,24,26,29,34,43,48,84,290,32000,38000,38000,15744,56,24,79.30878226553187,6.0941060073673725,37977.30074101128,1200.1792428861788
1745996370,56,,Aggregated,45.400000,0.300000,24,26,29,34,43,48,84,290,32000,38000,38000,15796,56,24,79.1280456276597,6.0941060073673725,37977.30074101128,1200.016523170423
1745996371,57,,Aggregated,46.300000,0.200000,24,26,29,34,43,48,84,290,32000,38000,38000,15843,57,24,78.99427441478021,6.0941060073673725,37977.30074101128,1199.5959098655558
1745996372,57,,Aggregated,45.700000,0.200000,24,26,29,34,43,48,84,290,32000,38000,38000,15894,57,24,78.82427028308554,6.0941060073673725,37977.30074101128,1199.1671700012582
1745996373,57,,Aggregated,47.700000,0.300000,24,26,29,34,43,48,84,290,32000,38000,38000,15938,57,24,78.72181825492541,6.0941060073673725,37977.30074101128,1199.1972643995482
1745996374,57,,Aggregated,45.600000,0.300000,24,26,29,34,43,48,87,290,32000,38000,38000,15993,57,24,78.57113093774404,6.0941060073673725,37977.30074101128,1199.1796410929783
1745996375,58,,Aggregated,47.900000,0.200000,24,26,29,34,43,48,87,290,32000,38000,38000,16044,58,24,78.40879705672846,6.0941060073673725,37977.30074101128,1198.6896659187234
1745996376,58,,Aggregated,46.900000,0.200000,24,26,29,34,43,48,85,290,32000,38000,38000,16088,58,24,78.26628456457668,6.0941060073673725,37977.30074101128,1198.6409124813526
1745996377,58,,Aggregated,47.600000,0.300000,24,26,29,34,43,48,87,290,32000,38000,38000,16130,58,24,78.13909625132514,6.0941060073673725,37977.30074101128,1198.3781773093615
1745996378,58,,Aggregated,47.700000,0.300000,24,26,29,34,43,48,88,290,32000,38000,38000,16180,58,24,77.99914193781996,6.0941060073673725,37977.30074101128,1198.5484548825711
1745996379,59,,Aggregated,47.800000,0.200000,24,26,29,34,43,48,88,290,32000,38000,38000,16233,59,24,77.84169736667515,6.0941060073673725,37977.30074101128,1197.8361362656317
1745996380,59,,Aggregated,47.900000,0.200000,24,26,29,34,43,48,88,290,32000,38000,38000,16280,59,24,77.67973808100886,6.0941060073673725,37977.30074101128,1197.2199631449632
1745996381,59,,Aggregated,49.100000,0.300000,24,26,29,33,43,48,87,290,32000,38000,38000,16328,59,24,77.51363734272354,6.0941060073673725,37977.30074101128,1196.5970725134737
1745996382,59,,Aggregated,49.100000,0.300000,24,26,28,33,43,48,85,290,32000,38000,38000,16383,59,24,77.3208099706739,6.0941060073673725,37977.30074101128,1197.0393090398584
1745996383,60,,Aggregated,48.300000,0.200000,24,26,28,33,43,48,84,280,32000,38000,38000,16427,59,24,77.16965544053508,6.0941060073673725,37977.30074101128,1197.103427284349
1745996384,60,,Aggregated,48.200000,0.200000,24,26,28,33,43,48,84,280,32000,38000,38000,16474,59,24,77.0105727229659,6.0941060073673725,37977.30074101128,1197.1509044555057
1745996385,60,,Aggregated,48.100000,0.200000,24,26,28,33,43,48,84,280,32000,38000,38000,16501,59,24,76.91904808167494,6.0941060073673725,37977.30074101128,1197.0694503363432
1745996386,60,,Aggregated,49.600000,0.200000,24,26,29,34,43,49,92,300,32000,38000,38000,16583,60,24,77.07557975550604,6.0941060073673725,37977.30074101128,1197.2351203039257
1745996387,61,,Aggregated,47.900000,0.100000,24,26,29,34,43,49,92,300,32000,38000,38000,16627,61,24,76.95975887304948,6.0941060073673725,37977.30074101128,1196.808203524388
1745996388,61,,Aggregated,49.700000,0.200000,24,26,29,34,43,49,92,300,32000,38000,38000,16668,61,24,76.83805450751542,6.0941060073673725,37977.30074101128,1197.2093232541397
1745996389,61,,Aggregated,48.700000,0.300000,24,26,29,34,44,49,92,300,32000,38000,38000,16720,61,24,76.68909516511931,6.0941060073673725,37977.30074101128,1197.6427033492823
1745996390,61,,Aggregated,49.300000,0.300000,24,26,29,34,44,49,93,300,32000,38000,38000,16767,61,24,76.58551380046538,6.0941060073673725,37977.30074101128,1197.9371980676328
1745996391,62,,Aggregated,48.300000,0.200000,24,26,29,34,44,49,94,300,32000,38000,38000,16832,62,24,76.44815581111271,6.0941060073673725,37977.30074101128,1197.286121673004
1745996392,62,,Aggregated,48.300000,0.200000,24,26,29,34,44,49,93,300,32000,38000,38000,16875,62,24,76.315393733316,6.0941060073673725,37977.30074101128,1197.5235555555555
1745996393,62,,Aggregated,48.400000,0.300000,24,26,29,34,44,49,93,300,32000,38000,38000,16922,62,23,76.17055608933549,6.0941060073673725,37977.30074101128,1197.5832643895521
1745996394,62,,Aggregated,50.800000,0.300000,23,26,29,34,44,49,93,300,32000,38000,38000,16980,62,23,75.99972032068969,6.0941060073673725,37977.30074101128,1197.5379269729094
1745996395,63,,Aggregated,48.900000,0.300000,23,26,29,34,44,49,93,290,30000,38000,38000,17031,63,23,75.86187269458748,6.0941060073673725,37977.30074101128,1197.0711643473667
1745996396,63,,Aggregated,48.400000,0.300000,23,26,28,34,44,49,93,290,30000,38000,38000,17090,63,23,75.68560938826054,6.0941060073673725,37977.30074101128,1197.1637214745465
1745996397,63,,Aggregated,50.700000,0.400000,23,26,29,34,44,49,92,290,30000,38000,38000,17137,63,23,75.57255502358382,6.0941060073673725,37977.30074101128,1197.1235338740737
1745996398,63,,Aggregated,50.000000,0.300000,23,26,28,34,44,49,92,290,30000,38000,38000,17198,63,23,75.3780691088951,6.0941060073673725,37977.30074101128,1196.8985928596348
1745996399,64,,Aggregated,50.800000,0.200000,23,26,28,34,44,49,92,290,30000,38000,38000,17244,63,23,75.23348709749094,6.0941060073673725,37977.30074101128,1197.157678032939
1745996400,64,,Aggregated,50.300000,0.200000,23,26,28,34,44,49,92,290,30000,38000,38000,17297,64,23,75.09894726587197,6.0941060073673725,37977.30074101128,1196.7514019772216
1745996401,64,,Aggregated,52.200000,0.200000,23,26,28,34,44,49,91,290,30000,38000,38000,17352,64,23,74.94543913096824,6.0941060073673725,37977.30074101128,1197.3119525126785
1745996402,64,,Aggregated,52.500000,0.300000,23,26,28,34,44,49,91,290,30000,38000,38000,17402,64,23,74.8049074298592,6.0941060073673725,37977.30074101128,1197.5155154579934
1745996403,65,,Aggregated,53.200000,0.200000,23,26,28,34,44,49,91,290,30000,38000,38000,17454,65,23,74.68621631435622,6.0941060073673725,37977.30074101128,1197.2515182766128
1745996404,65,,Aggregated,51.200000,0.200000,23,26,28,34,44,49,91,290,30000,38000,38000,17507,65,23,74.53251813203018,6.0941060073673725,37977.30074101128,1197.3087907694064
1745996405,65,,Aggregated,52.800000,0.300000,23,26,28,34,44,49,91,290,30000,38000,38000,17548,65,23,74.41852670775643,6.0941060073673725,37977.30074101128,1197.0568155915205
1745996406,65,,Aggregated,53.300000,0.300000,23,26,29,34,44,49,100,330,30000,38000,38000,17619,65,23,75.11374938232338,6.0941060073673725,37977.30074101128,1197.2222600601624
1745996407,66,,Aggregated,51.500000,0.200000,23,26,29,34,44,49,100,330,30000,38000,38000,17661,65,23,74.98028616310026,6.0941060073673725,37977.30074101128,1197.3752901874186
1745996408,66,,Aggregated,50.800000,0.200000,23,26,29,34,44,49,100,320,30000,38000,38000,17715,65,23,74.82698490829245,6.0941060073673725,37977.30074101128,1197.212926898109
1745996409,66,,Aggregated,53.200000,0.200000,23,26,29,34,44,49,100,330,30000,38000,38000,17776,66,23,74.68092358536953,6.0941060073673725,37977.30074101128,1197.0562556255625
1745996410,66,,Aggregated,53.000000,0.200000,23,26,29,34,44,49,110,330,30000,38000,38000,17816,66,23,74.66660732076734,6.0941060073673725,37977.30074101128,1197.07167714414
1745996411,67,,Aggregated,51.700000,0.300000,23,26,28,34,44,49,110,330,30000,38000,38000,17888,66,23,74.46617389601842,6.0941060073673725,37977.30074101128,1197.1915250447228
1745996412,67,,Aggregated,52.600000,0.200000,23,26,28,34,44,49,100,330,30000,38000,38000,17935,67,23,74.3385532445731,6.0941060073673725,37977.30074101128,1196.740730415389
1745996413,67,,Aggregated,51.100000,0.200000,23,26,28,34,44,49,100,330,30000,38000,38000,17988,67,23,74.21226783591953,6.0941060073673725,37977.30074101128,1196.458917055815
1745996414,67,,Aggregated,53.700000,0.200000,23,26,28,34,44,49,100,330,29000,38000,38000,18054,67,23,74.03013678925828,6.0941060073673725,37977.30074101128,1196.2522432701894
1745996415,68,,Aggregated,53.100000,0.200000,23,26,28,34,44,49,100,320,29000,38000,38000,18104,68,23,73.90237304613159,6.0941060073673725,37977.30074101128,1196.5455700397702
1745996416,68,,Aggregated,53.600000,0.200000,23,26,28,34,44,49,100,320,29000,38000,38000,18151,68,23,73.77917246004262,6.0941060073673725,37977.30074101128,1196.8352707839788
1745996417,68,,Aggregated,55.000000,0.300000,23,26,28,34,44,49,100,320,29000,38000,38000,18202,68,23,73.64685851438962,6.0941060073673725,37977.30074101128,1197.3851774530272
1745996418,68,,Aggregated,55.800000,0.300000,23,26,28,34,44,49,100,320,29000,38000,38000,18256,68,23,73.49842399491183,6.0941060073673725,37977.30074101128,1197.251971954426
1745996419,69,,Aggregated,52.700000,0.300000,23,26,28,34,44,49,100,320,29000,38000,38000,18319,68,23,73.37542915755354,6.0941060073673725,37977.30074101128,1197.3979474862165
1745996420,69,,Aggregated,53.800000,0.300000,23,26,28,34,44,49,110,330,29000,38000,38000,18380,69,23,73.33751657682038,6.0941060073673725,37977.30074101128,1197.077910772579
1745996421,69,,Aggregated,53.600000,0.200000,23,26,28,34,44,49,110,330,29000,38000,38000,18436,69,23,73.18506565398722,6.0941060073673725,37977.30074101128,1197.0037969190714
1745996422,70,,Aggregated,54.600000,0.200000,23,26,28,34,44,49,110,330,29000,38000,38000,18496,70,23,73.03994887704677,6.0941060073673725,37977.30074101128,1196.8725129757786
1745996423,70,,Aggregated,56.300000,0.300000,23,26,28,34,44,49,110,330,29000,38000,38000,18541,70,23,72.92516054069961,6.0941060073673725,37977.30074101128,1197.0433094223613
1745996424,70,,Aggregated,54.600000,0.400000,23,26,28,34,44,49,110,330,29000,38000,38000,18592,70,23,72.88227448648027,6.0941060073673725,37977.30074101128,1197.198795180723
1745996425,70,,Aggregated,55.600000,0.300000,23,26,28,34,44,49,110,330,29000,38000,38000,18654,70,23,72.72334341206422,6.0941060073673725,37977.30074101128,1197.2483113541332
1745996426,71,,Aggregated,55.100000,0.300000,23,26,28,34,44,49,110,320,29000,38000,38000,18708,70,23,72.57540785650383,6.0941060073673725,37977.30074101128,1197.4853004062434
1745996427,71,,Aggregated,54.000000,0.200000,23,26,28,34,44,49,110,320,29000,38000,38000,18761,70,23,72.44663579483971,6.0941060073673725,37977.30074101128,1197.5958104578647
1745996428,71,,Aggregated,54.800000,0.200000,23,26,28,34,44,49,110,320,29000,38000,38000,18825,71,23,72.29773255433655,6.0941060073673725,37977.30074101128,1198.0887649402391
1745996429,71,,Aggregated,55.400000,0.200000,23,26,28,34,44,49,110,320,29000,38000,38000,18884,71,23,72.15735036938959,6.0941060073673725,37977.30074101128,1198.1970980724423
1745996430,72,,Aggregated,55.800000,0.300000,23,26,28,34,44,49,110,320,29000,38000,38000,18939,71,23,72.01773438810598,6.0941060073673725,37977.30074101128,1198.2688103912562
1745996431,72,,Aggregated,56.400000,0.300000,23,26,28,34,44,49,100,320,28000,38000,38000,19006,71,23,71.84657231517896,6.0941060073673725,37977.30074101128,1198.4372829632748
1745996432,72,,Aggregated,55.900000,0.300000,23,26,28,34,44,49,110,320,28000,38000,38000,19056,72,23,71.75434651432909,6.0941060073673725,37977.30074101128,1198.3758396305625
1745996433,72,,Aggregated,56.100000,0.200000,23,26,28,34,44,49,110,320,28000,38000,38000,19118,72,23,71.62534162571289,6.0941060073673725,37977.30074101128,1198.5752170729156
1745996434,73,,Aggregated,56.300000,0.100000,23,26,28,34,44,49,110,320,28000,38000,38000,19185,73,23,71.50728892125257,6.0941060073673725,37977.30074101128,1198.683763356789
1745996435,73,,Aggregated,56.700000,0.200000,23,25,28,34,44,49,110,320,28000,38000,38000,19240,73,23,71.37586423140232,6.0941060073673725,37977.30074101128,1198.6467775467775
1745996436,73,,Aggregated,57.600000,0.300000,23,25,28,34,44,49,110,320,28000,38000,38000,19300,73,23,71.23014766527484,6.0941060073673725,37977.30074101128,1198.3423834196892
1745996437,73,,Aggregated,58.800000,0.300000,23,25,28,34,44,49,100,320,28000,38000,38000,19376,73,23,71.04066550128385,6.0941060073673725,37977.30074101128,1198.549700660611
1745996438,74,,Aggregated,58.000000,0.300000,23,25,28,34,44,49,100,310,28000,38000,38000,19438,74,23,70.90270486340725,6.0941060073673725,37977.30074101128,1198.4535446033542
1745996439,74,,Aggregated,59.700000,0.300000,23,25,28,34,44,49,100,310,28000,38000,38000,19490,74,23,70.78076854100658,6.0941060073673725,37977.30074101128,1198.5314520266804
1745996440,74,,Aggregated,61.400000,0.300000,23,25,28,34,44,49,100,310,28000,38000,38000,19555,74,23,70.62410124525432,6.0941060073673725,37977.30074101128,1198.5074405522885
1745996441,74,,Aggregated,61.900000,0.300000,23,25,28,34,44,49,100,310,28000,38000,38000,19609,74,23,70.49669380900269,6.0941060073673725,37977.30074101128,1198.6088530776685
1745996442,75,,Aggregated,60.600000,0.300000,23,25,28,34,44,49,100,310,28000,38000,38000,19668,75,23,70.37627077496668,6.0941060073673725,37977.30074101128,1198.6616839536302
1745996443,75,,Aggregated,60.700000,0.300000,23,25,28,34,44,49,100,310,28000,38000,38000,19745,75,23,70.19057602504404,6.0941060073673725,37977.30074101128,1198.690858445176
1745996444,75,,Aggregated,60.800000,0.400000,23,25,28,34,44,49,100,310,28000,38000,38000,19801,75,23,70.06495422663667,6.0941060073673725,37977.30074101128,1198.379172769052
1745996445,75,,Aggregated,60.700000,0.300000,23,25,28,34,44,49,100,310,28000,38000,38000,19868,75,23,69.92405149023723,6.0941060073673725,37977.30074101128,1198.286188846386
1745996446,76,,Aggregated,61.400000,0.200000,23,25,28,34,44,49,110,310,28000,38000,38000,19937,76,23,69.87402018598452,6.0941060073673725,37977.30074101128,1198.3089732657872
1745996447,76,,Aggregated,61.100000,0.200000,23,25,28,34,44,49,100,310,28000,38000,38000,19984,76,23,69.76972839634877,6.0941060073673725,37977.30074101128,1198.6936549239392
1745996448,76,,Aggregated,62.700000,0.300000,23,25,28,34,44,49,110,320,6300,38000,38000,20048,76,23,69.85163200565437,6.0941060073673725,37977.30074101128,1198.210943735036
1745996449,76,,Aggregated,63.000000,0.300000,23,25,28,34,44,49,110,320,6300,38000,38000,20103,76,23,69.7325457242283,6.0941060073673725,37977.30074101128,1198.2675720041784
1745996450,77,,Aggregated,60.200000,0.200000,23,25,28,34,44,49,110,320,6300,38000,38000,20170,76,23,69.58512060323903,6.0941060073673725,37977.30074101128,1198.6147248388695
1745996451,77,,Aggregated,60.200000,0.200000,23,25,28,34,44,49,110,320,6300,38000,38000,20245,77,23,69.42367454501736,6.0941060073673725,37977.30074101128,1198.0293899728329
1745996452,77,,Aggregated,61.100000,0.200000,23,25,28,34,44,49,110,320,6300,38000,38000,20299,77,23,69.30033058284161,6.0941060073673725,37977.30074101128,1198.3128232917877
1745996453,77,,Aggregated,61.400000,0.200000,23,25,28,34,44,49,110,310,6300,38000,38000,20359,77,23,69.17072243878177,6.0941060073673725,37977.30074101128,1198.6119161058991
1745996454,78,,Aggregated,62.900000,0.200000,23,25,28,34,44,49,110,310,6300,38000,38000,20427,78,23,69.03326336384504,6.0941060073673725,37977.30074101128,1198.1995887795565
1745996455,78,,Aggregated,62.400000,0.200000,23,25,28,34,44,49,110,310,6300,38000,38000,20493,78,23,68.89019482475491,6.0941060073673725,37977.30074101128,1198.1835260820767
1745996456,78,,Aggregated,61.800000,0.200000,23,25,28,34,44,49,100,310,6300,38000,38000,20553,78,23,68.76448126601001,6.0941060073673725,37977.30074101128,1198.2414246095461
1745996458,78,,Aggregated,62.700000,0.300000,23,25,28,34,44,49,110,310,6300,38000,38000,20622,78,23,68.64347222993698,6.0941060073673725,37977.30074101128,1197.650470371448
1745996459,79,,Aggregated,61.100000,0.200000,23,25,28,34,44,49,130,340,6300,38000,38000,20700,79,23,69.18723761484225,6.0941060073673725,37977.30074101128,1197.1250241545895
1745996460,79,,Aggregated,61.100000,0.200000,23,25,28,34,44,49,140,340,6300,38000,38000,20762,79,23,69.10547558718173,6.0941060073673725,37977.30074101128,1197.1909738946151
1745996461,79,,Aggregated,64.800000,0.300000,23,25,28,34,44,49,130,340,6300,38000,38000,20831,79,23,68.95123630223631,6.0941060073673725,37977.30074101128,1197.5561422879362
1745996462,79,,Aggregated,65.400000,0.300000,23,25,28,34,44,49,130,340,6300,38000,38000,20893,79,23,68.8206336480465,6.0941060073673725,37977.30074101128,1197.7348394199014
1745996463,80,,Aggregated,65.700000,0.300000,23,25,28,34,44,49,130,330,6300,38000,38000,20957,79,23,68.67608471733391,6.0941060073673725,37977.30074101128,1197.9426444624708
1745996464,80,,Aggregated,64.600000,0.200000,23,25,28,34,44,49,140,340,6200,38000,38000,21019,79,23,68.63730479218074,6.0941060073673725,37977.30074101128,1197.9354393643846
1745996465,80,,Aggregated,65.400000,0.200000,23,25,28,34,44,49,140,340,6200,38000,38000,21089,79,23,68.47481646008131,6.0941060073673725,37977.30074101128,1197.1001469960643
1745996466,80,,Aggregated,65.500000,0.200000,23,25,28,34,44,49,130,330,6200,38000,38000,21159,79,23,68.33171428407823,6.0941060073673725,37977.30074101128,1197.1088425729004
1745996467,81,,Aggregated,65.900000,0.100000,23,25,28,34,44,49,130,330,6200,38000,38000,21228,79,23,68.19489565116594,6.0941060073673725,37977.30074101128,1197.212455247786
1745996468,81,,Aggregated,66.000000,0.100000,23,25,28,34,44,49,130,330,6200,38000,38000,21297,80,23,68.06268333197215,6.0941060073673725,37977.30074101128,1197.2225196037
1745996469,81,,Aggregated,67.400000,0.100000,23,25,28,34,44,49,130,330,6200,38000,38000,21373,80,23,67.90585599737766,6.0941060073673725,37977.30074101128,1197.3585364712487
1745996470,81,,Aggregated,66.900000,0.200000,23,25,28,34,44,49,130,330,6200,38000,38000,21440,80,23,67.7669668165748,6.0941060073673725,37977.30074101128,1197.258255597015
1745996471,82,,Aggregated,66.900000,0.200000,23,25,28,34,44,49,130,330,6200,38000,38000,21504,81,23,67.70093732513617,6.0941060073673725,37977.30074101128,1196.9150390625
1745996472,82,,Aggregated,66.800000,0.100000,23,25,28,34,44,49,130,330,6200,38000,38000,21573,81,23,67.59535392118151,6.0941060073673725,37977.30074101128,1197.0617902007139
1745996473,82,,Aggregated,67.500000,0.200000,23,25,28,34,44,49,130,330,6200,38000,38000,21632,82,23,67.4824549001082,6.0941060073673725,37977.30074101128,1197.311436760355
1745996474,82,,Aggregated,68.100000,0.200000,23,25,28,34,44,49,130,330,6200,38000,38000,21712,82,23,67.32252147702852,6.0941060073673725,37977.30074101128,1197.1736366986
1745996475,83,,Aggregated,67.500000,0.300000,23,25,28,34,44,49,130,330,6200,38000,38000,21787,83,23,67.19256719061714,6.0941060073673725,37977.30074101128,1197.13150043604
1745996476,83,,Aggregated,68.200000,0.300000,23,25,28,34,44,49,130,330,6200,38000,38000,21853,83,23,67.04988827543126,6.0941060073673725,37977.30074101128,1197.138104608063
1745996477,83,,Aggregated,69.400000,0.400000,23,25,28,34,44,49,130,330,6200,38000,38000,21930,83,23,66.89280189052046,6.0941060073673725,37977.30074101128,1197.1373461012313
1745996478,83,,Aggregated,69.500000,0.400000,23,25,28,34,44,49,130,330,6200,38000,38000,21997,83,23,66.76269534124665,6.0941060073673725,37977.30074101128,1197.5319816338592
1745996479,84,,Aggregated,69.600000,0.400000,23,25,28,34,44,49,130,330,6100,38000,38000,22074,83,23,66.71999887691085,6.0941060073673725,37977.30074101128,1197.106324182296
1745996480,84,,Aggregated,70.000000,0.300000,23,25,28,34,44,49,130,330,6100,38000,38000,22135,83,23,66.60548226968017,6.0941060073673725,37977.30074101128,1197.1898802800995
1745996481,84,,Aggregated,68.300000,0.300000,23,25,28,34,44,49,130,330,6100,38000,38000,22212,84,23,66.47365184435154,6.0941060073673725,37977.30074101128,1197.1448766432559
1745996482,84,,Aggregated,69.500000,0.300000,23,25,28,34,44,49,130,330,6100,38000,38000,22269,84,23,66.36311129894875,6.0941060073673725,37977.30074101128,1197.116664421393
1745996483,85,,Aggregated,70.000000,0.300000,23,25,28,34,44,49,140,330,6100,38000,38000,22349,85,23,66.37456984395413,6.0941060073673725,37977.30074101128,1197.3437290259071
1745996484,85,,Aggregated,69.000000,0.300000,23,25,28,34,44,49,140,330,6100,38000,38000,22422,85,23,66.2455854631064,6.0941060073673725,37977.30074101128,1197.1655516903043
1745996485,85,,Aggregated,70.800000,0.300000,23,25,28,34,44,49,140,330,6100,38000,38000,22481,85,23,66.13641769447649,6.0941060073673725,37977.30074101128,1197.0999510697923
1745996486,85,,Aggregated,71.500000,0.300000,23,25,28,34,44,49,140,330,6100,38000,38000,22551,85,23,66.01239195182758,6.0941060073673725,37977.30074101128,1196.9686044964747
1745996487,86,,Aggregated,69.200000,0.200000,23,25,28,34,44,49,140,330,6100,38000,38000,22630,86,23,65.88717060206007,6.0941060073673725,37977.30074101128,1196.707821475917
1745996488,86,,Aggregated,69.500000,0.200000,23,25,28,34,44,49,130,330,6100,38000,38000,22696,86,23,65.76887595792756,6.0941060073673725,37977.30074101128,1196.6541681353542
1745996489,86,,Aggregated,69.100000,0.300000,23,25,28,34,44,49,140,330,6100,38000,38000,22759,86,23,65.7337767738749,6.0941060073673725,37977.30074101128,1196.307746386045
1745996490,86,,Aggregated,69.600000,0.300000,23,25,28,34,44,49,140,330,6100,38000,38000,22827,86,23,65.61096840362525,6.0941060073673725,37977.30074101128,1196.1090813510316
1745996491,87,,Aggregated,69.100000,0.300000,23,25,28,34,44,49,140,330,6100,38000,38000,22898,87,23,65.49809154212792,6.0941060073673725,37977.30074101128,1195.780723207267
1745996492,87,,Aggregated,69.200000,0.300000,23,25,28,34,44,49,140,330,6100,38000,38000,22957,87,23,65.397655325546,6.0941060073673725,37977.30074101128,1195.8432722045563
1745996493,87,,Aggregated,68.200000,0.300000,23,25,28,34,44,49,150,330,6100,38000,38000,23027,87,23,65.56183032418234,6.0941060073673725,37977.30074101128,1196.2187866417682
1745996494,87,,Aggregated,69.000000,0.300000,23,25,28,34,44,49,160,330,6100,38000,38000,23094,87,23,65.5094869414569,6.0941060073673725,37977.30074101128,1196.3054040010393
1745996495,88,,Aggregated,68.100000,0.200000,23,25,28,34,44,49,150,330,6100,38000,38000,23174,88,23,65.37807724335767,6.0941060073673725,37977.30074101128,1196.014930525589
1745996496,88,,Aggregated,67.500000,0.200000,23,25,28,34,44,49,150,330,6100,38000,38000,23240,88,23,65.26318618892684,6.0941060073673725,37977.30074101128,1195.7432013769362
1745996497,88,,Aggregated,68.600000,0.300000,23,25,28,34,44,49,160,340,6100,38000,38000,23321,88,23,65.24215344819268,6.0941060073673725,37977.30074101128,1195.4601003387504
1745996498,88,,Aggregated,68.900000,0.300000,23,25,28,34,44,49,160,340,6100,38000,38000,23390,88,23,65.10593924832074,6.0941060073673725,37977.30074101128,1195.6929029499786
1745996499,89,,Aggregated,69.500000,0.200000,23,25,28,34,44,49,160,340,6100,38000,38000,23487,89,23,64.9534338607228,6.0941060073673725,37977.30074101128,1195.7024311321156
1745996500,89,,Aggregated,69.700000,0.200000,23,25,28,34,44,49,150,340,6100,38000,38000,23550,89,23,64.83625060203435,6.0941060073673725,37977.30074101128,1195.6030997876858
1745996501,89,,Aggregated,72.700000,0.300000,23,25,28,34,44,49,150,330,6100,38000,38000,23618,89,23,64.74376974746423,6.0941060073673725,37977.30074101128,1195.3662884240832
1745996502,89,,Aggregated,71.600000,0.300000,23,25,28,34,44,49,150,330,6100,38000,38000,23696,89,23,64.61384705343347,6.0941060073673725,37977.30074101128,1195.4019665766375
1745996503,90,,Aggregated,72.600000,0.200000,23,25,28,34,44,49,150,330,6100,38000,38000,23775,90,23,64.48578776089528,6.0941060073673725,37977.30074101128,1194.749905362776
1745996504,90,,Aggregated,72.400000,0.200000,23,25,28,34,44,49,150,330,6100,38000,38000,23843,90,23,64.41414627138634,6.0941060073673725,37977.30074101128,1194.9076877909658
1745996505,90,,Aggregated,74.300000,0.300000,23,25,28,34,44,49,150,330,6100,38000,38000,23915,90,23,64.29679016346088,6.0941060073673725,37977.30074101128,1194.66644365461
1745996506,90,,Aggregated,74.200000,0.300000,23,25,28,34,44,49,150,330,6100,38000,38000,23988,90,23,64.19096973729167,6.0941060073673725,37977.30074101128,1194.9302984825747
1745996507,91,,Aggregated,73.800000,0.200000,23,25,28,34,44,49,150,330,5500,38000,38000,24051,91,23,64.13002870907223,6.0941060073673725,37977.30074101128,1194.7673277618394
1745996508,91,,Aggregated,73.300000,0.200000,23,25,28,34,44,49,160,340,5500,38000,38000,24150,91,23,64.1215598643767,6.0941060073673725,37977.30074101128,1195.0473291925466
1745996509,91,,Aggregated,73.300000,0.300000,23,25,28,34,44,49,160,330,5500,38000,38000,24230,91,23,63.99640558580389,6.0941060073673725,37977.30074101128,1195.662979777136
1745996510,91,,Aggregated,72.700000,0.300000,23,25,28,34,44,49,160,330,5500,38000,38000,24292,91,23,63.90039500767062,6.0941060073673725,37977.30074101128,1195.8898814424501
1745996511,92,,Aggregated,74.100000,0.200000,23,25,28,34,44,49,160,330,5500,38000,38000,24376,92,23,63.7866732520979,6.0941060073673725,37977.30074101128,1195.7374056448966
1745996512,92,,Aggregated,74.200000,0.200000,23,25,28,34,44,49,160,330,5500,38000,38000,24452,92,23,63.669929271640825,6.0941060073673725,37977.30074101128,1195.8624652380174
1745996513,92,,Aggregated,73.900000,0.300000,23,25,28,34,44,49,160,330,5500,38000,38000,24526,92,23,63.618097906775176,6.0941060073673725,37977.30074101128,1195.7429258745822
1745996514,92,,Aggregated,75.200000,0.300000,23,25,28,34,44,49,160,330,5500,38000,38000,24611,92,23,63.500017235542586,6.0941060073673725,37977.30074101128,1195.8021210028037
1745996515,93,,Aggregated,74.500000,0.200000,23,25,28,34,44,49,160,330,5500,38000,38000,24692,93,23,63.35442131129482,6.0941060073673725,37977.30074101128,1195.8332658350882
1745996516,93,,Aggregated,75.400000,0.200000,23,25,28,34,44,49,160,330,5500,38000,38000,24763,93,23,63.24987344343231,6.0941060073673725,37977.30074101128,1195.8052739974962
1745996517,93,,Aggregated,76.600000,0.300000,23,25,28,34,44,49,160,330,5500,38000,38000,24838,93,23,63.18353638074313,6.0941060073673725,37977.30074101128,1195.907399951687
1745996518,93,,Aggregated,76.900000,0.300000,23,25,28,34,44,50,160,330,5500,38000,38000,24895,93,23,63.13569998420247,6.0941060073673725,37977.30074101128,1196.2125326370758
1745996519,94,,Aggregated,77.200000,0.200000,23,25,28,34,44,49,160,330,5500,38000,38000,24986,94,23,63.00475119470837,6.0941060073673725,37977.30074101128,1196.4574561754582
1745996520,94,,Aggregated,77.200000,0.200000,23,25,28,34,44,49,160,330,5300,38000,38000,25058,94,23,62.892873790564465,6.0941060073673725,37977.30074101128,1196.476334903025
1745996521,94,,Aggregated,74.800000,0.300000,23,25,28,34,44,49,160,330,5300,38000,38000,25138,94,23,62.775864524253166,6.0941060073673725,37977.30074101128,1197.0037393587397
1745996522,94,,Aggregated,76.200000,0.300000,23,25,28,34,44,49,160,330,5300,38000,38000,25212,94,23,62.80222184230653,6.0941060073673725,37977.30074101128,1196.6761859432017
1745996523,95,,Aggregated,76.100000,0.200000,23,25,28,34,44,50,170,340,5300,38000,38000,25278,94,23,62.86403097890819,6.0941060073673725,37977.30074101128,1196.6172165519424
1745996524,95,,Aggregated,75.300000,0.200000,23,25,28,34,44,50,170,340,5300,38000,38000,25365,94,23,62.73318490871002,6.0941060073673725,37977.30074101128,1197.0532623694066
1745996525,95,,Aggregated,74.200000,0.200000,23,25,28,34,44,50,170,340,5300,38000,38000,25433,94,23,62.63005767733937,6.0941060073673725,37977.30074101128,1196.8126843077891
1745996526,95,,Aggregated,74.700000,0.200000,23,25,28,34,44,50,170,340,5300,38000,38000,25511,94,23,62.5143781050218,6.0941060073673725,37977.30074101128,1197.0468033397358
1745996527,96,,Aggregated,75.200000,0.100000,23,25,28,34,44,50,160,340,5300,38000,38000,25598,94,23,62.37901566655172,6.0941060073673725,37977.30074101128,1197.0662942417375
1745996528,96,,Aggregated,74.800000,0.100000,23,25,28,34,44,49,160,340,5300,38000,38000,25680,96,23,62.276034001734274,6.0941060073673725,37977.30074101128,1196.6283099688474
1745996529,96,,Aggregated,75.500000,0.100000,23,25,28,34,44,49,160,340,5300,38000,38000,25750,96,23,62.18429607811194,6.0941060073673725,37977.30074101128,1196.9226019417476
1745996530,96,,Aggregated,75.200000,0.200000,23,25,28,34,44,49,160,340,5300,38000,38000,25831,96,23,62.04252655890897,6.0941060073673725,37977.30074101128,1196.7517711277148
1745996531,97,,Aggregated,76.300000,0.200000,23,25,28,34,44,49,160,330,5300,38000,38000,25908,97,23,61.941527150891204,6.0941060073673725,37977.30074101128,1196.7143353404354
1745996532,97,,Aggregated,76.000000,0.200000,23,25,28,34,44,49,160,330,5300,38000,38000,26005,97,23,61.79367868658431,6.0941060073673725,37977.30074101128,1196.6260334551048
1745996533,97,,Aggregated,76.200000,0.300000,23,25,28,34,44,49,160,330,5300,38000,38000,26081,97,23,61.719768071858674,6.0941060073673725,37977.30074101128,1196.8270771826233
1745996534,97,,Aggregated,79.100000,0.300000,23,25,28,34,44,49,160,330,5300,38000,38000,26161,97,23,61.60974818450785,6.0941060073673725,37977.30074101128,1196.942586292573
1745996535,98,,Aggregated,81.400000,0.300000,23,25,28,34,44,49,160,330,5300,38000,38000,26233,97,23,61.53856378661919,6.0941060073673725,37977.30074101128,1196.698052071818
1745996536,98,,Aggregated,79.400000,0.300000,23,25,28,34,44,49,160,330,5300,38000,38000,26311,97,23,61.44249385950655,6.0941060073673725,37977.30074101128,1196.8092052753602
1745996537,98,,Aggregated,78.900000,0.300000,23,25,28,34,44,49,160,330,5300,38000,38000,26395,98,23,61.33798442574207,6.0941060073673725,37977.30074101128,1196.4710361810949
1745996538,98,,Aggregated,80.300000,0.300000,23,25,28,34,44,49,160,330,5300,38000,38000,26474,98,23,61.21460926083013,6.0941060073673725,37977.30074101128,1196.3755760368663
1745996539,99,,Aggregated,78.100000,0.300000,23,25,28,34,44,49,160,330,5300,38000,38000,26555,99,23,61.141921334311284,6.0941060073673725,37977.30074101128,1196.1593296930898
1745996540,99,,Aggregated,81.900000,0.300000,23,25,28,34,44,49,160,330,5300,38000,38000,26651,99,23,61.007116289656565,6.0941060073673725,37977.30074101128,1196.125286105587
1745996541,99,,Aggregated,80.200000,0.300000,23,25,28,34,44,49,160,330,5300,38000,38000,26718,99,23,60.91359890302351,6.0941060073673725,37977.30074101128,1196.013885769893
1745996542,99,,Aggregated,81.400000,0.300000,23,25,28,34,44,49,160,330,5300,38000,38000,26810,99,23,60.78965550522865,6.0941060073673725,37977.30074101128,1196.0390898918315
1745996543,100,,Aggregated,80.500000,0.200000,23,25,28,34,44,49,160,330,5300,38000,38000,26889,100,23,60.734447521215436,6.0941060073673725,37977.30074101128,1195.998809922273
1745996544,100,,Aggregated,79.200000,0.200000,23,25,28,34,44,49,160,330,5300,38000,38000,26931,100,23,60.67581054006067,6.0941060073673725,37977.30074101128,1196.1309643162156
1745996545,100,,Aggregated,79.000000,0.300000,23,25,28,34,44,50,190,350,5200,38000,38000,27053,100,23,61.56920876598196,6.0941060073673725,37977.30074101128,1196.178538424574
1745996546,100,,Aggregated,79.900000,0.300000,23,25,28,34,44,51,190,350,5200,38000,38000,27124,100,23,61.54178981025967,6.0941060073673725,37977.30074101128,1196.3164724966819
1745996547,101,,Aggregated,79.600000,0.300000,23,25,28,34,44,51,190,350,5200,38000,38000,27194,101,23,61.45804721966772,6.0941060073673725,37977.30074101128,1195.7914981245863
1745996548,101,,Aggregated,80.100000,0.300000,23,25,28,34,44,51,190,350,5200,38000,38000,27291,101,23,61.40010712671474,6.0941060073673725,37977.30074101128,1195.9042175076033
1745996549,101,,Aggregated,81.400000,0.400000,23,25,28,34,44,51,190,350,5200,38000,38000,27370,101,23,61.34606278126302,6.0941060073673725,37977.30074101128,1195.2885641213006
1745996550,101,,Aggregated,78.700000,0.300000,23,25,28,34,44,51,190,350,5200,38000,38000,27453,101,23,61.292716573838135,6.0941060073673725,37977.30074101128,1195.109824062944
1745996551,102,,Aggregated,80.700000,0.200000,23,25,28,34,44,51,190,350,5200,38000,38000,27549,101,23,61.165766310962105,6.0941060073673725,37977.30074101128,1195.2572144179462
1745996552,102,,Aggregated,80.400000,0.200000,23,25,28,34,44,51,190,350,5200,38000,38000,27624,101,23,61.12082320959783,6.0941060073673725,37977.30074101128,1195.512452939473
1745996553,102,,Aggregated,82.500000,0.200000,23,25,28,34,44,52,190,340,5200,38000,38000,27710,101,23,61.037634261557784,6.0941060073673725,37977.30074101128,1195.0471670876939
1745996554,102,,Aggregated,81.500000,0.200000,23,25,28,35,44,52,190,340,5200,38000,38000,27792,102,23,60.95283292651149,6.0941060073673725,37977.30074101128,1195.0263385146804
1745996555,103,,Aggregated,81.700000,0.100000,23,25,28,34,44,52,190,340,5200,38000,38000,27886,102,23,60.83046557158286,6.0941060073673725,37977.30074101128,1195.0985440722943
1745996556,103,,Aggregated,83.300000,0.100000,23,25,28,34,44,52,190,340,5200,38000,38000,27959,102,23,60.73654916772118,6.0941060073673725,37977.30074101128,1195.280124467971
1745996557,103,,Aggregated,82.800000,0.200000,23,25,28,35,44,52,190,340,5100,38000,38000,28050,103,23,60.654326388222266,6.0941060073673725,37977.30074101128,1195.5328698752228
1745996558,103,,Aggregated,83.300000,0.200000,23,25,28,35,44,52,190,340,5100,38000,38000,28132,103,23,60.55700581428398,6.0941060073673725,37977.30074101128,1195.498969145457
1745996559,104,,Aggregated,84.300000,0.100000,23,25,28,35,44,52,190,340,5100,38000,38000,28214,103,23,60.45031924553119,6.0941060073673725,37977.30074101128,1195.065570284256
1745996560,104,,Aggregated,83.600000,0.200000,23,25,28,35,44,52,190,350,5100,38000,38000,28299,103,23,60.47811104453715,6.0941060073673725,37977.30074101128,1194.795434467649
1745996561,104,,Aggregated,84.500000,0.200000,23,25,28,35,44,52,190,350,5100,38000,38000,28389,104,23,60.43132431264331,6.0941060073673725,37977.30074101128,1194.34921976822
1745996562,104,,Aggregated,83.500000,0.200000,23,25,28,35,44,52,190,350,5100,38000,38000,28478,104,23,60.33169984260503,6.0941060073673725,37977.30074101128,1193.8882646253248
1745996563,105,,Aggregated,83.500000,0.300000,23,25,28,34,44,52,190,350,5100,38000,38000,28573,105,23,60.20563004737374,6.0941060073673725,37977.30074101128,1193.8636824974626
1745996564,105,,Aggregated,84.500000,0.300000,23,25,28,34,44,52,190,350,5100,38000,38000,28655,105,23,60.10095330200279,6.0941060073673725,37977.30074101128,1193.6659221776304
1745996565,105,,Aggregated,84.300000,0.400000,23,25,28,34,44,52,190,340,5100,38000,38000,28737,105,23,60.003059180055764,6.0941060073673725,37977.30074101128,1193.8443122107387
1745996566,105,,Aggregated,84.100000,0.400000,23,25,28,34,44,52,190,340,5100,38000,38000,28826,105,23,59.88896718304909,6.0941060073673725,37977.30074101128,1193.357246929855
1745996567,106,,Aggregated,86.300000,0.300000,23,25,28,34,44,52,190,340,5100,38000,38000,28921,106,23,59.77350835860888,6.0941060073673725,37977.30074101128,1193.2048338577504
1745996568,106,,Aggregated,85.000000,0.300000,23,25,28,34,44,52,190,340,5100,38000,38000,29010,106,23,59.67649974007421,6.0941060073673725,37977.30074101128,1193.045087900724
1745996569,106,,Aggregated,85.100000,0.400000,23,25,28,35,44,52,190,340,5100,38000,38000,29088,106,23,59.66482573642592,6.0941060073673725,37977.30074101128,1193.0397070957097
1745996570,106,,Aggregated,87.000000,0.300000,23,25,28,34,44,52,190,340,5100,38000,38000,29150,106,23,59.583131293358846,6.0941060073673725,37977.30074101128,1192.872075471698
1745996571,107,,Aggregated,85.100000,0.300000,23,25,28,35,45,54,200,360,5100,38000,38000,29260,107,23,60.21352821316663,6.0941060073673725,37977.30074101128,1193.2963089542036
1745996572,107,,Aggregated,88.000000,0.300000,23,25,28,35,45,54,200,360,5100,38000,38000,29338,107,23,60.1369772301543,6.0941060073673725,37977.30074101128,1193.5182016497376
1745996573,107,,Aggregated,85.000000,0.300000,23,25,28,35,45,54,200,360,5100,38000,38000,29426,107,23,60.03348297984649,6.0941060073673725,37977.30074101128,1193.4822266023245
1745996574,107,,Aggregated,86.600000,0.300000,23,25,28,35,45,54,200,360,5100,38000,38000,29510,107,23,59.93738842612718,6.0941060073673725,37977.30074101128,1193.5671636733312
1745996575,108,,Aggregated,85.300000,0.200000,23,25,28,35,45,54,200,360,5100,38000,38000,29599,108,23,59.8229871987649,5.8733089827001095,37977.30074101128,1193.631879455387
1745996576,108,,Aggregated,85.400000,0.200000,23,25,28,35,45,54,200,360,5100,38000,38000,29684,108,23,59.71118913329639,5.8733089827001095,37977.30074101128,1194.0669047298209
1745996577,108,,Aggregated,85.500000,0.300000,23,25,28,35,44,53,200,350,5100,38000,38000,29772,108,23,59.597939119678834,5.8733089827001095,37977.30074101128,1193.9676877603117
1745996578,108,,Aggregated,85.400000,0.300000,23,25,28,35,45,54,210,360,5100,38000,38000,29863,108,23,59.676070205365626,5.8733089827001095,37977.30074101128,1194.4437263503332
1745996579,109,,Aggregated,85.400000,0.200000,23,25,28,35,45,54,200,360,5100,38000,38000,29951,108,23,59.5786940630869,5.8733089827001095,37977.30074101128,1194.8753630930519
1745996580,109,,Aggregated,86.000000,0.200000,23,25,28,35,45,54,210,360,4200,37000,38000,30027,109,23,59.525199493369854,5.8733089827001095,37977.30074101128,1194.8409431511639
1745996581,109,,Aggregated,86.700000,0.200000,23,25,28,35,45,54,200,360,4200,37000,38000,30117,109,23,59.423292247413,5.8733089827001095,37977.30074101128,1195.2200750406746
1745996582,109,,Aggregated,84.500000,0.300000,23,25,28,35,45,54,200,350,4200,37000,38000,30209,109,23,59.31461265912834,5.8733089827001095,37977.30074101128,1195.303518818895
1745996583,110,,Aggregated,86.700000,0.200000,23,25,28,35,45,54,200,350,4200,37000,38000,30307,110,23,59.20583687426265,5.8733089827001095,37977.30074101128,1195.3706734417792
1745996584,110,,Aggregated,85.100000,0.200000,23,25,28,35,44,54,200,350,4200,37000,38000,30398,110,23,59.09457024155538,5.8733089827001095,37977.30074101128,1195.5086847818936
1745996585,110,,Aggregated,88.400000,0.300000,23,25,28,35,45,55,210,360,4200,37000,38000,30492,110,23,59.26432245013979,5.8733089827001095,37977.30074101128,1195.5294175521449
1745996586,110,,Aggregated,87.200000,0.300000,23,25,28,35,45,56,210,360,4200,37000,38000,30569,110,23,59.22074526069274,5.8733089827001095,37977.30074101128,1195.5574601720698
1745996587,111,,Aggregated,86.800000,0.200000,23,25,28,35,45,56,210,360,4200,37000,38000,30666,110,23,59.11306358368884,5.8733089827001095,37977.30074101128,1195.0913715515555
1745996588,111,,Aggregated,89.800000,0.200000,23,25,28,35,45,56,210,360,4200,37000,38000,30756,110,23,59.00811988265559,5.8733089827001095,37977.30074101128,1195.1561321368188
1745996589,111,,Aggregated,89.100000,0.200000,23,25,28,35,45,56,210,360,4200,37000,38000,30856,110,23,58.91648341466303,5.8733089827001095,37977.30074101128,1195.2521713767176
1745996590,111,,Aggregated,88.300000,0.200000,23,25,28,35,45,56,210,360,4200,37000,38000,30936,111,23,58.83757164825249,5.8733089827001095,37977.30074101128,1195.342578226015
1745996591,112,,Aggregated,90.000000,0.200000,23,25,28,35,45,55,210,360,4200,37000,38000,31036,111,23,58.723984366940115,5.8733089827001095,37977.30074101128,1195.383651243717
1745996592,112,,Aggregated,90.500000,0.200000,23,25,28,35,45,55,210,360,4200,37000,38000,31127,111,23,58.61648392447712,5.8733089827001095,37977.30074101128,1195.5455392424583
1745996593,112,,Aggregated,91.000000,0.200000,23,25,29,35,45,58,210,360,4200,37000,38000,31237,112,23,58.75621405762125,5.8733089827001095,37977.30074101128,1195.5800172871914
1745996594,112,,Aggregated,91.300000,0.200000,23,25,29,35,45,58,210,360,4200,37000,38000,31308,112,23,58.6935369814733,5.8733089827001095,37977.30074101128,1195.2986137728376
1745996595,113,,Aggregated,88.300000,0.200000,23,25,28,35,45,58,210,360,4200,37000,38000,31416,113,23,58.609017639895306,5.8733089827001095,37977.30074101128,1195.2544563279857
1745996596,113,,Aggregated,93.400000,0.200000,23,25,29,35,45,58,210,360,4200,37000,38000,31508,113,23,58.56627322333419,5.8733089827001095,37977.30074101128,1195.0423067157546
1745996597,113,,Aggregated,91.500000,0.300000,23,25,29,35,45,58,210,360,4200,37000,38000,31583,113,23,58.48372192938862,5.8733089827001095,37977.30074101128,1195.1572681505872
1745996598,113,,Aggregated,92.000000,0.300000,23,25,29,35,45,58,210,360,4200,37000,38000,31682,113,23,58.435173128427536,5.8733089827001095,37977.30074101128,1195.3541758727354
1745996599,114,,Aggregated,91.600000,0.300000,23,25,29,35,45,58,210,360,4200,37000,38000,31774,114,23,58.33247769996975,5.8733089827001095,37977.30074101128,1195.5111411846165
1745996600,114,,Aggregated,91.500000,0.300000,23,25,29,35,45,58,210,360,4200,37000,38000,31863,114,23,58.23146371163484,5.8733089827001095,37977.30074101128,1195.7440605090544
1745996601,114,,Aggregated,90.900000,0.400000,23,25,28,35,45,58,210,360,4200,37000,38000,31973,114,23,58.109783780373164,5.8733089827001095,37977.30074101128,1195.590623338442
1745996602,114,,Aggregated,92.000000,0.300000,23,25,28,35,45,58,210,360,4100,37000,38000,32041,114,23,58.04342101394928,5.8733089827001095,37977.30074101128,1195.8755968914827
1745996603,115,,Aggregated,93.500000,0.300000,23,25,28,35,45,58,210,360,4100,37000,38000,32148,115,23,57.998908433068486,5.8733089827001095,37977.30074101128,1195.9296379245986
1745996604,115,,Aggregated,93.400000,0.300000,23,25,28,35,45,58,210,360,4100,37000,38000,32262,115,23,57.87567194284292,5.8733089827001095,37977.30074101128,1195.8144876325089
1745996605,115,,Aggregated,93.500000,0.300000,23,25,28,35,45,58,210,360,4100,37000,38000,32341,115,23,57.79524191630355,5.8733089827001095,37977.30074101128,1195.9867041835441
1745996606,115,,Aggregated,92.300000,0.300000,23,25,28,35,45,58,210,360,4100,37000,38000,32423,115,23,57.73315084512606,5.8733089827001095,37977.30074101128,1195.9599050057059
1745996607,116,,Aggregated,94.300000,0.200000,23,25,29,35,45,59,210,360,4100,37000,38000,32535,116,23,57.90782259184359,5.8733089827001095,37977.30074101128,1196.2533579222377
1745996608,116,,Aggregated,92.500000,0.200000,23,25,29,35,45,59,210,360,4100,37000,38000,32621,116,23,57.811531350758315,5.8733089827001095,37977.30074101128,1196.4952944422305
1745996609,116,,Aggregated,94.600000,0.300000,23,25,29,35,45,59,210,360,4100,37000,38000,32718,116,23,57.77687455663946,5.8733089827001095,37977.30074101128,1196.4368543309492
1745996610,117,,Aggregated,94.800000,0.300000,23,25,29,35,45,59,210,360,4100,37000,38000,32787,117,23,57.712236442946164,5.8733089827001095,37977.30074101128,1196.2219172232897
1745996611,117,,Aggregated,94.400000,0.200000,23,25,29,35,45,62,220,370,4100,37000,38000,32879,117,23,58.0688805569117,5.8733089827001095,37977.30074101128,1196.4389427902308
1745996612,117,,Aggregated,94.200000,0.300000,23,25,29,36,45,64,220,370,4100,37000,38000,32970,117,23,58.0620721628503,5.8733089827001095,37977.30074101128,1196.2186836518047
1745996613,117,,Aggregated,89.600000,0.300000,23,25,29,36,45,63,220,370,4100,37000,38000,33063,117,23,57.965615676939116,5.8733089827001095,37977.30074101128,1196.1600278256662
1745996614,118,,Aggregated,91.300000,0.300000,23,25,29,36,45,63,220,370,4100,37000,38000,33168,118,23,57.87306666032682,5.8733089827001095,37977.30074101128,1196.4420827303425
1745996615,118,,Aggregated,92.000000,0.200000,23,25,29,36,45,64,220,360,4100,37000,38000,33258,118,23,57.84433515362925,5.8733089827001095,37977.30074101128,1196.2723855914367
1745996616,118,,Aggregated,89.600000,0.300000,23,25,29,36,45,64,220,360,4100,37000,38000,33365,118,23,57.76157942001811,5.8733089827001095,37977.30074101128,1195.9682301813277
1745996617,118,,Aggregated,91.300000,0.300000,23,25,29,36,45,64,220,360,4100,37000,38000,33471,118,23,57.64240539541027,5.8733089827001095,37977.30074101128,1196.0135042275404
1745996618,119,,Aggregated,90.600000,0.300000,23,25,29,36,45,64,220,360,4100,37000,38000,33575,119,23,57.58411159159856,5.8733089827001095,37977.30074101128,1196.2539091586002
1745996619,119,,Aggregated,91.000000,0.200000,23,25,29,36,45,64,220,360,4100,37000,38000,33677,119,23,57.47967523604505,5.8733089827001095,37977.30074101128,1196.1057992101435
1745996620,119,,Aggregated,93.200000,0.300000,23,25,29,36,45,64,220,360,4100,37000,38000,33781,119,23,57.44882693708399,5.8733089827001095,37977.30074101128,1196.249104526213
1745996621,119,,Aggregated,94.800000,0.300000,23,25,29,36,45,64,220,360,4100,37000,38000,33865,119,23,57.37513463713738,5.8733089827001095,37977.30074101128,1196.5038830651115
1745996622,120,,Aggregated,94.500000,0.200000,23,25,29,36,45,66,220,360,4100,37000,38000,33965,119,23,57.337889020555636,5.8733089827001095,37977.30074101128,1196.2848226115118
1745996623,120,,Aggregated,99.300000,0.200000,23,25,29,36,45,65,220,360,3400,37000,38000,34063,119,23,57.24298049415488,5.8733089827001095,37977.30074101128,1196.1171652526202
1745996624,120,,Aggregated,97.800000,0.200000,23,25,29,36,45,65,220,360,3400,37000,38000,34178,120,23,57.1498365830011,5.8733089827001095,37977.30074101128,1196.214728772895
1745996625,120,,Aggregated,99.300000,0.200000,23,25,29,36,45,67,220,360,3400,37000,38000,34268,120,23,57.16577312588561,5.8733089827001095,37977.30074101128,1196.7569744367922
1745996626,121,,Aggregated,99.300000,0.100000,23,25,29,36,45,67,220,360,3400,37000,38000,34361,121,23,57.09444043560706,5.8733089827001095,37977.30074101128,1196.6716335380227
1745996627,121,,Aggregated,99.600000,0.200000,23,25,29,36,45,66,220,360,3400,37000,38000,34452,121,23,56.99878959446519,5.8733089827001095,37977.30074101128,1196.6543016370604
1745996628,121,,Aggregated,100.700000,0.300000,23,25,29,36,45,66,220,360,3400,37000,38000,34543,121,23,56.93114869272501,5.8733089827001095,37977.30074101128,1197.1749124279884
1745996629,121,,Aggregated,99.000000,0.300000,23,25,29,36,45,66,220,360,3400,37000,38000,34648,121,23,56.84674198476779,5.8733089827001095,37977.30074101128,1197.1701396906026
1745996630,122,,Aggregated,97.000000,0.200000,23,25,29,36,45,66,220,360,3400,37000,38000,34765,122,23,56.754070703544585,5.8733089827001095,37977.30074101128,1196.9350208543076
1745996631,122,,Aggregated,95.300000,0.200000,23,25,29,36,45,66,220,360,3400,37000,38000,34857,122,23,56.669441201718044,5.8733089827001095,37977.30074101128,1197.3250996930315
1745996632,122,,Aggregated,96.400000,0.300000,23,25,29,36,45,66,220,360,3400,37000,38000,34953,122,23,56.61323361732491,5.8733089827001095,37977.30074101128,1197.2654135553457
1745996633,122,,Aggregated,97.600000,0.300000,23,25,29,36,45,69,220,360,3100,37000,38000,35038,122,23,56.785136848978965,5.8733089827001095,37977.30074101128,1197.4640105028825
1745996634,123,,Aggregated,97.900000,0.300000,23,25,29,36,45,72,230,360,3100,37000,38000,35154,123,23,56.96363745155474,5.8733089827001095,37977.30074101128,1197.599419696194
1745996635,123,,Aggregated,97.700000,0.300000,23,25,29,36,45,72,230,360,3100,37000,38000,35234,123,23,56.889536913031336,5.8733089827001095,37977.30074101128,1197.7991144916841
1745996636,123,,Aggregated,97.500000,0.300000,23,25,29,36,45,71,230,360,3100,37000,38000,35321,123,23,56.81029744008183,5.8733089827001095,37977.30074101128,1197.693496786614
1745996637,123,,Aggregated,97.300000,0.300000,23,25,29,36,46,75,240,370,3100,37000,38000,35431,123,23,57.146563445994936,5.8733089827001095,37977.30074101128,1197.6429680223532
1745996638,124,,Aggregated,95.800000,0.200000,23,25,29,36,46,75,240,370,3100,37000,38000,35537,123,23,57.051809105113676,5.8733089827001095,37977.30074101128,1197.4524861412049
1745996639,124,,Aggregated,95.600000,0.200000,23,25,29,36,46,75,240,370,3100,37000,38000,35631,124,23,56.96285377634763,5.8733089827001095,37977.30074101128,1197.6651230669922
1745996640,124,,Aggregated,97.800000,0.200000,23,25,29,36,46,75,240,370,3100,37000,38000,35746,124,23,56.87985473481475,5.8733089827001095,37977.30074101128,1197.7088905052315
1745996641,124,,Aggregated,98.900000,0.200000,23,25,29,36,46,75,240,370,3100,37000,38000,35832,124,23,56.817032863539794,5.8733089827001095,37977.30074101128,1197.6486939048896
1745996643,125,,Aggregated,98.000000,0.200000,23,25,29,36,46,75,240,370,3100,37000,38000,35955,125,23,56.7788477582908,5.8733089827001095,37977.30074101128,1198.0812126268947
1745996644,125,,Aggregated,97.400000,0.200000,23,25,29,36,46,75,240,370,3100,37000,38000,36056,125,23,56.72699939909519,5.8733089827001095,37977.30074101128,1198.0833148435765
1745996645,125,,Aggregated,99.800000,0.300000,23,25,29,36,46,75,240,370,3100,37000,38000,36171,125,23,56.62103319302685,5.8733089827001095,37977.30074101128,1197.98366094385
1745996646,125,,Aggregated,100.700000,0.300000,23,25,29,36,46,75,230,370,3100,37000,38000,36261,125,23,56.53974346271194,5.8733089827001095,37977.30074101128,1197.8075342654643
1745996647,126,,Aggregated,100.700000,0.300000,23,25,29,36,46,75,230,370,3100,37000,38000,36379,126,23,56.457576858603844,5.8733089827001095,37977.30074101128,1197.7390252618268
1745996648,126,,Aggregated,102.200000,0.200000,23,25,29,36,46,75,230,370,3100,37000,38000,36468,126,23,56.37183145064884,5.8733089827001095,37977.30074101128,1197.4740046067786
1745996649,126,,Aggregated,105.800000,0.300000,23,25,30,36,46,78,240,380,3100,37000,38000,36573,126,23,56.66505965020382,5.8733089827001095,37977.30074101128,1198.089300850354
1745996650,126,,Aggregated,102.900000,0.300000,23,25,30,36,46,78,240,380,3100,37000,38000,36676,126,23,56.595873211620734,5.8733089827001095,37977.30074101128,1198.0849056603774
1745996651,127,,Aggregated,103.200000,0.300000,23,25,30,36,46,77,240,380,3100,37000,38000,36776,126,23,56.51702253201495,5.8733089827001095,37977.30074101128,1197.6357407004568
1745996652,127,,Aggregated,104.000000,0.200000,23,25,30,36,46,77,240,370,3100,37000,38000,36886,126,23,56.42447994212795,5.8733089827001095,37977.30074101128,1197.705389578702
1745996653,127,,Aggregated,104.000000,0.200000,23,25,30,36,46,77,240,370,3100,37000,38000,36979,127,23,56.34950932061344,5.8733089827001095,37977.30074101128,1197.7396630520025
1745996654,127,,Aggregated,105.100000,0.200000,23,25,30,36,46,77,240,370,3100,37000,38000,37087,127,23,56.26619487244652,5.8733089827001095,37977.30074101128,1197.8897187693801
1745996655,128,,Aggregated,102.400000,0.200000,23,25,30,36,46,77,240,370,3100,37000,38000,37193,128,23,56.201664240204934,5.8733089827001095,37977.30074101128,1197.8014680181755
1745996656,128,,Aggregated,102.200000,0.200000,23,25,30,37,46,79,240,380,3100,37000,38000,37300,128,23,56.31163213710393,5.8733089827001095,37977.30074101128,1197.7495174262735
1745996657,128,,Aggregated,101.900000,0.300000,23,25,30,37,46,78,240,380,3100,37000,38000,37403,128,23,56.21814654535204,5.8733089827001095,37977.30074101128,1197.5086490388471
1745996658,128,,Aggregated,103.300000,0.300000,23,25,30,37,46,79,240,380,3100,37000,38000,37514,128,23,56.19574267890475,5.8733089827001095,37977.30074101128,1197.4784347177053
1745996659,129,,Aggregated,102.100000,0.200000,23,25,30,37,46,79,240,380,3100,37000,38000,37611,129,23,56.1444942912442,5.8733089827001095,37977.30074101128,1197.7056446252427
1745996660,129,,Aggregated,104.700000,0.200000,23,25,30,37,46,79,240,370,3100,37000,38000,37709,129,23,56.072367358055345,5.8733089827001095,37977.30074101128,1197.3869633244053
1745996661,129,,Aggregated,103.800000,0.300000,23,25,30,37,46,78,240,370,3100,37000,38000,37830,129,23,55.97010453129712,5.8733089827001095,37977.30074101128,1197.0672482157017
1745996662,129,,Aggregated,102.900000,0.300000,23,25,30,37,46,78,240,370,3100,37000,38000,37931,129,23,55.88000426851654,5.8733089827001095,37977.30074101128,1197.1087237352033
1745996663,130,,Aggregated,105.000000,0.300000,23,25,30,37,46,78,240,370,3100,37000,38000,38032,130,23,55.80130271996417,5.8733089827001095,37977.30074101128,1197.0400452250735
1745996664,130,,Aggregated,103.500000,0.300000,23,25,30,37,46,78,240,370,3100,37000,38000,38119,130,23,55.79156865687426,5.8733089827001095,37977.30074101128,1197.2581652194444
1745996665,130,,Aggregated,104.500000,0.300000,23,25,30,37,46,80,240,370,3100,37000,38000,38242,130,23,55.83572814631047,5.8733089827001095,37977.30074101128,1196.8573557868312
1745996666,130,,Aggregated,103.900000,0.300000,23,25,30,37,46,80,240,370,3100,37000,38000,38347,130,23,55.772096314267735,5.8733089827001095,37977.30074101128,1197.0066498031138
1745996667,131,,Aggregated,104.100000,0.200000,23,25,30,37,46,80,240,370,3100,37000,38000,38453,131,23,55.70932809698988,5.8733089827001095,37977.30074101128,1197.4741892700179
1745996668,131,,Aggregated,103.600000,0.200000,23,25,30,37,46,80,240,370,3100,37000,38000,38553,131,23,55.64035745288204,5.8733089827001095,37977.30074101128,1197.4342852696288
1745996669,131,,Aggregated,103.200000,0.300000,22,25,30,37,46,80,240,370,3100,37000,38000,38656,131,22,55.56252685293404,5.8733089827001095,37977.30074101128,1197.512236134106
1745996670,131,,Aggregated,102.500000,0.300000,22,25,30,37,46,80,240,370,3100,37000,38000,38757,131,22,55.49308924422506,5.8733089827001095,37977.30074101128,1197.4178858012747
1745996671,132,,Aggregated,102.800000,0.200000,22,25,30,37,46,79,240,370,3100,37000,38000,38861,132,22,55.40773251131142,5.8733089827001095,37977.30074101128,1197.5401816731428
1745996672,132,,Aggregated,104.700000,0.200000,22,25,30,37,46,79,240,370,3100,37000,38000,38978,132,22,55.36673122036864,5.8733089827001095,37977.30074101128,1197.5752732310534
1745996673,132,,Aggregated,103.000000,0.300000,22,25,30,37,46,79,240,370,2500,37000,38000,39070,132,22,55.32893710667213,5.8733089827001095,37977.30074101128,1197.563373432301
1745996674,132,,Aggregated,104.200000,0.300000,22,25,30,37,46,79,240,370,2500,37000,38000,39179,132,22,55.244820693369874,5.8733089827001095,37977.30074101128,1197.6961127134434
1745996675,133,,Aggregated,102.500000,0.200000,22,25,30,37,46,79,240,370,2500,37000,38000,39291,133,22,55.21775141450415,5.8733089827001095,37977.30074101128,1197.6796212873178
1745996676,133,,Aggregated,104.800000,0.200000,22,25,30,37,46,79,240,370,2500,37000,38000,39400,133,22,55.16372835864597,5.8733089827001095,37977.30074101128,1197.7443401015228
1745996677,133,,Aggregated,102.500000,0.300000,22,25,30,37,46,79,240,370,2500,37000,38000,39495,133,22,55.083822406326604,5.8733089827001095,37977.30074101128,1198.0245347512343
1745996678,133,,Aggregated,105.500000,0.300000,22,25,30,37,46,81,240,380,2500,37000,38000,39611,133,22,55.39919881117022,5.8733089827001095,37977.30074101128,1198.2729797278535
1745996679,134,,Aggregated,105.500000,0.200000,22,25,30,37,46,81,240,380,2500,37000,38000,39714,134,22,55.323665361301906,5.8733089827001095,37977.30074101128,1198.1002920884323
1745996680,134,,Aggregated,106.700000,0.200000,22,25,30,37,46,81,240,380,2500,37000,38000,39822,134,22,55.241415176792636,5.8733089827001095,37977.30074101128,1198.1463261513736
1745996681,134,,Aggregated,105.500000,0.300000,22,25,30,37,46,81,240,380,2500,37000,38000,39928,134,22,55.1808286244818,5.8733089827001095,37977.30074101128,1197.9851983570427
1745996682,134,,Aggregated,105.200000,0.300000,22,25,30,37,46,80,240,380,1900,37000,38000,40047,134,22,55.07578664717032,5.8733089827001095,37977.30074101128,1198.023222713312
1745996683,135,,Aggregated,106.700000,0.200000,22,25,30,37,46,80,240,380,1900,37000,38000,40158,135,22,54.99295341464827,5.8733089827001095,37977.30074101128,1198.2195079436226
1745996684,135,,Aggregated,106.600000,0.200000,22,25,30,37,46,83,250,380,1900,37000,38000,40274,135,22,55.15184370245884,5.8733089827001095,37977.30074101128,1198.2882256542682
1745996685,135,,Aggregated,109.000000,0.300000,22,25,30,37,46,83,250,380,1900,37000,38000,40355,135,22,55.11147358154516,5.8733089827001095,37977.30074101128,1198.1951926650972
1745996686,135,,Aggregated,106.400000,0.300000,22,25,30,37,46,83,250,380,1900,37000,38000,40477,135,22,55.09220683305677,5.8733089827001095,37977.30074101128,1198.4026237122316
1745996687,136,,Aggregated,107.600000,0.200000,22,25,30,37,46,84,240,380,1900,37000,38000,40597,136,22,55.03256476131893,5.8733089827001095,37977.30074101128,1198.6714535556814
1745996688,136,,Aggregated,106.400000,0.200000,22,25,30,37,46,83,240,380,1900,37000,38000,40692,136,22,54.956419579864395,5.8733089827001095,37977.30074101128,1198.5803352010223
1745996689,136,,Aggregated,109.300000,0.300000,22,25,30,37,46,83,240,380,1900,37000,38000,40822,136,22,54.86721858669867,5.8733089827001095,37977.30074101128,1198.5343197295576
1745996690,136,,Aggregated,106.000000,0.300000,22,25,30,37,46,83,240,380,1900,37000,38000,40930,136,22,54.78315694144871,5.8733089827001095,37977.30074101128,1198.6743220131932
1745996691,137,,Aggregated,110.600000,0.200000,22,25,30,37,46,83,240,380,1000,37000,38000,41046,136,22,54.76593536797471,5.8733089827001095,37977.30074101128,1198.9269843590118
1745996692,137,,Aggregated,110.500000,0.200000,22,25,30,37,46,83,240,380,1000,37000,38000,41145,137,22,54.688947650169695,5.8733089827001095,37977.30074101128,1198.7440272208046
1745996693,137,,Aggregated,108.500000,0.200000,22,25,30,37,46,83,240,370,1000,37000,38000,41263,137,22,54.62026910714872,5.8733089827001095,37977.30074101128,1198.810774786128
1745996694,137,,Aggregated,110.100000,0.300000,22,25,30,37,46,83,240,370,1000,37000,38000,41390,137,22,54.5335643719281,5.8733089827001095,37977.30074101128,1198.936868808891
1745996695,138,,Aggregated,110.400000,0.200000,22,25,30,37,46,82,240,370,1000,37000,38000,41494,138,22,54.454199929721476,5.8733089827001095,37977.30074101128,1198.8815491396347
1745996696,138,,Aggregated,113.900000,0.200000,22,25,30,37,46,82,240,370,1000,37000,38000,41598,138,22,54.38698174032753,5.8733089827001095,37977.30074101128,1198.5780085581036
1745996697,138,,Aggregated,113.700000,0.300000,22,25,31,37,47,86,250,380,1000,37000,38000,41707,138,22,54.726224739054175,5.8733089827001095,37977.30074101128,1198.6981322080226
1745996698,138,,Aggregated,113.000000,0.300000,22,25,31,37,47,88,250,380,1000,37000,38000,41812,138,22,54.88092693809652,5.8733089827001095,37977.30074101128,1198.5507031474217
1745996699,139,,Aggregated,109.600000,0.200000,22,25,31,37,47,88,250,380,1000,37000,38000,41900,138,22,54.82890429644265,5.8733089827001095,37977.30074101128,1198.733412887828
1745996700,139,,Aggregated,112.600000,0.200000,22,25,31,38,47,89,260,390,1000,37000,38000,42044,138,22,54.992836704117494,5.8733089827001095,37977.30074101128,1198.9351393777947
1745996701,139,,Aggregated,108.400000,0.200000,22,25,31,37,47,89,250,390,1000,37000,38000,42152,138,22,54.91204796841529,5.8733089827001095,37977.30074101128,1198.8553568039476
1745996702,139,,Aggregated,110.900000,0.200000,22,25,31,38,47,89,250,380,1000,37000,38000,42272,138,22,54.84596420720415,5.8733089827001095,37977.30074101128,1198.5653387585162
1745996703,140,,Aggregated,111.800000,0.200000,22,25,31,37,47,89,250,380,1000,37000,38000,42391,139,22,54.75395680366862,5.8733089827001095,37977.30074101128,1198.5937345191196
1745996704,140,,Aggregated,110.900000,0.100000,22,25,31,37,47,88,250,380,1000,37000,38000,42518,140,22,54.66318066285944,5.8733089827001095,37977.30074101128,1198.7344889223389
1745996705,140,,Aggregated,111.600000,0.200000,22,25,31,37,47,88,250,380,1000,37000,38000,42622,140,22,54.60105920608601,5.8733089827001095,37977.30074101128,1198.6869222467271
1745996706,140,,Aggregated,111.100000,0.200000,22,25,31,38,47,91,260,390,1000,37000,38000,42720,140,22,54.94241769462523,5.8733089827001095,37977.30074101128,1198.9027153558052
1745996707,141,,Aggregated,112.300000,0.200000,22,25,31,38,47,93,260,390,1000,37000,38000,42850,141,22,55.07406200445284,5.8733089827001095,37977.30074101128,1198.9459976662777
1745996708,141,,Aggregated,111.500000,0.200000,22,25,31,38,47,93,260,390,1000,37000,38000,42948,141,22,54.995471259906374,5.8733089827001095,37977.30074101128,1199.0319223246718
1745996709,141,,Aggregated,113.200000,0.300000,22,25,31,38,47,93,260,390,960,37000,38000,43078,141,22,54.911346482621276,5.8733089827001095,37977.30074101128,1199.0891174149217
1745996710,141,,Aggregated,112.700000,0.300000,22,25,31,38,47,92,260,390,960,37000,38000,43181,141,22,54.83497423476252,5.8733089827001095,37977.30074101128,1199.329519927746
1745996711,142,,Aggregated,115.000000,0.300000,22,25,31,38,47,92,260,390,960,37000,38000,43295,141,22,54.759171231892786,5.8733089827001095,37977.30074101128,1199.4771451668785
1745996712,142,,Aggregated,112.600000,0.300000,22,25,31,38,47,93,260,390,960,37000,38000,43400,142,22,54.79476905016932,5.8733089827001095,37977.30074101128,1199.7524193548388
1745996713,142,,Aggregated,113.800000,0.300000,22,25,31,38,47,93,260,390,960,37000,38000,43514,142,22,54.757579000858165,5.8733089827001095,37977.30074101128,1200.1350369995864
1745996714,142,,Aggregated,111.400000,0.400000,22,25,31,38,47,93,260,390,960,37000,38000,43615,142,22,54.68836196220042,5.8733089827001095,37977.30074101128,1200.0116015132407
1745996715,143,,Aggregated,111.100000,0.300000,22,25,31,38,47,93,260,390,960,37000,38000,43690,143,22,54.68278331965064,5.8733089827001095,37977.30074101128,1200.3747768368048
1745996716,143,,Aggregated,110.800000,0.300000,22,25,32,38,48,96,270,400,1000,37000,38000,43832,143,22,55.340431810450674,5.8733089827001095,37977.30074101128,1200.2900848695017
1745996717,143,,Aggregated,109.700000,0.300000,22,25,32,38,48,96,270,400,1000,37000,38000,43940,143,22,55.47782368017984,5.8733089827001095,37977.30074101128,1200.2513427401002
1745996718,143,,Aggregated,110.300000,0.300000,22,25,32,38,48,96,270,400,1000,37000,38000,44055,143,22,55.39013029575274,5.8733089827001095,37977.30074101128,1200.3531948700488
1745996719,144,,Aggregated,109.600000,0.200000,22,25,32,38,48,97,270,410,1000,37000,38000,44181,144,22,55.545511720456055,5.8733089827001095,37977.30074101128,1200.2237839795387
1745996720,144,,Aggregated,109.600000,0.200000,22,25,32,38,48,97,270,410,1000,37000,38000,44272,144,22,55.471759430709795,5.8733089827001095,37977.30074101128,1200.039031441995
1745996721,144,,Aggregated,110.100000,0.300000,22,25,32,38,48,98,270,410,1000,37000,38000,44406,144,22,55.60286459247177,5.8733089827001095,37977.30074101128,1200.3708507859299
1745996722,144,,Aggregated,110.900000,0.300000,22,25,32,38,48,98,270,410,1000,37000,38000,44516,144,22,55.525432236592884,5.8733089827001095,37977.30074101128,1200.352030730524
1745996723,145,,Aggregated,110.000000,0.300000,22,25,32,38,48,98,270,410,1000,37000,38000,44645,144,22,55.42894596310001,5.8733089827001095,37977.30074101128,1200.263545749804
1745996724,145,,Aggregated,113.000000,0.200000,22,25,32,38,48,98,270,410,1000,37000,38000,44767,144,22,55.34276344473078,5.8733089827001095,37977.30074101128,1200.0998503361852
1745996725,145,,Aggregated,111.300000,0.200000,22,25,32,38,48,97,270,410,1000,37000,38000,44892,145,22,55.256382332278314,5.8733089827001095,37977.30074101128,1200.196337877573
1745996726,145,,Aggregated,113.200000,0.200000,22,25,32,38,48,98,270,410,1000,37000,38000,44994,145,22,55.234426327743805,5.8733089827001095,37977.30074101128,1199.9930212917277
1745996727,146,,Aggregated,114.900000,0.100000,22,25,32,38,48,98,270,410,980,37000,38000,45110,145,22,55.258415464356844,5.8733089827001095,37977.30074101128,1200.1613611172688
1745996728,146,,Aggregated,114.000000,0.200000,22,25,32,38,48,98,270,410,980,37000,38000,45214,145,22,55.19503248868778,5.8733089827001095,37977.30074101128,1200.274693678949
1745996729,146,,Aggregated,116.500000,0.200000,22,25,32,38,48,98,270,410,980,37000,38000,45347,146,22,55.10043738548342,5.8733089827001095,37977.30074101128,1199.9632831278805
1745996730,146,,Aggregated,115.900000,0.200000,22,25,32,38,48,98,270,410,980,37000,38000,45489,146,22,55.017521356187686,5.8733089827001095,37977.30074101128,1199.9652003781134
1745996731,147,,Aggregated,115.400000,0.100000,22,25,32,38,48,98,270,400,980,37000,38000,45590,146,22,54.9506628686639,5.8733089827001095,37977.30074101128,1199.793989910068
1745996732,147,,Aggregated,117.900000,0.200000,22,25,32,38,48,98,270,400,980,37000,38000,45698,146,22,54.88981335977956,5.8733089827001095,37977.30074101128,1199.863188760996
1745996733,147,,Aggregated,117.900000,0.200000,22,25,32,38,49,98,270,400,980,37000,38000,45824,146,22,54.93223522954298,5.8733089827001095,37977.30074101128,1199.5429251047485
1745996734,147,,Aggregated,116.900000,0.200000,22,25,32,38,49,98,270,400,980,37000,38000,45954,147,22,54.92448903285016,5.8733089827001095,37977.30074101128,1199.6625538582061
1745996735,148,,Aggregated,119.700000,0.200000,22,25,32,39,49,99,270,400,970,37000,38000,46072,148,22,54.93212835073553,5.8733089827001095,37977.30074101128,1199.4845459281125
1745996736,148,,Aggregated,117.500000,0.300000,22,25,32,39,49,99,270,400,970,37000,38000,46189,148,22,54.89878021076587,5.8733089827001095,37977.30074101128,1199.6068544458637
1745996737,148,,Aggregated,116.300000,0.400000,22,25,32,39,49,98,270,400,970,37000,38000,46307,148,22,54.82939474507408,5.8733089827001095,37977.30074101128,1199.813008832358
1745996738,148,,Aggregated,120.200000,0.300000,22,25,32,39,49,99,270,400,970,37000,38000,46431,148,22,54.77183754861769,5.8733089827001095,37977.30074101128,1199.822381598501
1745996739,149,,Aggregated,116.400000,0.300000,22,25,33,39,49,100,270,400,970,37000,38000,46566,149,22,54.8583625897099,5.8733089827001095,37977.30074101128,1199.7398316368165
1745996740,149,,Aggregated,120.000000,0.300000,22,25,33,39,49,99,270,400,970,37000,38000,46679,149,22,54.787523028057485,5.8733089827001095,37977.30074101128,1199.9370166456008
1745996741,149,,Aggregated,121.000000,0.400000,22,25,33,39,49,99,270,400,970,37000,38000,46794,149,22,54.720669072591484,5.8733089827001095,37977.30074101128,1199.861050562038
1745996742,149,,Aggregated,119.400000,0.300000,22,25,33,39,49,100,270,400,970,37000,38000,46905,149,22,54.766032390532544,5.8733089827001095,37977.30074101128,1200.0349642895214
1745996743,150,,Aggregated,118.000000,0.300000,22,25,33,39,49,100,270,400,960,37000,38000,47038,150,22,54.684778205771266,5.8733089827001095,37977.30074101128,1199.874909647519
1745996744,150,,Aggregated,118.900000,0.300000,22,25,33,39,49,100,270,400,960,37000,38000,47152,150,22,54.61450401146821,5.8733089827001095,37977.30074101128,1199.9265354597896
1745996745,150,,Aggregated,118.900000,0.400000,22,25,33,39,49,100,270,400,960,37000,38000,47249,150,22,54.56318061762504,5.8733089827001095,37977.30074101128,1199.8206734534065
1745996746,150,,Aggregated,119.000000,0.300000,22,25,33,39,50,100,270,400,960,37000,38000,47365,150,22,54.8607554544496,5.8733089827001095,37977.30074101128,1199.736472078539
1745996747,151,,Aggregated,121.000000,0.200000,22,25,33,39,51,100,270,410,960,37000,38000,47471,151,22,55.28038452981486,5.8733089827001095,37977.30074101128,1199.8770407195973
1745996748,151,,Aggregated,116.800000,0.200000,22,25,33,39,51,100,280,430,960,37000,38000,47580,151,22,55.700079982718805,5.8733089827001095,37977.30074101128,1200.0270071458597
1745996749,151,,Aggregated,119.000000,0.300000,22,25,33,39,51,100,280,430,960,37000,38000,47711,151,22,55.634162783940646,5.8733089827001095,37977.30074101128,1199.9527991448513
1745996750,151,,Aggregated,115.800000,0.300000,22,25,33,39,51,100,280,430,960,37000,38000,47836,151,22,55.56589313643645,5.8733089827001095,37977.30074101128,1200.0390082782842
1745996751,152,,Aggregated,112.900000,0.200000,22,25,33,39,51,100,280,430,960,37000,38000,47938,151,22,55.60270521297182,5.8733089827001095,37977.30074101128,1200.0330009595727
1745996752,152,,Aggregated,114.300000,0.200000,22,26,34,39,52,100,290,440,950,37000,38000,48051,151,22,56.138551881075664,5.8733089827001095,37977.30074101128,1199.9360263053838
1745996753,152,,Aggregated,116.900000,0.200000,22,26,34,39,53,100,290,440,950,37000,38000,48171,152,22,56.21280457793593,5.8733089827001095,37977.30074101128,1199.7999211143633
1745996754,152,,Aggregated,110.600000,0.200000,22,26,34,39,53,100,290,440,950,37000,38000,48279,152,22,56.259206189007976,5.8733089827001095,37977.30074101128,1199.9902649184946
1745996755,153,,Aggregated,114.200000,0.200000,22,26,34,39,53,100,290,440,950,37000,38000,48420,153,22,56.18893501036429,5.8733089827001095,37977.30074101128,1199.6365964477488
1745996756,153,,Aggregated,112.000000,0.200000,22,26,34,39,53,100,290,440,950,37000,38000,48555,153,22,56.14480630921139,5.8733089827001095,37977.30074101128,1199.7174544331172
1745996757,153,,Aggregated,113.500000,0.300000,22,26,34,40,53,100,290,440,950,37000,38000,48664,153,22,56.15426999276012,5.8733089827001095,37977.30074101128,1199.722320401118
1745996758,153,,Aggregated,116.700000,0.300000,22,26,34,40,54,110,300,440,950,37000,38000,48793,153,22,56.264543044667626,5.8733089827001095,37977.30074101128,1199.715266534134
1745996759,154,,Aggregated,116.500000,0.200000,22,26,34,40,54,100,290,440,950,37000,38000,48944,154,22,56.187591278716724,5.8733089827001095,37977.30074101128,1199.473643347499
1745996760,154,,Aggregated,120.300000,0.200000,22,26,34,40,54,100,290,440,950,37000,38000,49065,154,22,56.12616053192841,5.8733089827001095,37977.30074101128,1199.5878732293895
1745996761,154,,Aggregated,121.900000,0.300000,22,26,34,40,55,100,290,440,950,37000,38000,49194,154,22,56.10730250418056,5.8733089827001095,37977.30074101128,1199.503516689027
1745996762,154,,Aggregated,121.300000,0.300000,22,26,34,40,55,100,290,440,950,37000,38000,49308,154,22,56.07414631749812,5.8733089827001095,37977.30074101128,1199.4168694735133
1745996763,155,,Aggregated,122.600000,0.300000,22,26,34,40,55,100,290,440,950,37000,38000,49427,155,22,55.99543106051008,5.8733089827001095,37977.30074101128,1199.2471321342587
1745996764,155,,Aggregated,129.200000,0.300000,22,26,34,40,55,110,290,440,950,37000,38000,49564,155,22,55.98102813808055,5.8733089827001095,37977.30074101128,1199.2466911468
1745996765,155,,Aggregated,124.400000,0.300000,22,26,34,40,57,110,300,440,950,37000,38000,49681,155,22,56.18526530284296,5.8733089827001095,37977.30074101128,1199.2866488194682
1745996766,155,,Aggregated,129.100000,0.300000,23,26,34,40,59,110,300,450,950,37000,38000,49801,155,23,56.522871588182184,5.8733089827001095,37977.30074101128,1199.4762354169595
1745996767,156,,Aggregated,126.200000,0.200000,23,26,35,40,60,110,310,460,950,37000,38000,49916,156,23,56.82516737927045,5.8733089827001095,37977.30074101128,1199.4514584501962
1745996768,156,,Aggregated,124.800000,0.200000,23,26,35,40,60,110,310,460,940,37000,38000,50026,156,23,56.810166646672776,5.8733089827001095,37977.30074101128,1199.5329228801024
1745996769,156,,Aggregated,125.000000,0.300000,23,26,35,40,61,110,310,460,940,37000,38000,50123,156,23,56.893118445834354,5.8733089827001095,37977.30074101128,1199.8320930510943
1745996770,156,,Aggregated,122.500000,0.300000,23,26,35,40,62,110,320,470,940,37000,38000,50231,156,23,57.324084431193384,5.8733089827001095,37977.30074101128,1199.395234018833
1745996771,157,,Aggregated,122.600000,0.200000,23,26,35,40,64,110,320,480,940,37000,38000,50382,157,23,57.671768471106844,5.8733089827001095,37977.30074101128,1199.4701480687547
1745996772,157,,Aggregated,119.300000,0.200000,23,26,35,41,64,110,320,480,940,37000,38000,50498,157,23,57.66038027752972,5.8733089827001095,37977.30074101128,1199.2834765733296
1745996773,157,,Aggregated,117.400000,0.300000,23,26,35,41,65,110,320,480,940,37000,38000,50633,157,23,57.650717293209304,5.8733089827001095,37977.30074101128,1199.1466237434086
1745996774,157,,Aggregated,116.100000,0.300000,23,26,35,41,65,110,320,480,940,37000,38000,50764,157,23,57.56133274051867,5.8733089827001095,37977.30074101128,1199.3342723189662
1745996775,158,,Aggregated,119.200000,0.200000,23,26,35,41,64,110,320,480,940,37000,38000,50887,157,23,57.48747259481546,5.8733089827001095,37977.30074101128,1199.4655806001533
1745996776,158,,Aggregated,117.600000,0.200000,23,26,35,41,64,110,320,470,920,37000,38000,51003,157,23,57.42168470671743,5.8733089827001095,37977.30074101128,1199.6264337391917
1745996777,158,,Aggregated,118.900000,0.200000,23,26,35,41,64,110,320,470,920,37000,38000,51138,158,23,57.37131568000493,5.8733089827001095,37977.30074101128,1199.5977942039187
1745996778,158,,Aggregated,119.000000,0.200000,23,26,35,41,66,110,320,480,920,37000,38000,51260,158,23,57.66692205871009,5.8733089827001095,37977.30074101128,1199.5897580959813
1745996779,159,,Aggregated,118.900000,0.200000,23,26,36,41,68,110,330,480,920,37000,38000,51397,158,23,57.89685434270808,5.8733089827001095,37977.30074101128,1199.5619199564178
1745996780,159,,Aggregated,121.800000,0.200000,23,26,36,41,67,110,330,480,920,37000,38000,51513,158,23,57.84327479564001,5.8733089827001095,37977.30074101128,1199.6435851144372
1745996781,159,,Aggregated,122.800000,0.200000,23,26,36,41,67,110,330,480,920,37000,38000,51639,158,23,57.76948399941106,5.8733089827001095,37977.30074101128,1199.6802610430102
1745996782,159,,Aggregated,126.100000,0.200000,23,26,36,41,68,110,330,480,920,37000,38000,51774,159,23,57.73275415907308,5.8733089827001095,37977.30074101128,1199.647564414571
1745996783,160,,Aggregated,125.000000,0.100000,23,26,36,41,69,110,330,480,920,37000,38000,51886,159,23,57.94133989147068,5.8733089827001095,37977.30074101128,1199.5860733145742
1745996784,160,,Aggregated,128.200000,0.200000,23,26,36,41,70,110,340,480,920,37000,38000,52012,160,23,58.18101231108397,5.8733089827001095,37977.30074101128,1199.80425670999
1745996785,160,,Aggregated,124.900000,0.200000,23,26,36,41,71,110,340,480,920,37000,38000,52118,160,23,58.16276401284019,5.8733089827001095,37977.30074101128,1199.9746728577459
1745996786,161,,Aggregated,124.000000,0.200000,23,26,36,41,72,120,340,480,920,37000,38000,52225,160,23,58.346220752778926,5.8733089827001095,37977.30074101128,1200.0230923887027
1745996787,161,,Aggregated,123.800000,0.300000,23,26,36,41,74,120,340,490,930,37000,38000,52382,160,23,58.771222690059,5.8733089827001095,37977.30074101128,1199.7720018326906
1745996788,161,,Aggregated,123.100000,0.300000,23,26,36,41,74,120,340,490,930,37000,38000,52501,160,23,58.69145374134727,5.8733089827001095,37977.30074101128,1199.8388030704177
1745996789,161,,Aggregated,123.200000,0.200000,23,26,36,41,73,120,340,490,930,37000,38000,52610,160,23,58.64635393477292,5.8733089827001095,37977.30074101128,1199.9879870747006
1745996790,162,,Aggregated,123.600000,0.200000,23,26,36,42,74,120,340,490,930,37000,38000,52740,162,23,58.77035718024392,5.8733089827001095,37977.30074101128,1199.8272279105045
1745996791,162,,Aggregated,122.000000,0.200000,23,26,37,42,76,130,340,480,930,37000,38000,52870,162,23,58.90408985826981,5.8733089827001095,37977.30074101128,1199.7510119160204
1745996792,162,,Aggregated,120.600000,0.300000,23,26,37,42,77,130,340,480,930,37000,38000,52993,162,23,58.94508956518848,5.8733089827001095,37977.30074101128,1199.699281037118
1745996793,162,,Aggregated,124.700000,0.400000,23,26,37,42,77,130,340,480,930,37000,38000,53133,162,23,58.85719833921418,5.8733089827001095,37977.30074101128,1199.899968004818
1745996794,163,,Aggregated,121.700000,0.300000,23,26,37,42,77,130,340,480,930,37000,38000,53272,163,23,58.885273367239876,5.8733089827001095,37977.30074101128,1200.025022525905
1745996795,163,,Aggregated,122.600000,0.300000,23,26,37,42,77,130,340,480,930,37000,38000,53383,163,23,58.905848274055245,5.8733089827001095,37977.30074101128,1199.9722196204784
1745996796,163,,Aggregated,124.200000,0.400000,23,26,37,42,78,130,340,480,930,37000,38000,53530,163,23,58.95041810291564,5.8733089827001095,37977.30074101128,1200.0764057537829
1745996797,163,,Aggregated,125.800000,0.300000,23,27,37,42,78,130,340,480,930,37000,38000,53644,163,23,59.000016709675016,5.8733089827001095,37977.30074101128,1199.9058795019014
1745996798,164,,Aggregated,127.500000,0.300000,23,27,37,42,80,130,340,480,930,37000,38000,53780,163,23,59.074578407010485,5.8733089827001095,37977.30074101128,1200.103551506136
1745996799,164,,Aggregated,128.900000,0.300000,23,27,37,42,80,130,340,480,930,37000,38000,53916,163,23,59.150066879381605,5.8733089827001095,37977.30074101128,1200.0124638326286
1745996800,164,,Aggregated,125.000000,0.300000,23,27,37,42,80,130,340,480,920,37000,38000,54040,163,23,59.064547180371854,5.453611025586724,37977.30074101128,1199.8195225758698
1745996801,164,,Aggregated,127.500000,0.300000,23,27,37,42,81,130,340,480,920,37000,38000,54191,163,23,59.02144750569966,5.453611025586724,37977.30074101128,1199.7420604897493
1745996802,165,,Aggregated,129.000000,0.200000,23,27,37,42,80,130,340,480,920,37000,38000,54312,165,23,58.945798723504566,5.453611025586724,37977.30074101128,1199.5904956547356
1745996803,165,,Aggregated,127.600000,0.100000,23,27,37,42,80,130,340,480,920,37000,38000,54450,165,23,58.89793114240655,5.453611025586724,37977.30074101128,1199.7769513314968
1745996804,165,,Aggregated,130.600000,0.200000,23,27,37,42,80,130,340,480,920,37000,38000,54584,165,23,58.8139110099927,5.453611025586724,37977.30074101128,1199.6565843470614
1745996805,165,,Aggregated,130.200000,0.300000,23,27,37,42,81,130,340,480,920,37000,38000,54714,165,23,58.81231341119905,5.453611025586724,37977.30074101128,1199.4188873048945
1745996806,166,,Aggregated,131.500000,0.200000,23,27,37,42,82,130,340,480,920,37000,38000,54842,166,23,58.97411849900342,5.453611025586724,37977.30074101128,1199.433609277561
1745996807,166,,Aggregated,129.800000,0.200000,23,27,38,42,83,140,340,480,920,37000,38000,54966,166,23,59.057136535070754,5.453611025586724,37977.30074101128,1199.2505003092822
1745996808,166,,Aggregated,131.600000,0.200000,23,27,38,43,85,140,350,480,920,37000,38000,55079,166,23,59.31064559955647,5.453611025586724,37977.30074101128,1199.0706258283556
1745996809,166,,Aggregated,130.400000,0.300000,23,27,38,43,85,140,350,480,920,37000,38000,55242,166,23,59.31020706710544,5.453611025586724,37977.30074101128,1198.9264146844791
1745996810,167,,Aggregated,131.800000,0.300000,23,27,38,43,85,140,340,480,920,37000,38000,55367,167,23,59.28030289691873,5.453611025586724,37977.30074101128,1199.0292412447848
1745996811,167,,Aggregated,129.800000,0.300000,23,27,38,43,85,140,340,480,920,37000,38000,55508,167,23,59.22583399162813,5.453611025586724,37977.30074101128,1198.8927541975931
1745996812,167,,Aggregated,132.300000,0.300000,23,27,38,43,85,140,340,480,920,37000,38000,55646,167,23,59.15888196716878,5.453611025586724,37977.30074101128,1198.9785069906193
1745996813,167,,Aggregated,132.800000,0.400000,23,27,38,43,85,140,340,480,920,37000,38000,55768,167,23,59.14253752882522,5.453611025586724,37977.30074101128,1198.8575347869746
1745996814,168,,Aggregated,131.000000,0.300000,23,27,38,43,87,150,350,480,920,37000,38000,55898,168,23,59.42009564505804,5.453611025586724,37977.30074101128,1198.880156714015
1745996815,168,,Aggregated,132.200000,0.200000,23,27,38,43,88,150,350,490,910,37000,38000,56015,168,23,59.816440571314665,5.453611025586724,37977.30074101128,1198.942069088637
1745996817,168,,Aggregated,130.200000,0.200000,23,27,38,43,89,160,360,490,910,37000,38000,56146,168,23,60.18321902212449,5.453611025586724,37977.30074101128,1198.6928899654472
1745996818,168,,Aggregated,130.800000,0.300000,23,27,38,43,90,160,360,500,910,37000,38000,56271,168,23,60.48312612071793,5.453611025586724,37977.30074101128,1198.772529366814
1745996819,169,,Aggregated,129.400000,0.200000,23,27,38,43,90,160,360,500,910,37000,38000,56390,169,23,60.4082048006437,5.453611025586724,37977.30074101128,1198.6909558432346
1745996820,169,,Aggregated,129.400000,0.200000,23,27,38,43,90,160,360,500,910,37000,38000,56539,169,23,60.36036927848067,5.453611025586724,37977.30074101128,1198.8034807831762
1745996821,169,,Aggregated,129.800000,0.300000,23,27,39,43,91,170,370,500,910,37000,38000,56636,169,23,60.7422262974356,5.453611025586724,37977.30074101128,1198.9767992089837
1745996822,169,,Aggregated,129.800000,0.300000,23,27,39,44,92,180,370,500,920,37000,38000,56779,169,23,61.24593365567872,5.453611025586724,37977.30074101128,1198.8807305517885
1745996823,170,,Aggregated,124.500000,0.200000,23,27,39,44,93,180,370,500,920,37000,38000,56919,169,23,61.34772168978788,5.453611025586724,37977.30074101128,1198.8447442857394
1745996824,170,,Aggregated,124.500000,0.200000,23,28,39,44,93,180,370,500,920,37000,38000,57041,169,23,61.401822734559005,5.453611025586724,37977.30074101128,1198.9744219070494
1745996825,170,,Aggregated,126.800000,0.200000,23,28,39,44,93,180,370,500,920,37000,38000,57185,169,23,61.398400526350144,5.453611025586724,37977.30074101128,1199.1459823380258
1745996826,170,,Aggregated,127.300000,0.200000,23,28,39,44,93,180,370,500,920,37000,38000,57304,169,23,61.32114646612767,5.453611025586724,37977.30074101128,1199.2506631299734
1745996827,171,,Aggregated,127.300000,0.200000,23,28,39,44,93,180,370,510,920,37000,38000,57415,170,23,61.40151726747267,5.453611025586724,37977.30074101128,1199.1402769311155
1745996828,171,,Aggregated,127.800000,0.100000,23,28,39,44,94,180,380,510,1000,37000,38000,57548,170,23,61.8673365669374,5.453611025586724,37977.30074101128,1198.9352888023911
1745996829,171,,Aggregated,128.100000,0.100000,23,28,39,44,95,190,380,520,1200,37000,38000,57662,170,23,62.38636516370165,5.453611025586724,37977.30074101128,1199.0952273594396
1745996830,171,,Aggregated,127.700000,0.200000,23,28,39,44,95,190,390,530,1200,37000,38000,57798,170,23,62.71294702949012,5.453611025586724,37977.30074101128,1199.3281774455863
1745996831,172,,Aggregated,127.400000,0.100000,23,28,39,44,96,190,390,530,1200,37000,38000,57938,171,23,62.77213409235806,5.453611025586724,37977.30074101128,1199.2064448203253
1745996832,172,,Aggregated,124.600000,0.100000,23,28,40,44,96,190,390,530,1200,37000,38000,58067,172,23,62.73710968404141,5.453611025586724,37977.30074101128,1199.3671620714003
1745996833,172,,Aggregated,130.200000,0.200000,23,28,40,44,96,190,380,530,1200,37000,38000,58207,172,23,62.717055240841525,5.453611025586724,37977.30074101128,1199.470098098167
1745996834,172,,Aggregated,128.200000,0.300000,23,28,40,44,96,190,380,530,1200,37000,38000,58345,172,23,62.6632701051785,5.453611025586724,37977.30074101128,1199.5052018167794
1745996835,173,,Aggregated,128.000000,0.300000,23,28,40,44,96,190,380,530,1200,37000,38000,58492,173,23,62.57331672591229,5.453611025586724,37977.30074101128,1199.5573582712166
1745996836,173,,Aggregated,128.600000,0.300000,23,28,40,44,96,190,380,530,1200,37000,38000,58606,173,23,62.532346780894265,5.453611025586724,37977.30074101128,1199.3726069003174
1745996837,173,,Aggregated,130.400000,0.400000,23,28,40,45,96,190,380,530,1200,37000,38000,58734,173,23,62.66031988560221,5.453611025586724,37977.30074101128,1199.6070589437122
1745996838,173,,Aggregated,130.400000,0.400000,23,28,40,45,97,190,390,530,1200,37000,38000,58899,173,23,62.99322849353526,5.453611025586724,37977.30074101128,1199.2459464507037
1745996839,174,,Aggregated,129.800000,0.300000,23,28,40,45,97,190,390,530,1200,37000,38000,59010,174,23,63.15142716739359,5.453611025586724,37977.30074101128,1199.1948483307915
1745996840,174,,Aggregated,133.600000,0.300000,23,28,40,45,98,190,390,540,1200,37000,38000,59150,174,23,63.49996080998385,5.453611025586724,37977.30074101128,1198.9888250211327
1745996841,174,,Aggregated,133.000000,0.400000,23,29,40,45,98,190,390,550,1200,37000,38000,59261,174,23,63.76428320644639,5.453611025586724,37977.30074101128,1198.9471828015053
1745996842,174,,Aggregated,135.700000,0.400000,23,29,40,45,98,190,400,550,1200,37000,38000,59396,174,23,63.87987717060382,5.453611025586724,37977.30074101128,1199.302916021281
1745996843,175,,Aggregated,131.700000,0.300000,23,29,40,45,98,190,390,550,1200,37000,38000,59515,175,23,63.83133619072062,5.453611025586724,37977.30074101128,1199.1636226161472
1745996844,175,,Aggregated,131.400000,0.200000,23,29,40,45,98,190,400,550,1200,37000,38000,59670,175,23,64.01145967722934,5.453611025586724,37977.30074101128,1199.2342047930283
1745996845,175,,Aggregated,131.700000,0.300000,23,29,41,46,99,200,400,550,1200,37000,38000,59799,175,23,64.22221069875803,5.453611025586724,37977.30074101128,1199.1615578855833
1745996846,175,,Aggregated,133.500000,0.300000,23,29,41,46,99,200,400,550,1200,37000,38000,59922,175,23,64.45895193845416,5.453611025586724,37977.30074101128,1199.249390874804
1745996847,176,,Aggregated,130.700000,0.200000,23,29,41,46,99,200,400,560,1100,37000,38000,60060,175,23,64.72460201182308,5.453611025586724,37977.30074101128,1199.0221445221446
1745996848,176,,Aggregated,130.800000,0.200000,23,30,41,46,100,200,410,560,1100,37000,38000,60176,175,23,64.93541079091344,5.453611025586724,37977.30074101128,1199.157288620048
1745996849,176,,Aggregated,133.100000,0.200000,23,30,41,46,100,200,410,560,1100,37000,38000,60335,176,23,65.07286527101081,5.453611025586724,37977.30074101128,1199.0959973481395
1745996850,176,,Aggregated,127.200000,0.200000,23,30,41,46,100,200,410,560,1100,37000,38000,60463,176,23,65.06383990308528,5.453611025586724,37977.30074101128,1198.950250566462
1745996851,177,,Aggregated,132.000000,0.100000,23,30,41,47,100,200,410,560,1100,37000,38000,60606,177,23,65.26632632962745,5.453611025586724,37977.30074101128,1199.1377091377092
1745996852,177,,Aggregated,131.300000,0.200000,23,30,41,47,100,200,420,560,1100,37000,38000,60736,177,23,65.58273696005635,5.453611025586724,37977.30074101128,1199.016036617492
1745996853,177,,Aggregated,133.700000,0.300000,23,30,42,47,100,200,420,570,1100,37000,38000,60857,177,23,65.88318439814097,5.453611025586724,37977.30074101128,1198.9483872027868
1745996854,177,,Aggregated,133.700000,0.300000,23,30,42,47,100,200,430,570,1200,37000,38000,60960,177,23,66.43955907558676,5.453611025586724,37977.30074101128,1199.1031167979002
1745996855,178,,Aggregated,132.800000,0.200000,23,31,42,48,100,210,430,580,1200,37000,38000,61094,178,23,67.00476366887405,5.453611025586724,37977.30074101128,1198.766801977281
1745996856,178,,Aggregated,126.600000,0.200000,23,31,42,48,100,210,440,580,1200,37000,38000,61206,178,23,67.37896515793503,5.453611025586724,37977.30074101128,1198.7462013528086
1745996857,178,,Aggregated,129.000000,0.300000,23,31,42,48,100,210,440,590,1200,37000,38000,61325,178,23,67.71638415532875,5.453611025586724,37977.30074101128,1198.6040114145944
1745996858,178,,Aggregated,127.200000,0.300000,23,31,42,48,100,210,450,600,1200,37000,38000,61454,178,23,68.23858424951187,5.453611025586724,37977.30074101128,1198.6772057148437
1745996859,179,,Aggregated,126.300000,0.300000,23,31,42,48,100,210,450,600,1200,37000,38000,61607,178,23,68.75242080720433,5.453611025586724,37977.30074101128,1199.0429334328892
1745996860,179,,Aggregated,127.400000,0.300000,23,31,42,48,100,210,450,600,1200,37000,38000,61721,178,23,68.7151169052997,5.453611025586724,37977.30074101128,1198.8949952204275
1745996861,179,,Aggregated,126.200000,0.300000,23,32,42,49,100,210,450,600,1200,37000,38000,61880,179,23,68.70919595170452,5.453611025586724,37977.30074101128,1198.651567550097
1745996862,179,,Aggregated,123.000000,0.200000,23,32,42,49,100,210,460,610,1200,37000,38000,62014,179,23,68.82695768280995,5.453611025586724,37977.30074101128,1198.6225690973006
1745996863,180,,Aggregated,125.400000,0.100000,23,32,43,49,100,210,460,620,1200,37000,38000,62139,180,23,69.2008621843089,5.453611025586724,37977.30074101128,1198.5311800962359
1745996864,180,,Aggregated,126.100000,0.200000,23,32,43,49,100,210,470,620,1200,37000,38000,62272,180,23,69.5512519269034,5.453611025586724,37977.30074101128,1198.4868319630011
1745996865,180,,Aggregated,126.000000,0.300000,23,32,43,49,100,210,470,620,1200,37000,38000,62416,180,23,69.65747519259686,5.453611025586724,37977.30074101128,1198.398311330428
1745996866,180,,Aggregated,129.500000,0.300000,23,32,43,50,100,210,470,620,1200,37000,38000,62540,180,23,69.69502255541913,5.453611025586724,37977.30074101128,1198.240805884234
1745996867,181,,Aggregated,130.100000,0.200000,23,32,43,50,100,220,470,620,1200,37000,38000,62691,181,23,69.91140771539438,5.453611025586724,37977.30074101128,1198.1107335981242
1745996868,181,,Aggregated,132.000000,0.200000,23,32,43,50,100,220,470,630,1200,37000,38000,62840,181,23,70.0646225535416,5.453611025586724,37977.30074101128,1197.960630171865
1745996869,181,,Aggregated,132.700000,0.300000,23,33,43,51,100,220,470,630,1200,37000,38000,62978,181,23,70.0761373968606,5.453611025586724,37977.30074101128,1198.045031598336
1745996870,181,,Aggregated,136.600000,0.300000,23,33,43,51,110,220,470,630,1200,37000,38000,63095,181,23,70.32266484991726,5.453611025586724,37977.30074101128,1197.960123623108
1745996871,182,,Aggregated,136.000000,0.300000,23,33,43,52,110,220,470,630,1200,37000,38000,63234,182,23,70.62837570510027,5.453611025586724,37977.30074101128,1197.9976278584306
1745996872,182,,Aggregated,137.300000,0.300000,23,33,44,53,110,230,480,630,1200,37000,38000,63350,182,23,70.89460653241873,5.453611025586724,37977.30074101128,1198.0578531965273
1745996873,182,,Aggregated,136.000000,0.400000,23,33,44,53,110,230,480,630,1200,37000,38000,63479,182,23,71.15758217075165,5.453611025586724,37977.30074101128,1198.2277918681768
1745996874,182,,Aggregated,134.000000,0.300000,23,33,44,54,110,230,490,640,1200,37000,38000,63612,182,23,71.5183761293409,5.453611025586724,37977.30074101128,1198.2268754323084
1745996875,183,,Aggregated,135.500000,0.200000,23,34,44,54,110,230,490,640,1200,37000,38000,63764,183,23,71.7215244570328,5.453611025586724,37977.30074101128,1198.3824258202121
1745996876,183,,Aggregated,135.100000,0.200000,23,34,44,54,110,230,490,640,1200,37000,38000,63925,183,23,71.68254265155589,5.453611025586724,37977.30074101128,1197.9771607352366
1745996877,183,,Aggregated,134.300000,0.300000,23,34,44,55,110,230,490,640,1200,37000,38000,64061,183,23,71.70887563615142,5.453611025586724,37977.30074101128,1197.938964424533
1745996878,183,,Aggregated,137.500000,0.300000,23,34,44,55,110,230,490,640,1200,37000,38000,64213,183,23,71.67580490643608,5.453611025586724,37977.30074101128,1197.87438680641
1745996879,184,,Aggregated,137.400000,0.200000,23,34,44,56,110,230,490,640,1200,37000,38000,64326,183,23,71.76122895035301,5.453611025586724,37977.30074101128,1197.6542455616702
1745996880,184,,Aggregated,135.700000,0.200000,24,34,44,57,110,230,490,650,1200,37000,38000,64467,183,24,72.0693119540966,5.453611025586724,37977.30074101128,1197.5406176803635
1745996881,184,,Aggregated,134.500000,0.200000,24,34,44,58,110,240,490,660,1200,37000,38000,64609,183,24,72.62519791016955,5.453611025586724,37977.30074101128,1197.768902165333
1745996882,184,,Aggregated,135.600000,0.200000,24,34,45,58,110,240,500,660,1200,37000,38000,64745,183,24,72.80559723336457,5.453611025586724,37977.30074101128,1197.8215460653332
1745996883,185,,Aggregated,134.800000,0.100000,24,34,45,58,110,240,500,660,1200,37000,38000,64834,184,24,72.7532324624188,5.453611025586724,37977.30074101128,1198.0129098929574
1745996884,185,,Aggregated,137.900000,0.100000,24,35,45,59,110,240,500,660,1200,37000,38000,65027,185,24,73.13884478433405,5.453611025586724,37977.30074101128,1197.5387915788826
1745996885,185,,Aggregated,135.900000,0.200000,24,35,45,60,110,250,500,670,1200,37000,38000,65133,185,24,73.39803039704724,5.453611025586724,37977.30074101128,1197.8381312084505
1745996886,185,,Aggregated,139.400000,0.300000,24,35,45,61,110,250,510,680,1200,37000,38000,65240,185,24,73.8755212490643,5.453611025586724,37977.30074101128,1198.070033721643
1745996887,186,,Aggregated,136.500000,0.200000,24,35,45,62,110,250,510,680,1200,37000,38000,65386,186,24,74.34234673063641,5.453611025586724,37977.30074101128,1198.158091946288
1745996888,186,,Aggregated,130.200000,0.200000,24,35,45,62,110,260,520,680,1200,37000,38000,65534,186,24,74.5419213557341,5.453611025586724,37977.30074101128,1197.991439558092
1745996889,186,,Aggregated,131.700000,0.300000,24,35,45,62,110,260,510,680,1200,37000,38000,65673,186,24,74.45497597330089,5.453611025586724,37977.30074101128,1197.8947360406864
1745996890,186,,Aggregated,132.400000,0.300000,24,35,45,63,110,260,510,680,1200,37000,38000,65784,186,24,74.52683274156063,5.453611025586724,37977.30074101128,1197.9043384409583
1745996891,187,,Aggregated,133.000000,0.300000,24,35,45,64,110,260,520,690,1200,37000,38000,65916,186,24,74.91827988948003,5.453611025586724,37977.30074101128,1197.975650828327
1745996892,187,,Aggregated,131.200000,0.300000,24,36,46,65,110,260,530,690,1300,37000,38000,66050,186,24,75.48441213434019,5.453611025586724,37977.30074101128,1198.0089023467071
1745996893,187,,Aggregated,132.600000,0.300000,24,36,46,65,110,260,530,700,1300,37000,38000,66199,186,24,75.99352633697094,5.453611025586724,37977.30074101128,1198.1348358736536
1745996894,187,,Aggregated,129.400000,0.300000,24,36,46,66,110,260,530,700,1300,37000,38000,66327,187,24,76.1758461680866,5.453611025586724,37977.30074101128,1198.3059538347882
1745996895,188,,Aggregated,131.800000,0.200000,24,36,46,67,110,270,540,700,1300,37000,38000,66484,188,24,76.4264864453363,5.453611025586724,37977.30074101128,1198.2068768425486
1745996896,188,,Aggregated,128.600000,0.200000,24,36,46,67,110,270,540,710,1300,37000,38000,66584,188,24,76.8437844752661,5.453611025586724,37977.30074101128,1198.4398203772678
1745996897,188,,Aggregated,132.400000,0.300000,24,36,46,69,110,280,550,710,1300,37000,38000,66725,188,24,77.44025473756476,5.453611025586724,37977.30074101128,1198.3131809666543
1745996898,188,,Aggregated,133.800000,0.300000,24,36,47,69,110,280,550,710,1300,37000,38000,66866,188,24,77.71231906992362,5.453611025586724,37977.30074101128,1198.246298567284
1745996899,189,,Aggregated,132.800000,0.200000,24,37,47,70,110,280,560,720,1300,37000,38000,67000,188,24,78.00457867926487,5.453611025586724,37977.30074101128,1198.4897611940298
1745996900,189,,Aggregated,132.900000,0.200000,24,37,47,71,110,280,560,710,1300,37000,38000,67167,188,24,78.09884980542117,5.453611025586724,37977.30074101128,1198.6510786546964
1745996901,189,,Aggregated,132.500000,0.200000,24,37,47,71,110,280,560,710,1300,37000,38000,67320,189,24,78.13131886431535,5.453611025586724,37977.30074101128,1198.436898395722
1745996902,189,,Aggregated,137.000000,0.200000,24,37,47,71,110,280,560,720,1300,37000,38000,67376,189,24,78.21337315498991,5.453611025586724,37977.30074101128,1198.4730319401567
1745996903,190,,Aggregated,132.400000,0.200000,24,37,47,72,120,290,560,720,1300,37000,38000,67573,190,24,78.87259810918269,5.453611025586724,37977.30074101128,1198.1692687907891
1745996904,190,,Aggregated,137.600000,0.300000,24,37,48,73,120,290,570,740,1300,37000,38000,67682,190,24,79.33023363415023,5.453611025586724,37977.30074101128,1198.1712863095063
1745996905,190,,Aggregated,135.300000,0.400000,24,37,48,73,120,290,570,740,1300,37000,38000,67801,190,24,79.5958531711854,5.453611025586724,37977.30074101128,1198.1139806197548
1745996906,190,,Aggregated,136.700000,0.300000,24,37,48,74,120,290,580,750,1300,37000,38000,67925,190,24,79.98611430597091,5.453611025586724,37977.30074101128,1197.9984983437614
1745996907,191,,Aggregated,132.800000,0.200000,24,38,48,74,120,290,580,760,1300,37000,38000,68051,190,24,80.36087093666256,5.453611025586724,37977.30074101128,1198.156573746161
1745996908,191,,Aggregated,134.900000,0.200000,24,38,48,75,120,300,590,780,1400,37000,38000,68189,190,24,80.94195849986255,5.453611025586724,37977.30074101128,1198.1061021572395
1745996909,191,,Aggregated,133.000000,0.200000,24,38,49,76,120,300,590,780,1400,37000,38000,68342,190,24,81.32098110258991,5.453611025586724,37977.30074101128,1198.5485792045886
1745996910,191,,Aggregated,133.200000,0.200000,24,38,49,76,120,300,590,780,1400,37000,38000,68474,191,24,81.57707205230808,5.453611025586724,37977.30074101128,1198.1438940327716
1745996911,192,,Aggregated,132.100000,0.200000,24,38,49,77,120,300,590,790,1400,37000,38000,68610,192,24,81.97284632437355,5.453611025586724,37977.30074101128,1198.313044745664
1745996912,192,,Aggregated,131.200000,0.300000,24,38,49,78,120,310,600,800,1400,37000,38000,68747,192,24,82.32015835832415,5.453611025586724,37977.30074101128,1198.2819468485898
1745996913,192,,Aggregated,134.000000,0.400000,24,38,50,78,130,310,600,800,1400,37000,38000,68886,192,24,82.49292608139783,5.453611025586724,37977.30074101128,1198.2259530238364
1745996914,192,,Aggregated,130.500000,0.300000,24,38,50,79,130,310,600,800,1400,37000,38000,69025,192,24,82.72255294494822,5.453611025586724,37977.30074101128,1198.301398044187
1745996915,193,,Aggregated,133.400000,0.200000,24,39,50,79,130,310,600,800,1400,37000,38000,69170,193,24,82.72812643801467,5.453611025586724,37977.30074101128,1198.2653462483736
1745996916,193,,Aggregated,131.100000,0.200000,24,39,51,80,130,310,600,800,1400,37000,38000,69295,193,24,82.85760835405955,5.453611025586724,37977.30074101128,1198.3231113355941
1745996917,193,,Aggregated,133.300000,0.200000,24,39,51,80,130,310,600,800,1400,37000,38000,69403,193,24,83.17966462483088,5.453611025586724,37977.30074101128,1198.6199299742086
1745996918,193,,Aggregated,135.000000,0.300000,24,39,51,81,130,320,610,810,1400,37000,38000,69522,193,24,83.48189635084711,5.453611025586724,37977.30074101128,1198.3263427404274
1745996919,194,,Aggregated,135.200000,0.300000,24,39,52,82,140,320,610,820,1400,37000,38000,69682,194,24,84.00335773178537,5.453611025586724,37977.30074101128,1198.0830774088
1745996920,194,,Aggregated,132.400000,0.300000,24,39,53,83,140,320,620,820,1400,37000,38000,69808,194,24,84.28353494458375,5.453611025586724,37977.30074101128,1198.042072541829
1745996921,194,,Aggregated,135.000000,0.400000,24,39,53,83,140,330,630,830,1400,37000,38000,69947,194,24,84.6746168601008,5.453611025586724,37977.30074101128,1198.018757058916
1745996922,194,,Aggregated,131.700000,0.300000,24,39,54,84,150,330,630,830,1400,36000,38000,70069,194,24,85.01078401166187,5.453611025586724,37977.30074101128,1198.4202999900099
1745996923,195,,Aggregated,132.300000,0.200000,24,39,54,85,150,330,630,830,1400,36000,38000,70208,195,24,85.17556592456738,5.453611025586724,37977.30074101128,1198.1598393345487
1745996924,195,,Aggregated,132.100000,0.200000,24,40,55,85,150,340,630,830,1400,36000,38000,70361,195,24,85.44888690674607,5.453611025586724,37977.30074101128,1198.4183993973934
1745996925,195,,Aggregated,130.500000,0.300000,24,40,55,86,150,340,630,830,1400,36000,38000,70481,195,24,85.54473616944594,5.453611025586724,37977.30074101128,1198.6455356762815
1745996926,195,,Aggregated,133.000000,0.300000,24,40,56,86,150,340,630,820,1400,36000,38000,70628,195,24,85.76807745987139,5.453611025586724,37977.30074101128,1198.6843461516678
1745996927,196,,Aggregated,133.700000,0.300000,24,40,57,87,160,340,630,830,1400,36000,38000,70753,196,24,86.0959911331406,5.453611025586724,37977.30074101128,1198.66120164516
1745996928,196,,Aggregated,131.000000,0.200000,24,40,58,87,160,340,630,830,1400,36000,38000,70892,196,24,86.3206404234813,5.453611025586724,37977.30074101128,1198.6914602493935
1745996929,196,,Aggregated,133.900000,0.300000,24,40,58,88,160,350,640,830,1400,36000,38000,71030,196,24,86.57738923350648,5.453611025586724,37977.30074101128,1198.6611431789386
1745996930,196,,Aggregated,133.200000,0.300000,24,40,59,88,160,350,640,840,1400,36000,38000,71160,196,24,86.88601148606958,5.453611025586724,37977.30074101128,1198.6023187183812
1745996931,197,,Aggregated,133.000000,0.200000,24,40,60,89,160,350,650,840,1400,36000,38000,71311,196,24,87.29614150455656,5.453611025586724,37977.30074101128,1198.782866598421
1745996932,197,,Aggregated,134.400000,0.200000,24,40,59,89,160,350,650,840,1400,36000,38000,71457,196,24,87.2101114970407,5.453611025586724,37977.30074101128,1198.7193556964328
1745996933,197,,Aggregated,134.200000,0.200000,24,40,60,89,160,350,650,840,1400,36000,38000,71575,196,24,87.23345915708201,5.453611025586724,37977.30074101128,1198.9248340901152
1745996934,197,,Aggregated,137.200000,0.200000,25,40,61,90,170,360,650,840,1400,36000,38000,71721,197,25,87.58170023894559,5.453611025586724,37977.30074101128,1199.1360549908675
1745996935,198,,Aggregated,137.400000,0.100000,25,41,61,90,170,360,650,840,1400,36000,38000,71867,198,25,88.02976303294757,5.453611025586724,37977.30074101128,1198.8672408755062
1745996936,198,,Aggregated,134.000000,0.100000,25,41,62,91,180,360,650,840,1400,36000,38000,71998,198,25,88.26120944408834,5.453611025586724,37977.30074101128,1198.6883802327843
1745996937,198,,Aggregated,131.400000,0.200000,25,41,63,91,180,360,650,850,1400,36000,38000,72148,198,25,88.5514190299317,5.453611025586724,37977.30074101128,1198.5542773188447
1745996938,198,,Aggregated,137.800000,0.300000,25,41,64,92,180,370,660,860,1400,36000,38000,72290,198,25,88.9351902414744,5.453611025586724,37977.30074101128,1198.7491492599254
1745996939,199,,Aggregated,135.900000,0.200000,25,41,65,92,180,370,660,860,1400,36000,38000,72423,199,25,89.50754213637583,5.453611025586724,37977.30074101128,1198.9490907584607
1745996940,199,,Aggregated,140.800000,0.200000,25,41,65,92,180,370,670,870,1400,36000,38000,72551,199,25,89.7792004683328,5.453611025586724,37977.30074101128,1198.8140204821436
1745996941,199,,Aggregated,139.800000,0.300000,25,41,66,93,180,370,670,870,1400,36000,38000,72697,199,25,90.0697391505221,5.453611025586724,37977.30074101128,1198.951304730594
1745996942,199,,Aggregated,139.900000,0.300000,25,41,66,93,190,380,670,870,1400,36000,38000,72822,199,25,90.42506584642713,5.453611025586724,37977.30074101128,1198.9283870258987
1745996943,200,,Aggregated,137.800000,0.300000,25,42,67,93,190,380,680,880,1400,36000,38000,72970,199,25,90.69398636901931,5.453611025586724,37977.30074101128,1198.8136220364534
1745996944,200,,Aggregated,136.400000,0.300000,25,42,68,94,190,380,680,890,1400,36000,38000,73101,199,25,91.07640593101219,5.453611025586724,37977.30074101128,1198.816691974118
1745996945,200,,Aggregated,135.700000,0.300000,25,42,68,94,190,380,680,890,1400,36000,38000,73238,200,25,91.42350798459587,5.453611025586724,37977.30074101128,1198.7418280127802
1745996946,200,,Aggregated,138.900000,0.300000,25,42,69,94,190,390,690,900,1400,36000,38000,73394,200,25,91.94779575522686,5.453611025586724,37977.30074101128,1198.8864348584352
1745996947,200,,Aggregated,140.400000,0.200000,25,42,70,94,190,390,690,900,1400,36000,38000,73529,200,25,92.1968393308988,5.453611025586724,37977.30074101128,1198.937616450652
1745996948,200,,Aggregated,136.300000,0.200000,25,42,70,95,190,390,700,900,1400,36000,38000,73648,200,25,92.43737329397739,5.453611025586724,37977.30074101128,1198.7115060829894
1745996949,200,,Aggregated,138.600000,0.200000,25,42,71,95,190,390,700,910,1400,36000,38000,73765,200,25,92.75447741672102,5.453611025586724,37977.30074101128,1198.7449196773537
1745996950,200,,Aggregated,135.300000,0.200000,25,42,71,95,190,390,710,920,1400,36000,38000,73892,200,25,93.21490242257562,5.453611025586724,37977.30074101128,1198.9566664862232
1745996951,200,,Aggregated,133.300000,0.100000,25,42,72,95,190,400,720,930,1400,36000,38000,73998,200,25,93.86104357553775,5.453611025586724,37977.30074101128,1199.2617097759398
1745996952,200,,Aggregated,132.400000,0.100000,25,43,72,96,190,400,720,940,1400,36000,38000,74156,200,25,94.40271988343939,5.453611025586724,37977.30074101128,1199.0210097632018
1745996953,200,,Aggregated,131.100000,0.100000,25,43,73,96,190,400,720,940,1400,36000,38000,74283,200,25,94.69178870646157,5.453611025586724,37977.30074101128,1198.9022791217371
1745996954,200,,Aggregated,130.400000,0.100000,25,43,74,96,190,410,730,940,1400,36000,38000,74416,200,25,94.97464345561094,5.453611025586724,37977.30074101128,1198.7326918942163
1745996955,200,,Aggregated,132.600000,0.100000,25,43,74,96,190,410,730,940,1400,36000,38000,74560,200,25,95.14798850582162,5.453611025586724,37977.30074101128,1198.8681330472102
1745996956,200,,Aggregated,132.100000,0.100000,25,43,74,96,190,410,730,950,1400,36000,38000,74708,200,25,95.4030199274395,5.453611025586724,37977.30074101128,1198.7865021149007
1745996957,200,,Aggregated,131.700000,0.100000,25,43,75,97,190,410,740,960,1400,36000,38000,74811,200,25,95.96501581045202,5.453611025586724,37977.30074101128,1199.1577709160417
1745996958,200,,Aggregated,132.300000,0.000000,25,43,76,97,190,420,750,970,1400,36000,38000,74947,200,25,96.62329471729589,5.453611025586724,37977.30074101128,1199.2025297877167
1745996959,200,,Aggregated,130.000000,0.000000,25,43,76,97,190,420,750,970,1400,36000,38000,75070,200,25,97.06656310363807,5.453611025586724,37977.30074101128,1198.9803117090714
1745996960,200,,Aggregated,127.400000,0.000000,25,43,77,97,190,420,760,980,1500,36000,38000,75194,200,25,97.58074355837981,5.453611025586724,37977.30074101128,1199.0100539936698
1745996961,200,,Aggregated,129.100000,0.000000,25,44,77,97,200,420,760,990,1600,36000,38000,75324,200,25,98.08613386965283,5.453611025586724,37977.30074101128,1199.0299373373691
1745996962,200,,Aggregated,129.600000,0.000000,25,44,77,98,200,420,770,990,1600,36000,38000,75451,200,25,98.45523008765858,5.453611025586724,37977.30074101128,1198.9441226756437
1745996963,200,,Aggregated,131.500000,0.000000,25,44,78,98,200,430,780,1000,1800,36000,38000,75573,200,25,99.38948165615648,5.453611025586724,37977.30074101128,1198.900546491472
1745996964,200,,Aggregated,130.700000,0.000000,25,44,78,98,200,430,780,1000,1800,36000,38000,75711,200,25,99.75102006876867,5.453611025586724,37977.30074101128,1199.0658821043178
1745996965,200,,Aggregated,128.100000,0.000000,25,44,79,98,200,430,780,1000,1800,36000,38000,75829,200,25,99.9882092959287,5.453611025586724,37977.30074101128,1199.0693797887352
1745996966,200,,Aggregated,126.700000,0.000000,25,44,79,98,200,430,790,1000,1800,36000,38000,75971,200,25,100.33983012077053,5.453611025586724,37977.30074101128,1198.9918258282767
1745996967,200,,Aggregated,127.900000,0.000000,25,44,80,98,200,440,790,1000,1800,36000,38000,76081,200,25,100.9298598155425,5.453611025586724,37977.30074101128,1199.1322406382671
1745996968,200,,Aggregated,125.700000,0.000000,26,44,80,99,200,440,800,1000,1800,36000,38000,76241,200,26,101.4172629901838,5.453611025586724,37977.30074101128,1198.948951351635
1745996969,200,,Aggregated,125.800000,0.000000,26,44,81,99,200,440,800,1100,1800,36000,38000,76352,200,26,101.94611099368001,5.453611025586724,37977.30074101128,1198.9851608340318
1745996970,200,,Aggregated,127.600000,0.000000,26,45,82,99,200,440,810,1100,1800,36000,38000,76479,200,26,102.34782456306417,5.453611025586724,37977.30074101128,1199.1602531413853
1745996971,200,,Aggregated,129.200000,0.000000,26,45,82,99,200,450,820,1100,1800,36000,38000,76632,200,26,102.80099683805574,5.453611025586724,37977.30074101128,1199.3728860006263
1745996972,200,,Aggregated,128.300000,0.000000,26,45,83,99,200,450,820,1100,1800,36000,38000,76777,200,26,102.99869378285483,5.453611025586724,37977.30074101128,1199.452140615028
1745996973,200,,Aggregated,128.600000,0.000000,26,45,83,99,200,450,820,1100,1800,36000,38000,76923,200,26,103.09021010448852,5.453611025586724,37977.30074101128,1199.5991835991836
1745996974,200,,Aggregated,130.500000,0.000000,26,45,83,99,200,450,820,1100,1800,36000,38000,77059,200,26,103.03367213782121,5.453611025586724,37977.30074101128,1199.56585213927
1745996975,200,,Aggregated,132.600000,0.000000,26,45,84,99,200,450,820,1100,1800,36000,38000,77183,200,26,103.28117117655914,5.453611025586724,37977.30074101128,1199.7672414910019
1745996976,200,,Aggregated,134.400000,0.000000,26,45,85,100,200,460,820,1100,1800,36000,38000,77327,200,26,103.87403494901552,5.453611025586724,37977.30074101128,1199.471659316927
1745996977,200,,Aggregated,133.700000,0.000000,26,45,85,100,200,460,820,1100,1800,36000,38000,77469,200,26,104.27098821371338,5.453611025586724,37977.30074101128,1199.2836876686158
1745996979,200,,Aggregated,133.800000,0.000000,26,46,86,100,200,470,830,1100,1800,36000,38000,77599,200,26,104.57503032410396,5.453611025586724,37977.30074101128,1199.323741285326
1745996980,200,,Aggregated,136.400000,0.000000,26,46,86,100,200,470,830,1100,1800,36000,38000,77738,200,26,104.87497450054597,5.453611025586724,37977.30074101128,1199.2492603360004
1745996981,200,,Aggregated,136.400000,0.000000,26,46,87,100,200,470,830,1100,1800,36000,38000,77862,200,26,104.99085677203692,5.453611025586724,37977.30074101128,1199.2280701754387
1745996982,200,,Aggregated,135.000000,0.000000,26,46,87,100,200,470,830,1100,1800,36000,38000,78019,200,26,105.36680873514933,5.453611025586724,37977.30074101128,1199.5696689268
1745996983,200,,Aggregated,136.900000,0.000000,26,46,87,100,200,480,830,1100,1800,36000,38000,78168,200,26,105.51922720076787,5.453611025586724,37977.30074101128,1199.5466047487462
1745996984,200,,Aggregated,136.900000,0.000000,26,46,88,100,200,480,830,1100,1800,36000,38000,78253,200,26,105.72257482352721,5.453611025586724,37977.30074101128,1199.5955554419638
1745996985,200,,Aggregated,138.100000,0.000000,26,46,88,100,200,480,830,1100,1800,36000,38000,78428,200,26,106.10077757241022,5.453611025586724,37977.30074101128,1199.2909037588615
1745996986,200,,Aggregated,138.100000,0.000000,26,47,89,100,200,480,830,1100,1800,36000,38000,78562,200,26,106.26312276862524,5.453611025586724,37977.30074101128,1199.180761691403
1745996987,200,,Aggregated,133.000000,0.000000,26,47,89,100,200,480,830,1100,1800,36000,38000,78679,200,26,106.52031328099531,5.453611025586724,37977.30074101128,1199.1498239682762
1745996988,200,,Aggregated,137.900000,0.000000,26,47,89,100,210,490,840,1100,1800,36000,38000,78863,200,26,106.96232358650666,5.453611025586724,37977.30074101128,1199.1091132723839
1745996989,200,,Aggregated,137.900000,0.000000,26,47,89,100,210,490,840,1100,1800,36000,38000,78992,200,26,106.85865270926843,5.453611025586724,37977.30074101128,1199.120556512052
1745996990,200,,Aggregated,135.200000,0.000000,26,47,90,100,210,490,830,1100,1800,36000,38000,79124,200,26,106.91124530490035,5.453611025586724,37977.30074101128,1199.141802740003
1745996991,200,,Aggregated,139.300000,0.000000,26,47,90,100,210,490,830,1100,1800,36000,38000,79261,200,26,107.03846670136379,5.453611025586724,37977.30074101128,1199.053670783866
1745996992,200,,Aggregated,139.300000,0.000000,26,47,90,100,210,490,840,1100,1800,36000,38000,79388,200,26,107.34117840903319,5.453611025586724,37977.30074101128,1199.122701163904
1745996993,200,,Aggregated,138.200000,0.000000,26,47,90,100,210,490,840,1100,1800,36000,38000,79525,200,26,107.68484081529873,5.453611025586724,37977.30074101128,1198.9682364036466
1745996994,200,,Aggregated,136.900000,0.000000,26,48,91,100,210,490,850,1100,1800,36000,38000,79665,200,26,108.16095699348958,5.453611025586724,37977.30074101128,1199.1609740789556
1745996995,200,,Aggregated,135.100000,0.000000,27,48,91,100,210,490,850,1100,1800,36000,38000,79817,200,27,108.53699566910012,5.453611025586724,37977.30074101128,1199.1943946778256
1745996996,200,,Aggregated,139.900000,0.000000,27,48,91,100,210,490,850,1100,1800,36000,38000,79937,200,27,108.67407784530346,5.453611025586724,37977.30074101128,1199.1193064538325
1745996997,200,,Aggregated,137.800000,0.000000,27,48,92,100,210,490,850,1100,1800,34000,38000,80111,200,27,108.81287289131673,5.453611025586724,37977.30074101128,1198.881701638976
1745996998,200,,Aggregated,136.200000,0.000000,27,48,92,100,210,490,850,1100,1800,34000,38000,80243,200,27,108.85636107519262,5.453611025586724,37977.30074101128,1199.1250576374264
1745996999,200,,Aggregated,142.000000,0.000000,27,48,92,100,210,490,850,1100,1800,34000,38000,80391,200,27,108.94284990348913,5.453611025586724,37977.30074101128,1198.6417509422697
1745997000,200,,Aggregated,136.700000,0.000000,27,49,92,100,210,500,850,1100,1800,34000,38000,80502,200,27,109.23219774994324,5.453611025586724,37977.30074101128,1198.7949864599636
1745997001,200,,Aggregated,138.000000,0.000000,27,49,92,100,210,500,860,1100,1800,34000,38000,80650,200,27,109.60202707647781,5.453611025586724,37977.30074101128,1198.4520148791073
1745997002,200,,Aggregated,136.600000,0.000000,27,49,93,100,210,500,860,1100,1800,34000,38000,80782,200,27,110.04557254611764,5.453611025586724,37977.30074101128,1198.5278898764577
1745997003,200,,Aggregated,139.400000,0.000000,27,49,93,100,210,500,870,1100,1800,34000,38000,80913,200,27,110.37376828555121,5.453611025586724,37977.30074101128,1198.4414865349202
1745997004,200,,Aggregated,137.600000,0.000000,27,49,93,100,210,500,870,1100,1800,34000,38000,81056,200,27,110.81895775932102,5.453611025586724,37977.30074101128,1198.5462643110936
1745997005,200,,Aggregated,137.900000,0.000000,27,49,93,100,210,510,880,1100,1800,34000,38000,81201,200,27,111.07003294379925,5.453611025586724,37977.30074101128,1198.6262238149777
1745997006,200,,Aggregated,138.300000,0.000000,27,50,93,100,210,510,880,1100,1800,34000,38000,81323,200,27,111.15927558706521,5.453611025586724,37977.30074101128,1198.7511282171095
1745997007,200,,Aggregated,138.700000,0.000000,27,50,94,100,210,510,880,1100,1800,34000,38000,81479,200,27,111.40670174008918,5.453611025586724,37977.30074101128,1198.6452951067147
1745997008,200,,Aggregated,138.400000,0.000000,27,50,94,100,210,510,880,1100,1800,34000,38000,81605,200,27,111.72014412018338,5.453611025586724,37977.30074101128,1198.7134489308253
1745997009,200,,Aggregated,136.100000,0.000000,27,51,94,100,210,510,890,1100,1800,34000,38000,81728,200,27,112.0945115764503,5.453611025586724,37977.30074101128,1198.799860512921
1745997010,200,,Aggregated,136.100000,0.000000,27,51,94,100,210,510,890,1100,1800,34000,38000,81857,200,27,112.56274588334624,5.453611025586724,37977.30074101128,1198.825207373835
1745997011,200,,Aggregated,134.200000,0.000000,27,51,94,100,210,510,900,1200,1800,34000,38000,81976,200,27,113.23027305309924,5.453611025586724,37977.30074101128,1198.8095174197326
1745997012,200,,Aggregated,135.100000,0.000000,27,52,94,100,210,520,900,1200,1900,34000,38000,82102,200,27,113.68498705637505,5.453611025586724,37977.30074101128,1198.7389466760858
1745997013,200,,Aggregated,130.800000,0.000000,27,52,95,100,220,520,910,1200,1900,34000,38000,82268,200,27,114.2855491747989,5.453611025586724,37977.30074101128,1198.9973987455633
1745997014,200,,Aggregated,132.600000,0.000000,28,52,95,100,220,520,910,1200,1900,34000,38000,82376,200,27,114.26154207509909,5.453611025586724,37977.30074101128,1199.2051082839662
1745997015,200,,Aggregated,135.000000,0.000000,28,53,95,100,220,520,910,1200,1900,34000,38000,82546,200,28,114.436468488004,5.453611025586724,37977.30074101128,1199.0889080028105
1745997016,200,,Aggregated,131.300000,0.000000,28,53,95,100,220,520,910,1200,1900,34000,38000,82676,200,28,114.6832679166327,5.453611025586724,37977.30074101128,1199.1099714548357
1745997017,200,,Aggregated,132.000000,0.000000,28,53,95,100,220,520,910,1200,1900,34000,38000,82791,200,28,115.02761294985933,5.453611025586724,37977.30074101128,1199.0641374062398
1745997018,200,,Aggregated,133.700000,0.000000,28,54,96,100,220,530,920,1200,1900,34000,38000,82950,200,28,115.49265479344218,5.453611025586724,37977.30074101128,1198.857022302592
1745997019,200,,Aggregated,130.100000,0.000000,28,54,96,100,220,530,920,1200,1900,34000,38000,83085,200,28,115.82341692865226,5.453611025586724,37977.30074101128,1198.9140278028524
1745997020,200,,Aggregated,133.000000,0.000000,28,54,96,100,220,530,920,1200,1900,34000,38000,83251,200,28,116.05461265235141,5.453611025586724,37977.30074101128,1198.9909550636028
1745997021,200,,Aggregated,134.400000,0.000000,28,54,96,100,220,530,920,1200,1900,34000,38000,83411,200,28,115.87990706796752,5.453611025586724,37977.30074101128,1199.0418889594898
1745997022,200,,Aggregated,137.500000,0.000000,28,54,96,100,220,530,920,1200,1900,34000,38000,83525,200,28,115.85465621861047,5.453611025586724,37977.30074101128,1198.8695600119725
1745997023,200,,Aggregated,141.900000,0.000000,28,55,96,100,230,530,920,1200,1900,34000,38000,83703,200,28,116.14074312059708,5.453611025586724,37977.30074101128,1199.160328781525
1745997024,200,,Aggregated,141.000000,0.000000,28,56,96,100,230,530,920,1200,1900,34000,38000,83866,200,28,116.2700308579906,5.453611025586724,37977.30074101128,1199.2506617699664
1745997025,200,,Aggregated,140.600000,0.000000,28,56,96,100,230,530,920,1200,1900,34000,38000,84010,200,28,116.15698046802365,5.453611025586724,37977.30074101128,1199.3234376859898
1745997026,200,,Aggregated,146.200000,0.000000,28,56,96,100,230,530,920,1200,1900,34000,38000,84159,200,28,116.0861014703037,5.453611025586724,37977.30074101128,1199.2621110041707
1745997027,200,,Aggregated,144.900000,0.000000,28,56,96,110,230,530,920,1200,1900,34000,38000,84268,200,28,116.27986483876418,5.453611025586724,37977.30074101128,1199.3645630607111
1745997028,200,,Aggregated,147.000000,0.000000,28,57,96,110,230,530,920,1200,1900,34000,38000,84450,200,28,116.5703843084019,5.453611025586724,37977.30074101128,1199.5218472468916
1745997029,200,,Aggregated,146.900000,0.000000,28,56,96,110,230,530,920,1200,1900,34000,38000,84574,200,28,116.43671037649928,5.453611025586724,37977.30074101128,1199.6002317497102
1745997030,200,,Aggregated,148.900000,0.000000,28,57,96,110,230,530,920,1200,1900,34000,38000,84741,200,28,116.40759668517616,5.453611025586724,37977.30074101128,1199.4939521601113
1745997031,200,,Aggregated,148.400000,0.000000,28,57,97,110,240,530,920,1200,1900,34000,38000,84889,200,28,116.6703142559537,5.453611025586724,37977.30074101128,1199.269587343472
1745997032,200,,Aggregated,147.900000,0.000000,28,58,97,110,240,530,920,1200,1900,34000,38000,85008,200,28,116.79942429916098,5.453611025586724,37977.30074101128,1199.1535149632975
1745997033,200,,Aggregated,146.400000,0.000000,29,58,97,110,240,530,910,1200,1900,34000,38000,85160,200,29,116.96652268939802,5.453611025586724,37977.30074101128,1199.3259746359793
1745997034,200,,Aggregated,148.700000,0.000000,29,59,97,110,240,530,920,1200,1900,34000,38000,85305,200,29,117.1285031632213,5.453611025586724,37977.30074101128,1199.1282574292245
1745997035,200,,Aggregated,145.200000,0.000000,29,59,97,110,240,530,920,1200,1900,34000,38000,85436,200,29,117.35077866954896,5.453611025586724,37977.30074101128,1199.479668991994
1745997036,200,,Aggregated,145.400000,0.000000,29,59,97,110,240,540,920,1200,1900,34000,38000,85568,200,29,117.56828088875794,5.453611025586724,37977.30074101128,1199.405595549738
1745997037,200,,Aggregated,143.500000,0.000000,29,60,97,110,240,540,920,1200,1900,34000,38000,85700,200,29,117.85532491833413,5.453611025586724,37977.30074101128,1199.5197782963828
1745997038,200,,Aggregated,141.900000,0.000000,29,60,97,110,240,540,930,1200,1900,34000,38000,85836,200,29,118.24052439389274,5.453611025586724,37977.30074101128,1199.706300386784
1745997039,200,,Aggregated,143.000000,0.000000,29,61,98,110,250,540,930,1200,1900,34000,38000,85966,200,29,118.51119350736728,5.453611025586724,37977.30074101128,1199.5596747551358
1745997040,200,,Aggregated,138.700000,0.000000,29,61,98,110,250,550,940,1200,1900,34000,38000,86096,200,29,118.7745425961111,5.453611025586724,37977.30074101128,1199.6113756736665
1745997041,200,,Aggregated,139.300000,0.000000,29,62,98,110,250,550,940,1200,1900,34000,38000,86229,200,29,119.08771479863978,5.453611025586724,37977.30074101128,1199.5148267984089
1745997042,200,,Aggregated,135.200000,0.000000,29,62,98,110,250,550,950,1200,1900,34000,38000,86362,200,29,119.47769528215484,5.453611025586724,37977.30074101128,1199.4592644913273
1745997043,200,,Aggregated,135.500000,0.000000,30,62,98,110,250,550,950,1200,1900,34000,38000,86497,200,30,119.63401437756353,5.453611025586724,37977.30074101128,1199.3312947269847
1745997044,200,,Aggregated,132.200000,0.000000,30,63,98,110,250,560,960,1200,1900,34000,38000,86626,200,30,120.1432983870829,5.453611025586724,37977.30074101128,1199.5289982222428
1745997045,200,,Aggregated,134.000000,0.000000,30,63,98,110,250,560,960,1200,1900,34000,38000,86775,200,30,120.37668964993267,5.453611025586724,37977.30074101128,1199.6269547680783
1745997046,200,,Aggregated,130.300000,0.000000,30,64,98,110,250,560,960,1200,1900,34000,38000,86926,200,30,120.47684179319114,5.453611025586724,37977.30074101128,1199.4151922324736
1745997047,200,,Aggregated,130.500000,0.000000,30,64,98,110,260,560,960,1200,1900,34000,38000,87020,200,30,121.12093753590712,5.453611025586724,37977.30074101128,1199.75306826017
1745997048,200,,Aggregated,133.300000,0.000000,30,65,99,110,260,560,960,1200,1900,34000,38000,87174,200,30,121.45280394338297,5.453611025586724,37977.30074101128,1199.4883680914033
1745997049,200,,Aggregated,127.400000,0.000000,30,65,99,110,260,570,970,1200,1900,34000,38000,87268,200,30,121.68614265814584,5.453611025586724,37977.30074101128,1199.5375509923454
1745997050,200,,Aggregated,132.200000,0.000000,30,65,99,110,260,570,970,1200,1900,34000,38000,87400,200,30,122.0838375503274,5.453611025586724,37977.30074101128,1199.5691647597255
1745997051,200,,Aggregated,128.600000,0.000000,30,66,99,110,260,570,980,1200,1900,34000,38000,87562,200,30,122.38308560025034,5.453611025586724,37977.30074101128,1199.3840364541695
1745997052,200,,Aggregated,130.600000,0.000000,31,66,99,110,260,570,980,1200,1900,34000,38000,87684,200,31,122.64499236444513,5.453611025586724,37977.30074101128,1199.4543474294055
1745997053,200,,Aggregated,131.900000,0.000000,31,66,99,110,260,570,980,1200,1900,34000,38000,87851,200,31,122.73622360798073,5.453611025586724,37977.30074101128,1199.2898316467656
1745997054,200,,Aggregated,132.500000,0.000000,31,66,99,110,260,570,980,1200,1900,34000,38000,88011,200,31,122.68252753919782,5.453611025586724,37977.30074101128,1199.0472781811366
1745997055,200,,Aggregated,135.000000,0.000000,31,67,99,110,270,570,980,1200,1900,34000,38000,88157,200,31,122.78317760766672,5.453611025586724,37977.30074101128,1198.9537756502602
1745997056,200,,Aggregated,138.000000,0.000000,31,67,99,110,270,580,980,1200,1900,34000,38000,88276,200,31,122.93034165232235,5.453611025586724,37977.30074101128,1198.893685712991
1745997057,200,,Aggregated,140.000000,0.000000,31,68,99,110,270,580,980,1200,1900,34000,38000,88425,200,31,123.17097114665017,5.453611025586724,37977.30074101128,1199.0532428611818
1745997058,200,,Aggregated,137.700000,0.000000,31,68,99,110,270,580,980,1200,1900,34000,38000,88561,200,31,123.41638139719673,5.453611025586724,37977.30074101128,1199.0418242793103
1745997059,200,,Aggregated,143.000000,0.000000,31,69,99,110,270,580,990,1200,1900,34000,38000,88692,200,31,123.69617719321744,5.453611025586724,37977.30074101128,1199.1390993550715
1745997060,200,,Aggregated,139.400000,0.000000,31,69,100,110,270,580,990,1200,1900,34000,38000,88841,200,31,123.98701226736627,5.453611025586724,37977.30074101128,1199.2099818777367
1745997061,200,,Aggregated,141.200000,0.000000,31,69,100,110,270,590,990,1200,1900,34000,38000,88993,200,31,124.16580592655994,5.453611025586724,37977.30074101128,1199.227545986763
1745997062,200,,Aggregated,143.100000,0.000000,32,70,100,110,270,590,990,1200,1900,34000,38000,89113,200,32,124.37355859032863,5.453611025586724,37977.30074101128,1199.324610326215
1745997063,200,,Aggregated,140.800000,0.000000,32,70,100,110,280,590,990,1200,1900,34000,38000,89252,200,32,124.6024847146815,5.453611025586724,37977.30074101128,1199.4101308654149
1745997064,200,,Aggregated,140.300000,0.000000,32,71,100,110,280,590,990,1200,1900,34000,38000,89396,200,32,124.79346191625343,5.453611025586724,37977.30074101128,1199.3470625083896
1745997065,200,,Aggregated,137.500000,0.000000,32,71,100,110,280,590,990,1200,1900,34000,38000,89537,200,32,125.0079066090374,5.453611025586724,37977.30074101128,1199.2485006198556
1745997066,200,,Aggregated,137.800000,0.000000,32,71,100,110,280,590,990,1200,1900,34000,38000,89655,200,32,125.18840112893926,5.453611025586724,37977.30074101128,1199.4133177179187
1745997067,200,,Aggregated,136.300000,0.000000,32,71,100,110,280,590,990,1200,1900,34000,38000,89783,200,32,125.38495314155992,5.453611025586724,37977.30074101128,1199.267712150407
1745997068,200,,Aggregated,135.100000,0.000000,32,72,100,110,280,600,1000,1200,1900,34000,38000,89887,200,32,126.17699478603598,5.453611025586724,37977.30074101128,1199.6532646545106
1745997069,200,,Aggregated,136.000000,0.000000,32,72,100,110,280,600,1000,1200,1900,32000,38000,90032,200,32,126.4850896889275,5.453611025586724,37977.30074101128,1199.3973365025768
1745997070,200,,Aggregated,131.800000,0.000000,33,73,100,110,280,600,1000,1200,1900,32000,38000,90128,200,33,126.77145209084274,5.453611025586724,37977.30074101128,1199.464639179833
1745997071,200,,Aggregated,132.900000,0.000000,33,73,100,110,280,600,1000,1200,1900,32000,38000,90259,200,33,127.02440967370536,5.453611025586724,37977.30074101128,1199.3926478245937
1745997072,200,,Aggregated,130.000000,0.000000,33,73,100,110,280,600,1000,1200,1900,32000,38000,90391,200,33,127.26365177983394,5.453611025586724,37977.30074101128,1199.3391488090629
1745997073,200,,Aggregated,128.800000,0.000000,33,74,100,110,280,600,1000,1200,1900,32000,38000,90533,200,33,127.69734505763955,5.453611025586724,37977.30074101128,1199.3069488473816
1745997074,200,,Aggregated,129.400000,0.000000,33,74,100,110,280,610,1000,1300,1900,32000,38000,90662,200,33,127.99040643971071,5.453611025586724,37977.30074101128,1199.2862500275749
1745997075,200,,Aggregated,128.000000,0.000000,33,74,100,110,290,610,1000,1300,1900,32000,38000,90767,200,33,128.43290233730957,5.453611025586724,37977.30074101128,1199.5476880364008
1745997076,200,,Aggregated,126.400000,0.000000,33,74,100,110,290,610,1000,1300,1900,32000,38000,90922,200,33,128.70218456733787,5.453611025586724,37977.30074101128,1199.6097864103297
1745997077,200,,Aggregated,125.400000,0.000000,33,75,100,110,290,610,1000,1300,1900,32000,38000,91037,200,33,128.90070455338136,5.453611025586724,37977.30074101128,1199.7620857453562
1745997078,200,,Aggregated,126.000000,0.000000,34,75,100,110,290,610,1000,1300,1900,32000,38000,91199,200,34,129.21903323110695,5.453611025586724,37977.30074101128,1199.603701794976
1745997079,200,,Aggregated,123.600000,0.000000,34,76,100,110,290,620,1000,1300,1900,32000,38000,91308,200,34,129.48711100659662,5.453611025586724,37977.30074101128,1199.5737613352608
1745997080,200,,Aggregated,127.900000,0.000000,34,76,100,110,290,620,1000,1300,1900,32000,38000,91452,200,34,129.89675010334494,5.453611025586724,37977.30074101128,1199.5157350303984
1745997081,200,,Aggregated,128.600000,0.000000,34,77,100,110,290,620,1000,1300,1900,32000,38000,91567,200,34,130.2439041527903,5.453611025586724,37977.30074101128,1199.6721089475466
1745997082,200,,Aggregated,127.900000,0.000000,34,77,100,110,290,620,1000,1300,1900,32000,38000,91721,200,34,130.57832084406382,5.453611025586724,37977.30074101128,1199.4709826539179
1745997083,200,,Aggregated,130.100000,0.000000,34,77,100,110,290,630,1000,1300,1900,32000,38000,91877,200,34,130.73810617354118,5.453611025586724,37977.30074101128,1199.5367284521697
1745997084,200,,Aggregated,129.500000,0.000000,34,77,100,110,290,620,1000,1300,1900,32000,38000,92015,200,34,130.80867983877337,5.453611025586724,37977.30074101128,1199.708949627778
1745997085,200,,Aggregated,134.900000,0.000000,34,78,100,110,290,620,1000,1300,1900,32000,38000,92181,200,34,130.87280747737503,5.453611025586724,37977.30074101128,1199.676733817164
1745997086,200,,Aggregated,134.400000,0.000000,34,78,100,110,290,620,1000,1300,1900,32000,38000,92299,200,34,130.9924900770979,5.453611025586724,37977.30074101128,1199.554783908818
1745997087,200,,Aggregated,137.800000,0.000000,35,79,100,110,290,620,1000,1300,1900,32000,38000,92440,200,35,131.29636456013472,5.453611025586724,37977.30074101128,1199.4993833838166
1745997088,200,,Aggregated,137.500000,0.000000,35,79,100,110,290,630,1000,1300,1900,32000,38000,92582,200,35,131.54067485780567,5.453611025586724,37977.30074101128,1199.3293944827287
1745997089,200,,Aggregated,140.200000,0.000000,35,79,100,110,300,630,1000,1300,1900,32000,38000,92694,200,35,131.90021667580692,5.453611025586724,37977.30074101128,1199.4235117699095
1745997090,200,,Aggregated,137.900000,0.000000,35,79,100,110,300,630,1000,1300,1900,32000,38000,92803,200,35,132.46044193068238,5.453611025586724,37977.30074101128,1199.4948223656563
1745997091,200,,Aggregated,138.200000,0.000000,35,80,100,110,300,630,1100,1300,1900,32000,38000,92911,200,35,132.96158963582496,5.453611025586724,37977.30074101128,1199.6129306540668
1745997092,200,,Aggregated,137.800000,0.000000,35,80,100,110,300,640,1100,1300,1900,32000,38000,93046,200,35,133.48861866234307,5.453611025586724,37977.30074101128,1199.6911097736604
1745997093,200,,Aggregated,134.500000,0.000000,35,80,100,110,300,640,1100,1300,1900,32000,38000,93119,200,35,133.81376874220354,5.453611025586724,37977.30074101128,1199.856162544701
1745997094,200,,Aggregated,134.600000,0.000000,35,81,100,110,300,640,1100,1300,1900,32000,38000,93271,200,35,134.34607374203102,5.453611025586724,37977.30074101128,1199.7614371026364
1745997095,200,,Aggregated,129.500000,0.000000,35,81,100,110,300,650,1100,1300,1900,32000,38000,93427,200,35,134.71030031217603,5.453611025586724,37977.30074101128,1199.706872745566
1745997096,200,,Aggregated,123.200000,0.000000,35,81,100,110,300,650,1100,1300,1900,32000,38000,93509,200,35,134.98538173840217,5.453611025586724,37977.30074101128,1199.7786630163941
1745997097,200,,Aggregated,122.800000,0.000000,35,82,100,110,300,650,1100,1300,1900,32000,38000,93623,200,35,135.52599493416898,5.453611025586724,37977.30074101128,1199.90265212608
1745997098,200,,Aggregated,123.200000,0.000000,36,82,100,110,300,650,1100,1300,1900,32000,38000,93807,200,36,135.9259660732403,5.453611025586724,37977.30074101128,1199.906712718667
1745997099,200,,Aggregated,118.500000,0.000000,36,83,100,110,300,660,1100,1300,1900,32000,38000,93919,200,36,136.1505123728767,5.453611025586724,37977.30074101128,1199.885667436834
1745997100,200,,Aggregated,123.600000,0.000000,36,83,100,110,300,660,1100,1300,1900,32000,38000,94049,200,36,136.39211956517053,5.453611025586724,37977.30074101128,1199.8633584620782
1745997101,200,,Aggregated,120.600000,0.000000,36,83,100,120,310,660,1100,1300,1900,32000,38000,94190,200,36,136.6207894327278,5.453611025586724,37977.30074101128,1199.7489754751034
1745997102,200,,Aggregated,121.300000,0.000000,36,84,100,120,310,660,1100,1300,1900,32000,38000,94321,200,36,136.98666207447278,5.453611025586724,37977.30074101128,1199.712556058566
1745997103,200,,Aggregated,124.200000,0.000000,36,84,100,120,310,670,1100,1300,1900,32000,38000,94446,200,36,137.25301746833708,5.453611025586724,37977.30074101128,1199.6471422823624
1745997104,200,,Aggregated,124.100000,0.000000,36,84,100,120,310,670,1100,1300,1900,32000,38000,94578,200,36,137.42906706700452,5.453611025586724,37977.30074101128,1199.721912072575
1745997105,200,,Aggregated,126.700000,0.000000,36,85,100,120,310,670,1100,1300,1900,32000,38000,94706,200,36,137.65447930830987,5.453611025586724,37977.30074101128,1199.7459823031277
1745997106,200,,Aggregated,132.400000,0.000000,36,85,100,120,310,670,1100,1300,1900,32000,38000,94828,200,36,138.09201907968483,5.453611025586724,37977.30074101128,1199.7507065423715
1745997107,200,,Aggregated,129.100000,0.000000,36,85,100,120,310,670,1100,1300,1900,32000,38000,94952,200,36,138.32955028496616,5.453611025586724,37977.30074101128,1199.7000905720786
1745997108,200,,Aggregated,129.000000,0.000000,36,85,100,120,310,670,1100,1300,1900,32000,38000,95079,200,36,138.64948431199403,5.453611025586724,37977.30074101128,1199.7193071025147
1745997109,200,,Aggregated,132.700000,0.000000,36,85,100,120,310,680,1100,1400,1900,32000,38000,95210,200,36,139.15290067528665,5.453611025586724,37977.30074101128,1199.961212057557
1745997110,200,,Aggregated,126.900000,0.000000,37,86,100,120,310,680,1100,1400,1900,32000,38000,95343,200,37,139.42462413581163,5.453611025586724,37977.30074101128,1200.0213964318302
1745997111,200,,Aggregated,127.500000,0.000000,37,86,100,120,310,680,1100,1400,1900,32000,38000,95474,200,37,139.66865293625443,5.453611025586724,37977.30074101128,1199.8440517837316
1745997112,200,,Aggregated,129.500000,0.000000,37,86,100,120,310,680,1100,1400,1900,32000,38000,95595,200,37,139.944769357408,5.453611025586724,37977.30074101128,1199.8016841885035
1745997113,200,,Aggregated,127.300000,0.000000,37,86,100,120,310,680,1100,1400,1900,32000,38000,95709,200,37,140.17054176178323,5.453611025586724,37977.30074101128,1199.9246047916079
1745997114,200,,Aggregated,128.800000,0.000000,37,87,100,120,310,690,1100,1400,1900,32000,38000,95875,200,37,140.5564874822427,5.453611025586724,37977.30074101128,1199.936552803129
1745997115,200,,Aggregated,126.100000,0.000000,37,87,100,120,310,690,1100,1400,1900,32000,38000,95992,200,37,140.75628343550366,5.453611025586724,37977.30074101128,1199.761105092091
1745997116,200,,Aggregated,125.400000,0.000000,37,87,100,120,310,690,1100,1400,1900,32000,38000,96126,200,37,140.9690797973306,5.453611025586724,37977.30074101128,1199.7691363418846
1745997117,200,,Aggregated,128.800000,0.000000,37,87,100,120,310,690,1100,1400,1900,32000,38000,96258,200,37,141.181948503291,5.453611025586724,37977.30074101128,1199.8413326684536
1745997118,200,,Aggregated,125.700000,0.000000,37,88,100,120,310,690,1100,1400,1900,32000,38000,96383,200,37,141.5022859035296,5.453611025586724,37977.30074101128,1199.8624342467033
1745997119,200,,Aggregated,126.900000,0.000000,37,88,100,120,320,690,1100,1400,1900,32000,38000,96497,200,37,142.0244120374954,5.453611025586724,37977.30074101128,1200.0449858544825
1745997120,200,,Aggregated,129.900000,0.000000,38,88,100,120,320,700,1100,1400,1900,32000,38000,96643,200,38,142.23450685992995,5.453611025586724,37977.30074101128,1199.9065529836614
1745997121,200,,Aggregated,128.500000,0.000000,38,88,100,120,320,700,1100,1400,1900,32000,38000,96774,200,38,142.4336955415148,5.453611025586724,37977.30074101128,1199.9537375741418
1745997122,200,,Aggregated,127.900000,0.000000,38,88,100,120,320,700,1100,1400,1900,32000,38000,96910,200,38,142.6787488203409,5.453611025586724,37977.30074101128,1200.0475595913733
1745997123,200,,Aggregated,131.100000,0.000000,38,89,100,120,320,700,1100,1400,1900,32000,38000,97036,200,38,142.84780871847482,5.453611025586724,37977.30074101128,1200.130848344944
1745997124,200,,Aggregated,129.100000,0.000000,38,89,100,120,320,710,1100,1400,1900,32000,38000,97156,200,38,143.04490926235997,5.453611025586724,37977.30074101128,1200.110502696694
1745997125,200,,Aggregated,131.400000,0.000000,38,89,100,120,320,710,1100,1400,1900,32000,38000,97289,200,38,143.33267678616434,5.453611025586724,37977.30074101128,1200.3307979319347
1745997126,200,,Aggregated,131.700000,0.000000,38,89,110,120,320,710,1100,1400,1900,32000,38000,97442,200,38,143.48026363583466,5.453611025586724,37977.30074101128,1200.285041357936
1745997127,200,,Aggregated,128.500000,0.000000,38,89,110,120,330,710,1100,1400,1900,32000,38000,97539,200,38,143.608747933793,5.453611025586724,37977.30074101128,1200.3915049364869
1745997128,200,,Aggregated,131.700000,0.000000,38,90,110,130,330,710,1100,1400,1900,32000,38000,97695,200,38,143.96166261997178,5.453611025586724,37977.30074101128,1200.0997492195097
1745997129,200,,Aggregated,131.900000,0.000000,38,90,110,130,330,710,1100,1400,1900,32000,38000,97820,200,38,144.25704353881477,5.453611025586724,37977.30074101128,1200.1384277243917
1745997130,200,,Aggregated,127.200000,0.000000,38,90,110,130,330,720,1100,1400,1900,32000,38000,97928,200,38,144.6842260863507,5.453611025586724,37977.30074101128,1200.3340719712442
1745997131,200,,Aggregated,131.100000,0.000000,38,90,110,130,330,720,1100,1400,1900,32000,38000,98088,200,38,144.92198722084103,5.453611025586724,37977.30074101128,1200.3504098360656
1745997132,200,,Aggregated,130.200000,0.000000,39,90,110,130,330,720,1100,1400,1900,32000,38000,98236,200,39,145.146750440671,5.453611025586724,37977.30074101128,1200.3973390610367
1745997133,200,,Aggregated,127.600000,0.000000,39,90,110,130,330,720,1100,1400,1900,32000,38000,98402,200,39,145.0156755834566,5.453611025586724,37977.30074101128,1200.2759496758197
1745997134,200,,Aggregated,130.200000,0.000000,38,90,110,130,330,720,1100,1400,1900,32000,38000,98560,200,38,144.84807749849534,5.453611025586724,37977.30074101128,1200.2512479707793
1745997135,200,,Aggregated,131.900000,0.000000,39,90,110,130,330,720,1100,1400,1900,32000,38000,98666,200,39,144.88538013950105,5.453611025586724,37977.30074101128,1200.3871546429368
1745997136,200,,Aggregated,135.500000,0.000000,39,90,110,130,330,720,1100,1400,1900,32000,38000,98835,200,39,145.0677539789443,5.453611025586724,37977.30074101128,1200.1879394951181
1745997137,200,,Aggregated,137.700000,0.000000,39,91,110,130,330,720,1100,1400,1900,32000,38000,98956,200,39,145.21018270442542,5.453611025586724,37977.30074101128,1200.0369962407535
1745997138,200,,Aggregated,135.800000,0.000000,39,91,110,130,340,720,1100,1400,1900,32000,38000,99084,200,39,145.50153104902506,5.453611025586724,37977.30074101128,1200.011646683622
1745997139,200,,Aggregated,138.800000,0.000000,39,91,110,130,340,720,1100,1400,1900,32000,38000,99252,200,39,145.76653893334145,5.453611025586724,37977.30074101128,1199.997118445976
1745997140,200,,Aggregated,139.900000,0.000000,39,91,110,130,340,720,1100,1400,1900,32000,38000,99414,200,39,145.83102949394905,5.453611025586724,37977.30074101128,1200.0352364858068
1745997141,200,,Aggregated,139.800000,0.000000,39,91,110,130,340,720,1100,1400,1900,32000,38000,99552,200,39,145.70471027320124,5.453611025586724,37977.30074101128,1200.1716891674703
1745997142,200,,Aggregated,143.300000,0.000000,39,91,110,130,340,720,1100,1400,1900,32000,38000,99693,200,39,145.71607674425755,5.453611025586724,37977.30074101128,1200.37825123128
1745997143,200,,Aggregated,147.100000,0.000000,39,91,110,140,340,720,1100,1400,1900,32000,38000,99839,200,39,145.94079824434235,5.453611025586724,37977.30074101128,1200.1807710413766
1745997145,200,,Aggregated,146.200000,0.000000,39,91,110,140,340,720,1100,1400,1900,32000,38000,99985,200,39,146.09589401015734,5.453611025586724,37977.30074101128,1200.143601540231
1745997146,200,,Aggregated,143.700000,0.000000,39,92,110,140,340,720,1100,1400,1900,32000,38000,100109,200,39,146.2375770890811,5.453611025586724,37977.30074101128,1200.106903475212
1745997147,200,,Aggregated,142.400000,0.000000,39,92,110,140,340,730,1100,1400,1900,32000,38000,100235,200,39,146.49434070905042,5.453611025586724,37977.30074101128,1200.0483164563277
1745997148,200,,Aggregated,142.500000,0.000000,39,92,110,140,340,730,1200,1400,1900,32000,38000,100382,200,39,146.8542708902455,5.453611025586724,37977.30074101128,1200.1259189894602
1745997149,200,,Aggregated,142.500000,0.000000,40,92,110,140,340,740,1200,1400,1900,32000,38000,100524,200,40,147.10513768319598,5.453611025586724,37977.30074101128,1200.1094663960846
1745997150,200,,Aggregated,138.500000,0.000000,40,92,110,140,350,740,1200,1400,1900,32000,38000,100640,200,40,147.21020434221748,5.453611025586724,37977.30074101128,1200.1158187599365
1745997151,200,,Aggregated,141.900000,0.000000,40,92,110,140,350,740,1200,1400,1900,32000,38000,100723,200,40,147.2707469410861,5.453611025586724,37977.30074101128,1200.2761732672775
1745997152,200,,Aggregated,141.900000,0.000000,40,92,110,140,350,740,1200,1400,1900,32000,38000,100928,200,40,147.7307102374232,5.453611025586724,37977.30074101128,1200.156507609385
1745997153,200,,Aggregated,137.700000,0.000000,40,93,110,140,350,740,1200,1400,1900,32000,38000,101074,200,40,147.78488628755028,5.453611025586724,37977.30074101128,1200.0457981281043
1745997154,200,,Aggregated,130.400000,0.000000,40,93,110,140,350,740,1200,1400,1900,32000,38000,101210,200,40,147.7076757278426,5.453611025586724,37977.30074101128,1199.9402331785398
1745997155,200,,Aggregated,138.100000,0.000000,40,93,110,140,350,740,1200,1400,1900,32000,38000,101362,200,40,147.7700478832168,5.453611025586724,37977.30074101128,1199.8366744933999
1745997156,200,,Aggregated,137.100000,0.000000,40,93,110,140,350,740,1200,1400,1900,32000,38000,101481,200,40,147.88545608045894,5.453611025586724,37977.30074101128,1199.7943753017805
1745997157,200,,Aggregated,137.600000,0.000000,40,93,110,150,360,740,1200,1400,1900,32000,38000,101618,200,40,148.0897591014554,5.453611025586724,37977.30074101128,1199.7724418902162
1745997158,200,,Aggregated,137.100000,0.000000,40,93,110,150,360,740,1200,1400,1900,32000,38000,101773,200,40,148.22037737675163,5.453611025586724,37977.30074101128,1199.8047124482919
1745997159,200,,Aggregated,138.000000,0.000000,40,93,110,150,360,740,1200,1400,1900,32000,38000,101911,200,40,148.34586536519856,5.453611025586724,37977.30074101128,1199.8316766590456
1745997160,200,,Aggregated,138.100000,0.000000,40,93,110,150,360,740,1200,1400,1900,32000,38000,102048,200,40,148.45144113388042,5.453611025586724,37977.30074101128,1199.7171723110694
1745997161,200,,Aggregated,137.400000,0.000000,40,93,110,150,360,750,1200,1400,1900,32000,38000,102181,200,40,148.6540186270792,5.453611025586724,37977.30074101128,1199.7374462962782
1745997162,200,,Aggregated,137.400000,0.000000,40,93,110,150,360,750,1200,1400,1900,32000,38000,102300,200,40,148.76517877569205,5.453611025586724,37977.30074101128,1199.6196969696969
1745997163,200,,Aggregated,144.600000,0.000000,41,93,110,150,360,750,1200,1400,1900,32000,38000,102444,200,41,149.0981860119886,5.453611025586724,37977.30074101128,1199.7107785717076
1745997164,200,,Aggregated,137.200000,0.000000,41,94,110,150,360,750,1200,1400,1900,32000,38000,102560,200,41,149.36078175922435,5.453611025586724,37977.30074101128,1199.6255362714508
1745997165,200,,Aggregated,135.100000,0.000000,41,94,110,150,360,760,1200,1400,1900,32000,38000,102691,200,41,149.64493665008624,5.453611025586724,37977.30074101128,1199.6514008043548
1745997166,200,,Aggregated,133.700000,0.000000,41,94,110,150,360,760,1200,1400,1900,32000,38000,102822,200,41,149.95106564668478,5.453611025586724,37977.30074101128,1199.7386551516213
1745997167,200,,Aggregated,130.600000,0.000000,41,94,110,150,370,760,1200,1400,1900,32000,38000,102934,200,41,150.18907413765518,5.453611025586724,37977.30074101128,1199.7712611964948
1745997168,200,,Aggregated,133.000000,0.000000,41,94,110,150,370,760,1200,1400,1900,32000,38000,103053,200,41,150.346648376644,5.453611025586724,37977.30074101128,1199.8288938701444
1745997169,200,,Aggregated,130.600000,0.000000,41,94,110,150,370,760,1200,1400,1900,32000,38000,103176,200,41,150.7287935381306,5.453611025586724,37977.30074101128,1199.811603473676
1745997170,200,,Aggregated,127.800000,0.000000,41,94,110,150,370,770,1200,1400,1900,32000,38000,103306,200,41,151.03837256682323,5.453611025586724,37977.30074101128,1199.754670590285
1745997171,200,,Aggregated,126.600000,0.000000,41,94,110,150,370,770,1200,1400,2000,32000,38000,103418,200,41,151.58254772659703,5.453611025586724,37977.30074101128,1199.765447020828
1745997172,200,,Aggregated,126.100000,0.000000,41,94,110,150,370,770,1200,1400,2000,32000,38000,103538,200,41,151.8987490711454,5.453611025586724,37977.30074101128,1199.8696420637834
1745997173,200,,Aggregated,123.400000,0.000000,41,94,110,150,370,770,1200,1400,2000,32000,38000,103686,200,41,152.33875611774332,5.453611025586724,37977.30074101128,1199.7975811584977
1745997174,200,,Aggregated,121.800000,0.000000,41,94,110,150,370,780,1200,1400,2000,32000,38000,103810,200,41,152.5430166014836,5.453611025586724,37977.30074101128,1199.7994990848665
1745997175,200,,Aggregated,123.500000,0.000000,41,95,110,150,370,780,1200,1400,2000,32000,38000,103940,200,41,152.83709114075108,5.453611025586724,37977.30074101128,1199.8411487396575
1745997176,200,,Aggregated,123.700000,0.000000,41,95,110,150,380,780,1200,1400,2000,32000,38000,104100,200,41,152.9461402818337,5.453611025586724,37977.30074101128,1199.6088760806917
1745997177,200,,Aggregated,124.500000,0.000000,41,95,110,150,380,780,1200,1400,2000,32000,38000,104221,200,41,153.00246928305864,5.453611025586724,37977.30074101128,1199.5354295199625
1745997178,200,,Aggregated,126.800000,0.000000,42,95,110,160,380,780,1200,1400,2000,32000,38000,104352,200,42,153.24014143018078,5.453611025586724,37977.30074101128,1199.4221672799754
1745997179,200,,Aggregated,127.400000,0.000000,42,95,110,160,380,780,1200,1400,2000,32000,38000,104483,200,42,153.51862878695397,5.453611025586724,37977.30074101128,1199.502158245839
1745997180,200,,Aggregated,129.600000,0.000000,42,95,110,160,380,790,1200,1400,2000,32000,38000,104622,200,42,153.88174476012665,5.453611025586724,37977.30074101128,1199.5256447018792
1745997181,200,,Aggregated,129.700000,0.000000,42,95,110,160,380,790,1200,1400,2000,32000,38000,104753,200,42,154.0831263577972,5.453611025586724,37977.30074101128,1199.5010166773266
1745997182,200,,Aggregated,128.100000,0.000000,42,95,110,160,380,790,1200,1400,2000,32000,38000,104854,200,42,154.2493028364911,5.453611025586724,37977.30074101128,1199.5876933641064
1745997183,200,,Aggregated,132.100000,0.000000,42,95,110,160,380,790,1200,1400,2000,32000,38000,105011,200,42,154.54708500136067,5.453611025586724,37977.30074101128,1199.5278589862014
1745997184,200,,Aggregated,131.500000,0.000000,42,95,110,160,380,790,1200,1400,2000,32000,38000,105117,200,42,154.73901065196537,5.453611025586724,37977.30074101128,1199.4016667142328
1745997185,200,,Aggregated,131.300000,0.000000,42,95,110,160,380,800,1200,1400,2000,32000,38000,105237,200,42,154.93115111600864,5.453611025586724,37977.30074101128,1199.4435132130334
1745997186,200,,Aggregated,131.800000,0.000000,42,96,110,160,390,800,1200,1400,2000,32000,38000,105359,200,42,155.32077045209445,5.453611025586724,37977.30074101128,1199.5360054670223
1745997187,200,,Aggregated,130.400000,0.000000,42,96,110,170,390,800,1200,1400,2000,32000,38000,105481,200,42,155.53934014856605,5.453611025586724,37977.30074101128,1199.5253173557323
1745997188,200,,Aggregated,124.900000,0.000000,42,96,110,170,390,800,1200,1400,2000,32000,38000,105625,200,42,155.8987989841547,5.453611025586724,37977.30074101128,1199.5442366863906
1745997189,200,,Aggregated,126.900000,0.000000,42,96,110,170,390,800,1200,1500,2000,32000,38000,105724,200,42,156.348631883649,5.453611025586724,37977.30074101128,1199.6753055124664
1745997190,200,,Aggregated,125.200000,0.000000,42,96,110,170,390,810,1200,1500,2000,32000,38000,105863,200,42,156.71940569662593,5.453611025586724,37977.30074101128,1199.6504822270292
1745997191,200,,Aggregated,124.000000,0.000000,42,96,110,170,390,810,1200,1500,2000,32000,38000,105965,200,42,156.96163431755184,5.453611025586724,37977.30074101128,1199.859094984193
1745997192,200,,Aggregated,124.400000,0.000000,42,96,110,170,390,810,1200,1500,2000,32000,38000,106094,200,42,157.168264580486,5.453611025586724,37977.30074101128,1199.7607593266348
1745997193,200,,Aggregated,120.700000,0.000000,42,96,110,170,390,820,1200,1500,2000,32000,38000,106243,200,42,157.45872089733112,5.453611025586724,37977.30074101128,1199.7421288931976
1745997194,200,,Aggregated,123.400000,0.000000,43,96,110,170,390,820,1200,1500,2000,32000,38000,106369,200,43,157.604204076239,5.453611025586724,37977.30074101128,1199.637394353618
1745997195,200,,Aggregated,123.200000,0.000000,43,96,110,170,390,820,1200,1500,2000,32000,38000,106488,200,43,157.79684849791641,5.453611025586724,37977.30074101128,1199.6600837653068
1745997196,200,,Aggregated,122.700000,0.000000,43,96,110,170,390,820,1200,1500,2000,32000,38000,106605,200,43,157.96669505650416,5.453611025586724,37977.30074101128,1199.606378687679
1745997197,200,,Aggregated,122.700000,0.000000,43,96,110,170,390,820,1200,1500,2000,32000,38000,106712,200,43,158.2997582028519,5.453611025586724,37977.30074101128,1199.7057219431742
1745997198,200,,Aggregated,124.500000,0.000000,43,96,110,170,390,830,1200,1500,2000,32000,38000,106856,200,43,158.669723008437,5.453611025586724,37977.30074101128,1199.5806412368047
1745997199,200,,Aggregated,121.000000,0.000000,43,96,110,170,390,830,1200,1500,2000,32000,38000,106981,200,43,158.92854419856968,5.453611025586724,37977.30074101128,1199.5737000028043
1745997200,200,,Aggregated,123.300000,0.000000,43,96,110,170,390,830,1300,1500,2000,32000,38000,107075,200,43,159.3339293029336,5.453611025586724,37977.30074101128,1199.5768013074946
1745997201,200,,Aggregated,124.200000,0.000000,43,96,110,170,390,830,1300,1500,2000,32000,38000,107217,200,43,159.68936560419348,5.453611025586724,37977.30074101128,1199.5629890782245
1745997202,200,,Aggregated,121.300000,0.000000,43,97,110,170,390,830,1300,1500,2000,32000,38000,107333,200,43,160.07287215398088,5.453611025586724,37977.30074101128,1199.674247435551
1745997203,200,,Aggregated,125.300000,0.000000,43,97,110,170,390,840,1300,1500,2000,32000,38000,107468,200,43,160.32603262932332,5.453611025586724,37977.30074101128,1199.7423512115233
1745997204,200,,Aggregated,122.600000,0.000000,43,97,110,170,400,840,1300,1500,2000,32000,38000,107603,200,43,160.59799456807855,5.453611025586724,37977.30074101128,1199.6848322072806
1745997205,200,,Aggregated,122.900000,0.000000,43,97,110,170,400,840,1300,1500,2000,32000,38000,107739,200,43,160.83940322933296,5.453611025586724,37977.30074101128,1199.55956524564
1745997206,200,,Aggregated,123.400000,0.000000,43,97,110,180,400,840,1300,1500,2000,32000,38000,107854,200,43,161.1638556481488,5.453611025586724,37977.30074101128,1199.6325959167023
1745997207,200,,Aggregated,125.200000,0.000000,43,97,110,180,400,850,1300,1500,2000,32000,38000,107989,200,43,161.44222280207748,5.453611025586724,37977.30074101128,1199.785515191362
1745997208,200,,Aggregated,125.600000,0.000000,43,97,110,180,400,850,1300,1500,2000,32000,38000,108106,200,43,161.7404890401659,5.453611025586724,37977.30074101128,1199.6080606071819
1745997209,200,,Aggregated,125.800000,0.000000,44,97,110,180,400,850,1300,1500,2000,32000,38000,108223,200,44,162.09060600040078,5.453611025586724,37977.30074101128,1199.6250150152925
1745997210,200,,Aggregated,123.800000,0.000000,44,97,110,180,400,850,1300,1500,2000,32000,38000,108341,200,44,162.44111334281044,5.453611025586724,37977.30074101128,1199.543755365005
1745997211,200,,Aggregated,123.900000,0.000000,44,97,110,180,400,850,1300,1600,2000,32000,38000,108473,200,44,162.73884445058954,5.453611025586724,37977.30074101128,1199.6358817401565
1745997212,200,,Aggregated,126.800000,0.000000,44,97,110,180,400,850,1300,1600,2000,32000,38000,108611,200,44,162.973283140542,5.453611025586724,37977.30074101128,1199.460901750283
1745997213,200,,Aggregated,123.500000,0.000000,44,97,110,180,400,860,1300,1600,2000,32000,38000,108743,200,44,163.1913800504496,5.453611025586724,37977.30074101128,1199.4542545267282
1745997214,200,,Aggregated,126.900000,0.000000,44,97,110,180,400,860,1300,1600,2000,32000,38000,108835,200,44,163.44282644227874,5.453611025586724,37977.30074101128,1199.2844121835806
1745997215,200,,Aggregated,124.800000,0.000000,44,97,110,180,400,860,1300,1600,2000,32000,38000,109005,200,44,163.89933523401353,5.453611025586724,37977.30074101128,1199.3066831796707
1745997216,200,,Aggregated,125.700000,0.000000,44,97,110,180,400,860,1300,1600,2000,32000,38000,109128,200,44,164.0344763961392,5.453611025586724,37977.30074101128,1199.485475771571
1745997217,200,,Aggregated,124.100000,0.000000,44,97,110,180,400,860,1300,1600,2000,32000,38000,109261,200,44,164.1859701301895,5.453611025586724,37977.30074101128,1199.3850321706739
1745997218,200,,Aggregated,125.600000,0.000000,44,98,110,180,400,860,1300,1600,2000,32000,38000,109395,200,44,164.3241434107876,5.453611025586724,37977.30074101128,1199.2448283742401
1745997219,200,,Aggregated,128.300000,0.000000,44,98,110,180,400,870,1300,1600,2000,32000,38000,109518,200,44,164.57237227632268,5.453611025586724,37977.30074101128,1199.1462681933563
1745997220,200,,Aggregated,128.100000,0.000000,44,98,110,180,400,870,1300,1600,2000,32000,38000,109644,200,44,164.7854735677479,5.453611025586724,37977.30074101128,1199.1421509612928
1745997221,200,,Aggregated,129.200000,0.000000,44,98,110,180,410,870,1300,1600,2000,32000,38000,109764,200,44,165.15828801843057,5.453611025586724,37977.30074101128,1199.2434222513757
1745997222,200,,Aggregated,129.200000,0.000000,45,98,110,180,410,870,1300,1600,2000,32000,38000,109910,200,45,165.44593322354686,5.453611025586724,37977.30074101128,1199.394631971613
1745997223,200,,Aggregated,130.100000,0.000000,45,98,110,180,410,870,1300,1600,2000,32000,38000,110063,200,45,165.68684626956232,5.453611025586724,37977.30074101128,1199.536701707204
1745997224,200,,Aggregated,129.000000,0.000000,45,98,110,180,410,870,1300,1600,2000,32000,38000,110194,200,45,165.7575296463827,5.453611025586724,37977.30074101128,1199.6052053650833
1745997225,200,,Aggregated,131.700000,0.000000,45,98,110,180,410,880,1300,1600,2000,32000,38000,110313,200,45,165.91919151516586,5.453611025586724,37977.30074101128,1199.8573604198962
1745997226,200,,Aggregated,131.200000,0.000000,45,98,110,180,410,880,1300,1600,2000,32000,38000,110430,200,45,166.28361168514803,5.453611025586724,37977.30074101128,1200.201430770624
1745997227,200,,Aggregated,132.000000,0.000000,45,98,110,180,410,880,1300,1600,2000,32000,38000,110551,200,45,166.63698833539746,5.453611025586724,37977.30074101128,1199.9290372769128
1745997228,200,,Aggregated,128.200000,0.000000,45,98,110,190,410,880,1300,1600,2000,32000,38000,110678,200,45,166.81561337851048,5.453611025586724,37977.30074101128,1199.8522289885975
1745997229,200,,Aggregated,126.300000,0.000000,45,98,110,190,410,880,1300,1600,2000,32000,38000,110787,200,45,167.1573093046348,5.453611025586724,37977.30074101128,1199.7702076958487
1745997230,200,,Aggregated,127.700000,0.000000,45,98,110,190,410,890,1300,1600,2000,32000,38000,110920,200,45,167.52410753653913,5.453611025586724,37977.30074101128,1199.766714749369
1745997231,200,,Aggregated,126.300000,0.000000,45,98,110,190,420,890,1300,1600,2000,32000,38000,111028,200,45,167.81396930417145,5.453611025586724,37977.30074101128,1199.9239741326512
1745997232,200,,Aggregated,125.100000,0.000000,45,98,110,190,420,890,1300,1600,2000,32000,38000,111155,200,45,168.08702902505587,5.453611025586724,37977.30074101128,1200.0951464171653
1745997233,200,,Aggregated,125.500000,0.000000,45,98,110,190,420,890,1300,1600,2000,32000,38000,111306,200,45,168.23253126206924,5.453611025586724,37977.30074101128,1199.9620865002785
1745997234,200,,Aggregated,121.800000,0.000000,45,98,110,190,420,890,1300,1600,2000,32000,38000,111409,200,45,168.33985203917365,5.453611025586724,37977.30074101128,1200.0244145446059
1745997235,200,,Aggregated,124.300000,0.000000,46,99,110,190,420,890,1300,1600,2000,32000,38000,111569,200,46,168.6333847510495,5.453611025586724,37977.30074101128,1200.061692764119
1745997236,200,,Aggregated,123.600000,0.000000,46,99,110,190,420,890,1300,1600,2000,32000,38000,111702,200,46,168.78961703769613,5.453611025586724,37977.30074101128,1200.0888077205423
1745997237,200,,Aggregated,119.100000,0.000000,46,99,110,190,420,890,1300,1600,2000,32000,38000,111818,200,46,168.9492425801223,5.453611025586724,37977.30074101128,1200.115920513692
1745997238,200,,Aggregated,126.700000,0.000000,46,99,110,190,420,890,1300,1600,2000,32000,38000,111947,200,46,169.11224902648806,5.453611025586724,37977.30074101128,1200.0519263580088
1745997239,200,,Aggregated,128.600000,0.000000,46,99,110,190,420,890,1300,1600,2000,32000,38000,112108,200,46,169.3891386748646,5.453611025586724,37977.30074101128,1200.1351107860278
1745997240,200,,Aggregated,126.400000,0.000000,46,99,110,190,430,890,1300,1600,2000,32000,38000,112249,200,46,169.50218889787183,5.453611025586724,37977.30074101128,1200.2247236055555
1745997241,200,,Aggregated,128.900000,0.000000,46,99,110,190,430,890,1300,1600,2000,32000,38000,112384,200,46,169.4846505082759,5.453611025586724,37977.30074101128,1200.3091543280182
1745997242,200,,Aggregated,131.100000,0.000000,46,99,110,190,430,890,1300,1600,2000,32000,38000,112538,200,46,169.53536270483744,5.453611025586724,37977.30074101128,1200.1408146581598
1745997243,200,,Aggregated,130.900000,0.000000,46,99,110,190,430,890,1300,1600,2000,32000,38000,112655,200,46,169.63493290390252,5.453611025586724,37977.30074101128,1200.2442678975633
1745997244,200,,Aggregated,137.600000,0.000000,46,99,110,190,430,890,1300,1600,2000,32000,38000,112811,200,46,169.75450873190212,5.453611025586724,37977.30074101128,1200.0909219845582
1745997245,200,,Aggregated,132.900000,0.000000,46,99,110,190,430,890,1300,1600,2000,32000,38000,112929,200,46,169.9042389512711,5.453611025586724,37977.30074101128,1200.0767119163368
1745997246,200,,Aggregated,134.800000,0.000000,46,99,110,190,430,890,1300,1600,2000,32000,38000,113050,200,46,170.06536574552115,5.453611025586724,37977.30074101128,1200.147969924812
1745997247,200,,Aggregated,140.900000,0.000000,46,99,110,190,430,900,1300,1600,2000,32000,38000,113176,200,46,170.28210915207686,5.453611025586724,37977.30074101128,1200.1023891991235
1745997248,200,,Aggregated,133.900000,0.000000,47,99,110,190,430,900,1300,1600,2000,32000,38000,113290,200,47,170.77797821151202,5.453611025586724,37977.30074101128,1200.2087386353605
1745997249,200,,Aggregated,133.900000,0.000000,47,99,110,190,430,900,1300,1600,2000,32000,38000,113424,200,47,170.98112085178974,5.453611025586724,37977.30074101128,1200.2062702778953
1745997250,200,,Aggregated,131.300000,0.000000,47,99,110,190,430,900,1300,1600,2000,32000,38000,113561,200,47,171.11527032484432,5.453611025586724,37977.30074101128,1200.167830505191
1745997251,200,,Aggregated,133.000000,0.000000,47,99,110,190,430,900,1300,1600,2000,32000,38000,113672,200,47,171.34633909429976,5.453611025586724,37977.30074101128,1200.2102980505313
1745997252,200,,Aggregated,132.000000,0.000000,47,99,110,190,440,910,1300,1600,2000,32000,38000,113820,200,47,171.64661902133827,5.453611025586724,37977.30074101128,1200.0846951326655
1745997253,200,,Aggregated,132.300000,0.000000,47,99,110,190,440,910,1300,1600,2000,32000,38000,113945,200,47,171.82765371130614,5.453611025586724,37977.30074101128,1199.8276624687348
1745997254,200,,Aggregated,128.200000,0.000000,47,99,110,190,440,910,1300,1600,2000,32000,38000,114072,200,47,172.00169323703471,5.453611025586724,37977.30074101128,1199.8653131355636
1745997255,200,,Aggregated,130.200000,0.000000,47,100,110,190,440,910,1300,1600,2000,32000,38000,114220,200,47,172.21304164461665,5.453611025586724,37977.30074101128,1200.0738312029416
1745997256,200,,Aggregated,127.600000,0.000000,47,100,110,190,440,910,1300,1600,2000,32000,38000,114351,200,47,172.33147242806626,5.453611025586724,37977.30074101128,1200.0746386126925
1745997257,200,,Aggregated,125.300000,0.000000,47,100,110,190,440,910,1300,1600,2000,32000,38000,114484,200,47,172.40860947256803,5.453611025586724,37977.30074101128,1199.956159812725
1745997258,200,,Aggregated,129.200000,0.000000,48,100,110,190,440,910,1300,1600,2000,32000,38000,114602,200,48,172.52072905367532,5.453611025586724,37977.30074101128,1199.8905603741646
1745997259,200,,Aggregated,128.700000,0.000000,48,100,110,190,440,910,1300,1600,2000,32000,38000,114698,200,48,172.5541505368445,5.453611025586724,37977.30074101128,1199.9104779507925
1745997260,200,,Aggregated,134.300000,0.000000,48,100,120,190,440,910,1300,1600,2000,32000,38000,114847,200,48,172.83907367534542,5.453611025586724,37977.30074101128,1199.7670727141326
1745997261,200,,Aggregated,127.400000,0.000000,48,100,120,190,440,920,1300,1600,2000,32000,38000,114971,200,48,173.2096862661992,5.453611025586724,37977.30074101128,1199.8538761948666
1745997262,200,,Aggregated,126.800000,0.000000,48,100,120,190,450,920,1300,1600,2000,32000,38000,115097,200,48,173.56061623913507,5.453611025586724,37977.30074101128,1199.9567060826955
1745997263,200,,Aggregated,128.100000,0.000000,48,100,120,190,450,920,1300,1600,2000,32000,38000,115235,200,48,173.70713212807217,5.453611025586724,37977.30074101128,1200.027977610969
1745997264,200,,Aggregated,126.900000,0.000000,48,100,120,190,450,920,1300,1600,2000,32000,38000,115357,200,48,173.8075058710312,5.453611025586724,37977.30074101128,1200.1222119160518
1745997265,200,,Aggregated,128.000000,0.000000,48,100,120,190,450,920,1300,1600,2000,32000,38000,115495,200,48,174.02252968688327,5.453611025586724,37977.30074101128,1200.1920169704317
1745997266,200,,Aggregated,128.000000,0.000000,48,100,120,190,450,920,1300,1600,2000,32000,38000,115622,200,48,174.19497087240615,5.453611025586724,37977.30074101128,1200.2150974727992
1745997267,200,,Aggregated,127.600000,0.000000,48,100,120,190,450,930,1300,1600,2000,32000,38000,115751,200,48,174.35529679602146,5.453611025586724,37977.30074101128,1200.2932933624763
1745997268,200,,Aggregated,127.800000,0.000000,48,100,120,190,450,930,1300,1600,2000,32000,38000,115861,200,48,174.55765902392613,5.453611025586724,37977.30074101128,1200.4603533544505
1745997269,200,,Aggregated,126.100000,0.000000,49,100,120,190,460,930,1400,1600,2000,32000,38000,115993,200,49,174.83510969524698,5.453611025586724,37977.30074101128,1200.5963377100343
1745997270,200,,Aggregated,124.800000,0.000000,49,100,120,190,460,930,1400,1600,2000,32000,38000,116128,200,49,175.04230216643433,5.453611025586724,37977.30074101128,1200.5105659272526
1745997271,200,,Aggregated,127.200000,0.000000,49,100,120,190,460,930,1400,1600,2000,32000,38000,116260,200,49,175.27527708016737,5.453611025586724,37977.30074101128,1200.4944262859108
1745997272,200,,Aggregated,127.500000,0.000000,49,100,120,190,460,940,1400,1600,2000,32000,38000,116393,200,49,175.57395970371584,5.453611025586724,37977.30074101128,1200.6063680805546
1745997273,200,,Aggregated,126.700000,0.000000,49,100,120,190,460,940,1400,1600,2000,32000,38000,116539,200,49,175.80444281131108,5.453611025586724,37977.30074101128,1200.5760475034108
1745997274,200,,Aggregated,129.400000,0.000000,49,100,120,190,460,940,1400,1600,2000,32000,38000,116673,200,49,175.7119714258576,5.453611025586724,37977.30074101128,1200.5392935812056
1745997275,200,,Aggregated,126.900000,0.000000,49,100,120,190,460,940,1400,1600,2000,32000,38000,116824,200,49,175.65453546034044,5.453611025586724,37977.30074101128,1200.5018146956104
1745997276,200,,Aggregated,129.500000,0.000000,49,100,120,190,460,940,1400,1600,2000,32000,38000,116984,200,49,175.62596361746427,5.453611025586724,37977.30074101128,1200.4307597620186
1745997277,200,,Aggregated,132.500000,0.000000,49,100,120,190,460,940,1400,1600,2000,32000,38000,117084,200,49,175.72164039378225,5.453611025586724,37977.30074101128,1200.6080250076868
1745997278,200,,Aggregated,132.200000,0.000000,49,100,120,190,460,940,1400,1600,2000,32000,38000,117209,200,49,175.9781214048696,5.453611025586724,37977.30074101128,1200.5370406709383
1745997279,200,,Aggregated,135.100000,0.000000,50,100,120,190,460,940,1400,1600,2000,32000,38000,117349,200,50,176.19409085818236,5.453611025586724,37977.30074101128,1200.4556834740815
1745997280,200,,Aggregated,131.700000,0.000000,50,100,120,190,470,940,1400,1600,2000,32000,38000,117471,200,50,176.3181609073395,5.453611025586724,37977.30074101128,1200.4086881017442
1745997281,200,,Aggregated,133.600000,0.000000,50,100,120,190,470,940,1400,1600,2000,32000,38000,117599,200,50,176.51454761544235,5.453611025586724,37977.30074101128,1200.4171889216746
1745997282,200,,Aggregated,135.500000,0.000000,50,100,120,190,470,940,1400,1600,2000,32000,38000,117753,200,50,176.64780187875778,5.453611025586724,37977.30074101128,1200.2994403539612
1745997283,200,,Aggregated,134.700000,0.000000,50,100,120,190,470,940,1400,1600,2000,32000,38000,117864,200,50,176.7880627729307,5.453611025586724,37977.30074101128,1200.3963805742212
1745997284,200,,Aggregated,133.200000,0.000000,50,100,120,190,470,950,1400,1600,2000,32000,38000,118006,200,50,176.88088434261775,5.453611025586724,37977.30074101128,1200.4221649746623
1745997285,200,,Aggregated,134.800000,0.000000,50,100,120,190,470,950,1400,1600,2000,32000,38000,118126,200,50,176.98345483343547,5.453611025586724,37977.30074101128,1200.379806308518
1745997286,200,,Aggregated,132.800000,0.000000,50,100,120,190,470,950,1400,1600,2000,32000,38000,118241,200,50,177.27526084058314,5.453611025586724,37977.30074101128,1200.4135790461853
1745997287,200,,Aggregated,131.800000,0.000000,51,100,120,190,470,950,1400,1600,2000,32000,38000,118368,200,51,177.66854753620342,5.453611025586724,37977.30074101128,1200.5145900919167
1745997288,200,,Aggregated,127.400000,0.000000,51,100,120,190,470,950,1400,1600,2000,32000,38000,118472,200,51,177.91373543522448,5.453611025586724,37977.30074101128,1200.5080356539943
1745997289,200,,Aggregated,125.800000,0.000000,51,100,120,190,470,960,1400,1600,2000,32000,38000,118599,200,51,178.1733861293081,5.453611025586724,37977.30074101128,1200.4859906070035
1745997290,200,,Aggregated,128.300000,0.000000,51,100,120,190,470,960,1400,1600,2000,32000,38000,118722,200,51,178.4979892563266,5.453611025586724,37977.30074101128,1200.4920402284329
1745997291,200,,Aggregated,124.400000,0.000000,51,100,120,190,480,960,1400,1600,2000,32000,38000,118852,200,51,178.74275711259872,5.453611025586724,37977.30074101128,1200.4837613165955
1745997292,200,,Aggregated,124.400000,0.000000,51,100,120,190,480,960,1400,1600,2000,32000,38000,118995,200,51,178.9256743268641,5.453611025586724,37977.30074101128,1200.6508592798016
1745997293,200,,Aggregated,122.800000,0.000000,51,100,120,190,480,960,1400,1600,2000,32000,38000,119110,200,51,179.05875023381773,5.453611025586724,37977.30074101128,1200.7709931995635
1745997294,200,,Aggregated,124.000000,0.000000,52,100,120,190,480,960,1400,1600,2000,32000,38000,119246,200,52,179.11610567963723,5.453611025586724,37977.30074101128,1200.6804504972913
1745997295,200,,Aggregated,124.000000,0.000000,52,100,120,190,480,970,1400,1600,2000,32000,38000,119372,200,52,179.34576029646271,5.453611025586724,37977.30074101128,1200.564772308414
1745997296,200,,Aggregated,122.500000,0.000000,52,100,120,190,480,970,1400,1600,2000,32000,38000,119499,200,52,179.59178956809131,5.453611025586724,37977.30074101128,1200.5391844283215
1745997297,200,,Aggregated,123.600000,0.000000,52,100,120,190,480,970,1400,1600,2000,32000,38000,119626,200,52,179.76303560043596,5.453611025586724,37977.30074101128,1200.557888753281
1745997298,200,,Aggregated,124.400000,0.000000,52,100,120,190,480,970,1400,1600,2000,32000,38000,119742,200,52,179.9665345734421,5.453611025586724,37977.30074101128,1200.5571979756476
1745997299,200,,Aggregated,124.800000,0.000000,53,100,120,190,480,970,1400,1600,2000,32000,38000,119860,200,53,180.2876005392257,5.453611025586724,37977.30074101128,1200.6390455531453
1745997300,200,,Aggregated,125.700000,0.000000,53,100,120,190,480,970,1400,1600,2000,32000,38000,120006,200,53,180.4954808036039,5.453611025586724,37977.30074101128,1200.5558305418062
1745997301,200,,Aggregated,126.000000,0.000000,53,100,120,190,480,980,1400,1600,2000,32000,38000,120134,200,53,180.69874360595452,5.453611025586724,37977.30074101128,1200.5678575590591
1745997302,200,,Aggregated,126.100000,0.000000,53,100,120,190,490,980,1400,1600,2000,32000,38000,120270,200,53,180.94308645391754,5.453611025586724,37977.30074101128,1200.4576536127047
1745997303,200,,Aggregated,129.000000,0.000000,53,100,120,190,490,980,1400,1600,2000,32000,38000,120393,200,53,181.21945743520806,5.453611025586724,37977.30074101128,1200.6062063409001
1745997304,200,,Aggregated,128.400000,0.000000,53,100,120,190,490,980,1400,1600,2000,32000,38000,120510,200,53,181.39715236351125,5.453611025586724,37977.30074101128,1200.6651481204879
1745997305,200,,Aggregated,126.100000,0.000000,54,100,120,190,490,980,1400,1600,2000,32000,38000,120650,200,54,181.58882570322044,5.453611025586724,37977.30074101128,1200.5264484044758
1745997307,200,,Aggregated,127.600000,0.000000,54,100,120,190,490,990,1400,1600,2000,32000,38000,120774,200,54,181.8157012628184,5.453611025586724,37977.30074101128,1200.572714325931
1745997308,200,,Aggregated,124.600000,0.000000,54,100,120,190,490,990,1400,1600,2000,32000,38000,120906,200,54,181.8941260978992,5.453611025586724,37977.30074101128,1200.5568540849918
1745997309,200,,Aggregated,126.800000,0.000000,54,100,120,190,490,990,1400,1600,2000,32000,38000,121031,200,54,182.08549312981327,5.453611025586724,37977.30074101128,1200.526774132247
1745997310,200,,Aggregated,126.600000,0.000000,54,100,120,190,490,990,1400,1600,2000,32000,38000,121140,200,54,182.3629029655039,5.453611025586724,37977.30074101128,1200.428223543008
1745997311,200,,Aggregated,126.600000,0.000000,54,100,120,190,490,990,1400,1600,2000,32000,38000,121287,200,54,182.75783254574696,5.453611025586724,37977.30074101128,1200.668018831367
1745997312,200,,Aggregated,128.900000,0.000000,55,100,120,190,490,990,1400,1600,2000,32000,38000,121405,200,55,182.88362101547241,5.453611025586724,37977.30074101128,1200.7401836827148
1745997313,200,,Aggregated,126.200000,0.000000,55,100,120,190,490,990,1400,1600,2000,32000,38000,121537,200,55,183.10951944772063,5.453611025586724,37977.30074101128,1200.763759184446
1745997314,200,,Aggregated,126.800000,0.000000,55,100,120,190,490,990,1400,1600,2000,32000,38000,121642,200,55,183.20329951873453,5.453611025586724,37977.30074101128,1200.8320810246462
1745997315,200,,Aggregated,125.800000,0.000000,55,100,120,190,490,990,1400,1600,2000,32000,38000,121771,200,55,183.30894239640534,5.453611025586724,37977.30074101128,1200.7189807096927
1745997316,200,,Aggregated,126.600000,0.000000,55,100,120,190,490,1000,1400,1600,2000,32000,38000,121913,200,55,183.5224293478107,5.453611025586724,37977.30074101128,1200.608983455415
1745997317,200,,Aggregated,124.600000,0.000000,55,100,120,190,490,1000,1400,1600,2000,32000,38000,122018,200,55,183.81301530149793,5.453611025586724,37977.30074101128,1200.5342818272713
1745997318,200,,Aggregated,126.100000,0.000000,56,100,120,200,490,1000,1400,1600,2000,32000,38000,122120,200,56,184.09057484841253,5.453611025586724,37977.30074101128,1200.521577137242
1745997319,200,,Aggregated,126.300000,0.000000,56,100,120,200,500,1000,1400,1600,2000,32000,38000,122248,200,56,184.2956060210601,5.453611025586724,37977.30074101128,1200.4584860284012
1745997320,200,,Aggregated,121.400000,0.000000,56,100,120,200,500,1000,1400,1700,2100,32000,38000,122370,200,56,184.63870190988393,5.453611025586724,37977.30074101128,1200.5050666012912
1745997321,200,,Aggregated,121.700000,0.000000,56,100,120,200,500,1000,1400,1700,2100,32000,38000,122506,200,56,185.1113043763556,5.453611025586724,37977.30074101128,1200.6158228984702
1745997322,200,,Aggregated,122.900000,0.000000,56,100,120,200,500,1000,1400,1700,2100,32000,38000,122644,200,56,185.33230253360486,5.453611025586724,37977.30074101128,1200.6654626398356
1745997323,200,,Aggregated,121.300000,0.000000,56,100,130,200,500,1000,1400,1700,2100,32000,38000,122742,200,56,185.46676012011528,5.453611025586724,37977.30074101128,1200.8620032262795
1745997324,200,,Aggregated,122.500000,0.000000,57,100,130,200,500,1000,1400,1700,2100,32000,38000,122883,200,57,185.5930875878897,5.453611025586724,37977.30074101128,1200.7470439361018
1745997325,200,,Aggregated,119.900000,0.000000,57,100,130,200,500,1000,1400,1700,2100,32000,38000,123024,200,57,185.8640396605579,5.453611025586724,37977.30074101128,1200.802924632592
1745997326,200,,Aggregated,123.500000,0.000000,57,100,130,200,500,1000,1400,1700,2100,32000,38000,123150,200,57,185.91190119201386,5.453611025586724,37977.30074101128,1200.8432967925294
1745997327,200,,Aggregated,124.300000,0.000000,57,100,130,200,500,1000,1400,1700,2100,32000,38000,123297,200,57,186.02091112503456,5.453611025586724,37977.30074101128,1200.7740496524652
1745997328,200,,Aggregated,121.400000,0.000000,57,100,130,200,500,1000,1400,1700,2100,32000,38000,123409,200,57,186.20284002355834,5.453611025586724,37977.30074101128,1200.7588911667706
1745997329,200,,Aggregated,126.300000,0.000000,58,100,130,200,500,1000,1400,1700,2100,32000,38000,123533,200,58,186.34742968063526,5.453611025586724,37977.30074101128,1200.8457578137015
1745997330,200,,Aggregated,127.800000,0.000000,58,100,130,200,500,1000,1400,1700,2100,32000,38000,123672,200,58,186.56379898317275,5.453611025586724,37977.30074101128,1200.7012419949544
1745997331,200,,Aggregated,127.400000,0.000000,58,100,130,200,500,1000,1400,1700,2100,32000,38000,123777,200,58,186.94938286245517,5.453611025586724,37977.30074101128,1200.8202897145673
1745997332,200,,Aggregated,129.400000,0.000000,58,100,130,200,500,1000,1400,1700,2100,32000,38000,123906,200,58,187.091388502238,5.453611025586724,37977.30074101128,1200.9464513421465
1745997333,200,,Aggregated,127.000000,0.000000,58,100,130,200,500,1000,1400,1700,2100,32000,38000,124045,200,58,187.18214529204286,5.453611025586724,37977.30074101128,1200.8652827602887
1745997334,200,,Aggregated,126.300000,0.000000,58,100,130,200,500,1000,1400,1700,2100,32000,38000,124157,200,58,187.4190525204444,5.453611025586724,37977.30074101128,1200.9056356065305
1745997335,200,,Aggregated,129.800000,0.000000,58,100,130,200,510,1000,1400,1700,2100,32000,38000,124301,200,58,187.57620330863318,5.453611025586724,37977.30074101128,1200.8847233731024
1745997336,200,,Aggregated,126.600000,0.000000,59,100,130,200,510,1000,1400,1700,2100,32000,38000,124431,200,59,187.67759114526712,5.453611025586724,37977.30074101128,1200.7278732791667
1745997337,200,,Aggregated,127.300000,0.000000,59,100,130,200,510,1000,1400,1700,2100,32000,38000,124555,200,59,187.86046931864345,5.453611025586724,37977.30074101128,1200.7516839950222
1745997338,200,,Aggregated,129.200000,0.000000,59,100,130,200,510,1000,1400,1700,2100,32000,38000,124670,200,59,188.17291004914227,5.453611025586724,37977.30074101128,1200.632975054143
1745997339,200,,Aggregated,126.700000,0.000000,59,100,130,200,510,1000,1400,1700,2100,32000,38000,124784,200,59,188.4928171713072,5.453611025586724,37977.30074101128,1200.6707029747404
1745997340,200,,Aggregated,125.200000,0.000000,59,100,130,200,510,1000,1400,1700,2200,32000,38000,124897,200,59,188.7994270684544,5.453611025586724,37977.30074101128,1200.6038175456576
1745997341,200,,Aggregated,123.500000,0.000000,60,100,130,200,510,1000,1500,1700,2200,32000,38000,125004,200,60,189.37350704693992,5.453611025586724,37977.30074101128,1200.8522847268887
1745997342,200,,Aggregated,121.700000,0.000000,60,100,130,200,510,1000,1500,1700,2200,32000,38000,125138,200,60,189.62539605197003,5.453611025586724,37977.30074101128,1200.8659479934154
1745997343,200,,Aggregated,121.000000,0.000000,60,100,130,200,510,1000,1500,1700,2200,32000,38000,125278,200,60,189.82105262777276,5.453611025586724,37977.30074101128,1200.775483325085
1745997344,200,,Aggregated,121.700000,0.000000,60,100,130,200,510,1000,1500,1700,2200,32000,38000,125400,200,60,189.89596395873474,5.453611025586724,37977.30074101128,1200.793341307815
1745997345,200,,Aggregated,122.000000,0.000000,60,100,130,200,510,1000,1500,1700,2200,32000,38000,125539,200,60,189.98435197186336,5.453611025586724,37977.30074101128,1200.6692979870797
1745997346,200,,Aggregated,123.300000,0.000000,60,100,130,200,510,1000,1500,1700,2200,32000,38000,125649,200,60,190.20693279571705,5.453611025586724,37977.30074101128,1200.6565113928484
1745997347,200,,Aggregated,122.700000,0.000000,60,100,130,200,510,1000,1500,1700,2200,32000,38000,125785,200,60,190.44112627290374,5.453611025586724,37977.30074101128,1200.662710180069
1745997348,200,,Aggregated,120.500000,0.000000,61,100,130,200,510,1000,1500,1700,2200,32000,38000,125922,200,61,190.61141044628337,5.453611025586724,37977.30074101128,1200.6207970013184
1745997349,200,,Aggregated,121.900000,0.000000,61,100,130,200,520,1000,1500,1700,2200,32000,38000,126030,200,61,190.73110415625652,5.453611025586724,37977.30074101128,1200.6047210981512
1745997350,200,,Aggregated,124.300000,0.000000,61,100,130,200,520,1000,1500,1700,2200,32000,38000,126168,200,61,190.96010870030418,5.453611025586724,37977.30074101128,1200.6370870585251
1745997351,200,,Aggregated,125.300000,0.000000,61,100,130,200,520,1000,1500,1700,2200,32000,38000,126295,200,61,191.1153258756318,5.453611025586724,37977.30074101128,1200.6287422304922
1745997352,200,,Aggregated,125.700000,0.000000,61,100,140,200,520,1100,1500,1700,2200,32000,38000,126395,200,61,191.39447348118128,5.453611025586724,37977.30074101128,1200.7880612365996
1745997353,200,,Aggregated,129.200000,0.000000,61,100,140,200,520,1100,1500,1700,2200,32000,38000,126523,200,61,191.64213757451324,5.453611025586724,37977.30074101128,1200.7195766777581
1745997354,200,,Aggregated,125.600000,0.000000,62,100,140,200,520,1100,1500,1700,2200,32000,38000,126671,200,62,191.77566391862683,5.453611025586724,37977.30074101128,1200.8578127590372
1745997355,200,,Aggregated,124.500000,0.000000,62,100,140,200,520,1100,1500,1700,2200,32000,38000,126791,200,62,191.8757587753719,5.453611025586724,37977.30074101128,1200.7999779164136
1745997356,200,,Aggregated,126.700000,0.000000,62,100,140,200,520,1100,1500,1700,2200,32000,38000,126943,200,62,192.09778116175093,5.453611025586724,37977.30074101128,1200.6732706805417
1745997357,200,,Aggregated,125.000000,0.000000,62,100,140,200,520,1100,1500,1700,2200,32000,38000,127073,200,62,192.1447479853625,5.453611025586724,37977.30074101128,1200.7075617951887
1745997358,200,,Aggregated,128.500000,0.000000,62,100,140,200,520,1100,1500,1700,2200,32000,38000,127204,200,62,192.29174027801858,5.453611025586724,37977.30074101128,1200.7247492217225
1745997359,200,,Aggregated,127.200000,0.000000,62,100,140,200,520,1100,1500,1700,2200,32000,38000,127338,200,62,192.5224495483805,5.453611025586724,37977.30074101128,1200.63292183009
1745997360,200,,Aggregated,127.400000,0.000000,63,100,140,200,520,1100,1500,1700,2200,32000,38000,127461,200,63,192.7389793063017,5.453611025586724,37977.30074101128,1200.7000494268834
1745997361,200,,Aggregated,128.800000,0.000000,63,100,140,200,520,1100,1500,1700,2200,32000,38000,127584,200,63,192.94553855132975,5.453611025586724,37977.30074101128,1200.6391788939052
1745997362,200,,Aggregated,128.100000,0.000000,63,100,140,200,530,1100,1500,1700,2200,32000,38000,127698,200,63,193.20845350199832,5.453611025586724,37977.30074101128,1200.7227599492553
1745997363,200,,Aggregated,128.400000,0.000000,63,100,140,200,530,1100,1500,1700,2200,32000,38000,127826,200,63,193.23719618893048,5.453611025586724,37977.30074101128,1200.67483141145
1745997364,200,,Aggregated,130.000000,0.000000,63,100,140,200,530,1100,1500,1700,2200,32000,38000,127973,200,63,193.53193348645385,5.453611025586724,37977.30074101128,1200.71007165574
1745997365,200,,Aggregated,129.200000,0.000000,63,100,140,200,530,1100,1500,1700,2200,32000,38000,128077,200,63,193.72855704452382,5.453611025586724,37977.30074101128,1200.7198326007012
1745997366,200,,Aggregated,127.000000,0.000000,63,100,140,200,530,1100,1500,1700,2200,32000,38000,128214,200,63,193.87074446909557,5.453611025586724,37977.30074101128,1200.791278643518
1745997367,200,,Aggregated,128.300000,0.000000,64,100,140,200,530,1100,1500,1700,2200,32000,38000,128323,200,64,194.0659451430551,5.453611025586724,37977.30074101128,1200.7807252012499
1745997368,200,,Aggregated,126.300000,0.000000,64,100,140,200,530,1100,1500,1700,2200,32000,38000,128436,200,64,194.2519937945328,5.453611025586724,37977.30074101128,1200.813120931826
1745997369,200,,Aggregated,126.500000,0.000000,64,100,140,200,530,1100,1500,1700,2200,32000,38000,128564,200,64,194.5419181505885,5.453611025586724,37977.30074101128,1200.860870850316
1745997370,200,,Aggregated,123.300000,0.000000,64,100,140,200,530,1100,1500,1700,2200,32000,38000,128685,200,64,194.81251473235173,5.453611025586724,37977.30074101128,1200.91581769437
1745997371,200,,Aggregated,123.100000,0.000000,64,100,140,200,530,1100,1500,1700,2200,32000,38000,128816,200,64,195.0517429009326,5.453611025586724,37977.30074101128,1200.8178409514346
1745997372,200,,Aggregated,122.100000,0.000000,64,100,140,200,540,1100,1500,1700,2200,32000,38000,128959,200,64,195.35184998765328,5.453611025586724,37977.30074101128,1200.7244317961522
1745997373,200,,Aggregated,122.200000,0.000000,65,100,140,200,540,1100,1500,1700,2200,32000,38000,129119,200,65,195.34777322999483,5.453611025586724,37977.30074101128,1200.8299010989863
1745997374,200,,Aggregated,124.700000,0.000000,65,100,140,200,540,1100,1500,1700,2200,32000,38000,129268,200,65,195.3111411620417,5.453611025586724,37977.30074101128,1200.7123804808614
1745997375,200,,Aggregated,127.900000,0.000000,65,100,140,200,540,1100,1500,1700,2200,32000,38000,129397,200,65,195.34976300724222,5.453611025586724,37977.30074101128,1200.8049954790297
1745997376,200,,Aggregated,129.300000,0.000000,65,100,140,200,540,1100,1500,1700,2200,32000,38000,129519,200,65,195.36930145628378,5.453611025586724,37977.30074101128,1200.8129695257066
1745997377,200,,Aggregated,129.200000,0.000000,65,100,150,200,540,1100,1500,1700,2200,32000,38000,129661,200,65,195.44874948034578,5.453611025586724,37977.30074101128,1200.7261705524406
1745997378,200,,Aggregated,131.100000,0.000000,65,100,150,200,540,1100,1500,1700,2200,32000,38000,129773,200,65,195.65749220219598,5.453611025586724,37977.30074101128,1200.6822374453855
1745997379,200,,Aggregated,130.500000,0.000000,65,100,150,200,540,1100,1500,1700,2200,32000,38000,129894,200,65,195.77383482231417,5.453611025586724,37977.30074101128,1200.6906323617718
1745997380,200,,Aggregated,133.400000,0.000000,66,100,150,200,540,1100,1500,1700,2200,32000,38000,130028,200,66,195.91593611759015,5.453611025586724,37977.30074101128,1200.6361322176763
1745997381,200,,Aggregated,132.200000,0.000000,66,100,150,200,540,1100,1500,1700,2200,32000,38000,130161,200,66,196.13302813014292,5.453611025586724,37977.30074101128,1200.544502577577
1745997382,200,,Aggregated,134.200000,0.000000,66,100,150,200,540,1100,1500,1700,2200,32000,38000,130296,200,66,196.39581987855772,5.453611025586724,37977.30074101128,1200.6585850678455
1745997383,200,,Aggregated,133.200000,0.000000,66,100,150,200,540,1100,1500,1700,2200,32000,38000,130456,200,66,196.43080046973535,5.453611025586724,37977.30074101128,1200.7234163242779
1745997384,200,,Aggregated,132.000000,0.000000,66,100,150,200,540,1100,1500,1700,2200,32000,38000,130590,200,66,196.4846429983541,5.453611025586724,37977.30074101128,1200.8603415269163
1745997385,200,,Aggregated,131.700000,0.000000,66,100,150,200,540,1100,1500,1700,2200,32000,38000,130716,200,66,196.55299110234455,5.453611025586724,37977.30074101128,1200.9363888123871
1745997386,200,,Aggregated,132.000000,0.000000,67,100,150,200,550,1100,1500,1700,2200,32000,38000,130815,200,67,196.7946627320908,5.453611025586724,37977.30074101128,1200.9961625195888
1745997387,200,,Aggregated,134.000000,0.000000,67,100,150,200,550,1100,1500,1700,2200,32000,38000,130958,200,67,197.00113066825872,5.453611025586724,37977.30074101128,1200.8702408405748
1745997388,200,,Aggregated,127.100000,0.000000,67,100,150,200,550,1100,1500,1700,2200,32000,38000,131098,200,67,197.23018564173344,5.453611025586724,37977.30074101128,1200.8470686051655
1745997389,200,,Aggregated,130.800000,0.000000,67,100,150,200,550,1100,1500,1700,2200,32000,38000,131236,200,67,197.33283936087284,5.453611025586724,37977.30074101128,1200.778376360145
1745997390,200,,Aggregated,130.500000,0.000000,67,100,150,200,550,1100,1500,1700,2200,32000,38000,131386,200,67,197.53881178107855,5.453611025586724,37977.30074101128,1200.9775090192259
1745997391,200,,Aggregated,131.400000,0.000000,67,100,150,200,550,1100,1500,1700,2200,32000,38000,131521,200,67,197.54558606336886,5.453611025586724,37977.30074101128,1201.062902502262
1745997392,200,,Aggregated,132.900000,0.000000,67,100,150,200,550,1100,1500,1700,2200,32000,38000,131671,200,67,197.574058807881,5.453611025586724,37977.30074101128,1201.0216676413181
1745997393,200,,Aggregated,133.400000,0.000000,68,100,150,200,550,1100,1500,1700,2200,32000,38000,131783,200,68,197.6381710464596,5.453611025586724,37977.30074101128,1201.0470698041477
1745997394,200,,Aggregated,135.900000,0.000000,68,100,150,200,560,1100,1500,1700,2200,32000,38000,131904,200,68,197.72167493279883,5.453611025586724,37977.30074101128,1201.128661754003
1745997395,200,,Aggregated,134.900000,0.000000,68,100,150,200,560,1100,1500,1700,2200,32000,38000,132059,200,68,197.95328441573275,5.453611025586724,37977.30074101128,1200.9763741963818
1745997396,200,,Aggregated,133.100000,0.000000,68,100,150,200,560,1100,1500,1700,2200,32000,38000,132192,200,68,198.06728363856033,5.453611025586724,37977.30074101128,1201.0619780319535
1745997397,200,,Aggregated,129.800000,0.000000,68,100,150,200,560,1100,1500,1700,2200,32000,38000,132319,200,68,198.02307646900988,5.453611025586724,37977.30074101128,1200.9976496194802
1745997398,200,,Aggregated,136.900000,0.000000,68,100,150,200,560,1100,1500,1700,2200,32000,38000,132478,200,68,198.0290610591226,5.453611025586724,37977.30074101128,1201.0195655127643
1745997399,200,,Aggregated,134.800000,0.000000,68,100,150,200,560,1100,1500,1700,2200,32000,38000,132598,200,68,198.0467159486552,5.453611025586724,37977.30074101128,1200.9429855653932
1745997400,200,,Aggregated,137.400000,0.000000,69,100,150,200,560,1100,1500,1700,2200,32000,38000,132710,200,68,198.13428986272118,5.453611025586724,37977.30074101128,1200.8762489639062
1745997401,200,,Aggregated,137.300000,0.000000,69,100,150,200,560,1100,1500,1700,2200,32000,38000,132852,200,69,198.37153279651267,5.453611025586724,37977.30074101128,1200.9275434317888
1745997402,200,,Aggregated,134.700000,0.000000,69,100,150,200,560,1100,1500,1700,2200,32000,38000,132980,200,69,198.61341540062685,5.453611025586724,37977.30074101128,1200.9199353286208
1745997403,200,,Aggregated,133.400000,0.000000,69,100,160,200,560,1100,1500,1700,2200,32000,38000,133034,200,69,198.84448978361615,5.453611025586724,37977.30074101128,1201.1875535577371
1745997404,200,,Aggregated,132.200000,0.000000,69,100,160,200,570,1100,1500,1700,2200,32000,38000,133206,200,69,199.34080187268364,5.453611025586724,37977.30074101128,1201.1207152830953
1745997405,200,,Aggregated,126.500000,0.000000,69,100,160,200,570,1100,1500,1700,2200,32000,38000,133327,200,69,199.63630294836312,5.453611025586724,37977.30074101128,1200.8494003465164
1745997406,200,,Aggregated,125.500000,0.000000,69,100,160,200,570,1100,1500,1700,2200,32000,38000,133477,200,69,199.7631514236932,5.453611025586724,37977.30074101128,1200.966750825985
1745997407,200,,Aggregated,128.200000,0.000000,70,100,160,200,570,1100,1500,1700,2200,32000,38000,133594,200,70,199.73898855717175,5.453611025586724,37977.30074101128,1200.9249517193887
1745997408,200,,Aggregated,126.200000,0.000000,70,100,160,200,570,1100,1500,1700,2200,32000,38000,133714,200,70,199.8635266283943,5.453611025586724,37977.30074101128,1200.9628535531058
1745997409,200,,Aggregated,125.800000,0.000000,70,100,160,200,570,1100,1500,1700,2200,32000,38000,133847,200,70,199.97592739646603,5.453611025586724,37977.30074101128,1200.8834265990272
1745997410,200,,Aggregated,121.700000,0.000000,70,100,160,200,570,1100,1500,1700,2200,32000,38000,133973,200,70,200.1658197630432,5.453611025586724,37977.30074101128,1200.9046151090145
1745997411,200,,Aggregated,124.000000,0.000000,70,100,160,200,570,1100,1500,1700,2200,32000,38000,134125,200,70,200.32132332245774,5.453611025586724,37977.30074101128,1200.9374389561976
1745997412,200,,Aggregated,123.200000,0.000000,70,100,160,200,570,1100,1500,1700,2200,32000,38000,134294,200,70,200.3050440412556,5.453611025586724,37977.30074101128,1200.9806171534096
1745997413,200,,Aggregated,126.900000,0.000000,70,100,160,200,570,1100,1500,1700,2200,32000,38000,134456,200,70,200.09285644071696,5.453611025586724,37977.30074101128,1201.005778842149
1745997414,200,,Aggregated,126.200000,0.000000,70,100,160,200,570,1100,1500,1700,2200,32000,38000,134533,200,70,200.0625675252319,5.453611025586724,37977.30074101128,1200.9192094133039
1745997415,200,,Aggregated,134.200000,0.000000,70,100,160,200,570,1100,1500,1700,2200,32000,38000,134689,200,70,200.21014944684214,5.453611025586724,37977.30074101128,1200.988001989769
1745997416,200,,Aggregated,136.800000,0.000000,70,100,160,200,570,1100,1500,1700,2200,32000,38000,134828,200,70,200.35921662890402,5.453611025586724,37977.30074101128,1200.8465897291364
1745997417,200,,Aggregated,134.200000,0.000000,70,100,160,200,570,1100,1500,1700,2200,32000,38000,134928,200,70,200.57381536905825,5.453611025586724,37977.30074101128,1200.8445244871339
1745997418,200,,Aggregated,135.800000,0.000000,70,100,160,200,570,1100,1500,1700,2200,32000,38000,135067,200,70,200.75368863055087,5.453611025586724,37977.30074101128,1200.975715755884
1745997419,200,,Aggregated,134.600000,0.000000,71,100,160,200,570,1100,1500,1700,2200,32000,38000,135182,200,71,200.81451342755184,5.453611025586724,37977.30074101128,1200.9928910653784
1745997420,200,,Aggregated,136.500000,0.000000,71,100,160,200,580,1100,1500,1700,2200,32000,38000,135268,200,71,201.23457487632254,5.453611025586724,37977.30074101128,1201.1315166927877
1745997421,200,,Aggregated,133.200000,0.000000,71,100,160,200,580,1100,1500,1700,2200,32000,38000,135408,200,71,201.6336171300916,5.453611025586724,37977.30074101128,1201.0487785064397
1745997422,200,,Aggregated,131.000000,0.000000,71,100,160,200,580,1100,1500,1700,2200,32000,38000,135554,200,71,201.96344836675908,5.453611025586724,37977.30074101128,1200.9790268085044
1745997423,200,,Aggregated,125.400000,0.000000,71,100,160,200,580,1100,1500,1700,2200,32000,38000,135681,200,71,201.82651329768228,5.453611025586724,37977.30074101128,1201.028935517869
1745997424,200,,Aggregated,128.200000,0.000000,71,100,160,200,580,1100,1500,1700,2200,32000,38000,135859,200,71,201.7508836870413,5.453611025586724,37977.30074101128,1200.9380092596
1745997425,200,,Aggregated,125.200000,0.000000,71,100,160,200,580,1100,1500,1700,2200,32000,38000,135975,200,71,201.74439080579606,5.453611025586724,37977.30074101128,1200.9311343997058
1745997426,200,,Aggregated,124.800000,0.000000,71,100,160,200,580,1100,1500,1700,2200,32000,38000,136107,200,71,201.7665021120088,5.453611025586724,37977.30074101128,1200.874819076168
1745997427,200,,Aggregated,129.500000,0.000000,71,100,160,200,580,1100,1500,1700,2200,32000,38000,136247,200,71,201.84093623086088,5.453611025586724,37977.30074101128,1200.9338334055062
1745997428,200,,Aggregated,127.000000,0.000000,72,100,160,200,580,1100,1500,1700,2200,32000,38000,136364,200,72,201.98421664524432,5.453611025586724,37977.30074101128,1200.9566087823766
1745997429,200,,Aggregated,128.600000,0.000000,72,100,170,200,580,1100,1500,1700,2200,32000,38000,136486,200,72,202.2113844041587,5.453611025586724,37977.30074101128,1200.8401154697185
1745997430,200,,Aggregated,127.800000,0.000000,72,100,170,200,580,1100,1500,1700,2200,32000,38000,136620,200,72,202.43220372862842,5.453611025586724,37977.30074101128,1200.8317449860929
1745997431,200,,Aggregated,127.900000,0.000000,72,100,170,200,590,1100,1500,1700,2200,32000,38000,136743,200,72,202.63204286255288,5.453611025586724,37977.30074101128,1200.9259998683663
1745997432,200,,Aggregated,132.600000,0.000000,72,100,170,200,590,1100,1500,1700,2200,32000,38000,136862,200,72,202.7210300895587,5.453611025586724,37977.30074101128,1200.9339772909939
1745997433,200,,Aggregated,136.500000,0.000000,72,100,170,200,590,1100,1500,1700,2200,32000,38000,136998,200,72,202.86555089396813,5.453611025586724,37977.30074101128,1200.9537219521453
1745997434,200,,Aggregated,131.500000,0.000000,72,100,170,200,590,1100,1500,1700,2200,32000,38000,137137,200,72,202.96823356430136,5.453611025586724,37977.30074101128,1200.9931309566346
1745997435,200,,Aggregated,132.100000,0.000000,73,100,170,200,590,1100,1500,1700,2200,32000,38000,137265,200,73,203.19211128367783,5.453611025586724,37977.30074101128,1200.9830036790152
1745997436,200,,Aggregated,130.500000,0.000000,73,100,170,200,590,1100,1500,1700,2200,32000,38000,137396,200,73,203.27754370294983,5.453611025586724,37977.30074101128,1200.9370724038545
1745997437,200,,Aggregated,127.100000,0.000000,73,100,170,200,590,1100,1500,1700,2200,32000,38000,137518,200,73,203.45742526360874,5.453611025586724,37977.30074101128,1200.9296237583444
1745997438,200,,Aggregated,127.100000,0.000000,73,100,170,200,590,1100,1500,1700,2200,32000,38000,137654,200,73,203.66307384835858,5.453611025586724,37977.30074101128,1200.9415491013701
1745997439,200,,Aggregated,127.300000,0.000000,73,100,170,200,590,1100,1500,1700,2200,32000,38000,137795,200,73,203.77453061369502,5.453611025586724,37977.30074101128,1200.7486846402264
1745997440,200,,Aggregated,127.000000,0.000000,73,100,170,200,590,1100,1500,1700,2200,32000,38000,137922,200,73,203.8627165753988,5.453611025586724,37977.30074101128,1200.708248140253
1745997441,200,,Aggregated,129.500000,0.000000,73,100,170,200,590,1100,1500,1700,2200,32000,38000,138054,200,73,203.93962939398187,5.453611025586724,37977.30074101128,1200.7076071682095
1745997442,200,,Aggregated,129.500000,0.000000,73,100,170,200,590,1100,1500,1700,2200,32000,38000,138161,200,73,204.1256454868005,5.453611025586724,37977.30074101128,1200.6605843906746
1745997443,200,,Aggregated,128.600000,0.000000,73,100,170,200,590,1100,1500,1700,2200,32000,38000,138317,200,73,204.24448943368935,5.453611025586724,37977.30074101128,1200.898682013057
1745997444,200,,Aggregated,130.700000,0.000000,74,100,170,200,590,1100,1500,1700,2200,32000,38000,138451,200,74,204.27198749426717,5.453611025586724,37977.30074101128,1200.945049150963
1745997445,200,,Aggregated,130.300000,0.000000,74,100,170,200,590,1100,1500,1700,2200,32000,38000,138609,200,74,204.30335949195418,5.453611025586724,37977.30074101128,1200.911809478461
1745997446,200,,Aggregated,131.500000,0.000000,74,100,170,200,590,1100,1500,1700,2200,32000,38000,138763,200,74,204.27320160240737,5.453611025586724,37977.30074101128,1200.9421459610992
1745997447,200,,Aggregated,131.700000,0.000000,74,100,170,200,590,1100,1500,1700,2200,32000,38000,138914,200,74,204.13503268707552,5.453611025586724,37977.30074101128,1200.9463912924543
1745997448,200,,Aggregated,135.600000,0.000000,74,100,170,200,590,1100,1500,1700,2200,32000,38000,139052,200,74,204.0193076483294,5.453611025586724,37977.30074101128,1200.9316227022985
1745997449,200,,Aggregated,136.400000,0.000000,74,100,170,200,590,1100,1500,1700,2200,32000,38000,139209,200,74,203.95809005454092,5.453611025586724,37977.30074101128,1200.9004302882715
1745997450,200,,Aggregated,140.600000,0.000000,74,100,170,200,590,1100,1500,1700,2200,32000,38000,139370,200,74,203.85792437453122,5.453611025586724,37977.30074101128,1200.7974025974027
1745997451,200,,Aggregated,139.900000,0.000000,74,100,170,200,590,1100,1500,1700,2200,32000,38000,139522,200,74,203.66620802027614,5.453611025586724,37977.30074101128,1200.8357319992547
1745997452,200,,Aggregated,141.600000,0.000000,73,100,170,200,590,1100,1500,1700,2200,32000,38000,139677,200,73,203.4609167856381,5.453611025586724,37977.30074101128,1200.794146495128
1745997453,200,,Aggregated,144.000000,0.000000,73,100,170,200,590,1100,1500,1700,2200,32000,38000,139766,200,73,203.53352256531863,5.453611025586724,37977.30074101128,1201.1134396061989
1745997454,200,,Aggregated,145.900000,0.000000,74,100,170,200,590,1100,1500,1700,2200,32000,38000,139918,200,74,203.8550481702297,5.453611025586724,37977.30074101128,1201.0423033491045
1745997455,200,,Aggregated,147.200000,0.000000,74,110,170,200,590,1100,1500,1700,2200,32000,38000,140061,200,74,203.986757356125,5.453611025586724,37977.30074101128,1200.8858497369004
1745997456,200,,Aggregated,144.200000,0.000000,74,110,170,200,590,1100,1500,1700,2200,32000,38000,140190,200,74,204.05112626474232,5.453611025586724,37977.30074101128,1200.830836721592
1745997457,200,,Aggregated,144.600000,0.000000,74,110,170,200,590,1100,1500,1700,2200,32000,38000,140317,200,74,204.08033285158498,5.453611025586724,37977.30074101128,1200.813208663241
1745997458,200,,Aggregated,143.400000,0.000000,74,110,170,200,590,1100,1500,1700,2200,32000,38000,140445,200,74,204.14478475970216,5.453611025586724,37977.30074101128,1200.8069635800491
1745997459,200,,Aggregated,141.200000,0.000000,74,110,170,200,590,1100,1500,1700,2200,32000,38000,140594,200,74,204.4358296793719,5.453611025586724,37977.30074101128,1200.9232826436405
1745997460,200,,Aggregated,138.200000,0.000000,75,110,170,200,600,1100,1500,1700,2200,32000,38000,140718,200,75,204.50675845312463,5.453611025586724,37977.30074101128,1200.9564448045026
1745997461,200,,Aggregated,137.100000,0.000000,75,110,170,200,590,1100,1500,1700,2200,32000,38000,140853,200,75,204.5603710940014,5.453611025586724,37977.30074101128,1201.01529253903
1745997462,200,,Aggregated,137.400000,0.000000,75,110,170,200,590,1100,1500,1700,2200,32000,38000,140992,200,75,204.53298250546516,5.453611025586724,37977.30074101128,1201.2429925102133
1745997463,200,,Aggregated,133.300000,0.000000,75,110,170,200,590,1100,1500,1700,2200,32000,38000,141162,200,75,204.36083213594793,5.453611025586724,37977.30074101128,1201.1310692679333
1745997464,200,,Aggregated,133.300000,0.000000,75,110,170,200,590,1100,1500,1700,2200,32000,38000,141298,200,75,204.28510035324007,5.453611025586724,37977.30074101128,1201.2820280541835
1745997465,200,,Aggregated,131.700000,0.000000,75,110,170,200,590,1100,1500,1700,2200,32000,38000,141443,200,75,204.28948862693983,5.453611025586724,37977.30074101128,1201.1453235578997
1745997466,200,,Aggregated,138.400000,0.000000,75,110,170,200,590,1100,1500,1700,2200,32000,38000,141558,200,75,204.3711379359689,5.453611025586724,37977.30074101128,1201.1885940745137
1745997467,200,,Aggregated,138.400000,0.000000,75,110,170,200,590,1100,1500,1700,2200,32000,38000,141708,200,75,204.4755808191403,5.453611025586724,37977.30074101128,1201.3799079797893
1745997468,200,,Aggregated,137.800000,0.000000,75,110,170,200,590,1100,1500,1700,2200,32000,38000,141843,200,75,204.54521920909636,5.453611025586724,37977.30074101128,1201.289051980006
1745997469,200,,Aggregated,137.100000,0.000000,75,110,170,200,590,1100,1500,1700,2200,32000,38000,141943,200,75,204.5632177741086,5.453611025586724,37977.30074101128,1201.2352423155774
1745997470,200,,Aggregated,138.900000,0.000000,76,110,170,200,600,1100,1500,1700,2200,32000,38000,142126,200,76,204.8768583697283,5.453611025586724,37977.30074101128,1201.3831389049153
1745997472,200,,Aggregated,133.300000,0.000000,76,110,170,200,600,1100,1500,1700,2200,32000,38000,142269,200,76,204.84688395221895,5.453611025586724,37977.30074101128,1201.3297837195735
1745997473,200,,Aggregated,140.100000,0.000000,76,110,170,200,590,1100,1500,1700,2200,32000,38000,142417,200,76,204.67477440785402,5.453611025586724,37977.30074101128,1201.3088605995072
1745997474,200,,Aggregated,139.600000,0.000000,76,110,170,200,590,1100,1500,1700,2200,32000,38000,142572,200,76,204.600060877754,5.453611025586724,37977.30074101128,1201.2418427180653
1745997475,200,,Aggregated,140.800000,0.000000,76,110,170,200,590,1100,1500,1700,2200,32000,38000,142730,200,76,204.53314488735577,5.453611025586724,37977.30074101128,1201.284943599804
1745997476,200,,Aggregated,138.900000,0.000000,75,110,170,200,590,1100,1500,1700,2200,32000,38000,142901,200,75,204.35252487010658,5.453611025586724,37977.30074101128,1201.2254287933604
1745997477,200,,Aggregated,141.500000,0.000000,75,110,170,200,590,1100,1500,1700,2200,32000,38000,143050,200,75,204.17030998349762,5.453611025586724,37977.30074101128,1201.2986298497028
1745997478,200,,Aggregated,144.100000,0.000000,75,110,170,200,590,1100,1500,1700,2200,32000,38000,143214,200,75,203.96853232823003,5.453611025586724,37977.30074101128,1201.3629952378958
1745997479,200,,Aggregated,147.400000,0.000000,75,110,170,200,590,1100,1500,1700,2200,32000,38000,143330,200,75,203.91264824469602,5.453611025586724,37977.30074101128,1201.4049536035723
1745997480,200,,Aggregated,147.400000,0.000000,75,110,170,200,590,1100,1500,1700,2200,32000,38000,143461,200,75,203.95808319480898,5.453611025586724,37977.30074101128,1201.3887537379496
1745997481,200,,Aggregated,148.700000,0.000000,75,110,170,200,590,1100,1500,1700,2200,32000,38000,143593,200,75,204.00444148726154,5.453611025586724,37977.30074101128,1201.312341130835
1745997482,200,,Aggregated,147.700000,0.000000,75,110,170,200,590,1100,1500,1700,2200,32000,38000,143716,200,75,204.11742358784204,5.453611025586724,37977.30074101128,1201.3110787942887
1745997483,200,,Aggregated,146.700000,0.000000,76,110,170,200,590,1100,1500,1700,2200,32000,38000,143865,200,76,204.33442959163978,5.453611025586724,37977.30074101128,1201.2992388697737
1745997484,200,,Aggregated,144.800000,0.000000,76,110,170,200,590,1100,1500,1700,2100,32000,38000,144013,200,76,204.37342180609465,5.453611025586724,37977.30074101128,1201.335400276364
1745997485,200,,Aggregated,144.800000,0.000000,76,110,170,200,590,1100,1500,1700,2100,32000,38000,144143,200,76,204.35960118000233,5.453611025586724,37977.30074101128,1201.3368252360503
1745997486,200,,Aggregated,144.800000,0.000000,76,110,170,200,590,1100,1500,1700,2100,32000,38000,144232,200,76,204.3604301217721,5.453611025586724,37977.30074101128,1201.257120472572
1745997487,200,,Aggregated,140.000000,0.000000,76,110,170,200,590,1100,1500,1700,2100,32000,38000,144407,200,76,204.6377003608476,5.453611025586724,37977.30074101128,1201.3089323924742
1745997488,200,,Aggregated,133.900000,0.000000,76,110,180,200,590,1100,1500,1700,2100,32000,38000,144553,200,76,204.66098926280208,5.453611025586724,37977.30074101128,1201.2219877830278
1745997489,200,,Aggregated,134.700000,0.000000,76,110,180,200,590,1100,1500,1700,2100,32000,38000,144694,200,76,204.62783307534488,5.453611025586724,37977.30074101128,1201.134642763349
1745997490,200,,Aggregated,133.200000,0.000000,76,110,180,200,590,1100,1500,1700,2100,32000,38000,144827,200,76,204.72896806440932,5.453611025586724,37977.30074101128,1201.1298583827602
1745997491,200,,Aggregated,134.600000,0.000000,77,110,180,200,600,1100,1500,1700,2100,32000,38000,144980,200,77,204.8344808798368,5.453611025586724,37977.30074101128,1201.0583459787556
1745997492,200,,Aggregated,135.500000,0.000000,77,110,180,200,600,1100,1500,1700,2100,32000,38000,145102,200,77,204.8688599337722,5.453611025586724,37977.30074101128,1200.9670094140674
1745997493,200,,Aggregated,137.400000,0.000000,77,110,180,200,600,1100,1500,1700,2100,32000,38000,145246,200,77,204.91971995923893,5.453611025586724,37977.30074101128,1201.0474092229733
1745997494,200,,Aggregated,137.700000,0.000000,77,110,180,200,600,1100,1500,1700,2100,32000,38000,145345,200,77,204.91067534994554,5.453611025586724,37977.30074101128,1201.068953180364
1745997495,200,,Aggregated,136.300000,0.000000,77,110,180,200,600,1100,1500,1700,2100,32000,38000,145497,200,77,205.00788153983677,5.453611025586724,37977.30074101128,1201.0196430166945
1745997496,200,,Aggregated,132.500000,0.000000,77,110,180,200,600,1100,1500,1700,2100,32000,38000,145628,200,77,205.06995452640314,5.453611025586724,37977.30074101128,1200.8937498283296
1745997497,200,,Aggregated,135.100000,0.000000,77,110,180,200,600,1100,1500,1700,2100,32000,38000,145734,200,77,205.20066064019818,5.453611025586724,37977.30074101128,1200.9263795682546
1745997498,200,,Aggregated,138.500000,0.000000,77,110,180,200,600,1100,1500,1700,2100,32000,38000,145873,200,77,205.3906328593331,5.453611025586724,37977.30074101128,1200.927107826671
1745997499,200,,Aggregated,132.700000,0.000000,77,110,180,200,600,1100,1500,1700,2100,32000,38000,145991,200,77,205.51832764967932,5.453611025586724,37977.30074101128,1201.0111787712942
1745997500,200,,Aggregated,131.900000,0.000000,77,110,180,200,600,1100,1500,1700,2100,32000,38000,146125,200,77,205.6404842122755,5.453611025586724,37977.30074101128,1201.0898408896492
1745997501,200,,Aggregated,130.300000,0.000000,78,110,180,200,600,1100,1500,1700,2100,32000,38000,146268,200,78,205.77031251849326,5.453611025586724,37977.30074101128,1201.0101662701343
1745997502,200,,Aggregated,129.400000,0.000000,78,110,180,200,600,1100,1500,1700,2100,32000,38000,146424,200,78,205.9296551168384,5.453611025586724,37977.30074101128,1201.0987064962028
1745997503,200,,Aggregated,129.400000,0.000000,78,110,180,200,600,1100,1500,1700,2100,32000,38000,146496,200,78,206.03852709219424,5.453611025586724,37977.30074101128,1201.1800595238096
1745997504,200,,Aggregated,129.900000,0.000000,78,110,180,200,600,1100,1500,1700,2100,32000,38000,146661,200,78,206.24717511580025,5.453611025586724,37977.30074101128,1201.0625387799073
1745997505,200,,Aggregated,126.900000,0.000000,78,110,180,200,600,1100,1500,1700,2100,32000,38000,146799,200,78,206.3173327842383,5.453611025586724,37977.30074101128,1200.9565800856954
1745997506,200,,Aggregated,130.000000,0.000000,78,110,180,200,610,1100,1500,1700,2100,32000,38000,146944,200,78,206.45198622088807,5.453611025586724,37977.30074101128,1200.9458977569686
1745997507,200,,Aggregated,129.500000,0.000000,78,110,180,200,610,1100,1500,1700,2100,32000,38000,147068,200,78,206.46103122879214,5.453611025586724,37977.30074101128,1200.9901474148014
1745997508,200,,Aggregated,129.800000,0.000000,78,110,180,200,610,1100,1500,1700,2100,32000,38000,147203,200,78,206.54375905029303,5.453611025586724,37977.30074101128,1200.8918364435508
1745997509,200,,Aggregated,131.800000,0.000000,78,110,180,200,610,1100,1500,1700,2100,32000,38000,147321,200,78,206.65073916080152,5.453611025586724,37977.30074101128,1200.908309066596
1745997510,200,,Aggregated,131.600000,0.000000,79,110,180,200,610,1100,1500,1700,2100,32000,38000,147468,200,79,206.88442219479032,5.453611025586724,37977.30074101128,1200.933422844278
1745997511,200,,Aggregated,131.600000,0.000000,79,110,180,200,610,1100,1500,1700,2100,32000,38000,147574,200,79,207.00059265700827,5.453611025586724,37977.30074101128,1200.9913467141907
1745997512,200,,Aggregated,132.700000,0.000000,79,110,180,200,610,1100,1500,1700,2100,32000,38000,147707,200,79,207.1049442131566,5.453611025586724,37977.30074101128,1200.955845017501
1745997513,200,,Aggregated,129.600000,0.000000,79,110,180,200,610,1100,1500,1700,2100,32000,38000,147853,200,79,207.2161862145168,5.453611025586724,37977.30074101128,1200.9631999350706
1745997514,200,,Aggregated,129.200000,0.000000,79,110,180,200,610,1100,1500,1700,2100,32000,38000,147989,200,79,207.28027815066744,5.453611025586724,37977.30074101128,1200.969788295076
1745997515,200,,Aggregated,133.500000,0.000000,79,110,180,200,610,1100,1500,1700,2100,32000,38000,148116,200,79,207.36153301851868,5.453611025586724,37977.30074101128,1200.9186380944666
1745997516,200,,Aggregated,131.500000,0.000000,79,110,180,200,610,1100,1500,1700,2100,32000,38000,148200,200,79,207.50986114363454,5.453611025586724,37977.30074101128,1200.9554588394062
1745997517,200,,Aggregated,132.500000,0.000000,79,110,180,200,610,1100,1500,1700,2100,32000,38000,148326,200,79,207.74680966663237,5.453611025586724,37977.30074101128,1200.8585076116124
1745997518,200,,Aggregated,125.000000,0.000000,79,110,180,200,610,1100,1500,1700,2200,32000,38000,148433,200,79,207.99557970084842,5.453611025586724,37977.30074101128,1200.7858292967198
1745997519,200,,Aggregated,126.100000,0.000000,79,110,180,200,610,1100,1500,1700,2200,32000,38000,148529,200,79,208.28901514166964,5.453611025586724,37977.30074101128,1200.7957705229283
1745997520,200,,Aggregated,124.000000,0.000000,80,110,180,200,610,1100,1500,1700,2300,32000,38000,148632,200,80,208.7763170154667,5.453611025586724,37977.30074101128,1200.8926072447387
1745997521,200,,Aggregated,121.100000,0.000000,80,110,180,200,620,1100,1500,1700,2300,32000,38000,148745,200,80,209.09420803983724,5.453611025586724,37977.30074101128,1200.836391139198
1745997522,200,,Aggregated,115.300000,0.000000,80,110,180,200,620,1100,1500,1700,2300,32000,38000,148873,200,80,209.5699938979814,5.453611025586724,37977.30074101128,1200.9108098849356
1745997523,200,,Aggregated,116.400000,0.000000,80,110,180,200,620,1100,1500,1700,2300,32000,38000,149025,200,80,209.75395517629963,5.453611025586724,37977.30074101128,1201.048770340547
1745997524,200,,Aggregated,112.500000,0.000000,80,110,180,200,620,1100,1500,1700,2300,32000,38000,149151,200,80,209.63322348134923,5.453611025586724,37977.30074101128,1200.95104290283
1745997525,200,,Aggregated,115.000000,0.000000,80,110,180,200,620,1100,1500,1700,2300,32000,38000,149302,200,80,209.56393928804215,5.453611025586724,37977.30074101128,1201.0407563194062
1745997526,200,,Aggregated,117.000000,0.000000,80,110,180,200,620,1100,1500,1700,2300,32000,38000,149463,200,80,209.59304980012013,5.453611025586724,37977.30074101128,1200.9092283709012
1745997527,200,,Aggregated,115.900000,0.000000,80,110,180,200,620,1100,1500,1700,2300,32000,38000,149583,200,80,209.60326706713096,5.453611025586724,37977.30074101128,1200.9172365843713
1745997528,200,,Aggregated,125.500000,0.000000,80,110,180,200,620,1100,1500,1700,2300,32000,38000,149707,200,80,209.62049751213726,5.453611025586724,37977.30074101128,1200.9686521004362
1745997529,200,,Aggregated,124.300000,0.000000,80,110,180,200,620,1100,1500,1700,2300,32000,38000,149845,200,80,209.7180571696611,5.453611025586724,37977.30074101128,1200.89766091628
1745997530,200,,Aggregated,126.400000,0.000000,80,110,180,200,620,1100,1500,1700,2300,32000,38000,149956,200,80,209.87825949827806,5.453611025586724,37977.30074101128,1200.799201098989
1745997531,200,,Aggregated,130.400000,0.000000,80,110,180,200,620,1100,1500,1700,2300,32000,38000,150085,200,80,210.1248346490157,5.453611025586724,37977.30074101128,1200.8079288403237
1745997532,200,,Aggregated,133.200000,0.000000,81,110,180,200,620,1100,1500,1700,2300,32000,38000,150206,200,81,210.32085477038902,5.453611025586724,37977.30074101128,1200.8875677403032
1745997533,200,,Aggregated,133.300000,0.000000,81,110,180,200,620,1100,1500,1700,2300,32000,38000,150352,200,81,210.50488110284914,5.453611025586724,37977.30074101128,1200.83341092902
1745997534,200,,Aggregated,135.300000,0.000000,81,110,180,200,620,1100,1500,1700,2300,32000,38000,150473,200,81,210.6121889471591,5.453611025586724,37977.30074101128,1200.8004824785842
1745997535,200,,Aggregated,132.500000,0.000000,81,110,180,200,620,1100,1500,1700,2300,32000,38000,150613,200,81,210.71982543820636,5.453611025586724,37977.30074101128,1200.8775271722893
1745997536,200,,Aggregated,130.700000,0.000000,81,110,180,200,620,1100,1500,1700,2300,32000,38000,150756,200,81,210.82863348063518,5.453611025586724,37977.30074101128,1200.908421555361
1745997537,200,,Aggregated,130.000000,0.000000,81,110,180,200,630,1100,1500,1700,2300,32000,38000,150901,200,81,210.87119912339375,5.453611025586724,37977.30074101128,1201.0059973094942
1745997538,200,,Aggregated,127.500000,0.000000,81,110,180,200,620,1100,1500,1700,2300,32000,38000,151061,200,81,210.74062545376717,5.453611025586724,37977.30074101128,1201.0604391603392
1745997539,200,,Aggregated,130.000000,0.000000,81,110,180,200,620,1100,1500,1700,2300,32000,38000,151213,200,81,210.59471067002835,5.453611025586724,37977.30074101128,1201.0453730830022
1745997540,200,,Aggregated,131.900000,0.000000,81,110,180,200,620,1100,1500,1700,2300,32000,38000,151367,200,81,210.42963752451362,5.453611025586724,37977.30074101128,1200.9434354912232
1745997541,200,,Aggregated,131.100000,0.000000,81,110,180,200,620,1100,1500,1700,2300,32000,38000,151513,200,81,210.33015258177863,5.453611025586724,37977.30074101128,1200.8762746431
1745997542,200,,Aggregated,138.500000,0.000000,81,110,180,200,620,1100,1500,1700,2300,32000,38000,151670,200,81,210.1766259733576,5.453611025586724,37977.30074101128,1200.930480648777
1745997543,200,,Aggregated,141.000000,0.000000,81,110,180,200,620,1100,1500,1700,2300,32000,38000,151808,200,81,210.13745728888904,5.453611025586724,37977.30074101128,1200.9014347069983
1745997544,200,,Aggregated,144.700000,0.000000,81,110,180,200,620,1100,1500,1700,2300,32000,38000,151927,200,81,210.20105947725287,5.453611025586724,37977.30074101128,1201.0431062286493
1745997545,200,,Aggregated,146.000000,0.000000,81,110,180,200,620,1100,1500,1700,2300,32000,38000,152090,200,81,210.2941620365888,5.453611025586724,37977.30074101128,1200.896285094352
1745997546,200,,Aggregated,145.900000,0.000000,81,110,180,200,620,1100,1500,1700,2300,32000,38000,152210,200,81,210.3501781543243,5.453611025586724,37977.30074101128,1200.8718546744628
1745997547,200,,Aggregated,147.100000,0.000000,81,110,180,200,620,1100,1500,1700,2300,32000,38000,152330,200,81,210.39047090006073,5.453611025586724,37977.30074101128,1200.9163263966389
1745997548,200,,Aggregated,146.800000,0.000000,81,110,180,200,620,1100,1500,1700,2300,32000,38000,152451,200,81,210.436492328761,5.453611025586724,37977.30074101128,1200.8580133944677
1745997549,200,,Aggregated,142.400000,0.000000,81,110,180,200,620,1100,1500,1700,2300,32000,38000,152599,200,81,210.59867312240203,5.453611025586724,37977.30074101128,1200.8355362748118
1745997550,200,,Aggregated,140.600000,0.000000,82,110,180,200,630,1100,1500,1700,2300,32000,38000,152694,200,82,210.88240971162617,5.453611025586724,37977.30074101128,1200.8738653778144
1745997551,200,,Aggregated,141.300000,0.000000,82,110,180,200,630,1100,1500,1700,2300,32000,38000,152822,200,82,211.0665597166026,5.453611025586724,37977.30074101128,1200.8715106463728
1745997552,200,,Aggregated,133.500000,0.000000,82,110,180,200,630,1100,1500,1700,2300,32000,38000,152941,200,82,211.26464909914614,5.453611025586724,37977.30074101128,1200.9446060899302
1745997553,200,,Aggregated,131.500000,0.000000,82,110,180,200,630,1100,1500,1700,2300,32000,38000,153067,200,82,211.52297837353842,5.453611025586724,37977.30074101128,1201.1007401987365
1745997554,200,,Aggregated,126.700000,0.000000,82,110,180,200,630,1100,1500,1700,2300,32000,38000,153197,200,82,211.6390142386331,5.453611025586724,37977.30074101128,1200.9876303060764
1745997555,200,,Aggregated,124.800000,0.000000,82,110,180,200,630,1100,1500,1700,2300,32000,38000,153332,200,82,211.73675006145444,5.453611025586724,37977.30074101128,1200.963830120262
1745997556,200,,Aggregated,124.900000,0.000000,82,110,180,200,630,1200,1500,1700,2300,32000,38000,153454,200,82,211.92847508527734,5.453611025586724,37977.30074101128,1201.057352692012
1745997557,200,,Aggregated,122.700000,0.000000,82,110,180,200,630,1200,1500,1700,2300,32000,38000,153592,200,82,212.03282926992918,5.453611025586724,37977.30074101128,1200.9474647117038
1745997558,200,,Aggregated,122.200000,0.000000,82,110,180,200,630,1200,1500,1700,2300,32000,38000,153746,200,82,212.13517071527428,5.453611025586724,37977.30074101128,1201.0168524709586
1745997559,200,,Aggregated,125.300000,0.000000,82,110,180,200,630,1200,1500,1700,2300,32000,38000,153880,200,82,212.09522562658586,5.453611025586724,37977.30074101128,1200.8979919417727
1745997560,200,,Aggregated,127.900000,0.000000,82,110,180,200,630,1200,1500,1700,2300,32000,38000,154024,200,82,212.1176766897816,5.453611025586724,37977.30074101128,1200.8425180491352
1745997561,200,,Aggregated,129.500000,0.000000,83,110,180,200,630,1100,1500,1700,2300,32000,38000,154144,200,83,212.24548421933216,5.453611025586724,37977.30074101128,1200.937623261366
1745997562,200,,Aggregated,130.500000,0.000000,83,110,180,200,630,1200,1500,1700,2300,32000,38000,154272,200,83,212.3253200504197,5.453611025586724,37977.30074101128,1200.876756637627
1745997563,200,,Aggregated,130.700000,0.000000,83,110,180,200,630,1200,1500,1700,2300,32000,38000,154398,200,83,212.41253721880554,5.453611025586724,37977.30074101128,1200.9213590849622
1745997564,200,,Aggregated,133.400000,0.000000,83,110,180,200,640,1200,1500,1700,2300,32000,38000,154507,200,83,212.5247348049211,5.453611025586724,37977.30074101128,1200.9769201395407
1745997565,200,,Aggregated,131.900000,0.000000,83,110,180,200,640,1200,1500,1700,2300,32000,38000,154670,200,83,212.64837788264725,5.453611025586724,37977.30074101128,1201.0052692829895
1745997566,200,,Aggregated,132.300000,0.000000,83,110,180,200,640,1200,1500,1700,2300,32000,38000,154807,200,83,212.7598366515595,5.453611025586724,37977.30074101128,1201.077393141137
1745997567,200,,Aggregated,133.000000,0.000000,83,110,180,200,640,1200,1500,1700,2300,32000,38000,154928,200,83,212.76460657420802,5.453611025586724,37977.30074101128,1201.062648456057
1745997568,200,,Aggregated,134.900000,0.000000,83,110,180,200,640,1200,1500,1700,2300,32000,38000,155088,200,83,212.74843247995815,5.453611025586724,37977.30074101128,1201.0258047044258
1745997569,200,,Aggregated,133.900000,0.000000,83,110,180,200,640,1200,1500,1700,2300,32000,38000,155205,200,83,212.77823999355505,5.453611025586724,37977.30074101128,1200.9495570374665
1745997570,200,,Aggregated,133.200000,0.000000,83,110,180,200,640,1200,1500,1700,2300,32000,38000,155336,200,83,212.91010724463183,5.453611025586724,37977.30074101128,1200.996497914199
1745997571,200,,Aggregated,130.000000,0.000000,84,110,180,200,640,1200,1500,1700,2300,32000,38000,155466,200,84,213.0416352138916,5.453611025586724,37977.30074101128,1200.9118521091427
1745997572,200,,Aggregated,130.100000,0.000000,84,110,180,200,640,1200,1500,1700,2300,32000,38000,155582,200,84,213.1588986723829,5.453611025586724,37977.30074101128,1200.9263282384852
1745997573,200,,Aggregated,131.000000,0.000000,84,110,180,200,640,1200,1500,1700,2300,32000,38000,155701,200,84,213.29346845493694,5.453611025586724,37977.30074101128,1200.866628987611
1745997574,200,,Aggregated,130.000000,0.000000,84,110,190,200,640,1200,1500,1700,2300,32000,38000,155834,200,84,213.46271282345555,5.453611025586724,37977.30074101128,1200.9319147297765
1745997575,200,,Aggregated,131.200000,0.000000,84,110,190,200,650,1200,1500,1700,2300,32000,38000,155984,200,84,213.7278778778171,5.453611025586724,37977.30074101128,1200.8881487844908
1745997576,200,,Aggregated,127.900000,0.000000,84,110,190,200,650,1200,1500,1700,2300,32000,38000,156116,200,84,213.81410305118752,5.453611025586724,37977.30074101128,1200.9042442798943
1745997577,200,,Aggregated,131.200000,0.000000,84,110,190,200,650,1200,1500,1700,2300,32000,38000,156261,200,84,213.83659587302049,5.453611025586724,37977.30074101128,1200.845207697378
1745997578,200,,Aggregated,129.700000,0.000000,84,110,190,200,650,1200,1500,1700,2300,32000,38000,156389,200,84,213.97057095088567,5.453611025586724,37977.30074101128,1200.7797159646777
1745997579,200,,Aggregated,130.800000,0.000000,84,110,190,200,650,1200,1500,1700,2300,32000,38000,156528,200,84,214.0047949062906,5.453611025586724,37977.30074101128,1200.8163012368393
1745997580,200,,Aggregated,128.700000,0.000000,84,110,190,200,650,1200,1500,1700,2300,32000,38000,156659,200,84,214.0981000412808,5.453611025586724,37977.30074101128,1200.7950389061593
1745997581,200,,Aggregated,131.100000,0.000000,84,110,190,200,650,1200,1500,1700,2300,32000,38000,156785,200,84,214.2260613302317,5.453611025586724,37977.30074101128,1200.8666135153235
1745997582,200,,Aggregated,131.500000,0.000000,85,110,190,200,650,1200,1500,1700,2300,32000,38000,156908,200,84,214.32630262355295,5.453611025586724,37977.30074101128,1200.8724220562367
1745997583,200,,Aggregated,131.600000,0.000000,84,110,190,200,650,1200,1500,1700,2300,32000,38000,157066,200,84,214.34808029676222,5.453611025586724,37977.30074101128,1200.9384908255129
1745997584,200,,Aggregated,131.100000,0.000000,84,110,190,200,650,1200,1500,1700,2300,32000,38000,157209,200,84,214.19652994263433,5.453611025586724,37977.30074101128,1200.9391828712096
1745997585,200,,Aggregated,131.200000,0.000000,84,110,190,200,650,1200,1500,1700,2300,32000,38000,157335,200,84,214.16202122281658,5.453611025586724,37977.30074101128,1200.9932627832331
1745997586,200,,Aggregated,135.700000,0.000000,85,110,190,200,650,1200,1500,1700,2300,32000,38000,157478,200,85,214.18960779747576,5.453611025586724,37977.30074101128,1201.026454488881
1745997587,200,,Aggregated,135.000000,0.000000,85,110,190,200,650,1200,1500,1700,2300,32000,38000,157619,200,85,214.2593521924174,5.453611025586724,37977.30074101128,1200.8427981398181
1745997588,200,,Aggregated,135.300000,0.000000,85,110,190,200,650,1200,1500,1700,2300,32000,38000,157755,200,85,214.38111626804027,5.453611025586724,37977.30074101128,1200.7916579506195
1745997589,200,,Aggregated,135.300000,0.000000,85,110,190,200,650,1200,1500,1700,2300,32000,38000,157891,200,85,214.44836639193156,5.453611025586724,37977.30074101128,1200.7746673337936
1745997590,200,,Aggregated,137.600000,0.000000,85,110,190,200,650,1200,1500,1700,2300,32000,38000,158007,200,85,214.5220248834291,5.453611025586724,37977.30074101128,1200.7071775301094
1745997591,200,,Aggregated,135.600000,0.000000,85,110,190,200,650,1200,1500,1700,2300,32000,38000,158154,200,85,214.70314083080495,5.453611025586724,37977.30074101128,1200.7437560858405
1745997592,200,,Aggregated,137.300000,0.000000,85,110,190,200,650,1200,1500,1700,2300,32000,38000,158291,200,85,214.87088659488518,5.453611025586724,37977.30074101128,1200.753908939864
1745997593,200,,Aggregated,135.900000,0.000000,85,110,190,200,650,1200,1500,1700,2300,32000,38000,158423,200,85,214.89171045497014,5.453611025586724,37977.30074101128,1200.695145275623
1745997594,200,,Aggregated,136.200000,0.000000,85,110,190,200,660,1200,1500,1700,2300,32000,38000,158567,200,85,215.0253773069096,5.453611025586724,37977.30074101128,1200.646956806902
1745997595,200,,Aggregated,136.900000,0.000000,85,110,190,200,660,1200,1500,1700,2300,32000,38000,158698,200,85,215.10052582638343,5.453611025586724,37977.30074101128,1200.6879607808542
1745997596,200,,Aggregated,135.300000,0.000000,85,110,190,200,660,1200,1500,1700,2300,32000,38000,158845,200,85,215.21133811537993,5.453611025586724,37977.30074101128,1200.6361862192703
1745997597,200,,Aggregated,133.900000,0.000000,86,110,190,200,660,1200,1500,1700,2300,32000,38000,158965,200,86,215.2000917919982,5.453611025586724,37977.30074101128,1200.641738747523
1745997598,200,,Aggregated,133.600000,0.000000,86,110,190,200,660,1200,1500,1700,2300,32000,38000,159108,200,86,215.23834573781616,5.453611025586724,37977.30074101128,1200.6340850240088
1745997599,200,,Aggregated,134.900000,0.000000,86,110,190,200,660,1200,1500,1700,2300,32000,38000,159248,200,86,215.31185076032043,5.453611025586724,37977.30074101128,1200.5742175725911
1745997600,200,,Aggregated,131.700000,0.000000,86,110,190,200,660,1200,1500,1700,2300,32000,38000,159361,200,86,215.49613045912906,5.453611025586724,37977.30074101128,1200.5857267461927
1745997601,200,,Aggregated,133.300000,0.000000,86,110,190,200,660,1200,1500,1700,2300,32000,38000,159477,200,86,215.60271436129506,5.453611025586724,37977.30074101128,1200.5697624108805
1745997602,200,,Aggregated,133.800000,0.000000,86,110,190,200,660,1200,1500,1700,2300,32000,38000,159590,200,86,215.75052271229515,5.453611025586724,37977.30074101128,1200.724161914907
1745997603,200,,Aggregated,133.100000,0.000000,86,110,190,200,660,1200,1500,1700,2300,32000,38000,159739,200,86,215.80285485743505,5.453611025586724,37977.30074101128,1200.5278735938
1745997604,200,,Aggregated,131.400000,0.000000,86,110,190,200,660,1200,1500,1700,2300,32000,38000,159873,200,86,215.87055189912212,5.453611025586724,37977.30074101128,1200.4875494924097
1745997605,200,,Aggregated,131.200000,0.000000,86,110,190,200,660,1200,1500,1700,2300,32000,38000,160002,200,86,215.93645430661493,5.453611025586724,37977.30074101128,1200.5814989812627
1745997606,200,,Aggregated,131.500000,0.000000,86,110,190,200,660,1200,1500,1700,2300,32000,38000,160130,200,86,216.12486547459477,5.453611025586724,37977.30074101128,1200.6389870730031
1745997607,200,,Aggregated,131.200000,0.000000,86,110,190,200,660,1200,1500,1700,2300,32000,38000,160266,200,86,216.29084671528722,5.453611025586724,37977.30074101128,1200.6186839379532
1745997608,200,,Aggregated,130.400000,0.000000,86,110,190,200,670,1200,1500,1700,2300,32000,38000,160367,200,86,216.4759983748287,5.453611025586724,37977.30074101128,1200.6875167584353
1745997609,200,,Aggregated,128.600000,0.000000,86,110,190,200,670,1200,1500,1700,2300,32000,38000,160517,200,86,216.57463034733664,5.453611025586724,37977.30074101128,1200.6102282001284
1745997610,200,,Aggregated,129.800000,0.000000,86,110,190,200,670,1200,1500,1700,2300,32000,38000,160633,200,86,216.81140184437726,5.453611025586724,37977.30074101128,1200.632211313989
1745997611,200,,Aggregated,126.700000,0.000000,87,110,190,200,670,1200,1500,1700,2300,32000,38000,160778,200,87,216.9056025572796,5.453611025586724,37977.30074101128,1200.6587841620121
1745997612,200,,Aggregated,126.300000,0.000000,87,110,190,200,670,1200,1500,1700,2300,32000,38000,160891,200,87,217.00558138190718,5.453611025586724,37977.30074101128,1200.7115624864039
1745997613,200,,Aggregated,126.700000,0.000000,87,110,190,200,670,1200,1500,1700,2300,32000,38000,161023,200,87,217.14170709184378,5.453611025586724,37977.30074101128,1200.7922098085367
1745997614,200,,Aggregated,129.200000,0.000000,87,110,190,200,670,1200,1500,1700,2300,32000,38000,161155,200,87,217.24057162833623,5.453611025586724,37977.30074101128,1200.8265831032236
1745997615,200,,Aggregated,127.400000,0.000000,87,110,190,200,670,1200,1500,1700,2300,32000,38000,161275,200,87,217.35827202703774,5.453611025586724,37977.30074101128,1200.7324383816463
1745997616,200,,Aggregated,127.200000,0.000000,87,110,190,200,670,1200,1500,1700,2300,32000,38000,161406,200,87,217.49168829198928,5.453611025586724,37977.30074101128,1200.621395734979
1745997617,200,,Aggregated,126.600000,0.000000,87,110,190,200,670,1200,1500,1700,2300,32000,38000,161534,200,87,217.66313158663718,5.453611025586724,37977.30074101128,1200.6210333428257
1745997618,200,,Aggregated,127.500000,0.000000,87,110,190,200,670,1200,1500,1700,2300,32000,38000,161661,200,87,217.8132155514168,5.453611025586724,37977.30074101128,1200.5757913163966
1745997619,200,,Aggregated,126.900000,0.000000,87,110,190,200,670,1200,1500,1700,2300,32000,38000,161782,200,87,217.97742751074708,5.453611025586724,37977.30074101128,1200.5521627869603
1745997620,200,,Aggregated,125.300000,0.000000,87,110,190,200,680,1200,1500,1700,2300,32000,38000,161911,200,87,218.13591832465778,5.453611025586724,37977.30074101128,1200.525146531119
1745997621,200,,Aggregated,128.100000,0.000000,87,110,190,210,680,1200,1500,1700,2300,32000,38000,162035,200,87,218.2442211890795,5.453611025586724,37977.30074101128,1200.577029654087
1745997622,200,,Aggregated,125.500000,0.000000,87,110,190,210,680,1200,1500,1700,2300,32000,38000,162169,200,87,218.41502626580538,5.453611025586724,37977.30074101128,1200.5258711590996
1745997623,200,,Aggregated,126.000000,0.000000,87,110,190,210,680,1200,1500,1700,2300,32000,38000,162295,200,87,218.53261596683282,5.453611025586724,37977.30074101128,1200.5108043993962
1745997624,200,,Aggregated,126.000000,0.000000,87,110,190,210,680,1200,1500,1700,2300,32000,38000,162426,200,87,218.61886900389877,5.453611025586724,37977.30074101128,1200.548754509746
1745997625,200,,Aggregated,127.400000,0.000000,87,110,190,210,680,1200,1500,1700,2300,32000,38000,162581,200,87,218.74827283502015,5.453611025586724,37977.30074101128,1200.5006304549731
1745997626,200,,Aggregated,127.300000,0.000000,87,110,190,210,680,1200,1500,1700,2300,32000,38000,162661,200,87,218.80925232297383,5.453611025586724,37977.30074101128,1200.5580132914467
1745997628,200,,Aggregated,128.200000,0.000000,87,110,190,210,680,1200,1500,1700,2300,32000,38000,162813,200,87,219.0559033626693,5.453611025586724,37977.30074101128,1200.661402959223
1745997629,200,,Aggregated,128.200000,0.000000,87,110,190,210,680,1200,1500,1700,2300,32000,38000,162946,200,87,219.1460383975381,5.453611025586724,37977.30074101128,1200.6487977612214
1745997630,200,,Aggregated,123.500000,0.000000,88,110,190,210,680,1200,1500,1700,2300,32000,38000,163070,200,88,219.2155990181088,5.453611025586724,37977.30074101128,1200.5397068743484
1745997631,200,,Aggregated,127.200000,0.000000,88,110,190,210,680,1200,1500,1700,2300,32000,38000,163223,200,88,219.26706493794472,5.453611025586724,37977.30074101128,1200.4549175054985
1745997632,200,,Aggregated,127.200000,0.000000,88,110,190,210,680,1200,1500,1700,2300,32000,38000,163357,200,88,219.3744643240576,5.453611025586724,37977.30074101128,1200.5295273541997
1745997633,200,,Aggregated,127.800000,0.000000,88,110,190,210,680,1200,1500,1700,2300,32000,38000,163492,200,88,219.41907318097356,5.453611025586724,37977.30074101128,1200.5140679666283
1745997634,200,,Aggregated,130.300000,0.000000,88,110,190,210,690,1200,1500,1700,2300,32000,38000,163613,200,88,219.46272609914368,5.453611025586724,37977.30074101128,1200.5357581610263
1745997635,200,,Aggregated,130.800000,0.000000,88,110,190,210,690,1200,1500,1700,2300,32000,38000,163747,200,88,219.56235585751904,5.453611025586724,37977.30074101128,1200.4677887228468
1745997636,200,,Aggregated,130.600000,0.000000,88,110,190,210,690,1200,1500,1700,2300,32000,38000,163877,200,88,219.7172247895574,5.453611025586724,37977.30074101128,1200.4702124154092
1745997637,200,,Aggregated,130.600000,0.000000,88,110,190,210,690,1200,1500,1700,2300,32000,38000,163982,200,88,219.95518432346648,5.453611025586724,37977.30074101128,1200.5415777341416
1745997638,200,,Aggregated,129.500000,0.000000,88,110,190,210,690,1200,1500,1700,2300,32000,38000,164137,200,88,220.09652670687726,5.453611025586724,37977.30074101128,1200.4662994937157
1745997639,200,,Aggregated,129.500000,0.000000,88,110,190,210,690,1200,1500,1700,2300,32000,38000,164263,200,88,220.12653984623944,5.453611025586724,37977.30074101128,1200.479420198097
1745997640,200,,Aggregated,132.600000,0.000000,88,110,190,210,690,1200,1500,1700,2300,32000,38000,164389,200,88,220.158185556981,5.453611025586724,37977.30074101128,1200.4298158635918
1745997641,200,,Aggregated,131.700000,0.000000,88,110,190,210,690,1200,1500,1700,2300,32000,38000,164510,200,88,220.2693786677761,5.453611025586724,37977.30074101128,1200.4353595526109
1745997642,200,,Aggregated,131.000000,0.000000,88,110,190,210,690,1200,1500,1700,2300,32000,38000,164649,200,88,220.36170875014724,5.453611025586724,37977.30074101128,1200.4907955711847
1745997643,200,,Aggregated,127.900000,0.000000,88,110,190,210,690,1200,1500,1700,2300,32000,38000,164787,200,88,220.5721080599815,5.453611025586724,37977.30074101128,1200.452966556828
1745997644,200,,Aggregated,128.200000,0.000000,88,110,190,210,690,1200,1500,1700,2300,32000,38000,164921,200,88,220.63969110528254,5.453611025586724,37977.30074101128,1200.3811825055632
1745997645,200,,Aggregated,128.200000,0.000000,88,110,190,210,690,1200,1500,1700,2300,32000,38000,165001,200,88,220.6515421960977,5.453611025586724,37977.30074101128,1200.3559796607294
1745997646,200,,Aggregated,129.400000,0.000000,88,110,190,210,690,1200,1500,1700,2300,32000,38000,165140,200,88,220.85322550213672,5.453611025586724,37977.30074101128,1200.4959488918494
1745997647,200,,Aggregated,125.400000,0.000000,88,110,190,210,690,1200,1500,1700,2300,32000,38000,165298,200,88,220.94325963344895,5.453611025586724,37977.30074101128,1200.3736584834662
1745997648,200,,Aggregated,125.200000,0.000000,89,110,190,210,690,1200,1500,1700,2300,32000,38000,165411,200,89,221.03248554155854,5.453611025586724,37977.30074101128,1200.413376377629
1745997649,200,,Aggregated,129.800000,0.000000,89,110,190,210,690,1200,1500,1700,2300,32000,38000,165530,200,89,221.15492610519678,5.453611025586724,37977.30074101128,1200.3628526551079
1745997650,200,,Aggregated,126.000000,0.000000,89,110,190,210,700,1200,1500,1700,2300,32000,38000,165660,200,89,221.2809917359197,5.453611025586724,37977.30074101128,1200.3145659785102
1745997651,200,,Aggregated,125.200000,0.000000,89,110,190,210,700,1200,1500,1700,2300,32000,38000,165771,200,89,221.51362251593306,5.453611025586724,37977.30074101128,1200.391612525713
1745997652,200,,Aggregated,127.200000,0.000000,89,110,190,210,700,1200,1600,1700,2300,32000,38000,165910,200,89,221.6737768514184,5.453611025586724,37977.30074101128,1200.4567054427098
1745997653,200,,Aggregated,126.400000,0.000000,89,110,190,210,700,1200,1600,1700,2300,32000,38000,166028,200,89,221.7592861205148,5.453611025586724,37977.30074101128,1200.4698183438938
1745997654,200,,Aggregated,125.900000,0.000000,89,110,190,210,700,1200,1600,1700,2300,32000,38000,166165,200,89,221.84144272411865,5.453611025586724,37977.30074101128,1200.4146300364096
1745997655,200,,Aggregated,123.700000,0.000000,89,110,190,210,700,1200,1600,1700,2300,32000,38000,166291,200,89,222.0349993727157,5.453611025586724,37977.30074101128,1200.3708138143375
1745997656,200,,Aggregated,125.000000,0.000000,89,110,190,210,700,1200,1600,1700,2300,32000,38000,166416,200,89,222.157149730013,5.453611025586724,37977.30074101128,1200.3428035765792
1745997657,200,,Aggregated,127.400000,0.000000,89,110,190,210,700,1200,1600,1700,2300,32000,38000,166558,200,89,222.2327420876727,5.453611025586724,37977.30074101128,1200.3518894319095
1745997658,200,,Aggregated,127.700000,0.000000,89,110,190,210,700,1200,1600,1700,2300,32000,38000,166698,200,89,222.28161917485605,5.453611025586724,37977.30074101128,1200.357004883082
1745997659,200,,Aggregated,126.400000,0.000000,89,110,190,210,700,1200,1600,1700,2300,32000,38000,166828,200,89,222.33934209239342,5.453611025586724,37977.30074101128,1200.2625458556117
1745997660,200,,Aggregated,128.000000,0.000000,89,110,190,210,700,1200,1600,1700,2300,32000,38000,166956,200,89,222.43922819954838,5.453611025586724,37977.30074101128,1200.3137113970147
1745997661,200,,Aggregated,129.600000,0.000000,89,110,190,210,700,1200,1600,1700,2300,32000,38000,167079,200,89,222.59673755421002,5.453611025586724,37977.30074101128,1200.2966441024905
1745997662,200,,Aggregated,126.600000,0.000000,89,110,190,210,700,1200,1600,1700,2300,32000,38000,167203,200,89,222.71549685650174,5.453611025586724,37977.30074101128,1200.3099346303595
1745997663,199,,Aggregated,128.700000,0.000000,89,110,190,210,700,1200,1600,1700,2300,32000,38000,167286,200,89,222.87982062102827,5.453611025586724,37977.30074101128,1200.2994572169816
1745997664,199,,Aggregated,126.900000,0.000000,89,110,190,210,700,1200,1600,1700,2300,32000,38000,167422,200,89,223.0940850781986,5.453611025586724,37977.30074101128,1200.409205480761
1745997665,199,,Aggregated,124.800000,0.000000,89,110,190,210,700,1200,1600,1700,2300,32000,38000,167559,200,89,223.210166399267,5.453611025586724,37977.30074101128,1200.478285260714
1745997666,199,,Aggregated,123.900000,0.000000,89,110,190,210,710,1200,1600,1800,2300,32000,38000,167666,200,89,223.40556825817472,5.453611025586724,37977.30074101128,1200.4815287535935
1745997667,198,,Aggregated,125.900000,0.000000,89,110,190,210,710,1200,1600,1800,2300,32000,38000,167796,200,89,223.5717234843844,5.453611025586724,37977.30074101128,1200.4384252306372
1745997668,198,,Aggregated,124.000000,0.000000,90,110,190,210,710,1200,1600,1800,2300,32000,38000,167915,200,90,223.67434644165493,5.453611025586724,37977.30074101128,1200.4911949498257
1745997669,198,,Aggregated,122.800000,0.000000,90,110,190,210,710,1200,1600,1800,2300,32000,38000,168034,200,90,223.87205817433852,5.453611025586724,37977.30074101128,1200.4588357118203
1745997670,198,,Aggregated,121.500000,0.000000,90,110,190,210,710,1200,1600,1800,2300,32000,38000,168148,200,90,224.0436321525385,5.453611025586724,37977.30074101128,1200.4433118443276
1745997671,197,,Aggregated,120.400000,0.000000,90,110,190,210,710,1200,1600,1800,2300,32000,38000,168280,200,90,224.30544088021685,5.453611025586724,37977.30074101128,1200.3787437603994
1745997672,197,,Aggregated,119.700000,0.000000,90,110,190,210,710,1200,1600,1800,2300,32000,38000,168418,200,90,224.53043228353292,5.453611025586724,37977.30074101128,1200.4838259568455
1745997673,197,,Aggregated,120.200000,0.000000,90,110,190,210,710,1200,1600,1800,2300,32000,38000,168563,200,90,224.60257139727196,5.453611025586724,37977.30074101128,1200.5362327438406
1745997674,197,,Aggregated,122.700000,0.000000,90,110,190,210,710,1200,1600,1800,2300,32000,38000,168696,200,90,224.60763801950463,5.453611025586724,37977.30074101128,1200.5562431830037
1745997675,196,,Aggregated,125.400000,0.000000,90,110,190,210,710,1200,1600,1800,2300,32000,38000,168821,200,90,224.62872516106427,5.453611025586724,37977.30074101128,1200.5996291930505
1745997676,196,,Aggregated,125.700000,0.000000,90,110,190,210,710,1200,1600,1800,2300,32000,38000,168955,200,90,224.7580841324419,5.453611025586724,37977.30074101128,1200.6190109792549
1745997677,196,,Aggregated,124.600000,0.000000,90,110,190,210,710,1200,1600,1800,2300,32000,38000,169081,200,90,224.768729124691,5.453611025586724,37977.30074101128,1200.6923131516846
1745997678,196,,Aggregated,127.800000,0.000000,90,110,190,210,710,1200,1600,1800,2300,32000,38000,169211,200,90,224.77811924782694,5.453611025586724,37977.30074101128,1200.7095578892624
1745997679,195,,Aggregated,126.100000,0.000000,90,110,190,210,710,1200,1600,1800,2300,32000,38000,169346,200,90,224.83624212847639,5.453611025586724,37977.30074101128,1200.6833406162532
1745997680,195,,Aggregated,127.800000,0.000000,90,110,190,210,710,1200,1600,1800,2300,32000,38000,169466,200,90,224.89579477477488,5.453611025586724,37977.30074101128,1200.7333388408294
1745997681,195,,Aggregated,129.400000,0.000000,90,110,190,210,720,1200,1600,1800,2300,32000,38000,169588,200,90,224.95941559560268,5.453611025586724,37977.30074101128,1200.7049791258814
1745997682,195,,Aggregated,131.000000,0.000000,90,110,190,210,720,1200,1600,1800,2300,32000,38000,169700,200,90,225.11745388604433,5.453611025586724,37977.30074101128,1200.7908544490276
1745997683,194,,Aggregated,129.700000,0.000000,90,110,190,210,720,1200,1600,1800,2300,32000,38000,169855,200,90,225.2909151396316,5.453611025586724,37977.30074101128,1200.7034882694063
1745997684,194,,Aggregated,127.400000,0.000000,90,110,190,210,720,1200,1600,1800,2300,32000,38000,169984,200,90,225.343326899746,5.453611025586724,37977.30074101128,1200.6289297816265
1745997685,194,,Aggregated,130.700000,0.000000,90,110,190,210,720,1200,1600,1800,2300,30000,38000,170108,200,90,225.36266424245576,5.453611025586724,37977.30074101128,1200.5763397371081
1745997686,194,,Aggregated,129.100000,0.000000,90,110,190,210,720,1200,1600,1800,2300,30000,38000,170249,200,90,225.40418349439835,5.453611025586724,37977.30074101128,1200.513929597237
1745997687,193,,Aggregated,129.400000,0.000000,90,110,190,210,720,1200,1600,1800,2300,30000,38000,170375,200,90,225.51820679705264,5.453611025586724,37977.30074101128,1200.5671430667644
1745997688,193,,Aggregated,128.500000,0.000000,90,110,190,210,720,1200,1600,1800,2300,30000,38000,170510,200,90,225.51784242285467,5.453611025586724,37977.30074101128,1200.6070670341915
1745997689,193,,Aggregated,130.100000,0.000000,90,110,190,210,720,1200,1600,1800,2300,30000,38000,170654,200,90,225.56733277828937,5.453611025586724,37977.30074101128,1200.5933702110704
1745997690,193,,Aggregated,129.600000,0.000000,90,110,190,210,720,1200,1600,1800,2300,30000,38000,170784,200,90,225.62388860485132,5.453611025586724,37977.30074101128,1200.6273772718755
1745997691,192,,Aggregated,129.300000,0.000000,90,110,190,210,720,1200,1600,1800,2300,30000,38000,170930,200,90,225.70629172561655,5.453611025586724,37977.30074101128,1200.5485169367578
1745997692,192,,Aggregated,131.100000,0.000000,91,110,190,210,720,1200,1600,1800,2300,30000,38000,171033,200,91,225.7062098055178,5.453611025586724,37977.30074101128,1200.5669899960826
1745997693,192,,Aggregated,131.400000,0.000000,91,110,190,210,720,1200,1600,1800,2300,30000,38000,171192,200,91,225.70676446316114,5.453611025586724,37977.30074101128,1200.6368638721435
1745997694,192,,Aggregated,132.200000,0.000000,91,110,190,210,720,1200,1600,1800,2300,30000,38000,171311,200,91,225.75121712779261,5.453611025586724,37977.30074101128,1200.6314480681333
1745997695,191,,Aggregated,131.000000,0.000000,91,110,190,210,720,1200,1600,1800,2300,30000,38000,171456,200,91,225.76918475137944,5.453611025586724,37977.30074101128,1200.6627239641657
1745997696,191,,Aggregated,131.800000,0.000000,91,110,190,210,720,1200,1600,1800,2300,30000,38000,171554,200,91,225.86416197808825,5.453611025586724,37977.30074101128,1200.6175548223882
1745997697,191,,Aggregated,132.700000,0.000000,91,110,190,210,720,1200,1600,1800,2300,30000,38000,171690,200,91,225.96663024732453,5.453611025586724,37977.30074101128,1200.621241772963
1745997698,191,,Aggregated,130.500000,0.000000,91,110,190,210,720,1200,1600,1800,2300,30000,38000,171817,200,91,226.05361656925515,5.453611025586724,37977.30074101128,1200.6427710878434
1745997699,190,,Aggregated,130.900000,0.000000,91,110,190,210,730,1200,1600,1800,2300,30000,38000,171942,200,91,226.163693515919,5.453611025586724,37977.30074101128,1200.5975154412533
1745997700,190,,Aggregated,129.800000,0.000000,91,110,190,210,730,1200,1600,1800,2300,30000,38000,172055,200,91,226.2816701961831,5.453611025586724,37977.30074101128,1200.630257766412
1745997701,190,,Aggregated,128.900000,0.000000,91,110,190,210,730,1200,1600,1800,2300,30000,38000,172194,200,91,226.3295749597383,5.453611025586724,37977.30074101128,1200.6639429945294
1745997702,190,,Aggregated,127.800000,0.000000,91,110,190,210,730,1200,1600,1800,2300,30000,38000,172344,200,91,226.39181784030845,5.453611025586724,37977.30074101128,1200.656872301908
1745997703,189,,Aggregated,127.600000,0.000000,91,110,190,210,730,1200,1600,1800,2300,30000,38000,172477,200,91,226.37378656568848,5.453611025586724,37977.30074101128,1200.6467007195163
1745997704,189,,Aggregated,129.600000,0.000000,91,110,190,210,730,1200,1600,1800,2300,30000,38000,172618,200,91,226.2847997403586,5.453611025586724,37977.30074101128,1200.6144608325899
1745997705,189,,Aggregated,128.700000,0.000000,91,110,190,210,730,1200,1600,1800,2300,30000,38000,172791,200,91,226.1163312012812,5.453611025586724,37977.30074101128,1200.6281519292093
1745997706,189,,Aggregated,129.700000,0.000000,91,110,190,210,720,1200,1600,1800,2300,30000,38000,172952,200,91,225.93245985264429,5.453611025586724,37977.30074101128,1200.6401891854387
1745997707,188,,Aggregated,132.700000,0.000000,91,110,190,210,720,1200,1600,1800,2300,30000,38000,173069,200,91,225.85691625625648,5.453611025586724,37977.30074101128,1200.599893684022
1745997708,188,,Aggregated,135.100000,0.000000,91,110,190,210,720,1200,1600,1800,2300,30000,38000,173196,200,91,225.849744339316,5.453611025586724,37977.30074101128,1200.579499526548
1745997709,188,,Aggregated,136.700000,0.000000,91,110,190,210,720,1200,1600,1800,2300,30000,38000,173327,200,91,225.87757796300176,5.453611025586724,37977.30074101128,1200.5556953042515
1745997710,188,,Aggregated,137.000000,0.000000,91,110,190,210,730,1200,1600,1800,2300,30000,38000,173462,200,91,225.93369824333573,5.453611025586724,37977.30074101128,1200.5656051469487
1745997711,187,,Aggregated,137.900000,0.000000,91,110,190,210,730,1200,1600,1800,2300,30000,38000,173603,200,91,226.01557585406695,5.453611025586724,37977.30074101128,1200.591159138955
1745997712,187,,Aggregated,137.900000,0.000000,91,110,190,210,730,1200,1600,1800,2300,30000,38000,173727,200,91,225.89418301746,5.453611025586724,37977.30074101128,1200.5905242132771
1745997713,187,,Aggregated,137.800000,0.000000,91,110,190,210,720,1200,1600,1800,2300,30000,38000,173875,200,91,225.75893176070184,5.453611025586724,37977.30074101128,1200.6043479511143
1745997714,187,,Aggregated,137.800000,0.000000,91,110,190,210,720,1200,1600,1800,2300,30000,38000,174047,200,91,225.5812476454757,5.453611025586724,37977.30074101128,1200.465667319747
1745997715,186,,Aggregated,138.000000,0.000000,91,110,190,210,720,1200,1600,1800,2300,30000,38000,174173,200,91,225.44289934763344,5.453611025586724,37977.30074101128,1200.4651869118634
1745997716,186,,Aggregated,141.000000,0.000000,91,110,190,210,720,1200,1600,1800,2300,30000,38000,174332,200,91,225.29189857968052,5.453611025586724,37977.30074101128,1200.4028807103687
1745997717,186,,Aggregated,138.400000,0.000000,91,110,190,210,720,1200,1600,1800,2300,30000,38000,174446,200,91,225.277713319126,5.453611025586724,37977.30074101128,1200.4676002889146
1745997718,186,,Aggregated,138.800000,0.000000,91,110,190,210,720,1200,1600,1800,2300,30000,38000,174630,200,91,225.23963835705328,5.453611025586724,37977.30074101128,1200.5117849166809
1745997719,185,,Aggregated,137.800000,0.000000,91,110,190,210,720,1200,1600,1800,2300,30000,38000,174766,200,91,225.08298284758587,5.453611025586724,37977.30074101128,1200.4476671663824
1745997720,185,,Aggregated,141.800000,0.000000,91,110,190,210,720,1200,1600,1800,2300,30000,38000,174919,200,91,224.95497700345734,5.453611025586724,37977.30074101128,1200.5151641616976
1745997721,185,,Aggregated,141.100000,0.000000,91,110,190,210,720,1200,1600,1800,2300,30000,38000,175057,200,91,224.8178383452892,5.453611025586724,37977.30074101128,1200.5698429654342
1745997722,185,,Aggregated,144.200000,0.000000,91,110,190,210,720,1200,1600,1800,2300,30000,38000,175214,200,91,224.68280061372587,5.453611025586724,37977.30074101128,1200.5625977376237
1745997723,184,,Aggregated,147.200000,0.000000,90,110,190,210,720,1200,1600,1800,2300,30000,38000,175359,200,90,224.55124280425133,5.453611025586724,37977.30074101128,1200.6661420286384
1745997724,184,,Aggregated,147.000000,0.000000,91,110,190,210,710,1200,1600,1800,2300,30000,38000,175503,200,91,224.4946873602188,5.453611025586724,37977.30074101128,1200.6623989333516
1745997725,184,,Aggregated,149.700000,0.000000,91,110,190,210,710,1200,1600,1800,2300,30000,38000,175643,200,91,224.43368744072282,5.453611025586724,37977.30074101128,1200.7384865892748
1745997726,184,,Aggregated,144.100000,0.000000,91,110,190,210,710,1200,1600,1800,2300,30000,38000,175782,200,91,224.38761008061115,5.453611025586724,37977.30074101128,1200.7420953226156
1745997727,183,,Aggregated,144.800000,0.000000,91,110,190,210,710,1200,1600,1800,2300,30000,38000,175910,200,91,224.41616173356493,5.453611025586724,37977.30074101128,1200.7766471491104
1745997728,183,,Aggregated,144.600000,0.000000,91,110,190,210,710,1200,1600,1800,2300,30000,38000,176046,200,91,224.38691701016714,5.453611025586724,37977.30074101128,1200.7788986969315
1745997729,183,,Aggregated,143.400000,0.000000,91,110,190,210,710,1200,1600,1800,2300,30000,38000,176168,200,91,224.36860085862494,5.453611025586724,37977.30074101128,1200.8124971618001
1745997730,183,,Aggregated,141.800000,0.000000,91,110,190,210,710,1200,1600,1800,2300,30000,38000,176302,200,91,224.35870810472778,5.453611025586724,37977.30074101128,1200.8076425678664
1745997731,182,,Aggregated,141.100000,0.000000,91,110,190,210,710,1200,1600,1800,2300,30000,38000,176438,200,91,224.2215512492891,5.453611025586724,37977.30074101128,1200.8535236173614
1745997732,182,,Aggregated,138.600000,0.000000,91,110,190,210,710,1200,1600,1800,2300,30000,38000,176591,200,91,224.08880031955482,5.453611025586724,37977.30074101128,1200.9033416199013
1745997733,182,,Aggregated,137.300000,0.000000,91,110,190,210,710,1200,1600,1800,2300,30000,38000,176729,200,91,224.03442166906302,5.453611025586724,37977.30074101128,1200.9506306265525
1745997734,182,,Aggregated,136.100000,0.000000,91,110,190,210,710,1200,1600,1800,2300,30000,38000,176837,200,91,224.0059377412629,5.453611025586724,37977.30074101128,1200.9461311829539
1745997735,181,,Aggregated,134.400000,0.000000,91,110,190,210,710,1200,1600,1800,2300,30000,38000,176981,200,91,224.01058067826386,5.453611025586724,37977.30074101128,1200.9337612512077
1745997736,181,,Aggregated,136.500000,0.000000,91,110,190,210,710,1200,1600,1800,2300,30000,38000,177082,200,91,224.05851254078775,5.453611025586724,37977.30074101128,1200.9569239109564
1745997737,181,,Aggregated,131.500000,0.000000,91,110,190,210,710,1200,1600,1800,2300,30000,38000,177207,200,91,224.08993880540638,5.453611025586724,37977.30074101128,1200.8986439587602
1745997738,181,,Aggregated,130.800000,0.000000,91,110,190,210,710,1200,1600,1800,2300,30000,38000,177333,200,91,224.12481395936877,5.453611025586724,37977.30074101128,1200.8875674578335
1745997739,180,,Aggregated,129.000000,0.000000,91,110,190,210,710,1200,1600,1800,2300,30000,38000,177446,200,91,224.18059138416115,5.453611025586724,37977.30074101128,1200.8422844132863
1745997740,180,,Aggregated,129.200000,0.000000,91,110,190,210,710,1200,1600,1800,2300,30000,38000,177592,200,91,224.17800273042837,5.453611025586724,37977.30074101128,1200.7663971350062
1745997741,180,,Aggregated,127.800000,0.000000,91,110,190,210,710,1200,1600,1800,2300,30000,38000,177729,200,91,224.16945418299042,5.453611025586724,37977.30074101128,1200.7944736086963
1745997742,180,,Aggregated,126.400000,0.000000,91,110,190,210,710,1200,1600,1800,2300,30000,38000,177882,200,91,224.03900089259793,5.453611025586724,37977.30074101128,1200.7567151257576
1745997743,179,,Aggregated,125.100000,0.000000,91,110,190,210,710,1200,1600,1800,2300,30000,38000,178015,200,91,223.8965992467268,5.453611025586724,37977.30074101128,1200.8335027947082
1745997744,179,,Aggregated,125.900000,0.000000,91,110,190,210,710,1200,1600,1800,2300,30000,38000,178133,200,91,223.81901008196542,5.453611025586724,37977.30074101128,1200.8194551262259
1745997745,179,,Aggregated,127.800000,0.000000,91,110,190,210,710,1200,1600,1800,2300,30000,38000,178248,200,91,223.81322899973324,5.453611025586724,37977.30074101128,1200.776233113415
1745997746,179,,Aggregated,128.500000,0.000000,91,110,190,210,710,1200,1600,1800,2300,30000,38000,178370,200,91,223.87063755209198,5.453611025586724,37977.30074101128,1200.7209396198912
1745997747,178,,Aggregated,129.700000,0.000000,91,110,190,210,710,1200,1600,1800,2300,30000,38000,178487,200,91,223.8787469320516,5.453611025586724,37977.30074101128,1200.7089031694186
1745997748,178,,Aggregated,127.700000,0.000000,91,110,190,210,710,1200,1600,1800,2300,30000,38000,178600,200,91,223.95249042565285,5.453611025586724,37977.30074101128,1200.7195464725644
1745997749,178,,Aggregated,129.300000,0.000000,91,110,190,210,710,1200,1600,1800,2300,30000,38000,178723,200,91,224.03407259771365,5.453611025586724,37977.30074101128,1200.703725877475
1745997750,178,,Aggregated,127.100000,0.000000,91,110,190,210,710,1200,1600,1800,2300,30000,38000,178835,200,91,224.12295755149557,5.453611025586724,37977.30074101128,1200.734738725641
1745997751,177,,Aggregated,127.100000,0.000000,91,110,190,210,710,1200,1600,1800,2300,30000,38000,178967,200,91,224.18665065683118,5.453611025586724,37977.30074101128,1200.7159643956707
1745997752,177,,Aggregated,125.900000,0.000000,91,110,190,210,710,1200,1600,1800,2300,30000,38000,179102,200,91,224.18382563611357,5.453611025586724,37977.30074101128,1200.7302933523913
1745997753,177,,Aggregated,123.900000,0.000000,91,110,190,210,710,1200,1600,1800,2300,30000,38000,179230,200,91,224.10719574259085,5.453611025586724,37977.30074101128,1200.71680522234
1745997754,176,,Aggregated,124.300000,0.000000,91,110,190,210,710,1200,1600,1800,2300,30000,38000,179366,200,91,223.97333927138186,5.453611025586724,37977.30074101128,1200.763667584715
1745997755,176,,Aggregated,118.700000,0.000000,91,110,190,210,710,1200,1600,1800,2300,30000,38000,179481,200,91,223.88848315631776,5.453611025586724,37977.30074101128,1200.7571720683527
1745997756,176,,Aggregated,118.400000,0.000000,91,110,190,210,710,1200,1600,1800,2300,30000,38000,179626,200,91,223.8862384087863,5.453611025586724,37977.30074101128,1200.7722824090054
1745997757,176,,Aggregated,122.300000,0.000000,91,110,190,210,710,1200,1600,1800,2300,30000,38000,179758,200,91,223.86798957523024,5.453611025586724,37977.30074101128,1200.7005529656537
1745997758,175,,Aggregated,122.000000,0.000000,91,110,190,210,710,1200,1600,1800,2300,30000,38000,179888,200,91,223.8756890206259,5.453611025586724,37977.30074101128,1200.6864048741438
1745997759,175,,Aggregated,124.700000,0.000000,91,110,190,210,710,1200,1600,1800,2300,29000,38000,180012,200,91,223.88553019051687,5.453611025586724,37977.30074101128,1200.6832766704442
1745997760,175,,Aggregated,124.700000,0.000000,91,110,190,210,710,1200,1600,1800,2300,29000,38000,180126,200,91,223.91345603859594,5.453611025586724,37977.30074101128,1200.6804625650934
1745997761,175,,Aggregated,127.200000,0.000000,91,110,190,210,710,1200,1600,1800,2300,29000,38000,180245,200,91,223.78047656398928,5.453611025586724,37977.30074101128,1200.6302865544121
1745997762,174,,Aggregated,129.000000,0.000000,91,110,190,210,710,1200,1600,1800,2300,29000,38000,180330,200,91,223.71067375606708,5.453611025586724,37977.30074101128,1200.616547440803
1745997763,174,,Aggregated,129.600000,0.000000,91,110,190,210,710,1200,1600,1800,2300,29000,38000,180427,200,91,223.60133577618734,5.453611025586724,37977.30074101128,1200.5892355357014
1745997764,174,,Aggregated,126.000000,0.000000,91,110,190,210,710,1200,1600,1800,2300,29000,38000,180479,200,91,223.54272701588232,5.453611025586724,37977.30074101128,1200.5650131040177
1745997765,174,,Aggregated,124.500000,0.000000,91,110,190,210,710,1200,1600,1800,2400,29000,38000,180598,200,91,224.3339350707493,5.453611025586724,37977.30074101128,1200.6244255196625
1745997766,173,,Aggregated,119.300000,0.000000,91,110,190,210,710,1200,1600,1800,2400,29000,38000,180685,200,91,224.88501007308201,5.453611025586724,37977.30074101128,1200.639881561834
1745997767,173,,Aggregated,110.000000,0.000000,91,110,190,210,710,1200,1600,1800,2500,29000,38000,180785,200,91,225.37197183004864,5.453611025586724,37977.30074101128,1200.656586553088
1745997768,173,,Aggregated,109.900000,0.000000,91,110,190,210,710,1200,1600,1800,2500,29000,38000,180895,200,91,225.62532903185718,5.453611025586724,37977.30074101128,1200.7051549241273
1745997769,173,,Aggregated,104.400000,0.000000,91,110,190,210,720,1200,1600,1800,2500,29000,38000,180986,200,91,225.85015966869298,5.453611025586724,37977.30074101128,1200.7247300896202
1745997770,172,,Aggregated,101.600000,0.000000,91,110,190,210,720,1200,1600,1800,2500,29000,38000,181091,200,91,225.91177982002122,5.453611025586724,37977.30074101128,1200.8039162630942
1745997771,172,,Aggregated,98.800000,0.000000,91,110,190,210,720,1200,1600,1800,2500,29000,38000,181186,200,91,226.05133090477042,5.453611025586724,37977.30074101128,1200.8651385868666
1745997772,172,,Aggregated,95.700000,0.000000,91,110,190,210,720,1200,1600,1800,2500,29000,38000,181328,200,91,226.14575411586722,5.453611025586724,37977.30074101128,1200.7057983323039
1745997773,172,,Aggregated,95.600000,0.000000,91,110,190,210,720,1200,1600,1800,2500,29000,38000,181437,200,91,226.17346186389742,5.453611025586724,37977.30074101128,1200.7858319967813
1745997774,171,,Aggregated,94.200000,0.000000,91,110,190,210,720,1200,1600,1800,2500,29000,38000,181563,200,91,226.13811130929793,5.453611025586724,37977.30074101128,1200.7693858330167
1745997775,171,,Aggregated,99.100000,0.000000,91,110,190,210,720,1200,1600,1800,2500,29000,38000,181687,200,91,226.08002379603064,5.453611025586724,37977.30074101128,1200.8054841568191
1745997776,171,,Aggregated,100.700000,0.000000,91,110,190,210,720,1200,1600,1800,2500,29000,38000,181820,200,91,226.04408414242334,5.453611025586724,37977.30074101128,1200.7339456605434
1745997777,171,,Aggregated,107.700000,0.000000,91,110,190,210,720,1200,1600,1800,2500,29000,38000,181949,200,91,225.97601897608303,5.453611025586724,37977.30074101128,1200.7809441107124
1745997778,170,,Aggregated,110.300000,0.000000,91,110,190,210,720,1200,1600,1800,2500,29000,38000,182078,200,91,225.85183389261383,5.453611025586724,37977.30074101128,1200.7843946001165
1745997779,170,,Aggregated,113.300000,0.000000,91,110,190,210,720,1200,1600,1800,2500,29000,38000,182223,200,91,225.72786112481768,5.453611025586724,37977.30074101128,1200.812317874253
1745997780,170,,Aggregated,116.700000,0.000000,91,110,190,210,710,1200,1600,1800,2500,29000,38000,182350,200,91,225.6145037649546,5.453611025586724,37977.30074101128,1200.7979106114615
1745997781,170,,Aggregated,118.800000,0.000000,91,110,190,210,710,1200,1600,1800,2500,29000,38000,182488,200,91,225.49462639144622,5.453611025586724,37977.30074101128,1200.7432817500328
1745997782,169,,Aggregated,123.700000,0.000000,91,110,190,210,710,1200,1600,1800,2500,29000,38000,182625,200,91,225.3883733431521,5.453611025586724,37977.30074101128,1200.8029733059548
1745997783,169,,Aggregated,124.600000,0.000000,91,110,190,210,710,1200,1600,1800,2500,29000,38000,182767,200,91,225.24248459042295,5.453611025586724,37977.30074101128,1200.742497277955
1745997785,169,,Aggregated,129.000000,0.000000,91,110,190,210,710,1200,1600,1800,2500,29000,38000,182912,200,91,225.10656192700316,5.453611025586724,37977.30074101128,1200.7450686669
1745997786,169,,Aggregated,132.300000,0.000000,91,110,190,210,710,1200,1600,1800,2500,29000,38000,183037,200,91,224.986335119838,5.453611025586724,37977.30074101128,1200.7567267820168
1745997787,168,,Aggregated,132.300000,0.000000,91,110,190,210,710,1200,1600,1800,2500,29000,38000,183170,200,91,224.8530207707684,5.453611025586724,37977.30074101128,1200.719915925097
1745997788,168,,Aggregated,134.000000,0.000000,91,110,190,210,710,1200,1600,1800,2500,29000,38000,183292,200,91,224.8052449145933,5.453611025586724,37977.30074101128,1200.7478940706633
1745997789,168,,Aggregated,133.000000,0.000000,91,110,190,210,710,1200,1600,1800,2500,29000,38000,183407,200,91,224.79652000880154,5.453611025586724,37977.30074101128,1200.7982465227608
1745997790,168,,Aggregated,133.100000,0.000000,91,110,190,210,710,1200,1600,1800,2500,29000,38000,183518,200,91,224.8230815795611,5.453611025586724,37977.30074101128,1200.714572957421
1745997791,167,,Aggregated,133.100000,0.000000,91,110,190,210,710,1200,1600,1800,2500,29000,38000,183648,200,91,224.82311786765993,5.453611025586724,37977.30074101128,1200.7663029273392
1745997792,167,,Aggregated,128.900000,0.000000,91,110,190,210,710,1200,1600,1800,2500,29000,38000,183777,200,91,224.72239070488325,5.453611025586724,37977.30074101128,1200.7826931552916
1745997793,167,,Aggregated,129.600000,0.000000,91,110,190,210,710,1200,1600,1800,2500,29000,38000,183889,200,91,224.60742220030863,5.453611025586724,37977.30074101128,1200.7297336980462
1745997794,167,,Aggregated,129.600000,0.000000,91,110,190,210,710,1200,1600,1800,2500,29000,38000,184022,200,91,224.57067014223776,5.453611025586724,37977.30074101128,1200.8047787764506
1745997795,166,,Aggregated,127.800000,0.000000,91,110,190,210,710,1200,1600,1800,2500,29000,38000,184139,200,91,224.5370715234928,5.453611025586724,37977.30074101128,1200.8739267618485
1745997796,166,,Aggregated,126.000000,0.000000,91,110,190,210,710,1200,1600,1800,2500,29000,38000,184254,200,91,224.5141388570251,5.453611025586724,37977.30074101128,1200.8561496629652
1745997797,166,,Aggregated,122.700000,0.000000,91,110,190,210,710,1200,1600,1800,2500,29000,38000,184378,200,91,224.49498085343598,5.453611025586724,37977.30074101128,1200.8631669721983
1745997798,166,,Aggregated,121.900000,0.000000,91,110,190,210,710,1200,1600,1800,2500,29000,38000,184497,200,91,224.5029250147834,5.453611025586724,37977.30074101128,1200.791308259755
1745997799,165,,Aggregated,120.300000,0.000000,91,110,190,210,710,1200,1600,1800,2500,29000,38000,184584,200,91,224.55568746075366,5.453611025586724,37977.30074101128,1200.8825466996057
1745997800,165,,Aggregated,119.700000,0.000000,91,110,190,210,710,1200,1600,1800,2500,29000,38000,184742,200,91,224.56674102781687,5.453611025586724,37977.30074101128,1200.846602288597
1745997801,165,,Aggregated,117.000000,0.000000,91,110,190,210,710,1200,1600,1800,2500,29000,38000,184865,200,91,224.43861643647352,5.453611025586724,37977.30074101128,1200.8489925080464
1745997802,165,,Aggregated,121.500000,0.000000,91,110,190,210,700,1200,1600,1800,2500,29000,38000,184995,200,91,224.29303557989465,5.453611025586724,37977.30074101128,1200.7718154544718
1745997803,164,,Aggregated,120.100000,0.000000,91,110,190,210,700,1200,1600,1800,2500,29000,38000,185145,200,91,224.1299555328245,5.453611025586724,37977.30074101128,1200.7935077911907
1745997804,164,,Aggregated,121.100000,0.000000,91,110,190,210,700,1200,1600,1800,2500,29000,38000,185259,200,91,224.00714189159692,5.453611025586724,37977.30074101128,1200.7801510317988
1745997805,164,,Aggregated,124.600000,0.000000,91,110,190,210,700,1200,1600,1800,2500,29000,38000,185394,200,91,223.87541673563902,5.453611025586724,37977.30074101128,1200.823020162465
1745997806,164,,Aggregated,122.400000,0.000000,91,110,190,210,700,1200,1600,1800,2500,29000,38000,185523,200,91,223.7418270875617,5.453611025586724,37977.30074101128,1200.908642055163
1745997807,163,,Aggregated,124.000000,0.000000,91,110,190,210,700,1200,1600,1800,2500,29000,38000,185661,200,91,223.62546697684644,5.453611025586724,37977.30074101128,1200.9092378043854
1745997808,163,,Aggregated,124.900000,0.000000,91,110,190,210,700,1200,1600,1800,2500,29000,38000,185801,200,91,223.5337848278554,5.453611025586724,37977.30074101128,1200.850689716417
1745997809,163,,Aggregated,127.800000,0.000000,91,110,190,210,700,1200,1600,1800,2500,29000,38000,185925,200,91,223.40094677978018,5.453611025586724,37977.30074101128,1200.8312760521717
1745997810,163,,Aggregated,129.400000,0.000000,91,110,190,210,700,1200,1600,1800,2500,29000,38000,186054,200,91,223.26642417551173,5.453611025586724,37977.30074101128,1200.8374880411063
1745997811,162,,Aggregated,129.400000,0.000000,90,110,190,210,700,1200,1600,1800,2500,29000,38000,186153,200,90,223.17597258284366,5.453611025586724,37977.30074101128,1200.8572572024088
1745997812,162,,Aggregated,130.600000,0.000000,91,110,190,210,700,1200,1600,1800,2500,29000,38000,186295,200,91,223.20394980577902,5.453611025586724,37977.30074101128,1200.8336562978072
1745997813,162,,Aggregated,130.400000,0.000000,91,110,190,210,700,1200,1600,1800,2500,29000,38000,186422,200,91,223.1574302303906,5.453611025586724,37977.30074101128,1200.806331870702
1745997814,162,,Aggregated,130.500000,0.000000,90,110,190,210,700,1200,1600,1800,2500,29000,38000,186555,200,90,223.03317941774085,5.453611025586724,37977.30074101128,1200.7293452333092
1745997815,161,,Aggregated,127.600000,0.000000,90,110,190,210,700,1200,1600,1800,2500,29000,38000,186706,200,90,222.88485084797395,5.453611025586724,37977.30074101128,1200.6961800906238
1745997816,161,,Aggregated,127.900000,0.000000,90,110,190,210,700,1200,1600,1800,2500,29000,38000,186822,200,90,222.7623566221307,5.453611025586724,37977.30074101128,1200.738804851677
1745997817,161,,Aggregated,129.900000,0.000000,90,110,190,210,700,1200,1600,1800,2500,29000,38000,186945,200,90,222.6827709328249,5.453611025586724,37977.30074101128,1200.7503811281392
1745997818,161,,Aggregated,129.900000,0.000000,90,110,190,210,700,1200,1600,1800,2500,29000,38000,187074,200,90,222.63036613730628,5.453611025586724,37977.30074101128,1200.713968803789
1745997819,160,,Aggregated,126.200000,0.000000,90,110,190,210,700,1200,1600,1800,2500,29000,38000,187177,200,90,222.5994504280818,5.453611025586724,37977.30074101128,1200.7140567484253
1745997820,160,,Aggregated,127.000000,0.000000,90,110,190,210,690,1200,1600,1800,2500,29000,38000,187273,200,90,222.6020387766024,5.453611025586724,37977.30074101128,1200.7850731285343
1745997821,160,,Aggregated,124.300000,0.000000,90,110,190,210,700,1200,1500,1800,2500,29000,38000,187406,200,90,222.62592846804097,5.453611025586724,37977.30074101128,1200.7411929180496
1745997822,160,,Aggregated,122.600000,0.000000,90,110,190,210,700,1200,1500,1800,2500,29000,38000,187533,200,90,222.61709949027002,5.453611025586724,37977.30074101128,1200.6978718412226
1745997823,159,,Aggregated,123.200000,0.000000,90,110,190,210,690,1200,1500,1800,2500,29000,38000,187646,200,90,222.50171013021233,5.453611025586724,37977.30074101128,1200.6904437078329
1745997824,159,,Aggregated,122.700000,0.000000,90,110,190,210,690,1200,1500,1800,2500,29000,38000,187755,200,90,222.43364276783194,5.453611025586724,37977.30074101128,1200.7110702777557
1745997825,159,,Aggregated,120.900000,0.000000,90,110,190,210,690,1200,1500,1800,2500,29000,38000,187862,200,90,222.44065102002327,5.453611025586724,37977.30074101128,1200.714391414975
1745997826,159,,Aggregated,120.700000,0.000000,90,110,190,210,690,1200,1500,1800,2500,29000,38000,187988,200,90,222.38810015843944,5.453611025586724,37977.30074101128,1200.799199948933
1745997827,158,,Aggregated,117.100000,0.000000,90,110,190,210,690,1200,1500,1800,2500,29000,38000,188142,200,90,222.2734874943429,5.453611025586724,37977.30074101128,1200.7401537136843
1745997828,158,,Aggregated,115.900000,0.000000,90,110,190,210,690,1200,1500,1800,2500,29000,38000,188250,200,90,222.16750016818963,5.453611025586724,37977.30074101128,1200.766401062417
1745997829,158,,Aggregated,119.500000,0.000000,90,110,190,210,690,1200,1500,1800,2500,29000,38000,188389,200,90,222.02876693402615,5.453611025586724,37977.30074101128,1200.816231308622
1745997830,158,,Aggregated,116.700000,0.000000,90,110,190,210,690,1200,1500,1800,2500,29000,38000,188499,200,90,221.91540370851015,5.453611025586724,37977.30074101128,1200.753176409424
1745997831,157,,Aggregated,119.300000,0.000000,90,110,190,210,690,1200,1500,1800,2500,29000,38000,188632,200,90,221.87307752902709,5.453611025586724,37977.30074101128,1200.7335393782603
1745997832,157,,Aggregated,121.200000,0.000000,90,110,190,210,690,1200,1500,1800,2500,29000,38000,188748,200,90,221.82423922157597,5.453611025586724,37977.30074101128,1200.772543285227
1745997833,157,,Aggregated,120.200000,0.000000,90,110,190,210,690,1200,1500,1800,2500,29000,38000,188866,200,90,221.70258774700437,5.453611025586724,37977.30074101128,1200.7769529719483
1745997834,157,,Aggregated,120.900000,0.000000,90,110,190,210,690,1200,1500,1800,2500,29000,38000,189008,200,90,221.5646511301158,5.453611025586724,37977.30074101128,1200.7421802251756
1745997835,156,,Aggregated,122.000000,0.000000,90,110,190,210,690,1200,1500,1800,2500,29000,38000,189101,200,90,221.48215678120388,5.453611025586724,37977.30074101128,1200.8348607357973
1745997836,156,,Aggregated,123.800000,0.000000,90,110,190,210,690,1200,1500,1800,2500,29000,38000,189242,200,90,221.4302518552663,5.453611025586724,37977.30074101128,1200.8989864829161
1745997837,156,,Aggregated,122.100000,0.000000,90,110,190,210,690,1200,1500,1800,2500,29000,38000,189361,200,90,221.31556328126356,5.453611025586724,37977.30074101128,1200.8500219158116
1745997838,156,,Aggregated,123.500000,0.000000,90,110,190,210,690,1200,1500,1800,2500,29000,38000,189492,200,90,221.2017568910014,5.453611025586724,37977.30074101128,1200.8422413611129
1745997839,155,,Aggregated,121.000000,0.000000,90,110,190,210,690,1200,1500,1800,2500,29000,38000,189610,200,90,221.09185761068173,5.453611025586724,37977.30074101128,1200.8697273350563
1745997840,155,,Aggregated,123.100000,0.000000,90,110,190,200,690,1200,1500,1800,2500,29000,38000,189736,200,90,220.97650212841296,5.453611025586724,37977.30074101128,1200.938229961631
1745997841,155,,Aggregated,121.200000,0.000000,90,110,190,200,690,1200,1500,1800,2500,29000,38000,189875,200,90,220.8540319972058,5.453611025586724,37977.30074101128,1200.8825806451614
1745997842,155,,Aggregated,121.600000,0.000000,90,110,190,200,680,1200,1500,1800,2500,29000,38000,189978,200,90,220.74843284138356,5.453611025586724,37977.30074101128,1200.9642484919307
1745997843,154,,Aggregated,124.800000,0.000000,90,110,190,200,680,1200,1500,1800,2500,28000,38000,190117,200,90,220.60632377058445,5.453611025586724,37977.30074101128,1201.013202396419
1745997844,154,,Aggregated,122.100000,0.000000,90,110,190,200,680,1200,1500,1800,2500,28000,38000,190265,200,90,220.45458532256472,5.453611025586724,37977.30074101128,1200.8637952329645
1745997845,154,,Aggregated,123.000000,0.000000,90,110,190,200,680,1200,1500,1800,2500,28000,38000,190388,200,90,220.3330769381926,5.453611025586724,37977.30074101128,1200.8875559383994
1745997846,154,,Aggregated,123.400000,0.000000,90,110,190,200,680,1200,1500,1800,2500,28000,38000,190502,200,90,220.21710065714717,5.453611025586724,37977.30074101128,1200.9169615017165
1745997847,153,,Aggregated,126.800000,0.000000,90,110,190,200,680,1200,1500,1800,2500,28000,38000,190628,200,90,220.08802087082208,5.453611025586724,37977.30074101128,1200.8976016115157
1745997848,153,,Aggregated,127.100000,0.000000,89,110,190,200,680,1200,1500,1800,2500,28000,38000,190749,200,89,219.96251935889646,5.453611025586724,37977.30074101128,1200.9041043465497
1745997849,153,,Aggregated,126.800000,0.000000,89,110,190,200,680,1200,1500,1800,2500,28000,38000,190869,200,89,219.8516266122363,5.453611025586724,37977.30074101128,1200.9987949850422
1745997850,153,,Aggregated,126.500000,0.000000,89,110,190,200,680,1200,1500,1800,2500,28000,38000,190990,200,89,219.80675267296158,5.453611025586724,37977.30074101128,1200.9728415100267
1745997851,152,,Aggregated,127.000000,0.000000,89,110,190,200,680,1200,1500,1800,2500,28000,38000,191102,200,89,219.75492069239712,5.453611025586724,37977.30074101128,1200.9755994181119
1745997852,152,,Aggregated,124.800000,0.000000,89,110,190,200,680,1200,1500,1800,2500,28000,38000,191214,200,89,219.6442335788948,5.453611025586724,37977.30074101128,1201.009565199201
1745997853,152,,Aggregated,122.500000,0.000000,89,110,190,200,680,1200,1500,1800,2500,28000,38000,191345,200,89,219.51907894139964,5.453611025586724,37977.30074101128,1201.0227338054299
1745997854,152,,Aggregated,122.500000,0.000000,89,110,190,200,680,1200,1500,1800,2500,28000,38000,191472,200,89,219.3969177360059,5.453611025586724,37977.30074101128,1200.9924427592546
1745997855,151,,Aggregated,122.600000,0.000000,89,110,190,200,680,1200,1500,1800,2500,28000,38000,191586,200,89,219.28996160203232,5.453611025586724,37977.30074101128,1200.990771768292
1745997856,151,,Aggregated,122.100000,0.000000,89,110,190,200,680,1200,1500,1800,2500,28000,38000,191701,200,89,219.1903179704221,5.453611025586724,37977.30074101128,1201.016223180891
1745997857,151,,Aggregated,120.400000,0.000000,89,110,190,200,680,1200,1500,1800,2500,28000,38000,191811,200,89,219.11978745486178,5.453611025586724,37977.30074101128,1200.9861165418042
1745997858,151,,Aggregated,118.000000,0.000000,89,110,190,200,680,1200,1500,1800,2500,28000,38000,191916,200,89,219.0476276397024,5.453611025586724,37977.30074101128,1201.0109162341857
1745997859,150,,Aggregated,118.300000,0.000000,89,110,190,200,680,1200,1500,1800,2500,28000,38000,192031,200,89,219.00084714591517,5.453611025586724,37977.30074101128,1201.0106076623044
1745997860,150,,Aggregated,116.500000,0.000000,89,110,190,200,670,1200,1500,1800,2500,28000,38000,192141,200,89,218.97458653051652,5.453611025586724,37977.30074101128,1201.0371654149817
1745997861,150,,Aggregated,115.200000,0.000000,89,110,190,200,670,1200,1500,1800,2500,28000,38000,192275,200,89,218.85146241177472,5.453611025586724,37977.30074101128,1200.9629645039656
1745997862,150,,Aggregated,115.200000,0.000000,89,110,190,200,670,1200,1500,1800,2500,28000,38000,192393,200,89,218.73297247098927,5.453611025586724,37977.30074101128,1200.9555337252395
1745997863,149,,Aggregated,115.500000,0.000000,89,110,190,200,670,1200,1500,1800,2500,28000,38000,192516,200,89,218.61229835012483,5.453611025586724,37977.30074101128,1200.9402854827651
1745997864,149,,Aggregated,116.700000,0.000000,89,110,190,200,670,1200,1500,1800,2500,28000,38000,192636,200,89,218.51096836585896,5.453611025586724,37977.30074101128,1200.9807512614464
1745997865,149,,Aggregated,116.200000,0.000000,89,110,190,200,670,1200,1500,1800,2500,28000,38000,192739,200,89,218.40821295550515,5.453611025586724,37977.30074101128,1200.9181276233662
1745997866,149,,Aggregated,115.600000,0.000000,89,110,190,200,670,1200,1500,1800,2500,28000,38000,192884,200,89,218.2621162697914,5.453611025586724,37977.30074101128,1200.9141867651024
1745997867,148,,Aggregated,114.900000,0.000000,89,110,190,200,670,1200,1500,1800,2500,28000,38000,193010,200,89,218.14422584360318,5.453611025586724,37977.30074101128,1200.8971296824
1745997868,148,,Aggregated,117.200000,0.000000,89,110,190,200,670,1200,1500,1800,2500,28000,38000,193138,200,89,218.0182281995629,5.453611025586724,37977.30074101128,1200.9227236483757
1745997869,148,,Aggregated,117.500000,0.000000,89,110,190,200,670,1200,1500,1800,2500,28000,38000,193217,200,89,217.9543251436133,5.453611025586724,37977.30074101128,1200.961530300129
1745997870,148,,Aggregated,118.900000,0.000000,89,110,190,200,670,1200,1500,1800,2500,28000,38000,193349,200,89,217.9589459998885,5.453611025586724,37977.30074101128,1200.9862011181854
1745997871,147,,Aggregated,120.700000,0.000000,89,110,190,200,670,1200,1500,1800,2500,28000,38000,193472,200,89,217.97113165549632,5.453611025586724,37977.30074101128,1201.0243291018855
1745997872,147,,Aggregated,118.900000,0.000000,89,110,190,200,670,1200,1500,1800,2500,28000,38000,193597,200,89,217.8451104907311,5.453611025586724,37977.30074101128,1201.0641280598356
1745997873,147,,Aggregated,118.500000,0.000000,89,110,190,200,670,1200,1500,1800,2500,28000,38000,193734,200,89,217.71033431493242,5.453611025586724,37977.30074101128,1201.0456347362879
1745997874,147,,Aggregated,119.600000,0.000000,88,110,190,200,670,1200,1500,1800,2500,28000,38000,193853,200,88,217.63037850549074,5.453611025586724,37977.30074101128,1201.0708887662302
1745997875,146,,Aggregated,119.700000,0.000000,88,110,190,200,670,1200,1500,1700,2500,28000,38000,193973,200,88,217.5505718727872,5.453611025586724,37977.30074101128,1201.0615549586798
1745997876,146,,Aggregated,118.900000,0.000000,88,110,190,200,670,1200,1500,1700,2500,28000,38000,194079,200,88,217.44784696587263,5.453611025586724,37977.30074101128,1201.0884639760097
1745997877,146,,Aggregated,121.700000,0.000000,88,110,190,200,660,1200,1500,1700,2500,28000,38000,194196,200,88,217.38067835264994,5.453611025586724,37977.30074101128,1201.1369286700035
1745997878,146,,Aggregated,119.800000,0.000000,88,110,190,200,660,1200,1500,1700,2500,28000,38000,194326,200,88,217.25471308109024,5.453611025586724,37977.30074101128,1201.0014666076593
1745997879,145,,Aggregated,118.200000,0.000000,88,110,190,200,660,1200,1500,1700,2500,28000,38000,194426,200,88,217.1562201230183,5.453611025586724,37977.30074101128,1201.0749128203017
1745997880,145,,Aggregated,119.000000,0.000000,88,110,190,200,660,1200,1500,1700,2500,28000,38000,194562,200,88,217.0190433458224,5.453611025586724,37977.30074101128,1201.0441812892548
1745997881,145,,Aggregated,117.500000,0.000000,88,110,190,200,660,1200,1500,1700,2500,28000,38000,194659,200,88,216.9242323404996,5.453611025586724,37977.30074101128,1201.0379535495406
1745997882,145,,Aggregated,119.600000,0.000000,88,110,190,200,660,1200,1500,1700,2500,28000,38000,194773,200,88,216.81071386869877,5.453611025586724,37977.30074101128,1200.995410041433
1745997883,144,,Aggregated,119.400000,0.000000,88,110,190,200,660,1200,1500,1700,2500,28000,38000,194871,200,88,216.72419652004436,5.453611025586724,37977.30074101128,1201.012243997311
1745997884,144,,Aggregated,116.400000,0.000000,88,110,190,200,660,1200,1500,1700,2500,28000,38000,195002,200,88,216.6328415405966,5.453611025586724,37977.30074101128,1200.9414775233074
1745997885,144,,Aggregated,116.900000,0.000000,88,110,190,200,660,1200,1500,1700,2500,28000,38000,195120,200,88,216.51999383379763,5.453611025586724,37977.30074101128,1200.9595223452234
1745997886,144,,Aggregated,116.500000,0.000000,88,110,190,200,660,1200,1500,1700,2500,28000,38000,195235,200,88,216.44392463705768,5.453611025586724,37977.30074101128,1201.0477731964043
1745997887,143,,Aggregated,113.100000,0.000000,88,110,190,200,660,1200,1500,1700,2500,28000,38000,195341,200,88,216.34418338605306,5.453611025586724,37977.30074101128,1201.0414557107827
1745997888,143,,Aggregated,113.900000,0.000000,88,110,190,200,660,1200,1500,1700,2500,28000,38000,195459,200,88,216.22397478413353,5.453611025586724,37977.30074101128,1201.0220301955908
1745997889,143,,Aggregated,115.200000,0.000000,88,110,190,200,660,1200,1500,1700,2500,28000,38000,195571,200,88,216.1149709053504,5.453611025586724,37977.30074101128,1200.9885207929601
1745997890,143,,Aggregated,112.800000,0.000000,88,110,190,200,660,1200,1500,1700,2500,28000,38000,195678,200,88,216.05287715160665,5.453611025586724,37977.30074101128,1201.0063369413015
1745997891,142,,Aggregated,113.800000,0.000000,88,110,190,200,650,1200,1500,1700,2500,28000,38000,195803,200,88,215.9365138282152,5.453611025586724,37977.30074101128,1201.0381454829599
1745997892,142,,Aggregated,112.900000,0.000000,88,110,190,200,650,1200,1500,1700,2500,28000,38000,195899,200,88,215.84880723157082,5.453611025586724,37977.30074101128,1201.037871556261
1745997893,142,,Aggregated,111.800000,0.000000,87,110,190,200,650,1200,1500,1700,2500,28000,38000,196005,200,87,215.74602037766167,5.453611025586724,37977.30074101128,1201.0032397132727
1745997894,142,,Aggregated,115.700000,0.000000,87,110,180,200,650,1200,1500,1700,2500,28000,38000,196079,200,87,215.68174082113347,5.453611025586724,37977.30074101128,1201.1655965197701
1745997895,141,,Aggregated,112.000000,0.000000,87,110,180,200,650,1200,1500,1700,2500,28000,38000,196119,200,87,215.64233774075538,5.453611025586724,37977.30074101128,1201.2354029951202
1745997896,141,,Aggregated,109.700000,0.000000,87,110,180,200,650,1200,1500,1700,2500,28000,38000,196171,200,87,215.76856491084524,5.453611025586724,37977.30074101128,1201.3105046107733
1745997897,141,,Aggregated,105.700000,0.000000,87,110,190,200,660,1200,1500,1800,2500,28000,38000,196380,200,87,216.25112569572,5.453611025586724,37977.30074101128,1200.847759445972
1745997898,141,,Aggregated,98.200000,0.000000,87,110,190,200,650,1200,1500,1800,2500,28000,38000,196484,200,87,216.1474322224294,5.453611025586724,37977.30074101128,1200.8478094908492
1745997899,140,,Aggregated,102.500000,0.000000,87,110,190,200,650,1200,1500,1800,2500,28000,38000,196603,200,87,216.029616518671,5.453611025586724,37977.30074101128,1200.8594578923007
1745997900,140,,Aggregated,101.800000,0.000000,87,110,180,200,650,1200,1500,1800,2500,28000,38000,196717,200,87,215.91816634148572,5.453611025586724,37977.30074101128,1200.8529816945154
1745997901,140,,Aggregated,101.100000,0.000000,87,110,180,200,650,1200,1500,1800,2500,28000,38000,196837,200,87,215.8024076872657,5.453611025586724,37977.30074101128,1200.8885270553808
1745997902,140,,Aggregated,103.900000,0.000000,87,110,180,200,650,1200,1500,1800,2500,28000,38000,196933,200,87,215.71303707353647,5.453611025586724,37977.30074101128,1200.896137264958
1745997903,139,,Aggregated,102.700000,0.000000,87,110,180,200,650,1200,1500,1800,2500,28000,38000,197056,200,87,215.59967941789745,5.453611025586724,37977.30074101128,1200.978016401429
1745997904,139,,Aggregated,100.800000,0.000000,87,110,180,200,650,1200,1500,1800,2500,28000,38000,197184,200,87,215.47737409374895,5.453611025586724,37977.30074101128,1200.9151959591043
1745997905,139,,Aggregated,103.400000,0.000000,87,110,180,200,650,1200,1500,1800,2500,28000,38000,197296,200,87,215.36716004229606,5.453611025586724,37977.30074101128,1200.8952031465412
1745997906,139,,Aggregated,105.300000,0.000000,87,110,180,200,650,1200,1500,1800,2500,28000,38000,197415,200,87,215.25273704078555,5.453611025586724,37977.30074101128,1200.9419851581692
1745997907,138,,Aggregated,111.400000,0.000000,87,110,180,200,650,1200,1500,1800,2500,28000,38000,197520,200,87,215.1501612541436,5.453611025586724,37977.30074101128,1200.9346800324017
1745997908,138,,Aggregated,118.100000,0.000000,87,110,180,200,650,1200,1500,1800,2500,28000,38000,197632,200,87,215.04013745777127,5.453611025586724,37977.30074101128,1201.0197437661918
1745997909,138,,Aggregated,113.500000,0.000000,87,110,180,200,650,1200,1500,1800,2500,28000,38000,197731,200,87,214.9802203516934,5.453611025586724,37977.30074101128,1201.087543177347
1745997910,138,,Aggregated,114.300000,0.000000,87,110,180,200,650,1200,1500,1800,2500,28000,38000,197860,200,87,214.87462575197816,5.453611025586724,37977.30074101128,1201.1012534115032
1745997911,137,,Aggregated,113.700000,0.000000,86,110,180,200,650,1200,1500,1800,2500,28000,38000,197935,200,86,214.8019662968833,5.453611025586724,37977.30074101128,1201.148351731629
1745997912,137,,Aggregated,110.700000,0.000000,86,110,180,200,650,1200,1500,1800,2500,28000,38000,198070,200,86,214.73434105286327,5.453611025586724,37977.30074101128,1201.1084919472914
1745997913,137,,Aggregated,114.400000,0.000000,86,110,180,200,650,1200,1500,1800,2500,28000,38000,198180,200,86,214.63602991080649,5.453611025586724,37977.30074101128,1201.0817943283882
1745997914,136,,Aggregated,112.300000,0.000000,86,110,180,200,650,1200,1500,1800,2500,28000,38000,198292,200,86,214.52926335085124,5.453611025586724,37977.30074101128,1201.0457960986828
1745997915,136,,Aggregated,111.700000,0.000000,86,110,180,200,650,1200,1500,1800,2500,28000,38000,198405,200,86,214.41930019198253,5.453611025586724,37977.30074101128,1201.073037473854
1745997916,136,,Aggregated,111.000000,0.000000,86,110,180,200,640,1200,1500,1700,2500,28000,38000,198507,200,86,214.32088395243153,5.453611025586724,37977.30074101128,1201.0929790888986
1745997917,136,,Aggregated,110.900000,0.000000,86,110,180,200,640,1200,1500,1700,2500,28000,38000,198632,200,86,214.19922167595553,5.453611025586724,37977.30074101128,1201.1222965081156
1745997918,135,,Aggregated,111.200000,0.000000,86,110,180,200,640,1200,1500,1700,2500,28000,38000,198748,200,86,214.09134333009115,5.453611025586724,37977.30074101128,1201.1678608086622
1745997919,135,,Aggregated,109.400000,0.000000,86,110,180,200,640,1200,1500,1700,2500,28000,38000,198848,200,86,213.99525950288555,5.453611025586724,37977.30074101128,1201.147223004506
1745997920,135,,Aggregated,109.600000,0.000000,86,110,180,200,640,1200,1500,1700,2500,28000,38000,198975,200,86,213.87405703901203,5.453611025586724,37977.30074101128,1201.1311220002513
1745997921,135,,Aggregated,111.100000,0.000000,86,110,180,200,640,1200,1500,1700,2500,28000,38000,199077,200,86,213.77584996737772,5.453611025586724,37977.30074101128,1201.091547491674
1745997922,134,,Aggregated,111.200000,0.000000,86,110,180,200,640,1200,1500,1700,2500,28000,38000,199197,200,86,213.6583023034605,5.453611025586724,37977.30074101128,1201.135564290627
1745997923,134,,Aggregated,111.300000,0.000000,86,110,180,200,640,1200,1500,1700,2500,28000,38000,199304,200,86,213.55447507537193,5.453611025586724,37977.30074101128,1201.1423453618593
1745997924,134,,Aggregated,111.200000,0.000000,85,110,180,200,640,1200,1500,1700,2500,28000,38000,199408,200,85,213.45529588671752,5.453611025586724,37977.30074101128,1201.1847117467705
1745997925,134,,Aggregated,112.600000,0.000000,85,110,180,200,640,1200,1500,1700,2500,28000,38000,199508,200,85,213.36917723221114,5.453611025586724,37977.30074101128,1201.2389277622951
1745997926,133,,Aggregated,112.600000,0.000000,85,110,180,200,640,1200,1500,1700,2500,28000,38000,199626,200,85,213.25802996956742,5.453611025586724,37977.30074101128,1201.2732609980665
1745997927,133,,Aggregated,109.900000,0.000000,85,110,180,200,640,1200,1500,1700,2500,28000,38000,199738,200,85,213.15300967067816,5.453611025586724,37977.30074101128,1201.2995424005446
1745997928,133,,Aggregated,110.400000,0.000000,85,110,180,200,640,1200,1500,1700,2500,28000,38000,199828,200,85,213.06591161260766,5.453611025586724,37977.30074101128,1201.3119732970354
1745997929,133,,Aggregated,111.300000,0.000000,85,110,180,200,640,1200,1500,1700,2500,28000,38000,199948,200,85,212.95537403560797,5.453611025586724,37977.30074101128,1201.3187928861505
1745997930,132,,Aggregated,110.200000,0.000000,85,110,180,200,640,1200,1500,1700,2500,8100,38000,200059,200,85,212.84812601477324,5.453611025586724,37977.30074101128,1201.2873252390546
1745997931,132,,Aggregated,107.900000,0.000000,85,110,180,200,630,1200,1500,1700,2500,8100,38000,200148,200,85,212.7644619849706,5.453611025586724,37977.30074101128,1201.2689110058557
1745997932,132,,Aggregated,110.000000,0.000000,85,110,180,200,630,1200,1500,1700,2500,8100,38000,200268,200,85,212.65254899468113,5.453611025586724,37977.30074101128,1201.2968821778816
1745997933,132,,Aggregated,107.100000,0.000000,85,110,180,200,630,1200,1500,1700,2500,8100,38000,200360,200,85,212.58487790050935,5.453611025586724,37977.30074101128,1201.366031143941
1745997934,131,,Aggregated,107.600000,0.000000,85,110,180,200,630,1200,1500,1700,2500,8100,38000,200472,200,85,212.49437266333968,5.453611025586724,37977.30074101128,1201.34524023305
1745997935,131,,Aggregated,105.700000,0.000000,85,110,180,200,630,1200,1500,1700,2500,8100,38000,200561,200,85,212.41468671744465,5.453611025586724,37977.30074101128,1201.3708597384336
1745997936,131,,Aggregated,104.900000,0.000000,85,110,180,200,630,1200,1500,1700,2500,8100,38000,200676,200,85,212.30970893063952,5.453611025586724,37977.30074101128,1201.4050260120791
1745997937,131,,Aggregated,106.300000,0.000000,84,110,180,200,630,1200,1500,1700,2500,8100,38000,200790,200,84,212.20892384842927,5.453611025586724,37977.30074101128,1201.383171472683
1745997938,130,,Aggregated,103.200000,0.000000,84,110,180,200,630,1200,1500,1700,2500,8100,38000,200898,200,84,212.10836369398186,5.453611025586724,37977.30074101128,1201.3927117243577
1745997939,130,,Aggregated,103.700000,0.000000,84,110,180,200,630,1200,1500,1700,2500,8100,38000,201017,200,84,211.99738363005488,5.453611025586724,37977.30074101128,1201.3524478029221
1745997940,130,,Aggregated,104.700000,0.000000,84,110,180,200,630,1200,1500,1700,2500,8100,38000,201114,200,84,211.90646922508174,5.453611025586724,37977.30074101128,1201.3285897550643
1745997941,130,,Aggregated,105.800000,0.000000,84,110,180,200,630,1200,1500,1700,2500,8100,38000,201242,200,84,211.81086316976413,5.453611025586724,37977.30074101128,1201.3064767792011
1745997942,129,,Aggregated,106.000000,0.000000,84,110,180,200,630,1200,1500,1700,2500,8100,38000,201357,200,84,211.70239849391655,5.453611025586724,37977.30074101128,1201.2950778964723
1745997944,129,,Aggregated,107.500000,0.000000,84,110,180,200,630,1200,1500,1700,2500,8100,38000,201467,200,84,211.59873386107193,5.453611025586724,37977.30074101128,1201.357443154462
1745997945,129,,Aggregated,108.300000,0.000000,84,110,180,200,630,1200,1500,1700,2500,8100,38000,201568,200,84,211.5033416016095,5.453611025586724,37977.30074101128,1201.3587573424354
1745997946,129,,Aggregated,109.600000,0.000000,84,110,180,200,630,1200,1500,1700,2500,8100,38000,201675,200,84,211.40267239379133,5.453611025586724,37977.30074101128,1201.4078145531175
1745997947,128,,Aggregated,108.600000,0.000000,84,110,180,200,630,1200,1500,1700,2500,8100,38000,201773,200,84,211.3104986371471,5.453611025586724,37977.30074101128,1201.4695920663319
1745997948,128,,Aggregated,110.500000,0.000000,84,110,180,200,630,1200,1500,1700,2500,8100,38000,201874,200,84,211.2205593104312,5.453611025586724,37977.30074101128,1201.4901968554643
1745997949,128,,Aggregated,108.900000,0.000000,84,110,180,200,630,1200,1500,1700,2500,8100,38000,201979,200,84,211.14034516161323,5.453611025586724,37977.30074101128,1201.5154644789804
1745997950,128,,Aggregated,107.700000,0.000000,83,110,180,200,620,1200,1500,1700,2500,8100,38000,202087,200,83,211.04269892934684,5.453611025586724,37977.30074101128,1201.5130711030397
1745997951,127,,Aggregated,107.000000,0.000000,83,110,180,200,620,1200,1500,1700,2500,8100,38000,202186,200,83,210.95900119228008,5.453611025586724,37977.30074101128,1201.522281463603
1745997952,127,,Aggregated,105.700000,0.000000,83,110,180,200,620,1200,1500,1700,2500,8100,38000,202292,200,83,210.8623558648781,5.453611025586724,37977.30074101128,1201.5147114072727
1745997953,127,,Aggregated,106.600000,0.000000,83,110,180,200,620,1200,1500,1700,2500,8100,38000,202396,200,83,210.76566404587712,5.453611025586724,37977.30074101128,1201.5815134686457
1745997954,127,,Aggregated,103.900000,0.000000,83,110,180,200,620,1200,1500,1700,2500,8100,38000,202496,200,83,210.67315915440608,5.453611025586724,37977.30074101128,1201.5994291245258
1745997955,126,,Aggregated,103.000000,0.000000,83,110,180,200,620,1200,1500,1700,2500,8100,38000,202589,200,83,210.58781338920247,5.453611025586724,37977.30074101128,1201.5529569719974
1745997956,126,,Aggregated,103.000000,0.000000,83,110,180,200,620,1200,1500,1700,2500,8100,38000,202662,200,83,210.5231424509158,5.453611025586724,37977.30074101128,1201.5854822314986
1745997957,126,,Aggregated,101.800000,0.000000,83,110,180,200,620,1200,1500,1700,2500,8100,38000,202786,200,83,210.50879123701844,5.453611025586724,37977.30074101128,1201.6000167664433
1745997958,126,,Aggregated,99.000000,0.000000,83,110,180,200,620,1200,1500,1700,2500,8100,38000,202881,200,83,210.4697356766332,5.453611025586724,37977.30074101128,1201.5974536797432
1745997959,125,,Aggregated,100.100000,0.000000,83,110,180,200,620,1200,1500,1700,2500,8100,38000,202982,200,83,210.3794556238504,5.453611025586724,37977.30074101128,1201.6067188223587
1745997960,125,,Aggregated,99.900000,0.000000,83,110,170,200,620,1200,1500,1700,2500,8100,38000,203078,200,83,210.2920038628131,5.453611025586724,37977.30074101128,1201.6391485045156
1745997961,125,,Aggregated,98.600000,0.000000,83,110,170,200,620,1200,1500,1700,2500,8100,38000,203178,200,83,210.20004876347858,5.453611025586724,37977.30074101128,1201.603259211135
1745997962,125,,Aggregated,98.500000,0.000000,83,110,170,200,620,1200,1500,1700,2500,8100,38000,203302,200,83,210.08553912567962,5.453611025586724,37977.30074101128,1201.5603388063078
1745997963,124,,Aggregated,98.200000,0.000000,82,110,170,200,620,1200,1500,1700,2500,8100,38000,203393,200,82,210.0027844512365,5.453611025586724,37977.30074101128,1201.560029106213
1745997964,124,,Aggregated,100.500000,0.000000,82,110,170,200,620,1200,1500,1700,2500,8100,38000,203500,200,82,209.9061265690302,5.453611025586724,37977.30074101128,1201.5887567567568
1745997965,124,,Aggregated,99.700000,0.000000,82,110,170,200,620,1200,1500,1700,2500,8100,38000,203602,200,82,209.81406974330253,5.453611025586724,37977.30074101128,1201.5558147758863
1745997966,124,,Aggregated,99.000000,0.000000,82,110,170,200,620,1200,1500,1700,2500,8100,38000,203706,200,82,209.72039794550324,5.453611025586724,37977.30074101128,1201.5567779054127
1745997967,123,,Aggregated,100.500000,0.000000,82,110,170,200,620,1100,1500,1700,2500,8100,38000,203795,200,82,209.65129972351883,5.453611025586724,37977.30074101128,1201.5639147182217
1745997968,123,,Aggregated,103.100000,0.000000,82,110,170,200,620,1100,1500,1700,2500,8100,38000,203902,200,82,209.55678408374754,5.453611025586724,37977.30074101128,1201.5787731361145
1745997969,123,,Aggregated,100.900000,0.000000,82,110,170,200,620,1100,1500,1700,2500,8100,38000,204002,200,82,209.46715218533174,5.453611025586724,37977.30074101128,1201.5555974941421
1745997970,123,,Aggregated,101.400000,0.000000,82,110,170,200,610,1100,1500,1700,2500,8100,38000,204104,200,82,209.37593296652415,5.453611025586724,37977.30074101128,1201.5492885979697
1745997971,122,,Aggregated,103.100000,0.000000,82,110,170,200,610,1100,1500,1700,2500,8100,38000,204203,200,82,209.2943350707791,5.453611025586724,37977.30074101128,1201.5360694994686
1745997972,122,,Aggregated,101.800000,0.000000,82,110,170,200,610,1100,1500,1700,2500,8100,38000,204297,200,82,209.20954310394274,5.453611025586724,37977.30074101128,1201.5271638839533
1745997973,122,,Aggregated,101.100000,0.000000,82,110,170,200,610,1100,1500,1700,2500,8100,38000,204413,200,82,209.1045210813901,5.453611025586724,37977.30074101128,1201.5217574224732
1745997974,122,,Aggregated,99.600000,0.000000,82,110,170,200,610,1100,1500,1700,2500,8100,38000,204515,200,82,209.0129511250782,5.453611025586724,37977.30074101128,1201.510920959343
1745997975,121,,Aggregated,101.800000,0.000000,81,110,170,200,610,1100,1500,1700,2500,8100,38000,204615,200,81,208.9253117668613,5.453611025586724,37977.30074101128,1201.4640520000978
1745997976,121,,Aggregated,101.500000,0.000000,81,110,170,200,610,1100,1500,1700,2500,8100,38000,204708,200,81,208.8411996001611,5.453611025586724,37977.30074101128,1201.448741622213
1745997977,121,,Aggregated,100.100000,0.000000,81,110,170,200,610,1100,1500,1700,2500,8100,38000,204808,200,81,208.75052967477416,5.453611025586724,37977.30074101128,1201.4413304167806
1745997978,121,,Aggregated,99.100000,0.000000,81,110,170,200,610,1100,1500,1700,2500,8100,38000,204929,200,81,208.64226496642422,5.453611025586724,37977.30074101128,1201.365780343436
1745997979,120,,Aggregated,100.500000,0.000000,81,110,170,200,610,1100,1500,1700,2500,8100,38000,205014,200,81,208.5668631461605,5.453611025586724,37977.30074101128,1201.3812715229203
1745997980,120,,Aggregated,101.000000,0.000000,81,110,170,200,610,1100,1500,1700,2500,8100,38000,205127,200,81,208.47681182716158,5.453611025586724,37977.30074101128,1201.3069708034534
1745997981,120,,Aggregated,101.300000,0.000000,81,110,170,200,610,1100,1500,1700,2500,8100,38000,205213,200,81,208.3989687916311,5.453611025586724,37977.30074101128,1201.3065254150565
1745997982,120,,Aggregated,101.400000,0.000000,81,110,170,200,610,1100,1500,1700,2500,8100,38000,205329,200,81,208.2946303802102,5.453611025586724,37977.30074101128,1201.2785529564746
1745997983,119,,Aggregated,101.600000,0.000000,81,110,170,200,610,1100,1500,1700,2500,8100,38000,205419,200,81,208.21435961983823,5.453611025586724,37977.30074101128,1201.285455581032
1745997984,119,,Aggregated,102.500000,0.000000,81,110,170,200,610,1100,1500,1700,2500,8100,38000,205519,200,81,208.1228756389113,5.453611025586724,37977.30074101128,1201.2535677966514
1745997985,119,,Aggregated,99.600000,0.000000,81,110,170,200,610,1100,1500,1700,2500,8100,38000,205610,200,81,208.05122342631765,5.453611025586724,37977.30074101128,1201.2786294440932
1745997986,119,,Aggregated,99.000000,0.000000,80,110,170,200,610,1100,1500,1700,2500,8100,38000,205708,200,80,207.9645139663803,5.453611025586724,37977.30074101128,1201.2632809613626
1745997987,118,,Aggregated,100.500000,0.000000,80,110,170,200,610,1100,1500,1700,2500,8100,38000,205808,200,80,207.87416303345879,5.453611025586724,37977.30074101128,1201.266486239602
1745997988,118,,Aggregated,99.400000,0.000000,80,110,170,200,610,1100,1500,1700,2500,8100,38000,205910,200,80,207.79091389747435,5.453611025586724,37977.30074101128,1201.2966975863242
1745997989,118,,Aggregated,100.000000,0.000000,80,110,170,200,610,1100,1500,1700,2500,8100,38000,206000,200,80,207.71235474850735,5.453611025586724,37977.30074101128,1201.3026893203883
1745997990,118,,Aggregated,98.600000,0.000000,80,110,170,200,610,1100,1500,1700,2500,8100,38000,206081,200,80,207.64075216628038,5.453611025586724,37977.30074101128,1201.3570731896682
1745997991,117,,Aggregated,96.600000,0.000000,80,110,170,200,610,1100,1500,1700,2500,8100,38000,206198,200,80,207.55188070454702,5.453611025586724,37977.30074101128,1201.3560412807108
1745997992,117,,Aggregated,96.800000,0.000000,80,110,170,200,610,1100,1500,1700,2500,8100,38000,206301,200,80,207.46103000354094,5.453611025586724,37977.30074101128,1201.3096252563003
1745997993,117,,Aggregated,98.500000,0.000000,80,110,170,200,610,1100,1500,1700,2500,8100,38000,206388,200,80,207.3835956042743,5.453611025586724,37977.30074101128,1201.273930654883
1745997994,117,,Aggregated,96.000000,0.000000,80,110,170,200,610,1100,1500,1700,2500,8100,38000,206480,200,80,207.3154591775859,5.453611025586724,37977.30074101128,1201.320786516854
1745997995,116,,Aggregated,96.900000,0.000000,80,110,170,200,600,1100,1500,1700,2500,8100,38000,206558,200,80,207.2476455220941,5.453611025586724,37977.30074101128,1201.2950067293448
1745997996,116,,Aggregated,96.700000,0.000000,80,110,170,200,600,1100,1500,1700,2500,8100,38000,206648,200,80,207.16951455582046,5.453611025586724,37977.30074101128,1201.2785316093066
1745997997,116,,Aggregated,93.400000,0.000000,79,110,170,200,600,1100,1500,1700,2500,8100,38000,206755,200,79,207.0771474633174,5.453611025586724,37977.30074101128,1201.287765713042
1745997998,116,,Aggregated,94.500000,0.000000,79,110,170,200,600,1100,1500,1700,2500,8100,38000,206829,200,79,207.01304358027687,5.453611025586724,37977.30074101128,1201.3155215177756
1745997999,115,,Aggregated,93.400000,0.000000,79,110,170,200,600,1100,1500,1700,2500,8100,38000,206941,200,79,206.9181291622644,5.453611025586724,37977.30074101128,1201.3142054981854
1745998000,115,,Aggregated,91.800000,0.000000,79,110,170,200,600,1100,1500,1700,2500,8100,38000,207026,200,79,206.84625661838254,5.453611025586724,37977.30074101128,1201.265681605209
1745998001,115,,Aggregated,93.400000,0.000000,79,110,170,200,600,1100,1500,1700,2500,8100,38000,207112,200,79,206.7718361267765,5.453611025586724,37977.30074101128,1201.2438970219011
1745998002,115,,Aggregated,92.400000,0.000000,79,110,170,200,600,1100,1500,1700,2500,8100,38000,207217,200,79,206.67942607399002,5.453611025586724,37977.30074101128,1201.2519822215359
1745998003,114,,Aggregated,91.100000,0.000000,79,110,170,200,600,1100,1500,1700,2500,8100,38000,207313,200,79,206.5995542093932,5.453611025586724,37977.30074101128,1201.2269852831225
1745998004,114,,Aggregated,91.800000,0.000000,79,110,170,200,600,1100,1500,1700,2500,8100,38000,207393,200,79,206.53759020888324,5.453611025586724,37977.30074101128,1201.202861234468
1745998005,114,,Aggregated,90.100000,0.000000,79,110,170,200,600,1100,1500,1700,2500,8100,38000,207476,200,79,206.46893553976687,5.453611025586724,37977.30074101128,1201.2106026721162
1745998006,114,,Aggregated,92.400000,0.000000,79,110,170,200,600,1100,1500,1700,2500,8100,38000,207574,200,79,206.38254202792737,5.453611025586724,37977.30074101128,1201.2241899274475
1745998007,113,,Aggregated,90.900000,0.000000,79,110,160,200,600,1100,1500,1700,2500,8100,38000,207674,200,79,206.29565164972047,5.453611025586724,37977.30074101128,1201.2623872030201
1745998008,113,,Aggregated,92.000000,0.000000,79,110,160,200,600,1100,1500,1700,2500,8100,38000,207763,200,79,206.2170176364062,5.453611025586724,37977.30074101128,1201.23812709674
1745998009,113,,Aggregated,90.500000,0.000000,79,110,160,200,600,1100,1500,1700,2500,8100,38000,207848,200,79,206.1448722787691,5.453611025586724,37977.30074101128,1201.2784534852392
1745998010,113,,Aggregated,93.800000,0.000000,78,110,160,200,600,1100,1500,1700,2500,8100,38000,207941,200,78,206.063854451848,5.453611025586724,37977.30074101128,1201.3279632203366
1745998011,112,,Aggregated,91.600000,0.000000,78,110,160,200,600,1100,1500,1700,2500,8100,38000,208034,200,78,205.9843615634251,5.453611025586724,37977.30074101128,1201.3371420056337
1745998012,112,,Aggregated,91.500000,0.000000,78,110,160,200,600,1100,1500,1700,2500,8100,38000,208125,200,78,205.90430134032584,5.453611025586724,37977.30074101128,1201.327187987988
1745998013,112,,Aggregated,90.100000,0.000000,78,110,160,200,600,1100,1500,1700,2500,8100,38000,208209,200,78,205.83141700038215,5.453611025586724,37977.30074101128,1201.388844862614
1745998014,112,,Aggregated,90.300000,0.000000,78,110,160,200,600,1100,1500,1700,2500,8100,38000,208319,200,78,205.7539222405685,5.453611025586724,37977.30074101128,1201.35501322491
1745998015,111,,Aggregated,91.200000,0.000000,78,110,160,200,600,1100,1500,1700,2500,8100,38000,208398,200,78,205.68562153375885,5.453611025586724,37977.30074101128,1201.3274503594084
1745998016,111,,Aggregated,90.900000,0.000000,78,110,160,200,600,1100,1500,1700,2500,8100,38000,208495,200,78,205.60277576163526,5.453611025586724,37977.30074101128,1201.310448691815
1745998017,111,,Aggregated,91.300000,0.000000,78,110,160,200,600,1100,1500,1700,2500,8100,38000,208579,200,78,205.5303504298462,5.453611025586724,37977.30074101128,1201.2983330057198
1745998018,111,,Aggregated,90.300000,0.000000,78,110,160,200,600,1100,1500,1700,2500,8100,38000,208666,200,78,205.4552754715237,5.453611025586724,37977.30074101128,1201.2722628506801
1745998019,110,,Aggregated,91.800000,0.000000,78,110,160,200,600,1100,1500,1700,2500,8100,38000,208749,200,78,205.3823205513094,5.453611025586724,37977.30074101128,1201.2884085672267
1745998020,110,,Aggregated,89.700000,0.000000,78,110,160,200,600,1100,1500,1700,2500,8100,38000,208845,200,78,205.34111037307093,5.453611025586724,37977.30074101128,1201.3079125667361
1745998021,110,,Aggregated,89.600000,0.000000,78,110,160,200,600,1100,1500,1700,2500,8100,38000,208926,200,78,205.27172275446546,5.453611025586724,37977.30074101128,1201.3181365650996
1745998022,110,,Aggregated,88.600000,0.000000,78,100,160,200,600,1100,1500,1700,2500,8100,38000,209014,200,78,205.1965623096544,5.453611025586724,37977.30074101128,1201.31865808032
1745998023,109,,Aggregated,89.900000,0.000000,78,100,160,200,600,1100,1500,1700,2500,8100,38000,209097,200,78,205.12635826603062,5.453611025586724,37977.30074101128,1201.3357676102478
1745998024,109,,Aggregated,88.500000,0.000000,77,100,160,200,590,1100,1500,1700,2500,8100,38000,209189,200,77,205.05669060815364,5.453611025586724,37977.30074101128,1201.3331150299489
1745998025,109,,Aggregated,88.300000,0.000000,77,100,160,200,590,1100,1500,1700,2500,8100,38000,209291,200,77,204.9691175543606,5.453611025586724,37977.30074101128,1201.3525235198838
1745998026,109,,Aggregated,87.000000,0.000000,77,100,160,200,590,1100,1500,1700,2500,8100,38000,209375,200,77,204.89673426744739,5.453611025586724,37977.30074101128,1201.3839044776118
1745998027,108,,Aggregated,89.000000,0.000000,77,100,160,200,590,1100,1500,1700,2500,8100,38000,209477,200,77,204.80976234277801,5.453611025586724,37977.30074101128,1201.3422905617324
1745998028,108,,Aggregated,88.500000,0.000000,77,100,160,200,590,1100,1500,1700,2500,8100,38000,209563,200,77,204.73519564096677,5.453611025586724,37977.30074101128,1201.3457146538271
1745998029,108,,Aggregated,88.800000,0.000000,77,100,160,200,590,1100,1500,1700,2500,8100,38000,209654,200,77,204.65492012398605,5.453611025586724,37977.30074101128,1201.2782680034725
1745998030,108,,Aggregated,88.700000,0.000000,77,100,160,200,590,1100,1500,1700,2500,8100,38000,209741,200,77,204.58117463686997,5.453611025586724,37977.30074101128,1201.2884557621067
1745998031,107,,Aggregated,89.300000,0.000000,77,100,160,200,590,1100,1500,1700,2500,8100,38000,209814,200,77,204.56285986341487,5.453611025586724,37977.30074101128,1201.2999418532604
1745998032,107,,Aggregated,90.100000,0.000000,77,100,160,200,590,1100,1500,1700,2500,8100,38000,209898,200,77,204.4993430103505,5.453611025586724,37977.30074101128,1201.2763437479157
1745998033,107,,Aggregated,86.800000,0.000000,77,100,160,200,590,1100,1500,1700,2500,8100,38000,209979,200,77,204.42983147398897,5.453611025586724,37977.30074101128,1201.2861476623852
1745998034,107,,Aggregated,88.900000,0.000000,77,100,160,200,590,1100,1500,1700,2500,6900,38000,210081,200,77,204.3484359127513,5.453611025586724,37977.30074101128,1201.2724758545514
1745998035,106,,Aggregated,86.500000,0.000000,77,100,160,200,590,1100,1500,1700,2500,6900,38000,210156,200,77,204.2843925473528,5.453611025586724,37977.30074101128,1201.2637231390015
1745998036,106,,Aggregated,87.400000,0.000000,77,100,160,200,590,1100,1500,1700,2500,6900,38000,210246,200,77,204.20591040732054,5.453611025586724,37977.30074101128,1201.2687185487478
1745998037,106,,Aggregated,86.000000,0.000000,77,100,160,200,590,1100,1500,1700,2500,6900,38000,210345,200,77,204.12555684658577,5.453611025586724,37977.30074101128,1201.2684351898072
1745998038,106,,Aggregated,85.700000,0.000000,76,100,160,200,590,1100,1500,1700,2500,6900,38000,210438,200,76,204.04604291625154,5.453611025586724,37977.30074101128,1201.2253870498673
1745998039,105,,Aggregated,84.700000,0.000000,76,100,160,200,590,1100,1500,1700,2500,6900,38000,210518,200,76,203.97845804589204,5.453611025586724,37977.30074101128,1201.2972002394094
1745998040,105,,Aggregated,86.000000,0.000000,76,100,160,200,590,1100,1500,1700,2500,6900,38000,210601,200,76,203.90868692581472,5.453611025586724,37977.30074101128,1201.3441056785105
1745998041,105,,Aggregated,86.300000,0.000000,76,100,160,200,590,1100,1500,1700,2500,6900,38000,210682,200,76,203.83962611458875,5.453611025586724,37977.30074101128,1201.351434863918
1745998042,105,,Aggregated,85.800000,0.000000,76,100,160,200,590,1100,1500,1700,2500,6900,38000,210780,200,76,203.7532052418552,5.453611025586724,37977.30074101128,1201.3312932915837
1745998043,104,,Aggregated,87.700000,0.000000,76,100,160,200,590,1100,1500,1700,2500,6900,38000,210854,200,76,203.68986156362527,5.453611025586724,37977.30074101128,1201.3122492340672
1745998044,104,,Aggregated,84.500000,0.000000,76,100,160,200,590,1100,1500,1700,2500,6900,38000,210929,200,76,203.62821919636787,5.453611025586724,37977.30074101128,1201.3481550663967
1745998045,104,,Aggregated,87.800000,0.000000,76,100,160,200,590,1100,1500,1700,2500,6900,38000,211016,200,76,203.55851111904735,5.453611025586724,37977.30074101128,1201.3786964021685
1745998046,104,,Aggregated,85.000000,0.000000,76,100,160,200,590,1100,1500,1700,2500,6900,38000,211099,200,76,203.48815732510548,5.453611025586724,37977.30074101128,1201.3486989516766
1745998047,103,,Aggregated,84.700000,0.000000,76,100,160,200,590,1100,1500,1700,2500,6900,38000,211186,200,76,203.41394087020004,5.453611025586724,37977.30074101128,1201.3740541513168
1745998048,103,,Aggregated,85.500000,0.000000,76,100,160,200,590,1100,1500,1700,2500,6900,38000,211276,200,76,203.33654200703108,5.453611025586724,37977.30074101128,1201.3667998258202
1745998049,103,,Aggregated,84.800000,0.000000,76,100,160,200,590,1100,1500,1700,2500,6900,38000,211365,200,76,203.26118733640251,5.453611025586724,37977.30074101128,1201.3685236439335
1745998050,103,,Aggregated,82.900000,0.000000,75,100,160,200,590,1100,1500,1700,2500,6900,38000,211452,200,75,203.18791667908891,5.453611025586724,37977.30074101128,1201.345827894747
1745998051,102,,Aggregated,83.300000,0.000000,75,100,160,200,590,1100,1500,1700,2500,6900,38000,211535,200,75,203.11759012236607,5.453611025586724,37977.30074101128,1201.3203157869857
1745998052,102,,Aggregated,84.700000,0.000000,75,100,160,200,590,1100,1500,1700,2500,6900,38000,211615,200,75,203.05063748938593,5.453611025586724,37977.30074101128,1201.31582354748
1745998053,102,,Aggregated,84.400000,0.000000,75,100,160,200,590,1100,1500,1700,2500,6900,38000,211695,200,75,202.98266128378313,5.453611025586724,37977.30074101128,1201.2951368714423
1745998054,102,,Aggregated,85.300000,0.000000,75,100,160,200,590,1100,1500,1700,2500,6900,38000,211784,200,75,202.90628753975784,5.453611025586724,37977.30074101128,1201.2916981452802
1745998055,101,,Aggregated,83.500000,0.000000,75,100,150,200,590,1100,1500,1700,2500,6900,38000,211890,200,75,202.81746574800783,5.453611025586724,37977.30074101128,1201.22511680589
1745998056,101,,Aggregated,85.100000,0.000000,75,100,150,200,580,1100,1500,1700,2500,6900,38000,211958,200,75,202.76017408766947,5.453611025586724,37977.30074101128,1201.2175100727502
1745998057,101,,Aggregated,86.000000,0.000000,75,100,150,200,580,1100,1500,1700,2500,6900,38000,212044,200,75,202.68743474304523,5.453611025586724,37977.30074101128,1201.2082775273057
1745998058,101,,Aggregated,86.800000,0.000000,75,100,150,200,580,1100,1500,1700,2500,6900,38000,212128,200,75,202.62469198056547,5.453611025586724,37977.30074101128,1201.2019676798914
1745998059,100,,Aggregated,85.800000,0.000000,75,100,150,200,580,1100,1500,1700,2500,6900,38000,212216,200,75,202.55126896222708,5.453611025586724,37977.30074101128,1201.162490104422
1745998060,100,,Aggregated,85.200000,0.000000,75,100,150,200,580,1100,1500,1700,2500,6900,38000,212291,200,75,202.4877697445933,5.453611025586724,37977.30074101128,1201.1850478823878
1745998061,100,,Aggregated,84.200000,0.000000,75,100,150,200,580,1100,1500,1700,2500,6900,38000,212377,200,75,202.41489748279557,5.453611025586724,37977.30074101128,1201.1754851043193
1745998062,100,,Aggregated,83.100000,0.000000,75,100,150,200,580,1100,1500,1700,2500,6900,38000,212459,200,75,202.34532058251665,5.453611025586724,37977.30074101128,1201.1704940717973
1745998063,99,,Aggregated,83.400000,0.000000,74,100,150,200,580,1100,1500,1700,2500,6900,38000,212537,200,74,202.27869003166808,5.453611025586724,37977.30074101128,1201.2147343756617
1745998064,99,,Aggregated,84.100000,0.000000,74,100,150,200,580,1100,1500,1700,2500,6900,38000,212611,200,74,202.2165202320711,5.453611025586724,37977.30074101128,1201.178048172484
1745998065,99,,Aggregated,82.900000,0.000000,74,100,150,200,580,1100,1500,1700,2500,6900,38000,212702,200,74,202.13968208330678,5.453611025586724,37977.30074101128,1201.155377006328
1745998066,99,,Aggregated,83.100000,0.000000,74,100,150,200,580,1100,1500,1700,2500,6900,38000,212798,200,74,202.0622041849172,5.453611025586724,37977.30074101128,1201.142661115236
1745998067,98,,Aggregated,83.100000,0.000000,74,100,150,200,580,1100,1500,1700,2500,6900,38000,212886,200,74,201.98673857367692,5.453611025586724,37977.30074101128,1201.0821848313183
1745998068,98,,Aggregated,81.600000,0.000000,74,100,150,200,580,1100,1500,1700,2500,6900,38000,212951,200,74,201.93291613426248,5.453611025586724,37977.30074101128,1201.0551582288883
1745998069,98,,Aggregated,83.000000,0.000000,74,100,150,200,580,1100,1500,1700,2500,6900,38000,213034,200,74,201.86316216715412,5.453611025586724,37977.30074101128,1201.0143028812302
1745998070,97,,Aggregated,83.200000,0.000000,74,100,150,200,580,1100,1500,1700,2500,6900,38000,213117,200,74,201.7946615908961,5.453611025586724,37977.30074101128,1201.0352951665047
1745998071,97,,Aggregated,82.400000,0.000000,74,100,150,200,580,1100,1500,1700,2500,6900,38000,213191,200,74,201.7324048605199,5.453611025586724,37977.30074101128,1201.0113091077953
1745998072,97,,Aggregated,82.600000,0.000000,74,100,150,200,580,1100,1500,1700,2500,6900,38000,213277,200,74,201.66016814833054,5.453611025586724,37977.30074101128,1200.9843771245844
1745998073,97,,Aggregated,81.900000,0.000000,74,100,150,200,580,1100,1500,1700,2500,6900,38000,213356,200,74,201.59423962959556,5.453611025586724,37977.30074101128,1200.991474343351
1745998074,96,,Aggregated,81.000000,0.000000,74,100,150,200,580,1100,1500,1700,2500,6900,38000,213435,200,74,201.5299378252649,5.453611025586724,37977.30074101128,1200.9925082577834
1745998075,96,,Aggregated,82.400000,0.000000,73,100,150,200,580,1100,1500,1700,2500,6900,38000,213515,200,73,201.462194597098,5.453611025586724,37977.30074101128,1200.9761047233214
1745998076,96,,Aggregated,81.400000,0.000000,73,100,150,200,580,1100,1500,1700,2500,6900,38000,213594,200,73,201.3962398291528,5.453611025586724,37977.30074101128,1200.9871391518489
1745998077,96,,Aggregated,80.100000,0.000000,73,100,150,200,580,1100,1500,1700,2500,6900,38000,213680,200,73,201.32280376640261,5.453611025586724,37977.30074101128,1201.012879071509
1745998078,95,,Aggregated,79.700000,0.000000,73,100,150,200,580,1100,1500,1700,2500,6900,38000,213752,200,73,201.26746497793252,5.453611025586724,37977.30074101128,1200.9988725251694
1745998079,95,,Aggregated,79.500000,0.000000,73,100,150,200,580,1100,1500,1700,2500,6900,38000,213841,200,73,201.19483990794635,5.453611025586724,37977.30074101128,1200.9897119822672
1745998080,95,,Aggregated,79.600000,0.000000,73,100,150,200,580,1100,1500,1700,2500,6900,38000,213926,200,73,201.1241091794496,5.453611025586724,37977.30074101128,1200.8959126052935
1745998081,95,,Aggregated,80.500000,0.000000,73,100,150,200,580,1100,1500,1700,2500,6900,38000,214000,200,73,201.06308284487332,5.453611025586724,37977.30074101128,1200.8864205607476
1745998082,94,,Aggregated,79.300000,0.000000,73,100,150,200,580,1100,1500,1700,2500,6900,38000,214092,200,73,200.98569545670506,5.453611025586724,37977.30074101128,1200.9272882685948
1745998083,94,,Aggregated,80.600000,0.000000,73,100,150,200,570,1100,1500,1700,2500,6900,38000,214160,200,73,200.92996689728886,5.453611025586724,37977.30074101128,1200.881793985805
1745998084,94,,Aggregated,79.000000,0.000000,73,100,150,200,570,1100,1500,1700,2500,6900,38000,214238,200,73,200.86596200496558,5.453611025586724,37977.30074101128,1200.8482062005808
1745998085,94,,Aggregated,80.400000,0.000000,73,100,150,200,570,1100,1500,1700,2500,6900,38000,214322,200,73,200.79792601118788,5.453611025586724,37977.30074101128,1200.8781179720233
1745998086,93,,Aggregated,79.800000,0.000000,73,100,150,200,570,1100,1500,1700,2500,6900,38000,214399,200,73,200.7361962732028,5.453611025586724,37977.30074101128,1200.8824947877556
1745998087,93,,Aggregated,80.300000,0.000000,73,100,150,200,570,1100,1500,1700,2500,6900,38000,214465,200,73,200.6817114532692,5.453611025586724,37977.30074101128,1200.872300841629
1745998088,93,,Aggregated,80.300000,0.000000,73,100,150,200,570,1100,1500,1700,2500,6900,38000,214552,200,73,200.65127718598913,5.453611025586724,37977.30074101128,1200.8677430180096
1745998089,93,,Aggregated,79.000000,0.000000,72,100,150,200,570,1100,1500,1700,2500,6900,38000,214618,200,72,200.596296683204,5.453611025586724,37977.30074101128,1200.8301959761063
1745998090,92,,Aggregated,77.600000,0.000000,72,100,150,200,570,1100,1500,1700,2500,6900,38000,214700,200,72,200.52922984368917,5.453611025586724,37977.30074101128,1200.817582673498
1745998091,92,,Aggregated,78.200000,0.000000,72,100,150,200,570,1100,1500,1700,2500,6900,38000,214764,200,72,200.4824681666694,5.453611025586724,37977.30074101128,1200.864842338567
1745998092,92,,Aggregated,77.200000,0.000000,72,100,150,200,570,1100,1500,1700,2500,6900,38000,214833,200,72,200.4253899438556,5.453611025586724,37977.30074101128,1200.8589090130474
1745998093,92,,Aggregated,76.800000,0.000000,72,100,150,200,570,1100,1500,1700,2500,6900,38000,214916,200,72,200.35885523795758,5.453611025586724,37977.30074101128,1200.858861136444
1745998094,91,,Aggregated,76.200000,0.000000,72,100,150,200,570,1100,1500,1700,2500,6900,38000,214980,200,72,200.30707151983333,5.453611025586724,37977.30074101128,1200.8506837845382
1745998096,91,,Aggregated,73.700000,0.000000,72,100,150,200,570,1100,1500,1700,2500,6900,38000,215055,200,72,200.2457414442472,5.453611025586724,37977.30074101128,1200.8628257887517
1745998097,91,,Aggregated,73.600000,0.000000,72,100,150,200,570,1100,1500,1700,2500,6900,38000,215135,200,72,200.18074473995028,5.453611025586724,37977.30074101128,1200.8689288121411
1745998098,91,,Aggregated,73.600000,0.000000,72,100,150,200,570,1100,1500,1700,2500,6900,38000,215217,200,72,200.12680904586722,5.453611025586724,37977.30074101128,1200.8701728952637
1745998099,90,,Aggregated,73.400000,0.000000,72,100,150,200,570,1100,1500,1700,2500,6900,38000,215298,200,72,200.05948634133924,5.453611025586724,37977.30074101128,1200.877704391123
1745998100,90,,Aggregated,73.400000,0.000000,72,100,150,200,570,1100,1500,1700,2500,6900,38000,215360,200,72,200.00983999495085,5.453611025586724,37977.30074101128,1200.8776142273402
1745998101,90,,Aggregated,75.200000,0.000000,72,100,150,200,570,1100,1500,1700,2500,6900,38000,215436,200,72,199.94830253201707,5.453611025586724,37977.30074101128,1200.9095508642938
1745998102,90,,Aggregated,74.100000,0.000000,72,100,150,200,570,1100,1500,1700,2500,6900,38000,215494,200,72,199.90284349740972,5.453611025586724,37977.30074101128,1200.9515856589974
1745998103,89,,Aggregated,73.400000,0.000000,72,100,150,200,570,1100,1500,1700,2500,6900,38000,215584,200,72,199.83193851468496,5.453611025586724,37977.30074101128,1200.9078642199793
1745998104,89,,Aggregated,72.200000,0.000000,71,100,150,200,570,1100,1500,1700,2500,6900,38000,215659,200,71,199.77010636738342,5.453611025586724,37977.30074101128,1200.9166276390042
1745998105,89,,Aggregated,74.800000,0.000000,71,100,150,200,570,1100,1500,1700,2500,6900,38000,215745,200,71,199.69893762408418,5.453611025586724,37977.30074101128,1200.9149134394772
1745998106,89,,Aggregated,73.900000,0.000000,71,100,150,200,570,1100,1500,1700,2500,6900,38000,215818,200,71,199.63830959791838,5.453611025586724,37977.30074101128,1200.9009443141906
1745998107,88,,Aggregated,76.000000,0.000000,71,100,150,200,570,1100,1500,1700,2500,6900,38000,215889,200,71,199.57988853423487,5.453611025586724,37977.30074101128,1200.8693124707604
1745998108,88,,Aggregated,75.700000,0.000000,71,100,150,200,570,1100,1500,1700,2500,6900,38000,215965,200,71,199.5166433521686,5.453611025586724,37977.30074101128,1200.872928483782
1745998109,88,,Aggregated,75.200000,0.000000,71,100,150,200,570,1100,1500,1700,2500,6900,38000,216035,200,71,199.4616944533936,5.453611025586724,37977.30074101128,1200.8818941375241
1745998110,88,,Aggregated,74.300000,0.000000,71,100,150,200,560,1100,1500,1700,2500,6900,38000,216112,200,71,199.39863952791086,5.453611025586724,37977.30074101128,1200.8311755015918
1745998111,87,,Aggregated,73.800000,0.000000,71,100,140,200,560,1100,1500,1700,2500,6900,38000,216188,200,71,199.33798347679863,5.453611025586724,37977.30074101128,1200.8836336891964
1745998112,87,,Aggregated,74.300000,0.000000,71,100,140,200,560,1100,1500,1700,2500,6900,38000,216249,200,71,199.28931283803936,5.453611025586724,37977.30074101128,1200.884360158891
1745998113,87,,Aggregated,75.000000,0.000000,71,100,140,200,560,1100,1500,1700,2500,6900,38000,216337,200,71,199.21863705631355,5.453611025586724,37977.30074101128,1200.8641286511322
1745998114,87,,Aggregated,75.400000,0.000000,71,100,140,200,560,1100,1500,1700,2500,6900,38000,216416,200,71,199.15513808419684,5.453611025586724,37977.30074101128,1200.8415643944995
1745998115,86,,Aggregated,75.000000,0.000000,71,100,140,200,560,1100,1500,1700,2500,6900,38000,216475,200,71,199.11022409545242,5.453611025586724,37977.30074101128,1200.8247834622937
1745998116,86,,Aggregated,74.400000,0.000000,71,100,140,200,560,1100,1500,1700,2500,6900,38000,216564,200,71,199.03830898541986,5.453611025586724,37977.30074101128,1200.8004331283132
1745998117,86,,Aggregated,72.400000,0.000000,71,100,140,200,560,1100,1500,1700,2500,6900,38000,216625,200,71,198.9888271614038,5.453611025586724,37977.30074101128,1200.826834391229
1745998118,86,,Aggregated,74.200000,0.000000,71,100,140,200,560,1100,1500,1700,2500,6900,38000,216693,200,71,198.9331436818752,5.453611025586724,37977.30074101128,1200.7887518286238
1745998119,85,,Aggregated,73.400000,0.000000,70,100,140,200,560,1100,1500,1700,2500,6900,38000,216763,200,70,198.87586600421668,5.453611025586724,37977.30074101128,1200.7325696728685
1745998120,85,,Aggregated,72.100000,0.000000,70,100,140,200,560,1100,1500,1700,2500,6900,38000,216822,200,70,198.82822830191807,5.453611025586724,37977.30074101128,1200.7783296897917
1745998121,85,,Aggregated,72.200000,0.000000,70,100,140,200,560,1100,1500,1700,2500,6900,38000,216904,200,70,198.7643685511564,5.453611025586724,37977.30074101128,1200.76453638476
1745998122,85,,Aggregated,71.000000,0.000000,70,100,140,200,560,1100,1500,1700,2500,6900,38000,216970,200,70,198.710275555509,5.453611025586724,37977.30074101128,1200.7737152601742
1745998123,84,,Aggregated,71.200000,0.000000,70,100,140,200,560,1100,1500,1700,2500,6900,38000,217040,200,70,198.65287251416422,5.453611025586724,37977.30074101128,1200.7861638407667
1745998124,84,,Aggregated,71.100000,0.000000,70,100,140,200,560,1100,1500,1700,2500,6900,38000,217107,200,70,198.59815460607953,5.453611025586724,37977.30074101128,1200.7256191647436
1745998125,84,,Aggregated,69.300000,0.000000,70,100,140,200,560,1100,1500,1700,2500,6900,38000,217174,200,70,198.54330962516096,5.453611025586724,37977.30074101128,1200.6863805059538
1745998126,84,,Aggregated,69.600000,0.000000,70,100,140,200,560,1100,1500,1700,2500,6900,38000,217251,200,70,198.47923633227023,5.453611025586724,37977.30074101128,1200.7146158130458
1745998127,83,,Aggregated,70.200000,0.000000,70,100,140,200,560,1100,1500,1700,2500,6900,38000,217321,200,70,198.42232209350712,5.453611025586724,37977.30074101128,1200.696117724472
1745998128,83,,Aggregated,68.300000,0.000000,70,100,140,200,560,1100,1500,1700,2500,6900,38000,217367,200,70,198.38603954694545,5.453611025586724,37977.30074101128,1200.7232054543697
1745998129,83,,Aggregated,69.000000,0.000000,70,100,140,200,560,1100,1500,1700,2500,6900,38000,217426,200,70,198.33879288178727,5.453611025586724,37977.30074101128,1200.7185065263584
1745998130,83,,Aggregated,67.600000,0.000000,70,100,140,200,560,1100,1500,1700,2500,6900,38000,217504,200,70,198.3038375874971,5.453611025586724,37977.30074101128,1200.7964589156982
1745998131,82,,Aggregated,66.800000,0.000000,70,100,140,200,560,1100,1500,1700,2500,6900,38000,217577,200,70,198.24580420993576,5.453611025586724,37977.30074101128,1200.8066891261485
1745998132,82,,Aggregated,67.500000,0.000000,70,100,140,200,560,1100,1500,1700,2500,6900,38000,217640,200,70,198.19598445960867,5.453611025586724,37977.30074101128,1200.804052563867
1745998133,82,,Aggregated,65.600000,0.000000,70,100,140,200,560,1100,1500,1700,2500,6900,38000,217714,200,70,198.1351994306952,5.453611025586724,37977.30074101128,1200.8146559247452
1745998134,82,,Aggregated,68.100000,0.000000,70,100,140,200,560,1100,1500,1700,2500,6900,38000,217783,200,70,198.0801590428412,5.453611025586724,37977.30074101128,1200.852968321678
1745998135,81,,Aggregated,67.400000,0.000000,69,100,140,200,560,1100,1500,1700,2500,6900,38000,217842,200,69,198.03325160256034,5.453611025586724,37977.30074101128,1200.8364410903316
1745998136,81,,Aggregated,66.700000,0.000000,69,100,140,200,560,1100,1500,1700,2500,6900,38000,217908,200,69,197.98116375530748,5.453611025586724,37977.30074101128,1200.8332644969437
1745998137,81,,Aggregated,66.800000,0.000000,69,100,140,200,560,1100,1500,1700,2500,6900,38000,217966,200,69,197.93535882402912,5.453611025586724,37977.30074101128,1200.8799766936127
1745998138,81,,Aggregated,64.600000,0.000000,69,100,140,200,560,1100,1500,1700,2500,6900,38000,218038,200,69,197.8780505390343,5.453611025586724,37977.30074101128,1200.9203670919749
1745998139,80,,Aggregated,65.000000,0.000000,69,100,140,200,560,1100,1500,1700,2500,6900,38000,218102,200,69,197.82670312086498,5.453611025586724,37977.30074101128,1200.9346590127554
1745998140,80,,Aggregated,65.100000,0.000000,69,100,140,200,560,1100,1500,1700,2500,6900,38000,218172,200,69,197.77142290221352,5.453611025586724,37977.30074101128,1200.946918027978
1745998141,80,,Aggregated,66.500000,0.000000,69,100,140,200,560,1100,1500,1700,2500,6900,38000,218222,200,69,197.7319109564898,5.453611025586724,37977.30074101128,1200.922533016836
1745998142,80,,Aggregated,66.300000,0.000000,69,100,140,200,560,1100,1500,1700,2500,6900,38000,218296,200,69,197.68262676501485,5.453611025586724,37977.30074101128,1200.9368197310075
1745998143,79,,Aggregated,65.900000,0.000000,69,100,140,200,560,1100,1500,1700,2500,6900,38000,218363,200,69,197.64411791476715,5.453611025586724,37977.30074101128,1200.9210305775246
1745998144,79,,Aggregated,63.700000,0.000000,69,100,140,200,550,1100,1500,1700,2500,6900,38000,218428,200,69,197.59296771382142,5.453611025586724,37977.30074101128,1200.9067198344535
1745998145,79,,Aggregated,64.000000,0.000000,69,100,140,200,550,1100,1500,1700,2500,6900,38000,218480,200,69,197.55246657680647,5.453611025586724,37977.30074101128,1200.9022244599048
1745998146,79,,Aggregated,63.800000,0.000000,69,100,140,200,550,1100,1500,1700,2500,6900,38000,218555,200,69,197.49353439394207,5.453611025586724,37977.30074101128,1200.8699137516871
1745998147,78,,Aggregated,63.000000,0.000000,69,100,140,200,550,1100,1500,1700,2500,6900,38000,218610,200,69,197.45147263069768,5.453611025586724,37977.30074101128,1200.880682493939
1745998148,78,,Aggregated,64.500000,0.000000,69,100,140,200,550,1100,1500,1700,2500,6900,38000,218658,200,69,197.41386116914492,5.453611025586724,37977.30074101128,1200.9077006100852
1745998149,78,,Aggregated,63.100000,0.000000,69,100,140,200,550,1100,1500,1700,2500,6900,38000,218729,200,69,197.35958444753865,5.453611025586724,37977.30074101128,1200.8720654325673
1745998150,78,,Aggregated,64.200000,0.000000,69,100,140,200,550,1100,1500,1700,2500,6900,38000,218802,200,69,197.3013618874475,5.453611025586724,37977.30074101128,1200.903318982459
1745998151,77,,Aggregated,63.300000,0.000000,69,100,140,200,550,1100,1500,1700,2500,6900,38000,218869,200,69,197.2462441330533,5.453611025586724,37977.30074101128,1200.8704567572383
1745998152,77,,Aggregated,62.300000,0.000000,68,100,140,200,550,1100,1500,1700,2500,6900,38000,218942,200,68,197.1877273440026,5.453611025586724,37977.30074101128,1200.792894921943
1745998153,77,,Aggregated,62.700000,0.000000,68,100,140,200,550,1100,1500,1700,2500,6900,38000,218996,200,68,197.1458202069359,5.453611025586724,37977.30074101128,1200.7884618897149
1745998154,77,,Aggregated,64.400000,0.000000,68,100,140,200,550,1100,1500,1700,2500,6900,38000,219063,200,68,197.09283918909097,5.453611025586724,37977.30074101128,1200.8249681598445
1745998155,76,,Aggregated,63.300000,0.000000,68,100,140,200,550,1100,1500,1700,2500,6900,38000,219119,200,68,197.05109889109454,5.453611025586724,37977.30074101128,1200.8350485352707
1745998156,76,,Aggregated,63.600000,0.000000,68,100,140,200,550,1100,1500,1700,2500,6900,38000,219170,200,68,197.01096049924686,5.453611025586724,37977.30074101128,1200.8204818177671
1745998157,76,,Aggregated,62.400000,0.000000,68,100,140,200,550,1100,1500,1700,2500,6900,38000,219242,200,68,196.9840827677561,5.453611025586724,37977.30074101128,1200.8757035604492
1745998158,76,,Aggregated,61.300000,0.000000,68,100,140,200,550,1100,1500,1700,2500,6900,38000,219294,200,68,196.94349234241304,5.453611025586724,37977.30074101128,1200.894087389532
1745998159,75,,Aggregated,62.500000,0.000000,68,100,140,200,550,1100,1500,1700,2500,6900,38000,219360,200,68,196.89024736310955,5.453611025586724,37977.30074101128,1200.8960931801605
1745998160,75,,Aggregated,61.500000,0.000000,68,100,140,200,550,1100,1500,1700,2500,6900,38000,219415,200,68,196.8458648485087,5.453611025586724,37977.30074101128,1200.8853679101246
1745998161,75,,Aggregated,61.400000,0.000000,68,100,140,200,550,1100,1500,1700,2500,6900,38000,219478,200,68,196.7972563057021,5.453611025586724,37977.30074101128,1200.8731581297443
1745998162,75,,Aggregated,61.700000,0.000000,68,100,140,200,550,1100,1500,1700,2500,6900,38000,219533,200,68,196.7544322840777,5.453611025586724,37977.30074101128,1200.873586203441
1745998163,74,,Aggregated,60.400000,0.000000,68,100,140,200,550,1100,1500,1700,2500,6900,38000,219596,200,68,196.70469239620894,5.453611025586724,37977.30074101128,1200.913431938651
1745998164,74,,Aggregated,59.400000,0.000000,68,100,140,200,550,1100,1500,1700,2500,6900,38000,219645,200,68,196.6667301433624,5.453611025586724,37977.30074101128,1200.9224657970817
1745998165,74,,Aggregated,59.300000,0.000000,68,100,140,200,550,1100,1500,1700,2500,6900,38000,219716,200,68,196.61117864259222,5.453611025586724,37977.30074101128,1200.8928389375376
1745998166,74,,Aggregated,59.000000,0.000000,68,100,140,200,550,1100,1500,1700,2500,6900,38000,219766,200,68,196.58044479303035,5.453611025586724,37977.30074101128,1200.9104957090724
1745998167,73,,Aggregated,59.800000,0.000000,68,100,140,200,550,1100,1500,1700,2500,6900,38000,219825,200,68,196.53366752807457,5.453611025586724,37977.30074101128,1200.918307744797
1745998168,73,,Aggregated,59.400000,0.000000,68,100,140,200,550,1100,1500,1700,2500,6900,38000,219883,200,68,196.48786578257702,5.453611025586724,37977.30074101128,1200.907659982809
1745998169,73,,Aggregated,58.000000,0.000000,68,100,140,200,550,1100,1500,1700,2500,6900,38000,219944,200,68,196.44029667285366,5.453611025586724,37977.30074101128,1200.901711344706
1745998170,73,,Aggregated,58.900000,0.000000,68,100,140,200,550,1100,1500,1700,2500,6700,38000,220009,200,68,196.38933467616923,5.453611025586724,37977.30074101128,1200.8820457344927
1745998171,72,,Aggregated,57.800000,0.000000,67,100,140,200,550,1100,1500,1700,2500,6700,38000,220071,200,67,196.3413155790075,5.453611025586724,37977.30074101128,1200.896328912033
1745998172,72,,Aggregated,59.000000,0.000000,67,100,140,200,550,1100,1500,1700,2500,6700,38000,220130,200,67,196.3065628420293,5.453611025586724,37977.30074101128,1200.9131740335256
1745998173,72,,Aggregated,59.200000,0.000000,67,100,140,200,550,1100,1500,1700,2500,6700,38000,220171,200,67,196.2750143112504,5.453611025586724,37977.30074101128,1200.908171375885
1745998174,72,,Aggregated,58.200000,0.000000,67,100,140,200,550,1100,1500,1700,2500,6700,38000,220233,200,67,196.22696544998755,5.453611025586724,37977.30074101128,1200.8836550380734
1745998175,71,,Aggregated,58.300000,0.000000,67,100,140,200,550,1100,1500,1700,2500,6700,38000,220299,200,67,196.17560862083099,5.453611025586724,37977.30074101128,1200.876917280605
1745998176,71,,Aggregated,58.000000,0.000000,67,100,140,200,550,1100,1500,1700,2500,6700,38000,220357,200,67,196.12999464196437,5.453611025586724,37977.30074101128,1200.8623415639167
1745998177,71,,Aggregated,58.300000,0.000000,67,100,140,200,540,1100,1500,1700,2500,6700,38000,220419,200,67,196.08160732844516,5.453611025586724,37977.30074101128,1200.865365508418
1745998178,71,,Aggregated,59.500000,0.000000,67,100,130,200,540,1100,1500,1700,2500,6700,38000,220474,200,67,196.0388625615307,5.453611025586724,37977.30074101128,1200.9052314558633
1745998179,70,,Aggregated,58.600000,0.000000,67,100,130,200,540,1100,1500,1700,2500,6700,38000,220537,200,67,195.98984354495025,5.453611025586724,37977.30074101128,1200.9116293411082
1745998180,70,,Aggregated,59.400000,0.000000,67,100,130,200,540,1100,1500,1700,2500,6700,38000,220589,200,67,195.95175401363008,5.453611025586724,37977.30074101128,1200.9533884282534
1745998181,70,,Aggregated,58.500000,0.000000,67,100,130,200,540,1100,1500,1700,2500,6700,38000,220647,200,67,195.90568875609858,5.453611025586724,37977.30074101128,1200.9485286453023
1745998182,70,,Aggregated,57.300000,0.000000,67,100,130,200,540,1100,1500,1700,2500,6700,38000,220703,200,67,195.86095050282287,5.453611025586724,37977.30074101128,1200.9425381621454
1745998183,69,,Aggregated,58.300000,0.000000,67,100,130,200,540,1100,1500,1700,2500,6700,38000,220760,200,67,195.81576584185194,5.453611025586724,37977.30074101128,1200.9400434861388
1745998184,69,,Aggregated,58.300000,0.000000,67,100,130,200,540,1100,1500,1700,2500,6700,38000,220820,200,67,195.77110785249891,5.453611025586724,37977.30074101128,1200.895924282221
1745998185,69,,Aggregated,58.200000,0.000000,67,100,130,200,540,1100,1500,1700,2500,6700,38000,220885,200,67,195.72095602432256,5.453611025586724,37977.30074101128,1200.8979016230164
1745998186,69,,Aggregated,58.400000,0.000000,67,100,130,200,540,1100,1500,1700,2500,6700,38000,220933,200,67,195.6834226464027,5.453611025586724,37977.30074101128,1200.8910167335798
1745998187,68,,Aggregated,57.100000,0.000000,67,100,130,200,540,1100,1500,1700,2500,6700,38000,220976,200,67,195.65013076881704,5.453611025586724,37977.30074101128,1200.881109260734
1745998188,68,,Aggregated,57.100000,0.000000,67,100,130,200,540,1100,1500,1700,2500,6700,38000,221047,200,67,195.59983798656154,5.453611025586724,37977.30074101128,1200.8436214922617
1745998189,68,,Aggregated,57.300000,0.000000,67,100,130,200,540,1100,1500,1700,2500,6700,38000,221099,200,67,195.55887025560045,5.453611025586724,37977.30074101128,1200.811704259178
1745998190,68,,Aggregated,54.800000,0.000000,66,100,130,200,540,1100,1500,1700,2500,6700,38000,221164,200,66,195.50809534239377,5.453611025586724,37977.30074101128,1200.8291041941727
1745998191,67,,Aggregated,57.300000,0.000000,66,100,130,200,540,1100,1500,1700,2500,6700,38000,221219,200,66,195.46511160994297,5.453611025586724,37977.30074101128,1200.824043142768
1745998192,67,,Aggregated,57.200000,0.000000,66,100,130,200,540,1100,1500,1700,2500,6700,38000,221270,200,66,195.4252449014182,5.453611025586724,37977.30074101128,1200.8089121887288
1745998193,67,,Aggregated,56.600000,0.000000,66,100,130,200,540,1100,1500,1700,2500,6700,38000,221340,200,66,195.36939220808583,5.453611025586724,37977.30074101128,1200.859939459655
1745998194,67,,Aggregated,57.100000,0.000000,66,100,130,200,540,1100,1500,1700,2500,6700,38000,221378,200,66,195.33992254357295,5.453611025586724,37977.30074101128,1200.8667979654708
1745998195,66,,Aggregated,56.100000,0.000000,66,100,130,200,540,1100,1500,1700,2500,6700,38000,221435,200,66,195.30747096595587,5.453611025586724,37977.30074101128,1200.87052182356
1745998196,66,,Aggregated,56.600000,0.000000,66,100,130,200,540,1100,1500,1700,2500,6700,38000,221481,200,66,195.27183246454018,5.453611025586724,37977.30074101128,1200.8863514251786
1745998197,66,,Aggregated,56.700000,0.000000,66,100,130,200,540,1100,1500,1700,2500,6700,38000,221550,200,66,195.21924142966418,5.453611025586724,37977.30074101128,1200.8517264725795
1745998198,66,,Aggregated,55.200000,0.000000,66,100,130,200,540,1100,1500,1700,2500,6700,38000,221599,200,66,195.18978781019467,5.453611025586724,37977.30074101128,1200.8654551690215
1745998199,65,,Aggregated,54.200000,0.000000,66,100,130,200,540,1100,1500,1700,2500,6700,38000,221656,200,66,195.14556840471965,5.453611025586724,37977.30074101128,1200.841506658967
1745998200,65,,Aggregated,56.800000,0.000000,66,100,130,200,540,1100,1500,1700,2500,6700,38000,221721,200,66,195.09417263018983,5.453611025586724,37977.30074101128,1200.7944488794476
1745998201,65,,Aggregated,55.300000,0.000000,66,100,130,200,540,1100,1500,1700,2500,6700,38000,221780,200,66,195.04669580161345,5.453611025586724,37977.30074101128,1200.7837902425827
1745998202,65,,Aggregated,54.600000,0.000000,66,100,130,200,540,1100,1500,1700,2500,6700,38000,221827,200,66,195.01186874964966,5.453611025586724,37977.30074101128,1200.8083822077565
1745998203,64,,Aggregated,55.000000,0.000000,66,100,130,200,540,1100,1500,1700,2500,6700,38000,221896,200,66,194.96090934410168,5.453611025586724,37977.30074101128,1200.760148898583
1745998204,64,,Aggregated,54.500000,0.000000,66,100,130,200,540,1100,1500,1700,2500,6700,38000,221938,200,66,194.9281124994968,5.453611025586724,37977.30074101128,1200.7450459137237
1745998205,64,,Aggregated,55.200000,0.000000,66,100,130,200,540,1100,1500,1700,2500,6700,38000,222002,200,66,194.87808375495948,5.453611025586724,37977.30074101128,1200.7479166854353
1745998206,64,,Aggregated,54.800000,0.000000,66,100,130,200,540,1100,1500,1700,2500,6700,38000,222045,200,66,194.8446930791277,5.453611025586724,37977.30074101128,1200.7587200792632
1745998207,63,,Aggregated,54.100000,0.000000,66,100,130,200,540,1100,1500,1700,2500,6700,38000,222095,200,66,194.80650668362213,5.453611025586724,37977.30074101128,1200.7869740426395
1745998208,63,,Aggregated,55.400000,0.000000,66,100,130,200,540,1100,1500,1700,2500,6700,38000,222155,200,66,194.7593251998505,5.453611025586724,37977.30074101128,1200.757700704463
1745998209,63,,Aggregated,56.000000,0.000000,66,100,130,200,540,1100,1500,1700,2500,6700,38000,222206,200,66,194.71961580226673,5.453611025586724,37977.30074101128,1200.7872379683718
1745998210,63,,Aggregated,54.600000,0.000000,65,100,130,200,540,1100,1500,1700,2500,6700,38000,222244,200,65,194.6902174152835,5.453611025586724,37977.30074101128,1200.7844711218302
1745998211,62,,Aggregated,54.300000,0.000000,65,100,130,200,540,1100,1500,1700,2500,6700,38000,222308,200,65,194.64278522009943,5.453611025586724,37977.30074101128,1200.8266504129406
1745998212,62,,Aggregated,53.600000,0.000000,65,100,130,200,540,1100,1500,1700,2500,6700,38000,222354,200,65,194.60816118410983,5.453611025586724,37977.30074101128,1200.8378486557472
1745998213,62,,Aggregated,52.100000,0.000000,65,100,130,200,540,1100,1500,1700,2500,6700,38000,222403,200,65,194.57145726146365,5.453611025586724,37977.30074101128,1200.8406226534714
1745998214,61,,Aggregated,53.200000,0.000000,65,100,130,200,540,1100,1500,1700,2500,6700,38000,222464,200,65,194.52509221036786,5.453611025586724,37977.30074101128,1200.8323414125432
1745998215,61,,Aggregated,51.400000,0.000000,65,100,130,200,540,1100,1500,1700,2500,6700,38000,222505,200,65,194.49387082347073,5.453611025586724,37977.30074101128,1200.8438506999842
1745998216,61,,Aggregated,50.600000,0.000000,65,100,130,200,530,1100,1500,1700,2500,6700,38000,222554,200,65,194.45565761794776,5.453611025586724,37977.30074101128,1200.8720355509224
1745998217,61,,Aggregated,52.100000,0.000000,65,100,130,200,530,1100,1500,1700,2500,6700,38000,222605,200,65,194.4164419094864,5.453611025586724,37977.30074101128,1200.8471912131354
1745998218,60,,Aggregated,50.400000,0.000000,65,100,130,200,530,1100,1500,1700,2500,6700,38000,222658,200,65,194.37495269849714,5.453611025586724,37977.30074101128,1200.8372885771003
1745998219,60,,Aggregated,50.800000,0.000000,65,100,130,200,530,1100,1500,1700,2500,6700,38000,222711,200,65,194.33386672061394,5.453611025586724,37977.30074101128,1200.7997135300905
1745998220,60,,Aggregated,50.700000,0.000000,65,100,130,200,530,1100,1500,1700,2500,6700,38000,222756,200,65,194.30032487445342,5.453611025586724,37977.30074101128,1200.7901246206611
1745998221,60,,Aggregated,50.400000,0.000000,65,100,130,200,530,1100,1500,1700,2500,6700,38000,222815,200,65,194.25428745035651,5.453611025586724,37977.30074101128,1200.7772142809056
1745998222,59,,Aggregated,51.000000,0.000000,65,100,130,200,530,1100,1500,1700,2500,6700,38000,222865,200,65,194.21806136734057,5.453611025586724,37977.30074101128,1200.7306800080767
1745998223,59,,Aggregated,50.900000,0.000000,65,100,130,200,530,1100,1500,1700,2500,6700,38000,222911,200,65,194.18287995281338,5.453611025586724,37977.30074101128,1200.732799188914
1745998224,59,,Aggregated,49.700000,0.000000,65,100,130,200,530,1100,1500,1700,2500,6700,38000,222961,200,65,194.14423204322648,5.453611025586724,37977.30074101128,1200.7488439682277
1745998225,59,,Aggregated,51.300000,0.000000,65,100,130,200,530,1100,1500,1700,2500,6700,38000,223017,200,65,194.10142483855225,5.453611025586724,37977.30074101128,1200.7610809938255
1745998226,58,,Aggregated,50.200000,0.000000,65,100,130,200,530,1100,1500,1700,2500,6700,38000,223054,200,65,194.0731762102059,5.453611025586724,37977.30074101128,1200.7547141051045
1745998227,58,,Aggregated,49.400000,0.000000,65,100,130,200,530,1100,1500,1700,2500,6700,38000,223097,200,65,194.0403428626112,5.453611025586724,37977.30074101128,1200.774721309565
1745998228,58,,Aggregated,50.900000,0.000000,65,100,130,200,530,1100,1500,1700,2500,6700,38000,223151,200,65,193.99855408599183,5.453611025586724,37977.30074101128,1200.7531895442996
1745998229,58,,Aggregated,49.300000,0.000000,65,100,130,200,530,1100,1500,1700,2500,6700,38000,223209,200,65,193.9610053712663,5.453611025586724,37977.30074101128,1200.7583117168215
1745998230,57,,Aggregated,48.600000,0.000000,65,100,130,200,530,1100,1500,1700,2500,6700,38000,223247,200,65,193.93217800269764,5.453611025586724,37977.30074101128,1200.791912097363
1745998231,57,,Aggregated,48.900000,0.000000,64,100,130,200,530,1100,1500,1700,2500,6700,38000,223296,200,64,193.89519508635217,5.453611025586724,37977.30074101128,1200.7825666380052
1745998232,57,,Aggregated,49.100000,0.000000,64,100,130,200,530,1100,1500,1700,2500,6700,38000,223333,200,64,193.86683703235343,5.453611025586724,37977.30074101128,1200.788629535268
1745998233,57,,Aggregated,48.200000,0.000000,64,100,130,200,530,1100,1500,1700,2500,6700,38000,223380,200,64,193.83085518269215,5.453611025586724,37977.30074101128,1200.8160712686902
1745998234,56,,Aggregated,47.900000,0.000000,64,100,130,200,530,1100,1500,1700,2500,6700,38000,223435,200,64,193.78919375010202,5.453611025586724,37977.30074101128,1200.8083469465394
1745998236,56,,Aggregated,46.300000,0.000000,64,100,130,200,530,1100,1500,1700,2500,6700,38000,223480,200,64,193.75484133613776,5.453611025586724,37977.30074101128,1200.7800205834974
1745998237,56,,Aggregated,46.800000,0.000000,64,100,130,200,530,1100,1500,1700,2500,6700,38000,223528,200,64,193.71901463277763,5.453611025586724,37977.30074101128,1200.7695680183244
1745998238,56,,Aggregated,46.000000,0.000000,64,100,130,200,530,1100,1500,1700,2500,6700,38000,223578,200,64,193.6815266459257,5.453611025586724,37977.30074101128,1200.7636708441796
1745998239,55,,Aggregated,46.000000,0.000000,64,100,130,200,530,1100,1500,1700,2500,6700,38000,223607,200,64,193.65989388003987,5.453611025586724,37977.30074101128,1200.7773549128606
1745998240,55,,Aggregated,47.400000,0.000000,64,100,130,200,530,1100,1500,1700,2500,6700,38000,223664,200,64,193.61887879527046,5.453611025586724,37977.30074101128,1200.7304662350668
1745998241,55,,Aggregated,45.100000,0.000000,64,100,130,200,530,1100,1500,1700,2500,6700,38000,223700,200,64,193.59175061406472,5.453611025586724,37977.30074101128,1200.7242691104157
1745998242,55,,Aggregated,45.100000,0.000000,64,100,130,200,530,1100,1500,1700,2500,6700,38000,223745,200,64,193.5570167883039,5.453611025586724,37977.30074101128,1200.7059465015977
1745998243,54,,Aggregated,45.300000,0.000000,64,100,130,200,530,1100,1500,1700,2500,6700,38000,223803,200,64,193.5123259285682,5.453611025586724,37977.30074101128,1200.692206985608
1745998244,54,,Aggregated,44.900000,0.000000,64,100,130,200,530,1100,1500,1700,2500,6700,38000,223831,200,64,193.49145997934218,5.453611025586724,37977.30074101128,1200.6904048143465
1745998245,54,,Aggregated,46.900000,0.000000,64,100,130,200,530,1100,1500,1700,2500,6700,38000,223878,200,64,193.455925762792,5.453611025586724,37977.30074101128,1200.6854224175668
1745998246,54,,Aggregated,46.900000,0.000000,64,100,130,200,530,1100,1500,1700,2500,6700,38000,223918,200,64,193.4357790747263,5.453611025586724,37977.30074101128,1200.6677399762414
1745998247,53,,Aggregated,44.000000,0.000000,64,100,130,200,530,1100,1500,1700,2500,6700,38000,223963,200,64,193.42705020216124,5.453611025586724,37977.30074101128,1200.6436152400174
1745998248,53,,Aggregated,43.800000,0.000000,64,100,130,200,530,1100,1500,1700,2500,6700,38000,224000,200,64,193.3992301962286,5.453611025586724,37977.30074101128,1200.6485044642857
1745998249,53,,Aggregated,43.300000,0.000000,64,100,130,200,530,1100,1500,1700,2500,6700,38000,224047,200,64,193.3626982135082,5.453611025586724,37977.30074101128,1200.6400487397734
1745998250,53,,Aggregated,42.000000,0.000000,64,100,130,200,530,1100,1500,1700,2500,6700,38000,224101,200,64,193.3219284180821,5.453611025586724,37977.30074101128,1200.6384978201793
1745998251,52,,Aggregated,43.800000,0.000000,64,100,130,200,530,1100,1500,1700,2500,6700,38000,224137,200,64,193.29527482428253,5.453611025586724,37977.30074101128,1200.6710984799474
1745998252,52,,Aggregated,42.800000,0.000000,64,100,130,200,530,1100,1500,1700,2500,6700,38000,224175,200,64,193.26697253797994,5.453611025586724,37977.30074101128,1200.6958403033345
1745998253,52,,Aggregated,43.200000,0.000000,64,100,130,200,530,1100,1500,1700,2500,6700,38000,224214,200,64,193.23793981279925,5.453611025586724,37977.30074101128,1200.715169436342
1745998254,52,,Aggregated,42.900000,0.000000,64,100,130,200,530,1100,1500,1700,2500,6700,38000,224252,200,64,193.20961185041494,5.453611025586724,37977.30074101128,1200.7146558336158
1745998255,51,,Aggregated,40.900000,0.000000,64,100,130,200,530,1100,1500,1700,2500,6700,38000,224292,200,64,193.17965800024547,5.453611025586724,37977.30074101128,1200.7075152033956
1745998256,51,,Aggregated,42.000000,0.000000,63,100,130,200,530,1100,1500,1700,2500,6700,38000,224330,200,63,193.15129698421464,5.453611025586724,37977.30074101128,1200.6883296928631
1745998257,51,,Aggregated,41.200000,0.000000,63,100,130,200,530,1100,1500,1700,2500,6700,38000,224375,200,63,193.11767048378593,5.453611025586724,37977.30074101128,1200.6712913649026
1745998258,51,,Aggregated,40.900000,0.000000,63,100,130,200,530,1100,1500,1700,2500,6700,38000,224415,200,63,193.08735917035642,5.453611025586724,37977.30074101128,1200.6893745961722
1745998259,50,,Aggregated,40.800000,0.000000,63,100,130,200,530,1100,1500,1700,2500,6700,38000,224457,200,63,193.05565778134016,5.453611025586724,37977.30074101128,1200.7030968069607
1745998260,50,,Aggregated,41.000000,0.000000,63,100,130,200,530,1100,1500,1700,2500,6700,38000,224495,200,63,193.02704126479196,5.453611025586724,37977.30074101128,1200.6804605893226
1745998261,50,,Aggregated,40.500000,0.000000,63,100,130,190,530,1100,1500,1700,2500,6700,38000,224539,200,63,192.9942216990595,5.453611025586724,37977.30074101128,1200.689897968727
1745998262,50,,Aggregated,39.600000,0.000000,63,100,130,190,530,1100,1500,1700,2500,6700,38000,224581,200,63,192.96246916985427,5.453611025586724,37977.30074101128,1200.674976957089
1745998263,49,,Aggregated,39.600000,0.000000,63,100,130,190,530,1100,1500,1700,2500,6700,38000,224624,200,63,192.93315635790316,5.453611025586724,37977.30074101128,1200.671019125294
1745998264,49,,Aggregated,39.500000,0.000000,63,100,130,190,530,1100,1500,1700,2500,6700,38000,224660,200,63,192.9061606637944,5.453611025586724,37977.30074101128,1200.6631621116353
1745998265,49,,Aggregated,40.000000,0.000000,63,100,130,190,530,1100,1500,1700,2500,6700,38000,224704,200,63,192.87627596747123,5.453611025586724,37977.30074101128,1200.6625961264597
1745998266,49,,Aggregated,40.500000,0.000000,63,100,130,190,530,1100,1500,1700,2500,6700,38000,224748,200,63,192.84324565288955,5.453611025586724,37977.30074101128,1200.6451314360972
1745998267,48,,Aggregated,41.300000,0.000000,63,100,130,190,530,1100,1500,1700,2500,6700,38000,224777,200,63,192.82168137356499,5.453611025586724,37977.30074101128,1200.644460954635
1745998268,48,,Aggregated,41.100000,0.000000,63,100,130,190,530,1100,1500,1700,2500,6700,38000,224823,200,63,192.78742194766625,5.453611025586724,37977.30074101128,1200.6736276982338
1745998269,48,,Aggregated,39.900000,0.000000,63,100,130,190,530,1100,1500,1700,2500,6700,38000,224867,200,63,192.75386884903412,5.453611025586724,37977.30074101128,1200.677307030378
1745998270,48,,Aggregated,40.500000,0.000000,63,100,130,190,530,1100,1500,1700,2500,6700,38000,224912,200,63,192.72026147813102,5.453611025586724,37977.30074101128,1200.6778917976808
1745998271,47,,Aggregated,40.600000,0.000000,63,100,130,190,530,1100,1500,1700,2500,6700,38000,224949,200,63,192.6921445184627,5.453611025586724,37977.30074101128,1200.6617322148577
1745998272,47,,Aggregated,41.300000,0.000000,63,100,130,190,520,1100,1500,1700,2500,6700,38000,224988,200,63,192.66519336979977,5.453611025586724,37977.30074101128,1200.6782006151439
1745998273,47,,Aggregated,41.700000,0.000000,63,100,130,190,520,1100,1500,1700,2500,6700,38000,225032,200,63,192.6318131792632,5.453611025586724,37977.30074101128,1200.6695669949163
1745998274,47,,Aggregated,41.000000,0.000000,63,100,130,190,520,1100,1500,1700,2500,6700,38000,225073,200,63,192.60151450921768,5.453611025586724,37977.30074101128,1200.712857606199
1745998275,46,,Aggregated,40.700000,0.000000,63,100,130,190,520,1100,1500,1700,2500,6700,38000,225108,200,63,192.5754628228169,5.453611025586724,37977.30074101128,1200.6990244682552
1745998276,46,,Aggregated,40.600000,0.000000,63,100,130,190,520,1100,1500,1700,2500,6700,38000,225147,200,63,192.54543385318726,5.453611025586724,37977.30074101128,1200.7016216072166
1745998277,46,,Aggregated,39.800000,0.000000,63,100,130,190,520,1100,1500,1700,2500,6700,38000,225178,200,63,192.52289067421074,5.453611025586724,37977.30074101128,1200.7022533284778
1745998278,46,,Aggregated,39.900000,0.000000,63,100,130,190,520,1100,1500,1700,2500,6700,38000,225216,200,63,192.4944977321088,5.453611025586724,37977.30074101128,1200.6982985223074
1745998279,45,,Aggregated,39.800000,0.000000,63,100,130,190,520,1100,1500,1700,2500,6700,38000,225249,200,63,192.46989000311456,5.453611025586724,37977.30074101128,1200.6941651239295
1745998280,45,,Aggregated,39.600000,0.000000,63,100,130,190,520,1100,1500,1700,2500,6700,38000,225297,200,63,192.43436382036504,5.453611025586724,37977.30074101128,1200.6750911019676
1745998281,45,,Aggregated,38.400000,0.000000,62,100,130,190,520,1100,1500,1700,2500,6700,38000,225326,200,62,192.41233369786133,5.453611025586724,37977.30074101128,1200.654589350541
1745998282,45,,Aggregated,37.900000,0.000000,62,100,130,190,520,1100,1500,1700,2500,6700,38000,225364,200,62,192.38374707511156,5.453611025586724,37977.30074101128,1200.6769182300634
1745998283,44,,Aggregated,37.500000,0.000000,62,100,130,190,520,1100,1500,1700,2500,6700,38000,225405,200,62,192.3525466256333,5.453611025586724,37977.30074101128,1200.6947405780707
1745998284,44,,Aggregated,36.800000,0.000000,62,100,130,190,520,1100,1500,1700,2500,6700,38000,225449,200,62,192.31894420438297,5.453611025586724,37977.30074101128,1200.656871398853
1745998285,44,,Aggregated,37.400000,0.000000,62,100,130,190,520,1100,1500,1700,2500,6700,38000,225485,200,62,192.29751913443306,5.453611025586724,37977.30074101128,1200.649635230725
1745998286,44,,Aggregated,37.200000,0.000000,62,100,130,190,520,1100,1500,1700,2500,6700,38000,225518,200,62,192.27349169163142,5.453611025586724,37977.30074101128,1200.646174584734
1745998287,43,,Aggregated,36.700000,0.000000,62,100,130,190,520,1100,1500,1700,2500,6700,38000,225557,200,62,192.24537049037914,5.453611025586724,37977.30074101128,1200.6444446414876
1745998288,43,,Aggregated,36.700000,0.000000,62,100,130,190,520,1100,1500,1700,2500,6700,38000,225591,200,62,192.21967632861936,5.453611025586724,37977.30074101128,1200.6414706260446
1745998289,43,,Aggregated,37.800000,0.000000,62,100,130,190,520,1100,1500,1700,2500,6700,38000,225624,200,62,192.19533213106163,5.453611025586724,37977.30074101128,1200.6601824274014
1745998290,43,,Aggregated,36.600000,0.000000,62,100,130,190,520,1100,1500,1700,2500,6700,38000,225663,200,62,192.16634391495288,5.453611025586724,37977.30074101128,1200.677102582169
1745998291,42,,Aggregated,37.200000,0.000000,62,100,130,190,520,1100,1500,1700,2500,6700,38000,225695,200,62,192.1429722877421,5.453611025586724,37977.30074101128,1200.7060502004917
1745998292,42,,Aggregated,36.500000,0.000000,62,100,130,190,520,1100,1500,1700,2500,6700,38000,225722,200,62,192.12296160416895,5.453611025586724,37977.30074101128,1200.7064575008196
1745998293,42,,Aggregated,36.300000,0.000000,62,100,130,190,520,1100,1500,1700,2500,6700,38000,225761,200,62,192.09409024691757,5.453611025586724,37977.30074101128,1200.705777348612
1745998294,42,,Aggregated,36.900000,0.000000,62,100,130,190,520,1100,1500,1700,2500,6700,38000,225784,200,62,192.07712386593258,5.453611025586724,37977.30074101128,1200.6940305778974
1745998295,41,,Aggregated,35.500000,0.000000,62,100,130,190,520,1100,1500,1700,2500,6700,38000,225824,200,62,192.04721720610704,5.453611025586724,37977.30074101128,1200.6759201856312
1745998296,41,,Aggregated,34.700000,0.000000,62,100,120,190,520,1100,1500,1700,2500,6700,38000,225865,200,62,192.01674238584954,5.453611025586724,37977.30074101128,1200.6774400637548
1745998297,41,,Aggregated,35.000000,0.000000,62,100,120,190,520,1100,1500,1700,2500,6700,38000,225895,200,62,191.99464871157357,5.453611025586724,37977.30074101128,1200.6789437570553
1745998298,41,,Aggregated,34.500000,0.000000,62,100,120,190,520,1100,1500,1700,2500,6700,38000,225937,200,62,191.96372686300947,5.453611025586724,37977.30074101128,1200.6896922593467
1745998299,40,,Aggregated,33.300000,0.000000,62,100,120,190,520,1100,1500,1700,2500,6700,38000,225956,200,62,191.94969411023047,5.453611025586724,37977.30074101128,1200.6905769264813
1745998300,40,,Aggregated,34.400000,0.000000,62,100,120,190,520,1100,1500,1700,2500,6700,38000,225998,200,62,191.91811698252596,5.453611025586724,37977.30074101128,1200.682629934778
1745998301,40,,Aggregated,33.900000,0.000000,62,100,120,190,520,1100,1500,1700,2500,6700,38000,226034,200,62,191.8912823455551,5.453611025586724,37977.30074101128,1200.668461381916
1745998302,40,,Aggregated,33.200000,0.000000,62,100,120,190,520,1100,1500,1700,2500,6700,38000,226067,200,62,191.86783682087608,5.453611025586724,37977.30074101128,1200.6830806796215
1745998303,39,,Aggregated,33.000000,0.000000,62,100,120,190,520,1100,1500,1700,2500,6700,38000,226100,200,62,191.84311748541052,5.453611025586724,37977.30074101128,1200.661605484299
1745998304,39,,Aggregated,34.000000,0.000000,62,100,120,190,520,1100,1500,1700,2500,6700,38000,226134,200,62,191.81786560707639,5.453611025586724,37977.30074101128,1200.6335889339948
1745998305,39,,Aggregated,33.500000,0.000000,62,100,120,190,520,1100,1500,1700,2500,6700,38000,226169,200,62,191.79205511761046,5.453611025586724,37977.30074101128,1200.633959561213
1745998306,39,,Aggregated,34.000000,0.000000,62,100,120,190,520,1100,1500,1700,2500,6700,38000,226198,200,62,191.77096749847445,5.453611025586724,37977.30074101128,1200.6518404229923
1745998307,38,,Aggregated,32.900000,0.000000,62,100,120,190,520,1100,1500,1700,2500,6700,38000,226225,200,62,191.75071830870883,5.453611025586724,37977.30074101128,1200.6729981213393
1745998308,38,,Aggregated,33.300000,0.000000,62,100,120,190,520,1100,1500,1700,2500,6700,38000,226264,200,62,191.7215531304834,5.453611025586724,37977.30074101128,1200.6788839585618
1745998309,38,,Aggregated,33.600000,0.000000,62,100,120,190,520,1100,1500,1700,2500,6700,38000,226294,200,62,191.708565007236,5.453611025586724,37977.30074101128,1200.6792491184035
1745998310,38,,Aggregated,32.900000,0.000000,62,100,120,190,520,1100,1500,1700,2500,6700,38000,226324,200,62,191.6896964043993,5.453611025586724,37977.30074101128,1200.676309185062
1745998311,37,,Aggregated,31.600000,0.000000,62,100,120,190,520,1100,1500,1700,2500,6700,38000,226357,200,62,191.66551737448088,5.453611025586724,37977.30074101128,1200.6506491957396
1745998312,37,,Aggregated,33.800000,0.000000,61,100,120,190,520,1100,1500,1700,2500,6700,38000,226381,200,61,191.64802809376454,5.453611025586724,37977.30074101128,1200.6465736965558
1745998313,37,,Aggregated,32.800000,0.000000,61,100,120,190,520,1100,1500,1700,2500,6700,38000,226412,200,61,191.62779200260775,5.453611025586724,37977.30074101128,1200.6524389166652
1745998314,37,,Aggregated,31.300000,0.000000,61,100,120,190,520,1100,1500,1700,2500,6700,38000,226447,200,61,191.6020335381855,5.453611025586724,37977.30074101128,1200.6528547518844
1745998315,36,,Aggregated,31.400000,0.000000,61,100,120,190,520,1100,1500,1700,2500,6700,38000,226480,200,61,191.57745509016848,5.453611025586724,37977.30074101128,1200.6302852348992
1745998316,36,,Aggregated,31.200000,0.000000,61,100,120,190,520,1100,1500,1700,2500,6700,38000,226511,200,61,191.55446162578974,5.453611025586724,37977.30074101128,1200.6131931782563
1745998317,36,,Aggregated,32.400000,0.000000,61,100,120,190,520,1100,1500,1700,2500,6700,38000,226538,200,61,191.53444980902214,5.453611025586724,37977.30074101128,1200.6310067185195
1745998318,36,,Aggregated,31.100000,0.000000,61,100,120,190,520,1100,1500,1700,2500,6700,38000,226574,200,61,191.50783698759543,5.453611025586724,37977.30074101128,1200.6423331891567
1745998319,35,,Aggregated,31.200000,0.000000,61,100,120,190,520,1100,1500,1700,2500,6700,38000,226595,200,61,191.4927701781937,5.453611025586724,37977.30074101128,1200.641642578168
1745998320,35,,Aggregated,30.900000,0.000000,61,100,120,190,520,1100,1500,1700,2500,6700,38000,226632,200,61,191.4653158307143,5.453611025586724,37977.30074101128,1200.6267782131386
1745998321,35,,Aggregated,31.100000,0.000000,61,100,120,190,520,1100,1500,1700,2500,6700,38000,226659,200,61,191.44536044494814,5.453611025586724,37977.30074101128,1200.630237493327
1745998322,35,,Aggregated,29.100000,0.000000,61,100,120,190,520,1100,1500,1700,2500,6700,38000,226691,200,61,191.42159182158483,5.453611025586724,37977.30074101128,1200.5978490544398
1745998323,34,,Aggregated,29.400000,0.000000,61,100,120,190,520,1100,1500,1700,2500,6700,38000,226716,200,61,191.4030589671573,5.453611025586724,37977.30074101128,1200.5982286208296
1745998324,34,,Aggregated,30.100000,0.000000,61,100,120,190,520,1100,1500,1700,2500,6700,38000,226745,200,61,191.38241236930992,5.453611025586724,37977.30074101128,1200.6097201702353
1745998325,34,,Aggregated,30.700000,0.000000,61,100,120,190,520,1100,1500,1700,2500,6700,38000,226769,200,61,191.36478085940868,5.453611025586724,37977.30074101128,1200.6135935687857
1745998326,34,,Aggregated,29.700000,0.000000,61,100,120,190,520,1100,1500,1700,2500,6700,38000,226797,200,61,191.3440640614688,5.453611025586724,37977.30074101128,1200.602618200417
1745998327,33,,Aggregated,28.600000,0.000000,61,100,120,190,520,1100,1500,1700,2500,6700,38000,226826,200,61,191.32325517602828,5.453611025586724,37977.30074101128,1200.5944159840583
1745998328,33,,Aggregated,28.900000,0.000000,61,100,120,190,520,1100,1500,1700,2500,6700,38000,226853,200,61,191.303128312775,5.453611025586724,37977.30074101128,1200.595720576761
1745998329,33,,Aggregated,28.200000,0.000000,61,100,120,190,520,1100,1500,1700,2500,6700,38000,226891,200,61,191.27494943565637,5.453611025586724,37977.30074101128,1200.5905831434477
1745998330,33,,Aggregated,27.700000,0.000000,61,100,120,190,520,1100,1500,1700,2500,6700,38000,226910,200,61,191.2611410714615,5.453611025586724,37977.30074101128,1200.624652946102
1745998331,32,,Aggregated,28.400000,0.000000,61,100,120,190,520,1100,1500,1700,2500,6700,38000,226937,200,61,191.2414127349429,5.453611025586724,37977.30074101128,1200.6455183597209
1745998332,32,,Aggregated,29.200000,0.000000,61,100,120,190,520,1100,1500,1700,2500,6700,38000,226967,200,61,191.21919879946594,5.453611025586724,37977.30074101128,1200.6209272713654
1745998333,32,,Aggregated,28.000000,0.000000,61,100,120,190,520,1100,1500,1700,2500,6700,38000,226991,200,61,191.20178759763266,5.453611025586724,37977.30074101128,1200.611455960809
1745998334,32,,Aggregated,27.600000,0.000000,61,100,120,190,520,1100,1500,1700,2500,6700,38000,227012,200,61,191.18655097594026,5.453611025586724,37977.30074101128,1200.6052587528413
1745998335,31,,Aggregated,26.700000,0.000000,61,100,120,190,520,1100,1500,1700,2500,6700,38000,227040,200,61,191.16611705793224,5.453611025586724,37977.30074101128,1200.61108615222
1745998336,31,,Aggregated,27.300000,0.000000,61,100,120,190,520,1100,1500,1700,2500,6700,38000,227063,200,61,191.14928123959152,5.453611025586724,37977.30074101128,1200.6237343820878
1745998337,31,,Aggregated,26.200000,0.000000,61,100,120,190,520,1100,1500,1700,2500,6700,38000,227088,200,61,191.1307102552966,5.453611025586724,37977.30074101128,1200.6270432607623
1745998338,31,,Aggregated,26.700000,0.000000,61,100,120,190,520,1100,1500,1700,2500,6700,38000,227121,200,61,191.10752501577204,5.453611025586724,37977.30074101128,1200.6314827779024
1745998339,30,,Aggregated,26.500000,0.000000,61,100,120,190,520,1100,1500,1700,2500,6700,38000,227143,200,61,191.09172698806853,5.453611025586724,37977.30074101128,1200.663397067046
1745998340,30,,Aggregated,26.100000,0.000000,61,100,120,190,520,1100,1500,1700,2500,6700,38000,227166,200,61,191.07468622431875,5.453611025586724,37977.30074101128,1200.650572708944
1745998341,30,,Aggregated,25.900000,0.000000,61,100,120,190,520,1100,1500,1700,2500,6700,38000,227185,200,61,191.06078771214572,5.453611025586724,37977.30074101128,1200.6410634504919
1745998342,30,,Aggregated,25.000000,0.000000,61,100,120,190,520,1100,1500,1700,2500,6700,38000,227214,200,61,191.03964669785108,5.453611025586724,37977.30074101128,1200.6635946728634
1745998343,29,,Aggregated,25.800000,0.000000,61,100,120,190,520,1100,1500,1700,2500,6700,38000,227241,200,61,191.01927131927152,5.453611025586724,37977.30074101128,1200.6589919952826
1745998344,29,,Aggregated,24.800000,0.000000,61,100,120,190,520,1100,1500,1700,2500,6700,38000,227264,200,61,191.0024285901837,5.453611025586724,37977.30074101128,1200.660311355956
1745998345,29,,Aggregated,24.800000,0.000000,61,100,120,190,520,1100,1500,1700,2500,6700,38000,227287,200,61,190.98752218072204,5.453611025586724,37977.30074101128,1200.6728585444835
1745998346,29,,Aggregated,24.500000,0.000000,61,100,120,190,520,1100,1500,1700,2500,6700,38000,227314,200,61,190.96776665140277,5.453611025586724,37977.30074101128,1200.6416542755835
1745998347,28,,Aggregated,25.200000,0.000000,61,100,120,190,520,1100,1500,1700,2500,6700,38000,227329,200,61,190.95681001290038,5.453611025586724,37977.30074101128,1200.642940407955
1745998348,28,,Aggregated,23.800000,0.000000,61,100,120,190,520,1100,1500,1700,2500,6700,38000,227357,200,61,190.9366229822069,5.453611025586724,37977.30074101128,1200.6498810241162
1745998349,28,,Aggregated,24.200000,0.000000,61,100,120,190,520,1100,1500,1700,2500,6700,38000,227379,200,61,190.9205430907968,5.453611025586724,37977.30074101128,1200.6360569797562
1745998350,27,,Aggregated,24.100000,0.000000,61,100,120,190,520,1100,1500,1700,2500,6700,38000,227401,200,61,190.90452909038584,5.453611025586724,37977.30074101128,1200.6307843852928
1745998351,27,,Aggregated,24.100000,0.000000,61,100,120,190,520,1100,1500,1700,2500,6700,38000,227421,200,61,190.89009110378174,5.453611025586724,37977.30074101128,1200.6537918661866
1745998352,27,,Aggregated,23.700000,0.000000,60,100,120,190,520,1100,1500,1700,2500,6700,38000,227443,200,60,190.87370776589876,5.453611025586724,37977.30074101128,1200.6356449747848
1745998353,27,,Aggregated,23.100000,0.000000,60,100,120,190,520,1100,1500,1700,2500,6700,38000,227459,200,60,190.86250599179837,5.453611025586724,37977.30074101128,1200.6490136683974
1745998354,26,,Aggregated,23.500000,0.000000,60,100,120,190,520,1100,1500,1700,2500,6700,38000,227481,200,60,190.84698826822972,5.453611025586724,37977.30074101128,1200.664710459335
1745998355,26,,Aggregated,22.500000,0.000000,60,100,120,190,520,1100,1500,1700,2500,6700,38000,227495,200,60,190.83678869139706,5.453611025586724,37977.30074101128,1200.6800589023935
1745998356,26,,Aggregated,21.600000,0.000000,60,100,120,190,520,1100,1500,1700,2500,6700,38000,227521,200,60,190.8178597578822,5.453611025586724,37977.30074101128,1200.6815019272947
1745998357,26,,Aggregated,21.400000,0.000000,60,100,120,190,520,1100,1500,1700,2500,6700,38000,227545,200,60,190.8001100096013,5.453611025586724,37977.30074101128,1200.6795666791184
1745998358,25,,Aggregated,21.500000,0.000000,60,100,120,190,520,1100,1500,1700,2500,6700,38000,227564,200,60,190.78653575655153,5.453611025586724,37977.30074101128,1200.696155806718
1745998359,25,,Aggregated,20.800000,0.000000,60,100,120,190,520,1100,1500,1700,2500,6700,38000,227582,200,60,190.77291540980045,5.453611025586724,37977.30074101128,1200.700613405278
1745998360,25,,Aggregated,21.400000,0.000000,60,100,120,190,520,1100,1500,1700,2500,6700,38000,227607,200,60,190.75493104012565,5.453611025586724,37977.30074101128,1200.7161422979082
1745998361,25,,Aggregated,20.400000,0.000000,60,100,120,190,520,1100,1500,1700,2500,6700,38000,227620,200,60,190.74549223348964,5.453611025586724,37977.30074101128,1200.716294701696
1745998362,24,,Aggregated,20.400000,0.000000,60,100,120,190,520,1100,1500,1700,2500,6700,38000,227648,200,60,190.72490745864366,5.453611025586724,37977.30074101128,1200.7122092001687
1745998363,24,,Aggregated,20.600000,0.000000,60,100,120,190,520,1100,1500,1700,2500,6700,38000,227661,200,60,190.71499652384531,5.453611025586724,37977.30074101128,1200.716662054546
1745998364,24,,Aggregated,19.100000,0.000000,60,100,120,190,520,1100,1500,1700,2500,6700,38000,227684,200,60,190.69823334794876,5.453611025586724,37977.30074101128,1200.7038483160873
1745998365,24,,Aggregated,20.700000,0.000000,60,100,120,190,520,1100,1500,1700,2500,6700,38000,227705,200,60,190.68284356530955,5.453611025586724,37977.30074101128,1200.6878197668036
1745998366,23,,Aggregated,19.900000,0.000000,60,100,120,190,520,1100,1500,1700,2500,6700,38000,227722,200,60,190.67094957727318,5.453611025586724,37977.30074101128,1200.7021807291346
1745998367,23,,Aggregated,20.300000,0.000000,60,100,120,190,520,1100,1500,1700,2500,6700,38000,227742,200,60,190.65641494165578,5.453611025586724,37977.30074101128,1200.6995635412002
1745998368,23,,Aggregated,20.300000,0.000000,60,100,120,190,520,1100,1500,1700,2500,6700,38000,227759,200,60,190.6436223155433,5.453611025586724,37977.30074101128,1200.679823848893
1745998369,23,,Aggregated,20.100000,0.000000,60,100,120,190,520,1100,1500,1700,2500,6700,38000,227776,200,60,190.63114719523836,5.453611025586724,37977.30074101128,1200.6832809426805
1745998370,22,,Aggregated,19.400000,0.000000,60,100,120,190,520,1100,1500,1700,2500,6700,38000,227800,200,60,190.6133968838367,5.453611025586724,37977.30074101128,1200.6716110623354
1745998371,22,,Aggregated,19.300000,0.000000,60,100,120,190,520,1100,1500,1700,2500,6700,38000,227816,200,60,190.601831633308,5.453611025586724,37977.30074101128,1200.6826737366998
1745998373,22,,Aggregated,19.100000,0.000000,60,100,120,190,520,1100,1500,1700,2500,6700,38000,227837,200,60,190.5864489324938,5.453611025586724,37977.30074101128,1200.6926004116979
1745998374,22,,Aggregated,19.100000,0.000000,60,100,120,190,520,1100,1500,1700,2500,6700,38000,227856,200,60,190.5731992771786,5.453611025586724,37977.30074101128,1200.6906203918263
1745998375,21,,Aggregated,19.600000,0.000000,60,100,120,190,520,1100,1500,1700,2500,6700,38000,227880,200,60,190.55583987098123,5.453611025586724,37977.30074101128,1200.7072099350535
1745998376,21,,Aggregated,18.500000,0.000000,60,100,120,190,510,1100,1500,1700,2500,6700,38000,227888,200,60,190.55031946351025,5.453611025586724,37977.30074101128,1200.7052060661379
1745998377,21,,Aggregated,19.500000,0.000000,60,100,120,190,510,1100,1500,1700,2500,6700,38000,227907,200,60,190.53605875403196,5.453611025586724,37977.30074101128,1200.7205351305577
1745998378,21,,Aggregated,19.500000,0.000000,60,100,120,190,510,1100,1500,1700,2500,6700,38000,227926,200,60,190.5223356536242,5.453611025586724,37977.30074101128,1200.7370286847486
1745998379,20,,Aggregated,18.300000,0.000000,60,100,120,190,510,1100,1500,1700,2500,6700,38000,227941,200,60,190.51116136714296,5.453611025586724,37977.30074101128,1200.7360501182322
1745998380,20,,Aggregated,18.400000,0.000000,60,100,120,190,510,1100,1500,1700,2500,6700,38000,227958,200,60,190.49877764897178,5.453611025586724,37977.30074101128,1200.7480851735845
1745998381,20,,Aggregated,18.300000,0.000000,60,100,120,190,510,1100,1500,1700,2500,6700,38000,227979,200,60,190.48365314589833,5.453611025586724,37977.30074101128,1200.7679172204457
1745998382,20,,Aggregated,18.200000,0.000000,60,100,120,190,510,1100,1500,1700,2500,6700,38000,227993,200,60,190.47359949812108,5.453611025586724,37977.30074101128,1200.7727868838078
1745998383,20,,Aggregated,17.900000,0.000000,60,100,120,190,510,1100,1500,1700,2500,6700,38000,228005,200,60,190.4647424428527,5.453611025586724,37977.30074101128,1200.7605754259775
1745998384,20,,Aggregated,17.500000,0.000000,60,100,120,190,510,1100,1500,1700,2500,6700,38000,228030,200,60,190.446277500154,5.453611025586724,37977.30074101128,1200.7597026707012
1745998385,20,,Aggregated,16.700000,0.000000,60,100,120,190,510,1100,1500,1700,2500,6700,38000,228046,200,60,190.43444864089474,5.453611025586724,37977.30074101128,1200.7510984625908
1745998386,20,,Aggregated,17.200000,0.000000,60,100,120,190,510,1100,1500,1700,2500,6700,38000,228064,200,60,190.42156335923917,5.453611025586724,37977.30074101128,1200.765386031991
1745998387,20,,Aggregated,17.200000,0.000000,60,100,120,190,510,1100,1500,1700,2500,6700,38000,228079,200,60,190.41132866367374,5.453611025586724,37977.30074101128,1200.7816677554706
1745998388,20,,Aggregated,17.300000,0.000000,60,100,120,190,510,1100,1500,1700,2500,6700,38000,228101,200,60,190.39466187445623,5.453611025586724,37977.30074101128,1200.7668050556551
1745998389,20,,Aggregated,17.200000,0.000000,60,100,120,190,510,1100,1500,1700,2500,6700,38000,228111,200,60,190.38758624325186,5.453611025586724,37977.30074101128,1200.7594197561714
1745998390,20,,Aggregated,17.200000,0.000000,60,100,120,190,510,1100,1500,1700,2500,6700,38000,228126,200,60,190.37679008947262,5.453611025586724,37977.30074101128,1200.7693862163892
1745998391,20,,Aggregated,16.900000,0.000000,60,100,120,190,510,1100,1500,1700,2500,6700,38000,228147,200,60,190.36658623072995,5.453611025586724,37977.30074101128,1200.7804091221888
1745998392,20,,Aggregated,16.800000,0.000000,60,100,120,190,510,1100,1500,1700,2500,6700,38000,228171,200,60,190.3490346604665,5.453611025586724,37977.30074101128,1200.7756638661356
1745998393,20,,Aggregated,16.500000,0.000000,60,100,120,190,510,1100,1500,1700,2500,6700,38000,228186,200,60,190.3379551934678,5.453611025586724,37977.30074101128,1200.7688289377963
1745998394,20,,Aggregated,17.600000,0.000000,60,100,120,190,510,1100,1500,1700,2500,6700,38000,228196,200,60,190.33094052013374,5.453611025586724,37977.30074101128,1200.7787778926888
1745998395,20,,Aggregated,17.600000,0.000000,60,100,120,190,510,1100,1500,1700,2500,6700,38000,228213,200,60,190.3188908694625,5.453611025586724,37977.30074101128,1200.7919706589896
1745998396,20,,Aggregated,16.600000,0.000000,60,100,120,190,510,1100,1500,1700,2500,6700,38000,228226,200,60,190.3097848048288,5.453611025586724,37977.30074101128,1200.8072875132543
1745998397,20,,Aggregated,16.900000,0.000000,60,100,120,190,510,1100,1500,1700,2500,6700,38000,228243,200,60,190.29742458785714,5.453611025586724,37977.30074101128,1200.8095363275106
1745998398,20,,Aggregated,16.300000,0.000000,60,100,120,190,510,1100,1500,1700,2500,6700,38000,228261,200,60,190.28445827118117,5.453611025586724,37977.30074101128,1200.8076412527764
1745998399,20,,Aggregated,16.000000,0.000000,60,100,120,190,510,1100,1500,1700,2500,6700,38000,228273,200,60,190.2772775673139,5.453611025586724,37977.30074101128,1200.8034984426542
1745998400,20,,Aggregated,15.800000,0.000000,60,100,120,190,510,1100,1500,1700,2500,6700,38000,228293,200,60,190.2626113191142,5.453611025586724,37977.30074101128,1200.7939095811084
1745998401,20,,Aggregated,16.200000,0.000000,60,100,120,190,510,1100,1500,1700,2500,6700,38000,228311,200,60,190.24941071694707,5.453611025586724,37977.30074101128,1200.781096837209
1745998402,20,,Aggregated,16.200000,0.000000,60,100,120,190,510,1100,1500,1700,2500,6700,38000,228332,200,60,190.23404794232542,5.453611025586724,37977.30074101128,1200.765087679344
1745998403,20,,Aggregated,16.600000,0.000000,60,100,120,190,510,1100,1500,1700,2500,6700,38000,228344,200,60,190.22529686491788,5.453611025586724,37977.30074101128,1200.7684633710542
1745998404,20,,Aggregated,15.600000,0.000000,60,100,120,190,510,1100,1500,1700,2500,6700,38000,228359,200,60,190.2145955930209,5.453611025586724,37977.30074101128,1200.7881800148014
1745998405,20,,Aggregated,15.800000,0.000000,60,100,120,190,510,1100,1500,1700,2500,6700,38000,228374,200,60,190.20378740017665,5.453611025586724,37977.30074101128,1200.7969514918511
1745998406,20,,Aggregated,16.400000,0.000000,60,100,120,190,510,1100,1500,1700,2500,6700,38000,228390,200,60,190.1925125333205,5.453611025586724,37977.30074101128,1200.8177809886597
1745998407,20,,Aggregated,15.200000,0.000000,60,100,120,190,510,1100,1500,1700,2500,6700,38000,228401,200,60,190.1844991860503,5.453611025586724,37977.30074101128,1200.8102635277428
1745998408,20,,Aggregated,16.300000,0.000000,60,100,120,190,510,1100,1500,1700,2500,6700,38000,228419,200,60,190.1716525561202,5.453611025586724,37977.30074101128,1200.8268226373464
1745998409,20,,Aggregated,15.800000,0.000000,60,100,120,190,510,1100,1500,1700,2500,6700,38000,228433,200,60,190.16171038608556,5.453611025586724,37977.30074101128,1200.817316237146
1745998410,20,,Aggregated,15.900000,0.000000,60,100,120,190,510,1100,1500,1700,2500,6700,38000,228451,200,60,190.14874314079412,5.453611025586724,37977.30074101128,1200.814340930878
1745998411,20,,Aggregated,15.700000,0.000000,60,100,120,190,510,1100,1500,1700,2500,6700,38000,228467,200,60,190.13712135969988,5.453611025586724,37977.30074101128,1200.806882394394
1745998412,20,,Aggregated,15.800000,0.000000,60,100,120,190,510,1100,1500,1700,2500,6700,38000,228486,200,60,190.12344445207603,5.453611025586724,37977.30074101128,1200.8118615582573
1745998413,20,,Aggregated,15.500000,0.000000,60,100,120,190,510,1100,1500,1700,2500,6700,38000,228497,200,60,190.1153846131114,5.453611025586724,37977.30074101128,1200.8072447340664
1745998414,20,,Aggregated,15.900000,0.000000,59,100,120,190,510,1100,1500,1700,2500,6700,38000,228521,200,59,190.09803716214338,5.453611025586724,37977.30074101128,1200.815102331952
1745998415,20,,Aggregated,15.100000,0.000000,59,100,120,190,510,1100,1500,1700,2500,6700,38000,228527,200,59,190.09364718263285,5.453611025586724,37977.30074101128,1200.81621427665
1745998416,20,,Aggregated,15.600000,0.000000,59,100,120,190,510,1100,1500,1700,2500,6700,38000,228547,200,59,190.0793180838686,5.453611025586724,37977.30074101128,1200.825099432502
1745998417,20,,Aggregated,15.700000,0.000000,59,100,120,190,510,1100,1500,1700,2500,6700,38000,228562,200,59,190.06831095058115,5.453611025586724,37977.30074101128,1200.8242139988274
1745998418,20,,Aggregated,15.200000,0.000000,59,100,120,190,510,1100,1500,1700,2500,6700,38000,228580,200,59,190.05521331796757,5.453611025586724,37977.30074101128,1200.8286682999387
1745998419,20,,Aggregated,15.700000,0.000000,59,100,120,190,510,1100,1500,1700,2500,6700,38000,228593,200,59,190.0458793981458,5.453611025586724,37977.30074101128,1200.842869204219
1745998420,20,,Aggregated,15.500000,0.000000,59,100,120,190,510,1100,1500,1700,2500,6700,38000,228608,200,59,190.03568078657796,5.453611025586724,37977.30074101128,1200.8343715005599
1745998421,20,,Aggregated,16.000000,0.000000,59,100,120,190,510,1100,1500,1700,2500,6700,38000,228626,200,59,190.0226745938886,5.453611025586724,37977.30074101128,1200.8285453098074
1745998422,20,,Aggregated,15.900000,0.000000,59,100,120,190,510,1100,1500,1700,2500,6700,38000,228642,200,59,190.01226381578437,5.453611025586724,37977.30074101128,1200.8326379230411
1745998423,20,,Aggregated,15.700000,0.000000,59,100,120,190,510,1100,1500,1700,2500,6700,38000,228662,200,59,189.99765748404093,5.453611025586724,37977.30074101128,1200.8501193901916
1745998424,20,,Aggregated,15.800000,0.000000,59,100,120,190,510,1100,1500,1700,2500,6700,38000,228675,200,59,189.9883492489204,5.453611025586724,37977.30074101128,1200.8556379140703
1745998425,20,,Aggregated,16.400000,0.000000,59,100,120,190,510,1100,1500,1700,2500,6700,38000,228693,200,59,189.97582135690433,5.453611025586724,37977.30074101128,1200.8710454626946
1745998426,20,,Aggregated,15.900000,0.000000,59,100,120,190,510,1100,1500,1700,2500,6700,38000,228709,200,59,189.96444067323768,5.453611025586724,37977.30074101128,1200.8734068182712
1745998427,20,,Aggregated,16.100000,0.000000,59,100,120,190,510,1100,1500,1700,2500,6700,38000,228721,200,59,189.95628211565804,5.453611025586724,37977.30074101128,1200.8963453290253
1745998428,20,,Aggregated,16.600000,0.000000,59,100,120,190,510,1100,1500,1700,2500,6700,38000,228735,200,59,189.94659695050908,5.453611025586724,37977.30074101128,1200.9052528034624
1745998429,20,,Aggregated,16.000000,0.000000,59,100,120,190,510,1100,1500,1700,2500,6700,38000,228757,200,59,189.9304400194483,5.453611025586724,37977.30074101128,1200.933444659617
1745998430,20,,Aggregated,16.100000,0.000000,59,100,120,190,510,1100,1500,1700,2500,6700,38000,228771,200,59,189.92045736686882,5.453611025586724,37977.30074101128,1200.9368014302513
1745998431,20,,Aggregated,15.500000,0.000000,59,100,120,190,510,1100,1500,1700,2500,6700,38000,228784,200,59,189.9110548375648,5.453611025586724,37977.30074101128,1200.9369754877964
1745998432,20,,Aggregated,15.900000,0.000000,59,100,120,190,510,1100,1500,1700,2500,6700,38000,228805,200,59,189.89595509409358,5.453611025586724,37977.30074101128,1200.9295863289701
1745998433,20,,Aggregated,15.900000,0.000000,59,100,120,190,510,1100,1500,1700,2500,6700,38000,228823,200,59,189.88263068924527,5.453611025586724,37977.30074101128,1200.9076404032812
1745998434,20,,Aggregated,15.600000,0.000000,59,100,120,190,510,1100,1500,1700,2500,6700,38000,228834,200,59,189.8746742554774,5.453611025586724,37977.30074101128,1200.8943863237107
1745998435,20,,Aggregated,15.900000,0.000000,59,100,120,190,510,1100,1500,1700,2500,6700,38000,228861,200,59,189.8551790770836,5.453611025586724,37977.30074101128,1200.8762480282792
1745998436,20,,Aggregated,15.500000,0.000000,59,100,120,190,510,1100,1500,1700,2500,6700,38000,228875,200,59,189.8449800035824,5.453611025586724,37977.30074101128,1200.8687886400874
1745998437,20,,Aggregated,16.300000,0.000000,59,100,120,190,510,1100,1500,1700,2500,6700,38000,228892,200,59,189.8327611051046,5.453611025586724,37977.30074101128,1200.8721842615732
1745998438,20,,Aggregated,16.100000,0.000000,59,100,120,190,510,1100,1500,1700,2500,6700,38000,228909,200,59,189.82048125182715,5.453611025586724,37977.30074101128,1200.8841941557562
1745998439,20,,Aggregated,16.600000,0.000000,59,100,120,190,510,1100,1500,1700,2500,6700,38000,228921,200,59,189.81205483317794,5.453611025586724,37977.30074101128,1200.9058845627967
1745998440,20,,Aggregated,17.100000,0.000000,59,100,120,190,510,1100,1500,1700,2500,6700,38000,228942,200,59,189.79691646332896,5.453611025586724,37977.30074101128,1200.9329742904317
1745998441,20,,Aggregated,17.100000,0.000000,59,100,120,190,510,1100,1500,1700,2500,6700,38000,228956,200,59,189.78686445623651,5.453611025586724,37977.30074101128,1200.9234831146596
1745998442,20,,Aggregated,16.900000,0.000000,59,100,120,190,510,1100,1500,1700,2500,6700,38000,228965,200,59,189.78044373518162,5.453611025586724,37977.30074101128,1200.9398161291026
1745998443,20,,Aggregated,16.500000,0.000000,59,100,120,190,510,1100,1500,1700,2500,6700,38000,228982,200,59,189.77104797649912,5.453611025586724,37977.30074101128,1200.9346105807444
1745998444,20,,Aggregated,16.500000,0.000000,59,100,120,190,510,1100,1500,1700,2500,6700,38000,228999,200,59,189.7587959662564,5.453611025586724,37977.30074101128,1200.9351088869385
1745998445,20,,Aggregated,16.200000,0.000000,59,100,120,190,510,1100,1500,1700,2500,6700,38000,229015,200,59,189.7469668794963,5.453611025586724,37977.30074101128,1200.9477632469489
1745998446,20,,Aggregated,16.200000,0.000000,59,100,120,190,510,1100,1500,1700,2500,6700,38000,229037,200,59,189.73074459029482,5.453611025586724,37977.30074101128,1200.9715242515401
1745998447,20,,Aggregated,16.300000,0.000000,59,100,120,190,510,1100,1500,1700,2500,6700,38000,229051,200,59,189.72080156702995,5.453611025586724,37977.30074101128,1200.9652086216606
1745998448,20,,Aggregated,15.900000,0.000000,59,100,120,190,510,1100,1500,1700,2500,6700,38000,229072,200,59,189.7055742665505,5.453611025586724,37977.30074101128,1200.9751300901028
1745998449,20,,Aggregated,16.700000,0.000000,59,100,120,190,510,1100,1500,1700,2500,6700,38000,229089,200,59,189.69353196263825,5.453611025586724,37977.30074101128,1200.96247746509
1745998450,20,,Aggregated,16.000000,0.000000,59,100,120,190,510,1100,1500,1700,2500,6700,38000,229110,200,59,189.67839491802135,5.453611025586724,37977.30074101128,1200.946519139278
1745998451,20,,Aggregated,16.700000,0.000000,59,100,120,190,510,1100,1500,1700,2500,6700,38000,229126,200,59,189.6670160159433,5.453611025586724,37977.30074101128,1200.9574906383386
1745998452,20,,Aggregated,16.200000,0.000000,59,100,120,190,510,1100,1500,1700,2500,6700,38000,229144,200,59,189.65413654534092,5.453611025586724,37977.30074101128,1200.9716335579374
1745998453,20,,Aggregated,17.000000,0.000000,59,100,120,190,510,1100,1500,1700,2500,6700,38000,229162,200,59,189.64089999603758,5.453611025586724,37977.30074101128,1200.956026740908
1745998454,20,,Aggregated,16.900000,0.000000,59,100,120,190,510,1100,1500,1700,2500,6700,38000,229177,200,59,189.63038220834812,5.453611025586724,37977.30074101128,1200.9503920550492
1745998455,20,,Aggregated,17.200000,0.000000,59,100,120,190,510,1100,1500,1700,2500,6700,38000,229189,200,59,189.62219003803298,5.453611025586724,37977.30074101128,1200.9474276688672
1745998456,20,,Aggregated,17.900000,0.000000,59,100,120,190,510,1100,1500,1700,2500,6700,38000,229200,200,59,189.61454462366657,5.453611025586724,37977.30074101128,1200.956609947644
1745998457,20,,Aggregated,17.000000,0.000000,59,100,120,190,510,1100,1500,1700,2500,6700,38000,229218,200,59,189.6018349904471,5.453611025586724,37977.30074101128,1200.9565610030627
1745998458,20,,Aggregated,16.900000,0.000000,59,100,120,190,510,1100,1500,1700,2500,6700,38000,229233,200,59,189.59079873460408,5.453611025586724,37977.30074101128,1200.9555823114474
1745998459,20,,Aggregated,16.000000,0.000000,59,100,120,190,510,1100,1500,1700,2500,6700,38000,229246,200,59,189.5815042097521,5.453611025586724,37977.30074101128,1200.9439510394948
1745998460,20,,Aggregated,16.100000,0.000000,59,100,120,190,510,1100,1500,1700,2500,6700,38000,229262,200,59,189.57034202070915,5.453611025586724,37977.30074101128,1200.9474225994713
1745998461,20,,Aggregated,15.800000,0.000000,59,100,120,190,510,1100,1500,1700,2500,6700,38000,229282,200,59,189.5561904844863,5.453611025586724,37977.30074101128,1200.9659109742588
1745998462,20,,Aggregated,15.500000,0.000000,59,100,120,190,510,1100,1500,1700,2500,6700,38000,229294,200,59,189.54752401284276,5.453611025586724,37977.30074101128,1200.969218557834
1745998463,20,,Aggregated,15.200000,0.000000,59,100,120,190,510,1100,1500,1700,2500,6700,38000,229314,200,59,189.53284861767412,5.453611025586724,37977.30074101128,1200.982700576502
1745998464,20,,Aggregated,15.400000,0.000000,59,100,120,190,510,1100,1500,1700,2500,6700,38000,229333,200,59,189.51914895809267,5.453611025586724,37977.30074101128,1200.9910523125761
1745998465,20,,Aggregated,15.400000,0.000000,59,100,120,190,510,1100,1500,1700,2500,6700,38000,229349,200,59,189.5080786713296,5.453611025586724,37977.30074101128,1201.0085023261493
1745998466,20,,Aggregated,15.500000,0.000000,59,100,120,190,510,1100,1500,1700,2500,6700,38000,229357,200,59,189.50229618413547,5.453611025586724,37977.30074101128,1201.0172089798873
1745998467,20,,Aggregated,15.700000,0.000000,59,100,120,190,510,1100,1500,1700,2500,6700,38000,229374,200,59,189.49007873496777,5.453611025586724,37977.30074101128,1201.0033700419403
1745998468,20,,Aggregated,15.600000,0.000000,59,100,120,190,510,1100,1500,1700,2500,6700,38000,229395,200,59,189.47446508065298,5.453611025586724,37977.30074101128,1200.9862071971927
1745998469,20,,Aggregated,15.300000,0.000000,59,100,120,190,510,1100,1500,1700,2500,6700,38000,229421,200,59,189.45540411774195,5.453611025586724,37977.30074101128,1200.976632479154
1745998470,20,,Aggregated,15.900000,0.000000,59,100,120,190,510,1100,1500,1700,2500,6700,38000,229437,200,59,189.44400923843634,5.453611025586724,37977.30074101128,1200.9761590327628
1745998471,20,,Aggregated,15.700000,0.000000,59,100,120,190,510,1100,1500,1700,2500,6700,38000,229453,200,59,189.43764698251127,5.453611025586724,37977.30074101128,1200.9984789913403
1745998472,20,,Aggregated,17.300000,0.000000,59,100,120,190,510,1100,1500,1700,2500,6700,38000,229462,200,59,189.43144057102685,5.453611025586724,37977.30074101128,1200.9975159285634
1745998473,20,,Aggregated,17.100000,0.000000,59,100,120,190,510,1100,1500,1700,2500,6700,38000,229481,200,59,189.41754535669855,5.453611025586724,37977.30074101128,1200.9697142682837
1745998474,20,,Aggregated,17.000000,0.000000,59,100,120,190,510,1100,1500,1700,2500,6700,38000,229497,200,59,189.40623491141326,5.453611025586724,37977.30074101128,1200.9806184830302
1745998475,20,,Aggregated,16.800000,0.000000,59,100,120,190,510,1100,1500,1700,2500,6700,38000,229509,200,59,189.39779463400106,5.453611025586724,37977.30074101128,1200.976506367942
1745998476,20,,Aggregated,16.100000,0.000000,58,100,120,190,510,1100,1500,1700,2500,6700,38000,229525,200,58,189.38642516921274,5.453611025586724,37977.30074101128,1200.9916653959265
1745998477,20,,Aggregated,16.800000,0.000000,58,100,120,190,510,1100,1500,1700,2500,6700,38000,229543,200,58,189.37327762158372,5.453611025586724,37977.30074101128,1200.9734908056444
1745998478,20,,Aggregated,16.600000,0.000000,58,100,120,190,510,1100,1500,1700,2500,6700,38000,229566,200,58,189.3564229289412,5.453611025586724,37977.30074101128,1200.9779845447497
1745998479,20,,Aggregated,17.500000,0.000000,58,100,120,190,510,1100,1500,1700,2500,6700,38000,229575,200,58,189.35015579133733,5.453611025586724,37977.30074101128,1200.9856561036697
1745998480,20,,Aggregated,17.000000,0.000000,58,100,120,190,510,1100,1500,1700,2500,6700,38000,229596,200,58,189.33500126532297,5.453611025586724,37977.30074101128,1200.9869205038415
1745998481,20,,Aggregated,17.000000,0.000000,58,100,120,190,510,1100,1500,1700,2500,6700,38000,229610,200,58,189.3250071988594,5.453611025586724,37977.30074101128,1200.9831888855015
1745998482,20,,Aggregated,15.700000,0.000000,58,100,120,190,510,1100,1500,1700,2500,6700,38000,229625,200,58,189.3144843448844,5.453611025586724,37977.30074101128,1201.0045683179096
1745998483,20,,Aggregated,15.900000,0.000000,58,100,120,190,510,1100,1500,1700,2500,6700,38000,229636,200,58,189.30667328389356,5.453611025586724,37977.30074101128,1201.0068717448485
1745998484,20,,Aggregated,15.700000,0.000000,58,100,120,190,510,1100,1500,1700,2500,6700,38000,229651,200,58,189.29620813459206,5.453611025586724,37977.30074101128,1201.0093315509187
1745998485,20,,Aggregated,15.500000,0.000000,58,100,120,190,510,1100,1500,1700,2500,6700,38000,229670,200,58,189.2823568986854,5.453611025586724,37977.30074101128,1201.023333478469
1745998486,20,,Aggregated,15.200000,0.000000,58,100,120,190,510,1100,1500,1700,2500,6700,38000,229684,200,58,189.27224261872124,5.453611025586724,37977.30074101128,1201.0298366451298
1745998487,20,,Aggregated,15.300000,0.000000,58,100,120,190,510,1100,1500,1700,2500,6700,38000,229700,200,58,189.26084627215187,5.453611025586724,37977.30074101128,1201.0235872877668
1745998488,20,,Aggregated,15.400000,0.000000,58,100,120,190,510,1100,1500,1700,2500,6700,38000,229719,200,58,189.24690336120108,5.453611025586724,37977.30074101128,1201.0045185639847
1745998489,20,,Aggregated,15.100000,0.000000,58,100,120,190,510,1100,1500,1700,2500,6700,38000,229739,200,58,189.23255639098463,5.453611025586724,37977.30074101128,1201.0018194559914
1745998490,20,,Aggregated,14.800000,0.000000,58,100,120,190,510,1100,1500,1700,2500,6700,38000,229757,200,58,189.21989462204996,5.453611025586724,37977.30074101128,1200.9929969489503
1745998491,20,,Aggregated,15.200000,0.000000,58,100,120,190,510,1100,1500,1700,2500,6700,38000,229764,200,58,189.21506952787698,5.453611025586724,37977.30074101128,1201.0059844013858
1745998492,20,,Aggregated,16.000000,0.000000,58,100,120,190,510,1100,1500,1700,2500,6700,38000,229782,200,58,189.202172750418,5.453611025586724,37977.30074101128,1200.9943642234814
1745998493,20,,Aggregated,15.900000,0.000000,58,100,120,190,510,1100,1500,1700,2500,6700,38000,229797,200,58,189.191345697023,5.453611025586724,37977.30074101128,1201.0100262405515
1745998494,20,,Aggregated,15.900000,0.000000,58,100,120,190,510,1100,1500,1700,2500,6700,38000,229814,200,58,189.17936912159797,5.453611025586724,37977.30074101128,1201.0075843943364
1745998495,20,,Aggregated,15.700000,0.000000,58,100,120,190,510,1100,1500,1700,2500,6700,38000,229825,200,58,189.17267843457142,5.453611025586724,37977.30074101128,1201.0172609594256
1745998496,20,,Aggregated,16.100000,0.000000,58,100,120,190,510,1100,1500,1700,2500,6700,38000,229840,200,58,189.1621408362123,5.453611025586724,37977.30074101128,1201.018534632788
1745998497,20,,Aggregated,15.700000,0.000000,58,100,120,190,510,1100,1500,1700,2500,6700,38000,229853,200,58,189.1529550013603,5.453611025586724,37977.30074101128,1201.024050153794
1745998498,20,,Aggregated,15.600000,0.000000,58,100,120,190,510,1100,1500,1700,2500,6700,38000,229875,200,58,189.13693067848507,5.453611025586724,37977.30074101128,1201.017748776509
1745998499,20,,Aggregated,15.800000,0.000000,58,100,120,190,510,1100,1500,1700,2500,6700,38000,229883,200,58,189.13129223393665,5.453611025586724,37977.30074101128,1201.0145943806197
1745998500,20,,Aggregated,15.500000,0.000000,58,100,120,190,510,1100,1500,1700,2500,6700,38000,229907,200,58,189.1141798126528,5.453611025586724,37977.30074101128,1201.0212738194139
1745998501,20,,Aggregated,15.600000,0.000000,58,100,120,190,510,1100,1500,1700,2500,6700,38000,229918,200,58,189.10628641376016,5.453611025586724,37977.30074101128,1201.0321288459363
1745998502,20,,Aggregated,14.500000,0.000000,58,100,120,190,510,1100,1500,1700,2500,6700,38000,229937,200,58,189.09295357547825,5.453611025586724,37977.30074101128,1201.0483871669196
1745998503,20,,Aggregated,15.000000,0.000000,58,100,120,190,510,1100,1500,1700,2500,6700,38000,229954,200,58,189.08086398824307,5.453611025586724,37977.30074101128,1201.0516972959808
1745998504,20,,Aggregated,14.800000,0.000000,58,100,120,190,510,1100,1500,1700,2500,6700,38000,229977,200,58,189.06433648983744,5.453611025586724,37977.30074101128,1201.0733247237768
1745998505,20,,Aggregated,15.400000,0.000000,58,100,120,190,510,1100,1500,1700,2500,6700,38000,229987,200,58,189.05746069789257,5.453611025586724,37977.30074101128,1201.0831742663715
1745998507,20,,Aggregated,15.600000,0.000000,58,100,120,190,510,1100,1500,1700,2500,6300,38000,230009,200,58,189.0412446073073,5.453611025586724,37977.30074101128,1201.0758796394923
1745998508,20,,Aggregated,16.300000,0.000000,58,100,120,190,510,1100,1500,1700,2500,6300,38000,230023,200,58,189.03119744895884,5.453611025586724,37977.30074101128,1201.0566812883928
1745998509,20,,Aggregated,16.100000,0.000000,58,100,120,190,510,1100,1500,1700,2500,6300,38000,230046,200,58,189.01429775897344,5.453611025586724,37977.30074101128,1201.025733983638
1745998510,20,,Aggregated,16.500000,0.000000,58,100,120,190,510,1100,1500,1700,2500,6300,38000,230058,200,58,189.00594710524396,5.453611025586724,37977.30074101128,1201.0302010797277
1745998511,20,,Aggregated,17.100000,0.000000,58,100,120,190,510,1100,1500,1700,2500,6300,38000,230072,200,58,188.99582480302382,5.453611025586724,37977.30074101128,1201.0338589658888
1745998512,20,,Aggregated,17.100000,0.000000,58,100,120,190,510,1100,1500,1700,2500,6300,38000,230085,200,58,188.98668094646536,5.453611025586724,37977.30074101128,1201.033591933416
1745998513,20,,Aggregated,17.300000,0.000000,58,100,120,190,510,1100,1500,1700,2500,6300,38000,230104,200,58,188.97298963211597,5.453611025586724,37977.30074101128,1201.0476567117478
1745998514,20,,Aggregated,16.700000,0.000000,58,100,120,190,510,1100,1500,1700,2500,6300,38000,230117,200,58,188.9637784508504,5.453611025586724,37977.30074101128,1201.067061538261
1745998515,20,,Aggregated,16.700000,0.000000,58,100,120,190,510,1100,1500,1700,2500,6300,38000,230135,200,58,188.95115803135644,5.453611025586724,37977.30074101128,1201.0855237143417
1745998516,20,,Aggregated,16.700000,0.000000,58,100,120,190,510,1100,1500,1700,2500,6300,38000,230147,200,58,188.94243711022364,5.453611025586724,37977.30074101128,1201.0790885825147
1745998517,20,,Aggregated,15.700000,0.000000,58,100,120,190,510,1100,1500,1700,2500,6300,38000,230172,200,58,188.92424212977917,5.453611025586724,37977.30074101128,1201.0954156022453
1745998518,20,,Aggregated,16.000000,0.000000,58,100,120,190,510,1100,1500,1700,2500,6300,38000,230184,200,58,188.91590838914976,5.453611025586724,37977.30074101128,1201.1085218781498
1745998519,20,,Aggregated,16.000000,0.000000,58,100,120,190,510,1100,1500,1700,2500,6300,38000,230204,200,58,188.90165673679908,5.453611025586724,37977.30074101128,1201.117322027419
1745998520,20,,Aggregated,16.200000,0.000000,58,100,120,190,510,1100,1500,1700,2500,6300,38000,230219,200,58,188.89111252567673,5.453611025586724,37977.30074101128,1201.1088832807022
1745998521,20,,Aggregated,15.800000,0.000000,58,100,120,190,510,1100,1500,1700,2500,6300,38000,230233,200,58,188.88136346145507,5.453611025586724,37977.30074101128,1201.116529776357
1745998522,20,,Aggregated,16.100000,0.000000,58,100,120,190,510,1100,1500,1700,2500,6300,38000,230250,200,58,188.87323445168724,5.453611025586724,37977.30074101128,1201.1371335504887
1745998523,20,,Aggregated,16.100000,0.000000,58,100,120,190,510,1100,1500,1700,2500,6300,38000,230269,200,58,188.85979835474566,5.453611025586724,37977.30074101128,1201.127815728561
1745998524,20,,Aggregated,16.300000,0.000000,58,100,120,190,510,1100,1500,1700,2500,6300,38000,230278,200,58,188.85345327124617,5.453611025586724,37977.30074101128,1201.1268553661228
1745998525,20,,Aggregated,16.400000,0.000000,58,100,120,190,510,1100,1500,1700,2500,6300,38000,230296,200,58,188.84099726928852,5.453611025586724,37977.30074101128,1201.140432313197
1745998526,20,,Aggregated,16.000000,0.000000,58,100,120,190,510,1100,1500,1700,2500,6300,38000,230306,200,58,188.83398573491667,5.453611025586724,37977.30074101128,1201.1433788090628
1745998527,20,,Aggregated,16.000000,0.000000,58,100,120,190,510,1100,1500,1700,2500,6300,38000,230322,200,58,188.82257358158844,5.453611025586724,37977.30074101128,1201.1617691753283
1745998528,20,,Aggregated,15.400000,0.000000,58,100,120,190,510,1100,1500,1700,2500,6300,38000,230340,200,58,188.8099144764689,5.453611025586724,37977.30074101128,1201.1696188243466
1745998529,20,,Aggregated,15.100000,0.000000,58,100,120,190,510,1100,1500,1700,2500,6300,38000,230352,200,58,188.8012239977637,5.453611025586724,37977.30074101128,1201.1643571577413
1745998530,20,,Aggregated,15.400000,0.000000,58,100,120,190,510,1100,1500,1700,2500,6300,38000,230370,200,58,188.788475396066,5.453611025586724,37977.30074101128,1201.1698702087945
1745998531,20,,Aggregated,14.600000,0.000000,58,100,120,190,510,1100,1500,1700,2500,6300,38000,230391,200,58,188.7735252029145,5.453611025586724,37977.30074101128,1201.162462943431
1745998532,20,,Aggregated,14.700000,0.000000,58,100,120,190,510,1100,1500,1700,2500,6300,38000,230414,200,58,188.7569244596065,5.453611025586724,37977.30074101128,1201.148693221766
1745998533,20,,Aggregated,14.700000,0.000000,58,100,120,190,510,1100,1500,1700,2500,6300,38000,230421,200,58,188.75183162076314,5.453611025586724,37977.30074101128,1201.1605235633906
1745998534,20,,Aggregated,16.000000,0.000000,58,100,120,190,510,1100,1500,1700,2500,6300,38000,230445,200,58,188.73444048168676,5.453611025586724,37977.30074101128,1201.1574605654278
1745998535,20,,Aggregated,15.300000,0.000000,58,100,120,190,510,1100,1500,1700,2500,6300,38000,230460,200,58,188.72405466628618,5.453611025586724,37977.30074101128,1201.1587260262083
1745998536,20,,Aggregated,16.800000,0.000000,58,100,120,190,510,1100,1500,1700,2500,6300,38000,230477,200,58,188.7119900738161,5.453611025586724,37977.30074101128,1201.1448951522277
1745998537,20,,Aggregated,16.800000,0.000000,58,100,120,190,510,1100,1500,1700,2500,6300,38000,230493,200,58,188.70023821497267,5.453611025586724,37977.30074101128,1201.136333858295
1745998538,20,,Aggregated,17.200000,0.000000,58,100,120,190,510,1100,1500,1700,2500,6300,38000,230507,200,58,188.6904825161577,5.453611025586724,37977.30074101128,1201.1337616645048
1745998539,20,,Aggregated,16.700000,0.000000,58,100,120,190,510,1100,1500,1700,2500,6300,38000,230526,200,58,188.6768428162967,5.453611025586724,37977.30074101128,1201.1163860041818
1745998540,20,,Aggregated,16.700000,0.000000,58,100,120,190,510,1100,1500,1700,2500,6300,38000,230540,200,58,188.66687536142288,5.453611025586724,37977.30074101128,1201.1154983950723
1745998541,20,,Aggregated,17.100000,0.000000,58,100,120,190,510,1100,1500,1700,2500,6300,38000,230558,200,58,188.65427527451416,5.453611025586724,37977.30074101128,1201.112487963983
1745998542,20,,Aggregated,17.100000,0.000000,58,100,120,190,510,1100,1500,1700,2500,6300,38000,230580,200,58,188.63874018188542,5.453611025586724,37977.30074101128,1201.0970856102003
1745998543,20,,Aggregated,17.200000,0.000000,58,100,120,190,510,1100,1500,1700,2500,6300,38000,230594,200,58,188.6296702200454,5.453611025586724,37977.30074101128,1201.0968498746715
1745998544,20,,Aggregated,17.000000,0.000000,57,100,120,190,510,1100,1500,1700,2500,6300,38000,230611,200,57,188.61745172461164,5.453611025586724,37977.30074101128,1201.0745541192744
1745998545,20,,Aggregated,16.900000,0.000000,57,100,120,190,510,1100,1500,1700,2500,6300,38000,230631,200,57,188.60311500642902,5.453611025586724,37977.30074101128,1201.0479553919465
1745998546,20,,Aggregated,16.100000,0.000000,57,100,120,190,510,1100,1500,1700,2500,6300,38000,230646,200,57,188.59265802211996,5.453611025586724,37977.30074101128,1201.0492312895085
1745998547,20,,Aggregated,17.200000,0.000000,57,100,120,190,510,1100,1500,1700,2500,6300,38000,230671,200,57,188.5745600321954,5.453611025586724,37977.30074101128,1201.0484586272223
1745998548,20,,Aggregated,16.700000,0.000000,57,100,120,190,510,1100,1500,1700,2500,6300,38000,230684,200,57,188.56518916445407,5.453611025586724,37977.30074101128,1201.035667839989
1745998549,20,,Aggregated,17.700000,0.000000,57,100,120,190,510,1100,1500,1700,2500,6300,38000,230703,200,57,188.55495892103193,5.453611025586724,37977.30074101128,1201.0405326328657
1745998550,20,,Aggregated,17.600000,0.000000,57,100,120,190,510,1100,1500,1700,2500,6300,38000,230720,200,57,188.5428663802718,5.453611025586724,37977.30074101128,1201.0200242718447
1745998551,20,,Aggregated,18.000000,0.000000,57,100,120,190,510,1100,1500,1700,2500,6300,38000,230738,200,57,188.53044415776546,5.453611025586724,37977.30074101128,1201.0278324333226
1745998552,20,,Aggregated,17.900000,0.000000,57,100,120,190,510,1100,1500,1700,2500,6300,38000,230747,200,57,188.52427387244052,5.453611025586724,37977.30074101128,1201.0280307002909
1745998553,20,,Aggregated,17.000000,0.000000,57,100,120,190,510,1100,1500,1700,2500,6300,38000,230764,200,57,188.51255302688577,5.453611025586724,37977.30074101128,1201.0410679308732
1745998554,20,,Aggregated,16.400000,0.000000,57,100,120,190,510,1100,1500,1700,2500,6300,38000,230776,200,57,188.50417145922233,5.453611025586724,37977.30074101128,1201.0411221270842
1745998555,20,,Aggregated,16.400000,0.000000,57,100,120,190,510,1100,1500,1700,2500,6300,38000,230796,200,57,188.489601291168,5.453611025586724,37977.30074101128,1201.0433889668798
1745998556,20,,Aggregated,16.700000,0.000000,57,100,120,190,510,1100,1500,1700,2500,6300,38000,230818,200,57,188.47405228765956,5.453611025586724,37977.30074101128,1201.0639768129001
1745998557,20,,Aggregated,16.800000,0.000000,57,100,120,190,510,1100,1500,1700,2500,6300,38000,230830,200,57,188.46562367318722,5.453611025586724,37977.30074101128,1201.0726118788718
1745998558,20,,Aggregated,17.300000,0.000000,57,100,120,190,510,1100,1500,1700,2500,6300,38000,230852,200,57,188.44994893013333,5.453611025586724,37977.30074101128,1201.070703307747
1745998559,20,,Aggregated,15.900000,0.000000,57,100,120,190,510,1100,1500,1700,2500,6300,38000,230868,200,57,188.43872465644466,5.453611025586724,37977.30074101128,1201.0816657137411
1745998560,20,,Aggregated,16.300000,0.000000,57,100,120,190,510,1100,1500,1700,2500,6300,38000,230884,200,57,188.42713705477544,5.453611025586724,37977.30074101128,1201.0817726650612
1745998561,20,,Aggregated,16.400000,0.000000,57,100,120,190,510,1100,1500,1700,2500,6300,38000,230907,200,57,188.41652828222345,5.453611025586724,37977.30074101128,1201.0903957004334
1745998562,20,,Aggregated,16.400000,0.000000,57,100,120,190,510,1100,1500,1700,2500,6300,38000,230921,200,57,188.40672781024745,5.453611025586724,37977.30074101128,1201.1012813906054
1745998563,20,,Aggregated,17.600000,0.000000,57,100,120,190,510,1100,1500,1700,2500,6300,38000,230930,200,57,188.400727588789,5.453611025586724,37977.30074101128,1201.101467977309
1745998564,20,,Aggregated,17.300000,0.000000,57,100,120,190,510,1100,1500,1700,2500,6300,38000,230948,200,57,188.38803443000856,5.453611025586724,37977.30074101128,1201.0910204894608
1745998565,20,,Aggregated,16.900000,0.000000,57,100,120,190,510,1100,1500,1700,2500,6300,38000,230967,200,57,188.37471021574214,5.453611025586724,37977.30074101128,1201.0890906493134
1745998566,20,,Aggregated,17.500000,0.000000,57,100,120,190,510,1100,1500,1700,2500,6300,38000,230980,200,57,188.3656282582792,5.453611025586724,37977.30074101128,1201.0945363234912
1745998567,20,,Aggregated,15.800000,0.000000,57,100,120,190,510,1100,1500,1700,2500,6300,38000,230993,200,57,188.356511780608,5.453611025586724,37977.30074101128,1201.118055525492
1745998568,20,,Aggregated,16.200000,0.000000,57,100,120,190,510,1100,1500,1700,2500,6300,38000,231011,200,57,188.34381231502022,5.453611025586724,37977.30074101128,1201.096969408383
1745998569,20,,Aggregated,16.300000,0.000000,57,100,120,190,500,1100,1500,1700,2500,6300,38000,231028,200,57,188.33160443702587,5.453611025586724,37977.30074101128,1201.073566840383
1745998570,20,,Aggregated,16.400000,0.000000,57,100,120,190,500,1100,1500,1700,2500,6300,38000,231044,200,57,188.32122616385152,5.453611025586724,37977.30074101128,1201.0673291667388
1745998571,20,,Aggregated,15.700000,0.000000,57,100,120,190,500,1100,1500,1700,2500,6300,38000,231071,200,57,188.30181127942706,5.453611025586724,37977.30074101128,1201.0754053948785
1745998572,20,,Aggregated,15.800000,0.000000,57,100,120,190,500,1100,1500,1700,2500,6300,38000,231087,200,57,188.29065080300668,5.453611025586724,37977.30074101128,1201.0590902993245
1745998573,20,,Aggregated,15.400000,0.000000,57,100,120,190,500,1100,1500,1700,2500,6300,38000,231100,200,57,188.2815202442413,5.453611025586724,37977.30074101128,1201.0592384249244
1745998574,20,,Aggregated,16.300000,0.000000,57,100,120,190,500,1100,1500,1700,2500,6300,38000,231117,200,57,188.26980005922724,5.453611025586724,37977.30074101128,1201.0722361401367
1745998575,20,,Aggregated,16.400000,0.000000,57,100,120,190,500,1100,1500,1700,2500,6300,38000,231138,200,57,188.25476152505195,5.453611025586724,37977.30074101128,1201.063870934247
1745998576,20,,Aggregated,16.400000,0.000000,57,100,120,190,500,1100,1500,1700,2500,6300,38000,231149,200,57,188.24721622760896,5.453611025586724,37977.30074101128,1201.0661261783525
1745998577,20,,Aggregated,17.300000,0.000000,57,100,120,190,500,1100,1500,1700,2500,6300,38000,231167,200,57,188.23468005792762,5.453611025586724,37977.30074101128,1201.0716797812836
1745998578,20,,Aggregated,16.500000,0.000000,57,100,120,190,500,1100,1500,1700,2500,6300,38000,231180,200,57,188.22569716881532,5.453611025586724,37977.30074101128,1201.0783415520373
1745998579,20,,Aggregated,16.900000,0.000000,57,100,120,190,500,1100,1500,1700,2500,6300,38000,231191,200,57,188.2181231804808,5.453611025586724,37977.30074101128,1201.0902500529864
1745998580,20,,Aggregated,16.300000,0.000000,57,100,120,190,500,1100,1500,1700,2500,6300,38000,231207,200,57,188.20678154681815,5.453611025586724,37977.30074101128,1201.0913596906669
1745998581,20,,Aggregated,16.700000,0.000000,57,100,120,190,500,1100,1500,1700,2500,6300,38000,231229,200,57,188.19105179583036,5.453611025586724,37977.30074101128,1201.0692084470375
1745998582,20,,Aggregated,16.200000,0.000000,57,100,120,190,500,1100,1500,1700,2500,6300,38000,231242,200,57,188.18153181784072,5.453611025586724,37977.30074101128,1201.0479324690152
1745998583,20,,Aggregated,16.900000,0.000000,57,100,120,190,500,1100,1500,1700,2500,6300,38000,231262,200,57,188.16716024557684,5.453611025586724,37977.30074101128,1201.0396606446368
1745998584,20,,Aggregated,15.800000,0.000000,57,100,120,190,500,1100,1500,1700,2500,6300,38000,231279,200,57,188.15501610545232,5.453611025586724,37977.30074101128,1201.0333406837628
1745998585,20,,Aggregated,16.100000,0.000000,57,100,120,190,500,1100,1500,1700,2500,6300,38000,231299,200,57,188.14060900618435,5.453611025586724,37977.30074101128,1201.005603137065
1745998586,20,,Aggregated,15.900000,0.000000,57,100,120,190,500,1100,1500,1700,2500,6300,38000,231315,200,57,188.12939721037503,5.453611025586724,37977.30074101128,1200.9993947647147
1745998587,20,,Aggregated,16.200000,0.000000,57,100,120,190,500,1100,1500,1700,2500,6300,38000,231329,200,57,188.1195716352984,5.453611025586724,37977.30074101128,1201.0054035594326
1745998588,20,,Aggregated,16.800000,0.000000,57,100,120,190,500,1100,1500,1700,2500,6300,38000,231352,200,57,188.10284518855494,5.453611025586724,37977.30074101128,1200.994523496663
1745998589,20,,Aggregated,16.200000,0.000000,57,100,120,190,500,1100,1500,1700,2500,6300,38000,231368,200,57,188.0918746873645,5.453611025586724,37977.30074101128,1200.997985892604
1745998590,20,,Aggregated,16.800000,0.000000,57,100,120,190,500,1100,1500,1700,2500,6300,38000,231384,200,57,188.08057850524918,5.453611025586724,37977.30074101128,1200.98209469972
1745998591,20,,Aggregated,16.800000,0.000000,57,100,120,190,500,1100,1500,1700,2500,6300,38000,231403,200,57,188.06731723921212,5.453611025586724,37977.30074101128,1200.9898661642244
1745998592,20,,Aggregated,17.500000,0.000000,57,100,120,190,500,1100,1500,1700,2500,6300,38000,231416,200,57,188.05801396516105,5.453611025586724,37977.30074101128,1201.0111962872056
1745998593,20,,Aggregated,16.300000,0.000000,57,100,120,190,500,1100,1500,1700,2500,6300,38000,231441,200,57,188.03941651438046,5.453611025586724,37977.30074101128,1201.0188212114535
1745998594,20,,Aggregated,17.300000,0.000000,57,100,120,190,500,1100,1500,1700,2500,6300,38000,231459,200,57,188.02672977346595,5.453611025586724,37977.30074101128,1201.0232870616394
1745998595,20,,Aggregated,16.200000,0.000000,57,100,120,190,500,1100,1500,1700,2500,6300,38000,231471,200,57,188.018414377543,5.453611025586724,37977.30074101128,1201.0191903089371
1745998596,20,,Aggregated,17.800000,0.000000,57,100,120,190,500,1100,1500,1700,2500,6300,38000,231484,200,57,188.00945470801759,5.453611025586724,37977.30074101128,1201.0342874669523
1745998597,20,,Aggregated,17.500000,0.000000,57,100,120,190,500,1100,1500,1700,2500,6300,38000,231505,200,57,187.99422460908158,5.453611025586724,37977.30074101128,1201.0230880542538
1745998598,20,,Aggregated,17.200000,0.000000,57,100,120,190,500,1100,1500,1700,2500,6300,38000,231516,200,57,187.9866300124044,5.453611025586724,37977.30074101128,1201.0196098757754
1745998599,20,,Aggregated,16.900000,0.000000,57,100,120,190,500,1100,1500,1700,2500,6300,38000,231534,200,57,187.974266605823,5.453611025586724,37977.30074101128,1201.0433154525902
1745998600,20,,Aggregated,17.200000,0.000000,57,100,120,190,500,1100,1500,1700,2500,6300,38000,231543,200,57,187.96828027290988,5.453611025586724,37977.30074101128,1201.0492392341812
1745998601,20,,Aggregated,16.500000,0.000000,57,100,120,190,500,1100,1500,1700,2500,6300,38000,231564,200,57,187.9534729264166,5.453611025586724,37977.30074101128,1201.0532250263427
1745998602,20,,Aggregated,16.000000,0.000000,57,100,120,190,500,1100,1500,1700,2500,6300,38000,231584,200,57,187.9393139319717,5.453611025586724,37977.30074101128,1201.027847346967
1745998603,20,,Aggregated,16.100000,0.000000,57,100,120,190,500,1100,1500,1700,2500,6300,38000,231595,200,57,187.9313842025055,5.453611025586724,37977.30074101128,1201.0258036658822
1745998604,20,,Aggregated,15.500000,0.000000,57,100,120,190,500,1100,1500,1700,2500,6300,38000,231614,200,57,187.92449096910784,5.453611025586724,37977.30074101128,1201.035580750732
1745998605,20,,Aggregated,17.200000,0.000000,57,100,120,190,500,1100,1500,1700,2500,6300,38000,231632,200,57,187.912106959117,5.453611025586724,37977.30074101128,1201.033669786558
1745998606,20,,Aggregated,15.400000,0.000000,57,100,120,190,500,1100,1500,1700,2500,6300,38000,231645,200,57,187.90328331384293,5.453611025586724,37977.30074101128,1201.0402685143215
1745998607,20,,Aggregated,15.800000,0.000000,57,100,120,190,500,1100,1500,1700,2500,6300,38000,231661,200,57,187.89285885979285,5.453611025586724,37977.30074101128,1201.01594571378
1745998608,20,,Aggregated,15.700000,0.000000,57,100,120,190,500,1100,1500,1700,2500,6300,38000,231681,200,57,187.87851543253672,5.453611025586724,37977.30074101128,1201.007635498811
1745998609,20,,Aggregated,15.800000,0.000000,56,100,120,190,500,1100,1500,1700,2500,6300,38000,231697,200,56,187.86701967971786,5.453611025586724,37977.30074101128,1200.988998562778
1745998610,20,,Aggregated,15.500000,0.000000,56,100,120,190,500,1100,1500,1700,2500,6300,38000,231709,200,56,187.85868825750717,5.453611025586724,37977.30074101128,1200.988839449482
1745998611,20,,Aggregated,15.900000,0.000000,56,100,120,190,500,1100,1500,1700,2500,6300,38000,231730,200,56,187.84367808815387,5.453611025586724,37977.30074101128,1200.9872653519183
1745998612,20,,Aggregated,16.700000,0.000000,56,100,120,190,500,1100,1500,1700,2500,6300,38000,231744,200,56,187.8338256532481,5.453611025586724,37977.30074101128,1200.996591066004
1745998613,20,,Aggregated,16.500000,0.000000,56,100,120,190,500,1100,1500,1700,2500,6300,38000,231761,200,56,187.82175699898806,5.453611025586724,37977.30074101128,1200.9988522659119
1745998614,20,,Aggregated,17.000000,0.000000,56,100,120,190,500,1100,1500,1700,2500,6300,38000,231777,200,56,187.81050865826566,5.453611025586724,37977.30074101128,1200.9841787580303
1745998615,20,,Aggregated,16.000000,0.000000,56,100,120,190,500,1100,1500,1700,2500,6300,38000,231793,200,56,187.7992861711508,5.453611025586724,37977.30074101128,1200.9768284633271
1745998616,20,,Aggregated,16.100000,0.000000,56,100,120,190,500,1100,1500,1700,2500,6300,38000,231808,200,56,187.78866518676287,5.453611025586724,37977.30074101128,1200.9684350842076
1745998617,20,,Aggregated,15.500000,0.000000,56,100,120,190,500,1100,1500,1700,2500,6300,38000,231822,200,56,187.77910477226698,5.453611025586724,37977.30074101128,1200.9829006737928
1745998618,20,,Aggregated,16.300000,0.000000,56,100,120,190,500,1100,1500,1700,2500,6300,38000,231840,200,56,187.76621485165794,5.453611025586724,37977.30074101128,1200.9815821256038
1745998619,20,,Aggregated,16.300000,0.000000,56,100,120,190,500,1100,1500,1700,2500,6300,38000,231854,200,56,187.75695897594304,5.453611025586724,37977.30074101128,1200.9892173522992
1745998620,20,,Aggregated,16.100000,0.000000,56,100,120,190,500,1100,1500,1700,2500,6300,38000,231869,200,56,187.74613547521682,5.453611025586724,37977.30074101128,1200.9865700028895
1745998621,20,,Aggregated,16.200000,0.000000,56,100,120,190,500,1100,1500,1700,2500,6300,38000,231891,200,56,187.7301491839706,5.453611025586724,37977.30074101128,1200.956539926086
1745998622,20,,Aggregated,15.400000,0.000000,56,100,120,190,500,1100,1500,1700,2500,6300,38000,231905,200,56,187.72014260308734,5.453611025586724,37977.30074101128,1200.9375520148337
1745998623,20,,Aggregated,16.000000,0.000000,56,100,120,190,500,1100,1500,1700,2500,6300,38000,231929,200,56,187.70281280440616,5.453611025586724,37977.30074101128,1200.91744887444
1745998624,20,,Aggregated,15.900000,0.000000,56,100,120,190,500,1100,1500,1700,2500,6300,38000,231942,200,56,187.69342555328495,5.453611025586724,37977.30074101128,1200.9132584870356
1745998625,20,,Aggregated,15.900000,0.000000,56,100,120,190,500,1100,1500,1700,2500,6300,38000,231968,200,56,187.67477807294517,5.453611025586724,37977.30074101128,1200.9145873568768
1745998626,20,,Aggregated,16.700000,0.000000,56,100,120,190,500,1100,1500,1700,2500,6300,38000,231982,200,56,187.66451226102626,5.453611025586724,37977.30074101128,1200.9114672690123
1745998627,20,,Aggregated,16.700000,0.000000,56,100,120,190,500,1100,1500,1700,2500,6300,38000,231995,200,56,187.65537054146031,5.453611025586724,37977.30074101128,1200.8999288777775
1745998628,20,,Aggregated,17.100000,0.000000,56,100,120,190,500,1100,1500,1700,2500,6300,38000,232016,200,56,187.64035065184416,5.453611025586724,37977.30074101128,1200.9096484725192
1745998629,20,,Aggregated,17.500000,0.000000,56,100,120,190,500,1100,1500,1700,2500,6300,38000,232030,200,56,187.63036273611127,5.453611025586724,37977.30074101128,1200.8991595914322
1745998630,20,,Aggregated,17.100000,0.000000,56,100,120,190,500,1100,1500,1700,2500,6300,38000,232046,200,56,187.61896858774068,5.453611025586724,37977.30074101128,1200.8929738069176
1745998631,20,,Aggregated,17.300000,0.000000,56,100,120,190,500,1100,1500,1700,2500,6300,38000,232066,200,56,187.60471354390356,5.453611025586724,37977.30074101128,1200.8931898683995
1745998632,20,,Aggregated,17.400000,0.000000,56,100,120,190,500,1100,1500,1700,2500,6300,38000,232087,200,56,187.58906463039455,5.453611025586724,37977.30074101128,1200.8933460297217
1745998633,20,,Aggregated,17.300000,0.000000,56,100,120,190,500,1100,1500,1700,2500,6300,38000,232103,200,56,187.57768409869522,5.453611025586724,37977.30074101128,1200.9041287704165
1745998634,20,,Aggregated,17.300000,0.000000,56,100,120,190,500,1100,1500,1700,2500,6300,38000,232118,200,56,187.56703496882687,5.453611025586724,37977.30074101128,1200.894657027891
1745998635,20,,Aggregated,18.000000,0.000000,56,100,120,190,500,1100,1500,1700,2500,6300,38000,232136,200,56,187.55428648234727,5.453611025586724,37977.30074101128,1200.8746941448117
1745998636,20,,Aggregated,17.300000,0.000000,56,100,120,190,500,1100,1500,1700,2500,6300,38000,232151,200,56,187.54357770424687,5.453611025586724,37977.30074101128,1200.8652127279229
1745998637,20,,Aggregated,17.500000,0.000000,56,100,120,190,500,1100,1500,1700,2500,6300,38000,232173,200,56,187.52783421907816,5.453611025586724,37977.30074101128,1200.8420014385824
1745998638,20,,Aggregated,16.800000,0.000000,56,100,120,190,500,1100,1500,1700,2500,6300,38000,232193,200,56,187.51339477843507,5.453611025586724,37977.30074101128,1200.8144991451077
1745998639,20,,Aggregated,16.800000,0.000000,56,100,120,190,500,1100,1500,1700,2500,6300,38000,232208,200,56,187.5030842432358,5.453611025586724,37977.30074101128,1200.824329911114
1745998641,20,,Aggregated,17.600000,0.000000,56,100,120,190,500,1100,1500,1700,2500,6300,38000,232228,200,56,187.48889509501637,5.453611025586724,37977.30074101128,1200.8331338167663
1745998642,20,,Aggregated,17.700000,0.000000,56,100,120,190,500,1100,1500,1700,2500,6300,38000,232240,200,56,187.48032475728232,5.453611025586724,37977.30074101128,1200.8279624526351
1745998643,20,,Aggregated,17.800000,0.000000,56,100,120,190,500,1100,1500,1700,2500,6300,38000,232258,200,56,187.4669833076052,5.453611025586724,37977.30074101128,1200.8080023077785
1745998644,20,,Aggregated,17.400000,0.000000,56,100,120,190,500,1100,1500,1700,2500,6300,38000,232273,200,56,187.45636358260649,5.453611025586724,37977.30074101128,1200.8065035540076
1745998645,20,,Aggregated,17.400000,0.000000,56,100,120,190,500,1100,1500,1700,2500,6300,38000,232289,200,56,187.4451827241742,5.453611025586724,37977.30074101128,1200.809401220032
1745998646,20,,Aggregated,17.100000,0.000000,56,100,120,190,500,1100,1500,1700,2500,6300,38000,232314,200,56,187.42748940746895,5.453611025586724,37977.30074101128,1200.8183406940607
1745998647,20,,Aggregated,17.000000,0.000000,56,100,120,190,500,1100,1500,1700,2500,6300,38000,232323,200,56,187.4210570537338,5.453611025586724,37977.30074101128,1200.8077676338546
1745998648,20,,Aggregated,17.000000,0.000000,56,100,120,190,500,1100,1500,1700,2500,6300,38000,232345,200,56,187.405198086172,5.453611025586724,37977.30074101128,1200.827080419204
1745998649,20,,Aggregated,16.900000,0.000000,56,100,120,190,500,1100,1500,1700,2500,6300,38000,232365,200,56,187.39091693374115,5.453611025586724,37977.30074101128,1200.8539366944246
1745998650,20,,Aggregated,17.200000,0.000000,56,100,120,190,500,1100,1500,1700,2500,6300,38000,232375,200,56,187.3838470584859,5.453611025586724,37977.30074101128,1200.8443851533082
1745998651,20,,Aggregated,17.200000,0.000000,56,100,120,190,500,1100,1500,1700,2500,6300,38000,232395,200,56,187.36977348342467,5.453611025586724,37977.30074101128,1200.8434647905506
1745998652,20,,Aggregated,17.100000,0.000000,56,100,120,190,500,1100,1500,1700,2500,6300,38000,232418,200,56,187.35334519533913,5.453611025586724,37977.30074101128,1200.8308478689257
1745998653,20,,Aggregated,16.700000,0.000000,56,100,120,190,500,1100,1500,1700,2500,6300,38000,232428,200,56,187.3462449030842,5.453611025586724,37977.30074101128,1200.822474056482
1745998654,20,,Aggregated,16.700000,0.000000,56,100,120,190,500,1100,1500,1700,2500,6300,38000,232454,200,56,187.32764698615543,5.453611025586724,37977.30074101128,1200.8141438736266
1745998655,20,,Aggregated,16.800000,0.000000,56,100,120,190,500,1100,1500,1700,2500,6300,38000,232472,200,56,187.31478861760027,5.453611025586724,37977.30074101128,1200.81002443305
1745998656,20,,Aggregated,18.200000,0.000000,56,100,120,190,500,1100,1500,1700,2500,6300,38000,232486,200,56,187.3048657945556,5.453611025586724,37977.30074101128,1200.813322092513
1745998657,20,,Aggregated,18.100000,0.000000,56,100,120,190,500,1100,1500,1700,2500,6300,38000,232505,200,56,187.29148632908888,5.453611025586724,37977.30074101128,1200.815664179265
1745998658,20,,Aggregated,16.800000,0.000000,56,100,120,190,500,1100,1500,1700,2500,6300,38000,232519,200,56,187.28121928282422,5.453611025586724,37977.30074101128,1200.8136066299958
1745998659,20,,Aggregated,18.300000,0.000000,56,100,120,190,500,1100,1500,1700,2500,6300,38000,232541,200,56,187.26753869700698,5.453611025586724,37977.30074101128,1200.824418059611
1745998660,20,,Aggregated,17.300000,0.000000,56,100,120,190,500,1100,1500,1700,2500,6300,38000,232555,200,56,187.25809630670219,5.453611025586724,37977.30074101128,1200.8331577476297
1745998661,20,,Aggregated,17.500000,0.000000,56,100,120,190,500,1100,1500,1700,2500,6300,38000,232565,200,56,187.2512099959186,5.453611025586724,37977.30074101128,1200.8501924193235
1745998662,20,,Aggregated,18.000000,0.000000,56,100,120,190,500,1100,1500,1700,2500,6300,38000,232588,200,56,187.23467048955038,5.453611025586724,37977.30074101128,1200.854596969749
1745998663,20,,Aggregated,16.600000,0.000000,56,100,120,190,500,1100,1500,1700,2500,6300,38000,232608,200,56,187.2204745140198,5.453611025586724,37977.30074101128,1200.8464240266887
1745998664,20,,Aggregated,16.600000,0.000000,56,100,120,190,500,1100,1500,1700,2500,6300,38000,232617,200,56,187.2143258194041,5.453611025586724,37977.30074101128,1200.8539530644794
1745998665,20,,Aggregated,17.900000,0.000000,56,100,120,190,500,1100,1500,1700,2500,6300,38000,232635,200,56,187.20151988752474,5.453611025586724,37977.30074101128,1200.838609839448
1745998666,20,,Aggregated,17.900000,0.000000,56,100,120,190,500,1100,1500,1700,2500,6300,38000,232650,200,56,187.19250166757521,5.453611025586724,37977.30074101128,1200.835387921771
1745998667,20,,Aggregated,16.200000,0.000000,56,100,120,190,500,1100,1500,1700,2500,6300,38000,232671,200,56,187.177727910907,5.453611025586724,37977.30074101128,1200.823832793945
1745998668,20,,Aggregated,16.800000,0.000000,56,100,120,190,500,1100,1500,1700,2500,6300,38000,232684,200,56,187.16880663533377,5.453611025586724,37977.30074101128,1200.8166268415534
1745998669,20,,Aggregated,15.900000,0.000000,55,100,120,190,500,1100,1500,1700,2500,6300,38000,232706,200,55,187.15313934126377,5.453611025586724,37977.30074101128,1200.8115562125602
1745998670,20,,Aggregated,15.800000,0.000000,55,100,120,190,500,1100,1500,1700,2500,6300,38000,232724,200,55,187.14052131900868,5.453611025586724,37977.30074101128,1200.8085371513037
1745998671,20,,Aggregated,16.200000,0.000000,55,100,120,190,500,1100,1500,1700,2500,6300,38000,232738,200,55,187.1307601569395,5.453611025586724,37977.30074101128,1200.8065292302933
1745998672,20,,Aggregated,16.800000,0.000000,55,100,120,190,500,1100,1500,1700,2500,6300,38000,232757,200,55,187.1180390008338,5.453611025586724,37977.30074101128,1200.8153653810627
1745998673,20,,Aggregated,17.400000,0.000000,55,100,120,190,500,1100,1500,1700,2500,6300,38000,232775,200,55,187.10521172076994,5.453611025586724,37977.30074101128,1200.8112855762001
1745998674,20,,Aggregated,16.700000,0.000000,55,100,120,190,500,1100,1500,1700,2500,6300,38000,232789,200,55,187.09576874259605,5.453611025586724,37977.30074101128,1200.829678378274
1745998675,20,,Aggregated,16.300000,0.000000,55,100,120,190,500,1100,1500,1700,2500,6300,38000,232805,200,55,187.08671074661504,5.453611025586724,37977.30074101128,1200.8404501621528
1745998676,20,,Aggregated,17.300000,0.000000,55,100,120,190,500,1100,1500,1700,2500,6300,38000,232821,200,55,187.07558083557447,5.453611025586724,37977.30074101128,1200.8332195119856
1745998677,20,,Aggregated,17.100000,0.000000,55,100,120,190,500,1100,1500,1700,2500,6300,38000,232836,200,55,187.0652795314269,5.453611025586724,37977.30074101128,1200.8429366592795
1745998678,20,,Aggregated,16.400000,0.000000,55,100,120,190,500,1100,1500,1700,2500,6300,38000,232852,200,55,187.05398816443753,5.453611025586724,37977.30074101128,1200.8509267689349
1745998679,20,,Aggregated,17.200000,0.000000,55,100,120,190,500,1100,1500,1700,2500,6300,38000,232866,200,55,187.04423949186534,5.453611025586724,37977.30074101128,1200.8654161620846
1745998680,20,,Aggregated,16.900000,0.000000,55,100,120,190,500,1100,1500,1700,2500,6300,38000,232881,200,55,187.0337952399584,5.453611025586724,37977.30074101128,1200.8687870629205
1745998681,20,,Aggregated,15.900000,0.000000,55,100,120,190,500,1100,1500,1700,2500,6300,38000,232900,200,55,187.02060503049947,5.453611025586724,37977.30074101128,1200.866869901245
1745998682,20,,Aggregated,15.400000,0.000000,55,100,120,190,500,1100,1500,1700,2500,6300,38000,232913,200,55,187.0116611702794,5.453611025586724,37977.30074101128,1200.8553537157652
1745998683,20,,Aggregated,15.900000,0.000000,55,100,120,190,500,1100,1500,1700,2500,6300,38000,232929,200,55,187.0003388614217,5.453611025586724,37977.30074101128,1200.865040420042
1745998684,20,,Aggregated,15.800000,0.000000,55,100,120,190,500,1100,1500,1700,2500,6300,38000,232946,200,55,186.98891584811577,5.453611025586724,37977.30074101128,1200.879113614314
1745998685,20,,Aggregated,15.700000,0.000000,55,100,120,190,500,1100,1500,1700,2500,6300,38000,232963,200,55,186.9770396042539,5.453611025586724,37977.30074101128,1200.8559556667797
1745998686,20,,Aggregated,15.100000,0.000000,55,100,120,190,500,1100,1500,1700,2500,6300,38000,232979,200,55,186.96555326861994,5.453611025586724,37977.30074101128,1200.8560771571688
1745998687,20,,Aggregated,15.400000,0.000000,55,100,120,190,500,1100,1500,1700,2500,6300,38000,233009,200,55,186.94426118831265,5.453611025586724,37977.30074101128,1200.8581428185178
1745998688,20,,Aggregated,16.300000,0.000000,55,100,120,190,500,1100,1500,1700,2500,6300,38000,233017,200,55,186.93877722651317,5.453611025586724,37977.30074101128,1200.8510666603725
1745998689,20,,Aggregated,15.900000,0.000000,55,100,120,190,500,1100,1500,1700,2500,6300,38000,233027,200,55,186.93212954877447,5.453611025586724,37977.30074101128,1200.8607500418407
1745998690,20,,Aggregated,16.700000,0.000000,55,100,120,190,500,1100,1500,1700,2500,6300,38000,233046,200,55,186.919265908461,5.453611025586724,37977.30074101128,1200.878015499086
1745998691,20,,Aggregated,16.400000,0.000000,55,100,120,190,500,1100,1500,1700,2500,6300,38000,233059,200,55,186.91029140942453,5.453611025586724,37977.30074101128,1200.8722512325205
1745998692,20,,Aggregated,16.900000,0.000000,55,100,120,190,500,1100,1500,1700,2500,6300,38000,233077,200,55,186.8977189120211,5.453611025586724,37977.30074101128,1200.8709482274098
1745998693,20,,Aggregated,15.600000,0.000000,55,100,120,190,500,1100,1500,1700,2500,6300,38000,233093,200,55,186.88645392007356,5.453611025586724,37977.30074101128,1200.872196934271
1745998694,20,,Aggregated,16.100000,0.000000,55,100,120,190,500,1100,1500,1700,2500,6300,38000,233111,200,55,186.87394664364726,5.453611025586724,37977.30074101128,1200.8692168108755
1745998695,20,,Aggregated,16.300000,0.000000,55,100,120,190,500,1100,1500,1700,2500,6300,38000,233124,200,55,186.86491978840485,5.453611025586724,37977.30074101128,1200.8719393970591
1745998696,20,,Aggregated,16.100000,0.000000,55,100,120,190,500,1100,1500,1700,2500,6300,38000,233149,200,55,186.84735337528562,5.453611025586724,37977.30074101128,1200.8202908869434
1745998697,20,,Aggregated,16.400000,0.000000,55,100,120,190,500,1100,1500,1700,2500,6300,38000,233162,200,55,186.83853095806495,5.453611025586724,37977.30074101128,1200.8116159580034
1745998698,20,,Aggregated,16.200000,0.000000,55,100,120,190,500,1100,1500,1700,2500,6300,38000,233176,200,55,186.83408778604692,5.453611025586724,37977.30074101128,1200.8265473290562
1745998699,20,,Aggregated,16.000000,0.000000,55,100,120,190,500,1100,1500,1700,2500,6300,38000,233196,200,55,186.8202039067605,5.453611025586724,37977.30074101128,1200.8171966929108
1745998700,20,,Aggregated,15.700000,0.000000,55,100,120,190,500,1100,1500,1700,2500,6300,38000,233214,200,55,186.80765472811515,5.453611025586724,37977.30074101128,1200.8215630279485
1745998701,20,,Aggregated,16.600000,0.000000,55,100,120,190,500,1100,1500,1700,2500,6300,38000,233228,200,55,186.7977480363876,5.453611025586724,37977.30074101128,1200.8111247363095
1745998702,20,,Aggregated,15.900000,0.000000,55,100,120,190,500,1100,1500,1700,2500,6300,38000,233247,200,55,186.7844081918478,5.453611025586724,37977.30074101128,1200.8261713977029
1745998703,20,,Aggregated,17.100000,0.000000,55,100,120,190,500,1100,1500,1700,2500,6300,38000,233265,200,55,186.77164188988567,5.453611025586724,37977.30074101128,1200.8304889289006
1745998704,20,,Aggregated,17.000000,0.000000,55,100,120,190,500,1100,1500,1700,2500,6300,38000,233282,200,55,186.76009749546495,5.453611025586724,37977.30074101128,1200.8645159077855
1745998705,20,,Aggregated,17.300000,0.000000,55,100,120,190,500,1100,1500,1700,2500,6300,38000,233299,200,55,186.748528135185,5.453611025586724,37977.30074101128,1200.8722712056203
1745998706,20,,Aggregated,17.400000,0.000000,55,100,120,190,500,1100,1500,1700,2500,6300,38000,233309,200,55,186.7417677431055,5.453611025586724,37977.30074101128,1200.8650330677342
1745998707,20,,Aggregated,17.100000,0.000000,55,100,120,190,500,1100,1500,1700,2500,6300,38000,233323,200,55,186.7321737635121,5.453611025586724,37977.30074101128,1200.872614358636
1745998708,20,,Aggregated,16.300000,0.000000,55,100,120,190,500,1100,1500,1700,2500,6300,38000,233347,200,55,186.7154494895336,5.453611025586724,37977.30074101128,1200.8696704907284
1745998709,20,,Aggregated,16.500000,0.000000,55,100,120,190,500,1100,1500,1700,2500,6300,38000,233363,200,55,186.70414963627664,5.453611025586724,37977.30074101128,1200.8612890646762
1745998710,20,,Aggregated,17.400000,0.000000,55,100,120,190,500,1100,1500,1700,2500,6300,38000,233378,200,55,186.69570768753016,5.453611025586724,37977.30074101128,1200.8597896974009
1745998711,20,,Aggregated,15.900000,0.000000,55,100,120,190,500,1100,1500,1700,2500,6300,38000,233393,200,55,186.68536016119614,5.453611025586724,37977.30074101128,1200.8711786557437
1745998712,20,,Aggregated,16.700000,0.000000,55,100,120,190,500,1100,1500,1700,2500,6300,38000,233409,200,55,186.67419290886153,5.453611025586724,37977.30074101128,1200.856590791272
1745998713,20,,Aggregated,16.600000,0.000000,55,100,120,190,500,1100,1500,1700,2500,6300,38000,233429,200,55,186.6599659694948,5.453611025586724,37977.30074101128,1200.8568172763453
1745998714,20,,Aggregated,16.500000,0.000000,55,100,120,190,500,1100,1500,1700,2500,6300,38000,233444,200,55,186.64951005343096,5.453611025586724,37977.30074101128,1200.8654323949213
1745998715,20,,Aggregated,15.100000,0.000000,55,100,120,190,500,1100,1500,1700,2500,6300,38000,233457,200,55,186.64049811078561,5.453611025586724,37977.30074101128,1200.8761356481066
1745998716,20,,Aggregated,16.200000,0.000000,55,100,120,190,500,1100,1500,1700,2500,6300,38000,233478,200,55,186.62588025826022,5.453611025586724,37977.30074101128,1200.880494093662
1745998717,20,,Aggregated,16.100000,0.000000,55,100,120,190,500,1100,1500,1700,2500,6300,38000,233492,200,55,186.61620759998337,5.453611025586724,37977.30074101128,1200.878479776609
1745998718,20,,Aggregated,16.100000,0.000000,55,100,120,190,500,1100,1500,1700,2500,6300,38000,233511,200,55,186.60284200600054,5.453611025586724,37977.30074101128,1200.8787594588691
1745998719,20,,Aggregated,16.200000,0.000000,55,100,120,190,500,1100,1500,1700,2500,6300,38000,233521,200,55,186.5959264372848,5.453611025586724,37977.30074101128,1200.8873077796002
1745998720,20,,Aggregated,15.600000,0.000000,55,100,120,190,500,1100,1500,1700,2500,6300,38000,233541,200,55,186.5818389100472,5.453611025586724,37977.30074101128,1200.8736324671042
1745998721,20,,Aggregated,16.800000,0.000000,55,100,120,190,500,1100,1500,1700,2500,6300,38000,233561,200,55,186.5683011448666,5.453611025586724,37977.30074101128,1200.8961770158546
1745998722,20,,Aggregated,15.900000,0.000000,55,100,120,190,500,1100,1500,1700,2500,6300,38000,233570,200,55,186.56230315053955,5.453611025586724,37977.30074101128,1200.9036734169629
1745998723,20,,Aggregated,16.300000,0.000000,55,100,120,190,500,1100,1500,1700,2500,6300,38000,233593,200,55,186.54620886252454,5.453611025586724,37977.30074101128,1200.908079437312
1745998724,20,,Aggregated,15.900000,0.000000,55,100,120,190,500,1100,1500,1700,2500,6300,38000,233601,200,55,186.54096453868442,5.453611025586724,37977.30074101128,1200.9145851259198
1745998725,20,,Aggregated,17.100000,0.000000,55,100,120,190,500,1100,1500,1700,2500,6300,38000,233620,200,55,186.52962659648273,5.453611025586724,37977.30074101128,1200.8940886910368
1745998726,20,,Aggregated,16.000000,0.000000,55,100,120,190,500,1100,1500,1700,2500,6300,38000,233636,200,55,186.51845535206988,5.453611025586724,37977.30074101128,1200.8715951308873
1745998727,20,,Aggregated,15.500000,0.000000,55,100,120,190,500,1100,1500,1700,2500,6300,38000,233651,200,55,186.5078688755526,5.453611025586724,37977.30074101128,1200.885478769618
1745998728,20,,Aggregated,16.000000,0.000000,55,100,120,190,500,1100,1500,1700,2500,6300,38000,233669,200,55,186.49520219934567,5.453611025586724,37977.30074101128,1200.8865703195545
1745998729,20,,Aggregated,15.800000,0.000000,55,100,120,190,500,1100,1500,1700,2500,6300,38000,233682,200,55,186.48598480042915,5.453611025586724,37977.30074101128,1200.8898802646331
1745998730,20,,Aggregated,16.200000,0.000000,55,100,120,190,500,1100,1500,1700,2500,6300,38000,233704,200,54,186.47055284040994,5.453611025586724,37977.30074101128,1200.877477492897
1745998731,20,,Aggregated,15.800000,0.000000,54,100,120,190,500,1100,1500,1700,2500,6300,38000,233720,200,54,186.45929317985085,5.453611025586724,37977.30074101128,1200.8870828341605
1745998732,20,,Aggregated,16.000000,0.000000,54,100,120,190,500,1100,1500,1700,2500,6300,38000,233740,200,54,186.44498357838052,5.453611025586724,37977.30074101128,1200.892936596218
1745998733,20,,Aggregated,15.600000,0.000000,54,100,120,190,500,1100,1500,1700,2500,6300,38000,233750,200,54,186.43786260921738,5.453611025586724,37977.30074101128,1200.8778695187166
1745998734,20,,Aggregated,16.600000,0.000000,54,100,120,190,500,1100,1500,1700,2500,6300,38000,233768,200,54,186.42716933274036,5.453611025586724,37977.30074101128,1200.8855831422607
1745998735,20,,Aggregated,16.200000,0.000000,54,100,120,190,500,1100,1500,1700,2500,6300,38000,233783,200,54,186.41649714546554,5.453611025586724,37977.30074101128,1200.8677192096945
1745998736,20,,Aggregated,15.700000,0.000000,54,100,120,190,500,1100,1500,1700,2500,6300,38000,233802,200,54,186.40330882349397,5.453611025586724,37977.30074101128,1200.8583929992044
1745998737,20,,Aggregated,16.600000,0.000000,54,100,120,190,500,1100,1500,1700,2500,6300,38000,233820,200,54,186.39081926443848,5.453611025586724,37977.30074101128,1200.8622102471986
1745998738,20,,Aggregated,16.600000,0.000000,54,100,120,190,500,1100,1500,1700,2500,6300,38000,233831,200,54,186.3831382465457,5.453611025586724,37977.30074101128,1200.857674987491
1745998739,20,,Aggregated,16.700000,0.000000,54,100,120,190,500,1100,1500,1700,2500,6300,38000,233850,200,54,186.3697473342861,5.453611025586724,37977.30074101128,1200.8556553346161
1745998740,20,,Aggregated,16.400000,0.000000,54,100,120,190,500,1100,1500,1700,2500,6300,38000,233863,200,54,186.36069850480771,5.453611025586724,37977.30074101128,1200.8442122097126
1745998741,20,,Aggregated,16.100000,0.000000,54,100,120,190,500,1100,1500,1700,2500,6300,38000,233882,200,54,186.3477090978327,5.453611025586724,37977.30074101128,1200.852968590999
1745998742,20,,Aggregated,16.900000,0.000000,54,100,120,190,500,1100,1500,1700,2500,6300,38000,233894,200,54,186.33919201079564,5.453611025586724,37977.30074101128,1200.847815677187
1745998743,20,,Aggregated,16.600000,0.000000,54,100,120,190,500,1100,1500,1700,2500,6300,38000,233918,200,54,186.32237865708305,5.453611025586724,37977.30074101128,1200.8544404449422
1745998744,20,,Aggregated,15.200000,0.000000,54,100,120,190,500,1100,1500,1700,2500,6300,38000,233932,200,54,186.31262138080763,5.453611025586724,37977.30074101128,1200.851247371031
1745998745,20,,Aggregated,15.700000,0.000000,54,100,120,190,500,1100,1500,1700,2500,6300,38000,233949,200,54,186.30132343707797,5.453611025586724,37977.30074101128,1200.8472231127298
1745998746,20,,Aggregated,16.800000,0.000000,54,100,120,190,500,1100,1500,1700,2500,6300,38000,233965,200,54,186.2905914089106,5.453611025586724,37977.30074101128,1200.841155728421
1745998747,20,,Aggregated,15.800000,0.000000,54,100,120,190,500,1100,1500,1700,2500,6300,38000,233982,200,54,186.2791335580755,5.453611025586724,37977.30074101128,1200.8372652597209
1745998748,20,,Aggregated,16.100000,0.000000,54,100,120,190,500,1100,1500,1700,2500,6300,38000,233993,200,54,186.27161212109752,5.453611025586724,37977.30074101128,1200.8575769360623
1745998749,20,,Aggregated,16.200000,0.000000,54,100,120,190,500,1100,1500,1700,2500,6300,38000,234010,200,54,186.25992930570058,5.453611025586724,37977.30074101128,1200.849703004145
1745998750,20,,Aggregated,15.900000,0.000000,54,100,120,190,500,1100,1500,1700,2500,6300,38000,234030,200,54,186.24616671776693,5.453611025586724,37977.30074101128,1200.8431568602316
1745998751,20,,Aggregated,16.400000,0.000000,54,100,120,190,500,1100,1500,1700,2500,6300,38000,234046,200,54,186.23483428209457,5.453611025586724,37977.30074101128,1200.8359168710424
1745998752,20,,Aggregated,15.400000,0.000000,54,100,120,190,500,1100,1500,1700,2500,6300,38000,234057,200,54,186.22712060479344,5.453611025586724,37977.30074101128,1200.8381163562722
1745998753,20,,Aggregated,15.800000,0.000000,54,100,120,190,500,1100,1500,1700,2500,6300,38000,234078,200,54,186.2127813955694,5.453611025586724,37977.30074101128,1200.8404420748639
1745998754,20,,Aggregated,16.500000,0.000000,54,100,120,190,500,1100,1500,1700,2500,6300,38000,234095,200,54,186.20123047241202,5.453611025586724,37977.30074101128,1200.8521796706466
1745998755,20,,Aggregated,16.400000,0.000000,54,100,120,190,500,1100,1500,1700,2500,6300,38000,234113,200,54,186.18920381929735,5.453611025586724,37977.30074101128,1200.8418968617718
1745998756,20,,Aggregated,16.000000,0.000000,54,100,120,190,500,1100,1500,1700,2500,6300,38000,234123,200,54,186.18240537137268,5.453611025586724,37977.30074101128,1200.8420103962446
1745998757,20,,Aggregated,16.400000,0.000000,54,100,120,190,500,1100,1500,1700,2500,6300,38000,234141,200,54,186.16997922206033,5.453611025586724,37977.30074101128,1200.8558945250938
1745998758,20,,Aggregated,16.600000,0.000000,54,100,120,190,500,1100,1500,1700,2500,6300,38000,234159,200,54,186.15725432945686,5.453611025586724,37977.30074101128,1200.8433457607864
1745998759,20,,Aggregated,16.100000,0.000000,54,100,120,190,500,1100,1500,1700,2500,6300,38000,234183,200,54,186.14031409809763,5.453611025586724,37977.30074101128,1200.8235183595734
1745998760,20,,Aggregated,15.700000,0.000000,54,100,120,190,500,1100,1500,1700,2500,6300,38000,234195,200,54,186.1319400196451,5.453611025586724,37977.30074101128,1200.8183863874121
1745998761,20,,Aggregated,16.300000,0.000000,54,100,120,190,500,1100,1500,1700,2500,6300,38000,234215,200,54,186.11800958116143,5.453611025586724,37977.30074101128,1200.8186239139252
1745998762,20,,Aggregated,17.200000,0.000000,54,100,120,190,500,1100,1500,1700,2500,6300,38000,234224,200,54,186.1118488786234,5.453611025586724,37977.30074101128,1200.8177001502836
1745998763,20,,Aggregated,16.500000,0.000000,54,100,120,190,500,1100,1500,1700,2500,6300,38000,234245,200,54,186.09741997016238,5.453611025586724,37977.30074101128,1200.8189502444022
1745998764,20,,Aggregated,17.000000,0.000000,54,100,120,190,500,1100,1500,1700,2500,6300,38000,234257,200,54,186.0893165996303,5.453611025586724,37977.30074101128,1200.8414945978136
1745998765,20,,Aggregated,15.800000,0.000000,54,100,120,190,500,1100,1500,1700,2500,6300,38000,234274,200,54,186.07785118718786,5.453611025586724,37977.30074101128,1200.8255333498382
1745998766,20,,Aggregated,16.500000,0.000000,54,100,120,190,500,1100,1500,1700,2500,6300,38000,234291,200,54,186.06615029677369,5.453611025586724,37977.30074101128,1200.8024550665625
1745998767,20,,Aggregated,16.300000,0.000000,54,100,120,190,500,1100,1500,1700,2500,6300,38000,234304,200,54,186.05722141969608,5.453611025586724,37977.30074101128,1200.8046512223436
1745998768,20,,Aggregated,15.900000,0.000000,54,100,120,190,500,1100,1500,1700,2500,6300,38000,234328,200,54,186.05125924969255,5.453611025586724,37977.30074101128,1200.8144225188626
1745998769,20,,Aggregated,16.200000,0.000000,54,100,120,190,500,1100,1500,1700,2500,6300,38000,234341,200,54,186.0421328374539,5.453611025586724,37977.30074101128,1200.818755574142
1745998770,20,,Aggregated,16.300000,0.000000,54,100,120,190,500,1100,1500,1700,2500,6300,38000,234356,200,54,186.03214311023723,5.453611025586724,37977.30074101128,1200.8115815255424
1745998771,20,,Aggregated,16.700000,0.000000,54,100,120,190,500,1100,1500,1700,2500,6300,38000,234372,200,54,186.02101162428949,5.453611025586724,37977.30074101128,1200.8042982950183
1745998772,20,,Aggregated,15.800000,0.000000,54,100,120,190,500,1100,1500,1700,2500,6300,38000,234396,200,54,186.0045103859303,5.453611025586724,37977.30074101128,1200.7908411406338
1745998774,20,,Aggregated,16.100000,0.000000,54,100,120,190,500,1100,1500,1700,2500,6300,38000,234411,200,54,185.9941611554547,5.453611025586724,37977.30074101128,1200.7829922657213
1745998775,20,,Aggregated,15.500000,0.000000,54,100,120,190,500,1100,1500,1700,2500,6300,38000,234427,200,54,185.9833273265965,5.453611025586724,37977.30074101128,1200.7869955252595
1745998776,20,,Aggregated,17.200000,0.000000,54,100,120,190,500,1100,1500,1700,2500,6300,38000,234445,200,54,185.9721891159185,5.453611025586724,37977.30074101128,1200.7671522105397
1745998777,20,,Aggregated,16.800000,0.000000,54,100,120,190,500,1100,1500,1700,2500,6300,38000,234462,200,54,185.9604434010756,5.453611025586724,37977.30074101128,1200.762042463171
1745998778,20,,Aggregated,17.000000,0.000000,54,100,120,190,500,1100,1500,1700,2500,6300,38000,234481,200,54,185.9475500558966,5.453611025586724,37977.30074101128,1200.78371381903
1745998779,20,,Aggregated,17.000000,0.000000,54,100,120,190,500,1100,1500,1700,2500,6300,38000,234490,200,54,185.94119172100986,5.453611025586724,37977.30074101128,1200.7833681606892
1745998780,20,,Aggregated,17.000000,0.000000,54,100,120,190,500,1100,1500,1700,2500,6300,38000,234515,200,54,185.92385874177432,5.453611025586724,37977.30074101128,1200.783664157943
1745998781,20,,Aggregated,17.600000,0.000000,54,100,120,190,500,1100,1500,1700,2500,6300,38000,234527,200,54,185.91566331505751,5.453611025586724,37977.30074101128,1200.7796159930413
1745998782,20,,Aggregated,16.000000,0.000000,54,100,120,190,500,1100,1500,1700,2500,6300,38000,234539,200,54,185.9072788104466,5.453611025586724,37977.30074101128,1200.7912969698004
1745998783,20,,Aggregated,17.100000,0.000000,54,100,120,190,500,1100,1500,1700,2500,6300,38000,234556,200,54,185.89548628648885,5.453611025586724,37977.30074101128,1200.7830155698425
1745998784,20,,Aggregated,16.700000,0.000000,54,100,120,190,500,1100,1500,1700,2500,6300,38000,234574,200,54,185.88295765202372,5.453611025586724,37977.30074101128,1200.7855431548253
1745998785,20,,Aggregated,15.800000,0.000000,54,100,120,190,500,1100,1500,1700,2500,6300,38000,234590,200,54,185.8719695756033,5.453611025586724,37977.30074101128,1200.808777015218
1745998786,20,,Aggregated,16.200000,0.000000,54,100,120,190,500,1100,1500,1700,2500,6300,38000,234612,200,54,185.8568277719922,5.453611025586724,37977.30074101128,1200.806945083798
1745998787,20,,Aggregated,16.200000,0.000000,54,100,120,190,500,1100,1500,1700,2500,6300,38000,234625,200,54,185.84809079727196,5.453611025586724,37977.30074101128,1200.8123857218966
1745998788,20,,Aggregated,16.200000,0.000000,54,100,120,190,500,1100,1500,1700,2500,6300,38000,234641,200,54,185.83727178245024,5.453611025586724,37977.30074101128,1200.8146615467886
1745998789,20,,Aggregated,16.200000,0.000000,54,100,120,190,500,1100,1500,1700,2500,6300,38000,234657,200,54,185.82639034087387,5.453611025586724,37977.30074101128,1200.825387693527
1745998790,20,,Aggregated,16.400000,0.000000,54,100,120,190,500,1100,1500,1700,2500,6300,38000,234676,200,54,185.81336727345666,5.453611025586724,37977.30074101128,1200.8150769571664
1745998791,20,,Aggregated,16.000000,0.000000,54,100,120,190,500,1100,1500,1700,2500,6300,38000,234695,200,54,185.80033172949715,5.453611025586724,37977.30074101128,1200.8131404588935
1745998792,20,,Aggregated,16.100000,0.000000,54,100,120,190,500,1100,1500,1700,2500,6300,38000,234713,200,54,185.78778164018243,5.453611025586724,37977.30074101128,1200.828190172679
1745998793,20,,Aggregated,16.800000,0.000000,54,100,120,190,500,1100,1500,1700,2500,6300,38000,234728,200,54,185.77725361189644,5.453611025586724,37977.30074101128,1200.8115989570908
1745998794,20,,Aggregated,16.900000,0.000000,54,100,120,190,500,1100,1500,1700,2500,6300,38000,234741,200,54,185.76872436235,5.453611025586724,37977.30074101128,1200.8265364806318
1745998795,20,,Aggregated,17.100000,0.000000,54,100,120,190,500,1100,1500,1700,2500,6300,38000,234760,200,54,185.75570513334947,5.453611025586724,37977.30074101128,1200.8329613222013
1745998796,20,,Aggregated,16.600000,0.000000,54,100,120,190,500,1100,1500,1700,2500,6300,38000,234771,200,54,185.74802548301682,5.453611025586724,37977.30074101128,1200.834114946054
1745998797,20,,Aggregated,16.900000,0.000000,53,100,120,190,500,1100,1500,1700,2500,6300,38000,234786,200,53,185.73778538127365,5.453611025586724,37977.30074101128,1200.842652457983
1745998798,20,,Aggregated,16.300000,0.000000,53,100,120,190,500,1100,1500,1700,2500,6300,38000,234805,200,53,185.72453838911795,5.453611025586724,37977.30074101128,1200.8143480760632
1745998799,20,,Aggregated,15.900000,0.000000,53,100,120,190,500,1100,1500,1700,2500,6300,38000,234822,200,53,185.71357823843186,5.453611025586724,37977.30074101128,1200.8188159542121
1745998800,20,,Aggregated,16.400000,0.000000,53,100,120,190,500,1100,1500,1700,2500,6300,38000,234832,200,53,185.7068949194199,5.453611025586724,37977.30074101128,1200.8157576480207
1745998801,20,,Aggregated,16.000000,0.000000,53,100,120,190,500,1100,1500,1700,2500,6300,38000,234852,200,53,185.69276729237959,5.453611025586724,37977.30074101128,1200.8095609149593
1745998802,20,,Aggregated,15.300000,0.000000,53,100,120,190,500,1100,1500,1700,2500,6300,38000,234866,200,53,185.68338969841017,5.453611025586724,37977.30074101128,1200.8266500898385
1745998803,20,,Aggregated,15.500000,0.000000,53,100,120,190,500,1100,1500,1700,2500,6300,38000,234879,200,53,185.67443708894663,5.453611025586724,37977.30074101128,1200.8236368513149
1745998804,20,,Aggregated,15.500000,0.000000,53,100,120,190,500,1100,1500,1700,2500,6300,38000,234889,200,53,185.66769269178042,5.453611025586724,37977.30074101128,1200.8237976235584
1745998805,20,,Aggregated,14.900000,0.000000,53,100,120,190,500,1100,1500,1700,2500,6300,38000,234909,200,53,185.65412228454218,5.453611025586724,37977.30074101128,1200.8212584447595
1745998806,20,,Aggregated,14.800000,0.000000,53,100,120,190,500,1100,1500,1700,2500,6300,38000,234931,200,53,185.63883867357035,5.453611025586724,37977.30074101128,1200.825114608119
1745998807,20,,Aggregated,14.900000,0.000000,53,100,120,190,500,1100,1500,1700,2500,6300,38000,234946,200,53,185.62843481493383,5.453611025586724,37977.30074101128,1200.833693699829
1745998808,20,,Aggregated,15.700000,0.000000,53,100,120,190,500,1100,1500,1700,2500,6300,38000,234958,200,53,185.6201155532448,5.453611025586724,37977.30074101128,1200.8285948978116
1745998809,20,,Aggregated,15.800000,0.000000,53,100,120,190,500,1100,1500,1700,2500,6300,38000,234980,200,53,185.60479917973313,5.453611025586724,37977.30074101128,1200.8140650268108
1745998810,20,,Aggregated,15.000000,0.000000,53,100,120,190,500,1100,1500,1700,2500,6300,38000,234999,200,53,185.59190130224823,5.453611025586724,37977.30074101128,1200.8037268243695
1745998811,20,,Aggregated,15.600000,0.000000,53,100,120,190,500,1100,1500,1700,2500,6300,38000,235004,200,53,185.58868532299124,5.453611025586724,37977.30074101128,1200.8049011931712
1745998812,20,,Aggregated,16.600000,0.000000,53,100,120,190,500,1100,1500,1700,2500,6300,38000,235033,200,53,185.56853781068085,5.453611025586724,37977.30074101128,1200.810447894551
1745998813,20,,Aggregated,15.300000,0.000000,53,100,120,190,500,1100,1500,1700,2500,6300,38000,235041,200,53,185.56304836301393,5.453611025586724,37977.30074101128,1200.8169042847844
1745998814,20,,Aggregated,16.100000,0.000000,53,100,120,190,500,1100,1500,1700,2500,6300,38000,235064,200,53,185.5473273438222,5.453611025586724,37977.30074101128,1200.8045255760132
1745998815,20,,Aggregated,16.200000,0.000000,53,100,120,190,500,1100,1500,1700,2500,6300,38000,235079,200,53,185.53716064983684,5.453611025586724,37977.30074101128,1200.804644396139
1745998816,20,,Aggregated,17.200000,0.000000,53,100,120,190,500,1100,1500,1700,2500,6300,38000,235096,200,53,185.52556077252143,5.453611025586724,37977.30074101128,1200.796789396672
1745998817,20,,Aggregated,16.900000,0.000000,53,100,120,190,490,1100,1500,1700,2500,6300,38000,235121,200,53,185.50836257065632,5.453611025586724,37977.30074101128,1200.7876540164425
1745998818,20,,Aggregated,16.400000,0.000000,53,100,120,190,490,1100,1500,1700,2500,6300,38000,235132,200,53,185.50079131124087,5.453611025586724,37977.30074101128,1200.7664035520474
1745998819,20,,Aggregated,17.100000,0.000000,53,100,120,190,490,1100,1500,1700,2500,6300,38000,235150,200,53,185.4886949485642,5.453611025586724,37977.30074101128,1200.7855113757175
1745998820,20,,Aggregated,17.100000,0.000000,53,100,120,190,490,1100,1500,1700,2500,6300,38000,235167,200,53,185.4771197924233,5.453611025586724,37977.30074101128,1200.7847572150854
1745998821,20,,Aggregated,17.000000,0.000000,53,100,120,190,490,1100,1500,1700,2500,6300,38000,235182,200,53,185.47032695198047,5.453611025586724,37977.30074101128,1200.7932707435093
1745998822,20,,Aggregated,17.200000,0.000000,53,100,120,190,490,1100,1500,1700,2500,6300,38000,235201,200,53,185.4571452366131,5.453611025586724,37977.30074101128,1200.7924328553024
1745998823,20,,Aggregated,17.300000,0.000000,53,100,120,190,490,1100,1500,1700,2500,6300,38000,235219,200,53,185.44485507206946,5.453611025586724,37977.30074101128,1200.811541584651
1745998824,20,,Aggregated,17.500000,0.000000,53,100,120,190,490,1100,1500,1700,2500,6300,38000,235233,200,53,185.4354165232872,5.453611025586724,37977.30074101128,1200.7981618225333
1745998825,20,,Aggregated,17.900000,0.000000,53,100,120,190,490,1100,1500,1700,2500,6300,38000,235244,200,53,185.42842291805724,5.453611025586724,37977.30074101128,1200.8056230977197
1745998826,20,,Aggregated,16.700000,0.000000,53,100,120,190,490,1100,1500,1700,2500,6300,38000,235262,200,53,185.41588717226867,5.453611025586724,37977.30074101128,1200.8099225544286
1745998827,20,,Aggregated,16.500000,0.000000,53,100,120,190,490,1100,1500,1700,2500,6300,38000,235282,200,53,185.40212489574762,5.453611025586724,37977.30074101128,1200.797668329919
1745998828,20,,Aggregated,17.000000,0.000000,53,100,120,190,490,1100,1500,1700,2500,6300,38000,235302,200,53,185.38838388506463,5.453611025586724,37977.30074101128,1200.803125345301
1745998829,20,,Aggregated,16.300000,0.000000,53,100,120,190,490,1100,1500,1700,2500,6300,38000,235312,200,53,185.3817931324088,5.453611025586724,37977.30074101128,1200.807481131434
1745998830,20,,Aggregated,16.300000,0.000000,53,100,120,190,490,1100,1500,1700,2500,6300,38000,235333,200,53,185.36751054483463,5.453611025586724,37977.30074101128,1200.8002405102557
1745998831,20,,Aggregated,16.400000,0.000000,53,100,120,190,490,1100,1500,1700,2500,6300,38000,235350,200,53,185.3559944724792,5.453611025586724,37977.30074101128,1200.7867431485022
1745998832,20,,Aggregated,15.700000,0.000000,53,100,120,190,490,1100,1500,1700,2500,6300,38000,235366,200,53,185.3450266748236,5.453611025586724,37977.30074101128,1200.8046999141761
1745998833,20,,Aggregated,16.800000,0.000000,53,100,120,190,490,1100,1500,1700,2500,6300,38000,235388,200,53,185.32942897320095,5.453611025586724,37977.30074101128,1200.8226715040698
1745998834,20,,Aggregated,16.300000,0.000000,53,100,120,190,490,1100,1500,1700,2500,6300,38000,235400,200,53,185.3211051453783,5.453611025586724,37977.30074101128,1200.825930331351
1745998835,20,,Aggregated,16.100000,0.000000,53,100,120,190,490,1100,1500,1700,2500,6300,38000,235422,200,53,185.30585965723452,5.453611025586724,37977.30074101128,1200.8386471952495
1745998836,20,,Aggregated,17.100000,0.000000,53,100,120,190,490,1100,1500,1700,2500,6300,38000,235434,200,53,185.29760237482623,5.453611025586724,37977.30074101128,1200.8241970148747
1745998837,20,,Aggregated,17.000000,0.000000,53,100,120,190,490,1100,1500,1700,2500,6300,38000,235457,200,53,185.28187934644515,5.453611025586724,37977.30074101128,1200.8212539869276
1745998838,20,,Aggregated,16.600000,0.000000,53,100,120,190,490,1100,1500,1700,2500,6300,38000,235468,200,53,185.27817741773393,5.453611025586724,37977.30074101128,1200.80561265225
1745998839,20,,Aggregated,17.300000,0.000000,53,100,120,190,490,1100,1500,1700,2500,6300,38000,235485,200,53,185.26679055641767,5.453611025586724,37977.30074101128,1200.81558061023
1745998840,20,,Aggregated,17.000000,0.000000,53,100,120,190,490,1100,1500,1700,2500,6300,38000,235501,200,53,185.25621184184212,5.453611025586724,37977.30074101128,1200.8206801669633
1745998841,20,,Aggregated,16.600000,0.000000,53,100,120,190,490,1100,1500,1700,2500,6300,38000,235511,200,53,185.24906671073916,5.453611025586724,37977.30074101128,1200.8124333895232
1745998842,20,,Aggregated,16.800000,0.000000,53,100,120,190,490,1100,1500,1700,2500,6300,38000,235532,200,53,185.2347545468658,5.453611025586724,37977.30074101128,1200.813689859552
1745998843,20,,Aggregated,15.900000,0.000000,53,100,120,190,490,1100,1500,1700,2500,6300,38000,235547,200,53,185.22416778754507,5.453611025586724,37977.30074101128,1200.80549953937
1745998844,20,,Aggregated,16.200000,0.000000,53,100,120,190,490,1100,1500,1700,2500,6300,38000,235564,200,53,185.21289141976624,5.453611025586724,37977.30074101128,1200.8099624730435
1745998845,20,,Aggregated,16.800000,0.000000,53,100,120,190,490,1100,1500,1700,2500,6300,38000,235581,200,53,185.20148166681457,5.453611025586724,37977.30074101128,1200.8144162729593
1745998846,20,,Aggregated,15.200000,0.000000,53,100,120,190,490,1100,1500,1700,2500,6300,38000,235596,200,53,185.1914504614797,5.453611025586724,37977.30074101128,1200.8324716888233
1745998847,20,,Aggregated,16.400000,0.000000,53,100,120,190,490,1100,1500,1700,2500,6300,38000,235614,200,53,185.1792935379468,5.453611025586724,37977.30074101128,1200.8128252141214
1745998848,20,,Aggregated,16.200000,0.000000,53,100,120,190,490,1100,1500,1700,2500,6300,38000,235631,200,53,185.16816499330093,5.453611025586724,37977.30074101128,1200.8434671159566
1745998849,20,,Aggregated,15.600000,0.000000,53,100,120,190,490,1100,1500,1700,2500,6300,38000,235650,200,53,185.1549476826961,5.453611025586724,37977.30074101128,1200.8605007426268
1745998850,20,,Aggregated,16.300000,0.000000,53,100,120,190,490,1100,1500,1700,2500,6300,38000,235660,200,53,185.14817371032385,5.453611025586724,37977.30074101128,1200.860587286769
1745998851,20,,Aggregated,16.600000,0.000000,53,100,120,190,490,1100,1500,1700,2500,6300,38000,235675,200,53,185.13814478819654,5.453611025586724,37977.30074101128,1200.8523814575155
1745998852,20,,Aggregated,15.900000,0.000000,53,100,120,190,490,1100,1500,1700,2500,6300,38000,235697,200,53,185.1232128293593,5.453611025586724,37977.30074101128,1200.8724930737344
1745998853,20,,Aggregated,16.700000,0.000000,53,100,120,190,490,1100,1500,1700,2500,6300,38000,235717,200,53,185.10986816033412,5.453611025586724,37977.30074101128,1200.8862916123996
1745998854,20,,Aggregated,16.000000,0.000000,53,100,120,190,490,1100,1500,1700,2500,6300,38000,235729,200,53,185.10170821838457,5.453611025586724,37977.30074101128,1200.8842951015786
1745998855,20,,Aggregated,16.200000,0.000000,53,100,120,190,490,1100,1500,1700,2500,6300,38000,235745,200,53,185.0912830891275,5.453611025586724,37977.30074101128,1200.8793781416362
1745998856,20,,Aggregated,17.800000,0.000000,53,100,120,190,490,1100,1500,1700,2500,6300,38000,235763,200,53,185.0792304197027,5.453611025586724,37977.30074101128,1200.884731700903
1745998857,20,,Aggregated,16.000000,0.000000,53,100,120,190,490,1100,1500,1700,2500,6300,38000,235782,200,53,185.06615378516764,5.453611025586724,37977.30074101128,1200.8868870397232
1745998858,20,,Aggregated,16.400000,0.000000,53,100,120,190,490,1100,1500,1700,2500,6300,38000,235803,200,53,185.05168279396594,5.453611025586724,37977.30074101128,1200.8744884501045
1745998859,20,,Aggregated,16.300000,0.000000,53,100,120,190,490,1100,1500,1700,2500,6300,38000,235821,200,53,185.03922046863673,5.453611025586724,37977.30074101128,1200.8453445621892
1745998860,20,,Aggregated,16.400000,0.000000,53,100,120,190,490,1100,1500,1700,2500,6300,38000,235836,200,53,185.0289532032153,5.453611025586724,37977.30074101128,1200.8444215471768
1745998861,20,,Aggregated,17.000000,0.000000,53,100,120,190,490,1100,1500,1700,2500,6300,38000,235853,200,53,185.01752240933033,5.453611025586724,37977.30074101128,1200.8561010459905
1745998862,20,,Aggregated,17.500000,0.000000,53,100,120,190,490,1100,1500,1700,2500,6300,38000,235869,200,53,185.00672539293276,5.453611025586724,37977.30074101128,1200.845833916284
1745998863,20,,Aggregated,17.000000,0.000000,53,100,120,190,490,1100,1500,1700,2500,6300,38000,235887,200,53,184.99436607108757,5.453611025586724,37977.30074101128,1200.8449554235715
1745998864,20,,Aggregated,17.700000,0.000000,53,100,120,190,490,1100,1500,1700,2500,6300,38000,235903,200,53,184.98360130986313,5.453611025586724,37977.30074101128,1200.8555931887258
1745998865,20,,Aggregated,16.400000,0.000000,52,100,120,190,490,1100,1500,1700,2500,6300,38000,235926,200,52,184.96781503126698,5.453611025586724,37977.30074101128,1200.8672719412018
1745998866,20,,Aggregated,17.000000,0.000000,52,100,120,190,490,1100,1500,1700,2500,6300,38000,235946,200,52,184.95434372617643,5.453611025586724,37977.30074101128,1200.8591287837048
1745998867,20,,Aggregated,17.400000,0.000000,52,100,120,190,490,1100,1500,1700,2500,6300,38000,235962,200,52,184.9464187531116,5.453611025586724,37977.30074101128,1200.8519549758012
1745998868,20,,Aggregated,17.500000,0.000000,52,100,120,190,490,1100,1500,1700,2500,6300,38000,235978,200,52,184.93552296900427,5.453611025586724,37977.30074101128,1200.8447651899753
1745998869,20,,Aggregated,18.300000,0.000000,52,100,120,190,490,1100,1500,1700,2500,6300,38000,235994,200,52,184.9245248104546,5.453611025586724,37977.30074101128,1200.8626744747748
1745998870,20,,Aggregated,17.600000,0.000000,52,100,120,190,490,1100,1500,1700,2400,6300,38000,236014,200,52,184.91122612630062,5.453611025586724,37977.30074101128,1200.8639741710238
1745998871,20,,Aggregated,17.600000,0.000000,52,100,120,190,490,1100,1500,1700,2400,6300,38000,236030,200,52,184.90308603094618,5.453611025586724,37977.30074101128,1200.8651951023176
1745998872,20,,Aggregated,17.000000,0.000000,52,100,120,190,490,1100,1500,1700,2400,6300,38000,236045,200,52,184.8929671508118,5.453611025586724,37977.30074101128,1200.8736808659366
1745998873,20,,Aggregated,17.600000,0.000000,52,100,120,190,490,1100,1500,1700,2400,6300,38000,236061,200,52,184.88192892185262,5.453611025586724,37977.30074101128,1200.8675850733496
1745998874,20,,Aggregated,16.900000,0.000000,52,100,120,190,490,1100,1500,1700,2400,6300,38000,236078,200,52,184.87104875532899,5.453611025586724,37977.30074101128,1200.870877421869
1745998875,20,,Aggregated,18.100000,0.000000,52,100,120,190,490,1100,1500,1700,2400,6300,38000,236101,200,52,184.85548779140606,5.453611025586724,37977.30074101128,1200.8679124611924
1745998876,20,,Aggregated,16.800000,0.000000,52,100,120,190,490,1100,1500,1700,2400,6300,38000,236111,200,52,184.84901100572054,5.453611025586724,37977.30074101128,1200.8690997031058
1745998877,20,,Aggregated,17.100000,0.000000,52,100,120,190,490,1100,1500,1700,2400,6300,38000,236128,200,52,184.8376524360891,5.453611025586724,37977.30074101128,1200.8735262230655
1745998878,20,,Aggregated,17.500000,0.000000,52,100,120,190,490,1100,1500,1700,2400,6300,38000,236150,200,52,184.8227736312343,5.453611025586724,37977.30074101128,1200.893550709295
1745998879,20,,Aggregated,16.700000,0.000000,52,100,120,190,490,1100,1500,1700,2400,6300,38000,236164,200,52,184.81324184642793,5.453611025586724,37977.30074101128,1200.9000355685032
1745998880,20,,Aggregated,16.900000,0.000000,52,100,120,190,490,1100,1500,1700,2400,6300,38000,236180,200,52,184.8023494894743,5.453611025586724,37977.30074101128,1200.917994749767
1745998881,20,,Aggregated,16.500000,0.000000,52,100,120,190,490,1100,1500,1700,2400,6300,38000,236197,200,52,184.79071352898214,5.453611025586724,37977.30074101128,1200.9202868791729
1745998882,20,,Aggregated,17.200000,0.000000,52,100,120,190,490,1100,1500,1700,2400,6300,38000,236219,200,52,184.77605272139252,5.453611025586724,37977.30074101128,1200.9331129164038
1745998883,20,,Aggregated,16.700000,0.000000,52,100,120,190,490,1100,1500,1700,2400,6300,38000,236232,200,52,184.76711529787917,5.453611025586724,37977.30074101128,1200.9206585051984
1745998884,20,,Aggregated,16.700000,0.000000,52,100,120,190,490,1100,1500,1700,2400,6300,38000,236246,200,52,184.75780915495417,5.453611025586724,37977.30074101128,1200.9365153272436
1745998885,20,,Aggregated,16.900000,0.000000,52,100,120,190,490,1100,1500,1700,2400,6300,38000,236267,200,52,184.74362232602905,5.453611025586724,37977.30074101128,1200.937731464826
1745998886,20,,Aggregated,16.800000,0.000000,52,100,120,190,490,1100,1500,1700,2400,6300,38000,236285,200,52,184.7314428867277,5.453611025586724,37977.30074101128,1200.9336479251751
1745998887,20,,Aggregated,16.900000,0.000000,52,100,120,190,490,1100,1500,1700,2400,6300,38000,236295,200,52,184.72469620950488,5.453611025586724,37977.30074101128,1200.92543219281
1745998888,20,,Aggregated,16.600000,0.000000,52,100,120,190,490,1100,1500,1700,2400,6300,38000,236317,200,52,184.70994257263467,5.453611025586724,37977.30074101128,1200.9121349712464
1745998889,20,,Aggregated,16.900000,0.000000,52,100,120,190,490,1100,1500,1700,2400,6300,38000,236335,200,52,184.69784397381602,5.453611025586724,37977.30074101128,1200.9091459157553
1745998890,20,,Aggregated,16.400000,0.000000,52,100,120,190,490,1100,1500,1700,2400,6300,38000,236349,200,52,184.6884207934183,5.453611025586724,37977.30074101128,1200.9238372068423
1745998891,20,,Aggregated,16.700000,0.000000,52,100,120,190,490,1100,1500,1700,2400,6300,38000,236372,200,52,184.67298297244693,5.453611025586724,37977.30074101128,1200.9209847190023
1745998892,20,,Aggregated,16.800000,0.000000,52,100,120,190,490,1100,1500,1700,2400,6300,38000,236385,200,52,184.6641384576651,5.453611025586724,37977.30074101128,1200.9179981809336
1745998893,20,,Aggregated,17.200000,0.000000,52,100,120,190,490,1100,1500,1700,2400,6300,38000,236400,200,52,184.65403002765177,5.453611025586724,37977.30074101128,1200.9276395939087
1745998894,20,,Aggregated,17.500000,0.000000,52,100,120,190,490,1100,1500,1700,2400,6300,38000,236419,200,52,184.6412971698,5.453611025586724,37977.30074101128,1200.9101595049467
1745998895,20,,Aggregated,16.700000,0.000000,52,100,120,190,490,1100,1500,1700,2400,6300,38000,236433,200,52,184.63202896425153,5.453611025586724,37977.30074101128,1200.9009402240804
1745998896,20,,Aggregated,17.000000,0.000000,52,100,120,190,490,1100,1500,1700,2400,6300,38000,236451,200,52,184.61972615054125,5.453611025586724,37977.30074101128,1200.888539274522
1745998897,20,,Aggregated,17.100000,0.000000,52,100,120,190,490,1100,1500,1700,2400,6300,38000,236464,200,52,184.61102548949393,5.453611025586724,37977.30074101128,1200.8866423641655
1745998898,20,,Aggregated,16.600000,0.000000,52,100,120,190,490,1100,1500,1700,2400,6300,38000,236480,200,52,184.59999808350412,5.453611025586724,37977.30074101128,1200.8700101488498
1745998899,20,,Aggregated,16.400000,0.000000,52,100,120,190,490,1100,1500,1700,2400,6300,38000,236496,200,52,184.58947193394815,5.453611025586724,37977.30074101128,1200.8622851972127
1745998900,20,,Aggregated,16.800000,0.000000,52,100,120,190,490,1100,1500,1700,2400,6300,38000,236514,200,52,184.57715810694052,5.453611025586724,37977.30074101128,1200.843112881267
1745998901,20,,Aggregated,16.300000,0.000000,52,100,120,190,490,1100,1500,1700,2400,6300,38000,236531,200,52,184.56570705566676,5.453611025586724,37977.30074101128,1200.8558159395598
1745998902,20,,Aggregated,16.000000,0.000000,52,100,120,190,490,1100,1500,1700,2400,6300,38000,236548,200,52,184.5539833041349,5.453611025586724,37977.30074101128,1200.8496753301656
1745998904,20,,Aggregated,16.000000,0.000000,52,100,120,190,490,1100,1500,1700,2400,6300,38000,236562,200,52,184.54461039555017,5.453611025586724,37977.30074101128,1200.8487796011193
1745998905,20,,Aggregated,15.900000,0.000000,52,100,120,190,490,1100,1500,1700,2400,6300,38000,236570,200,52,184.53930691884412,5.453611025586724,37977.30074101128,1200.8540854715307
1745998906,20,,Aggregated,16.100000,0.000000,52,100,120,190,490,1100,1500,1700,2400,6300,38000,236592,200,52,184.5243439007997,5.453611025586724,37977.30074101128,1200.8730388178806
1745998907,20,,Aggregated,15.100000,0.000000,52,100,120,190,490,1100,1500,1700,2400,6300,38000,236614,200,52,184.50930208956333,5.453611025586724,37977.30074101128,1200.8753497257137
1745998908,20,,Aggregated,15.100000,0.000000,52,100,120,190,490,1100,1500,1700,2400,6300,38000,236628,200,52,184.4999616676507,5.453611025586724,37977.30074101128,1200.8661739101037
1745998909,20,,Aggregated,15.700000,0.000000,52,100,120,190,490,1100,1500,1700,2400,6300,38000,236642,200,52,184.4903650413186,5.453611025586724,37977.30074101128,1200.8725881289035
1745998910,20,,Aggregated,16.200000,0.000000,52,100,120,190,490,1100,1500,1700,2400,6300,38000,236658,200,52,184.47949154596466,5.453611025586724,37977.30074101128,1200.8665500426775
1745998911,20,,Aggregated,16.200000,0.000000,52,100,120,190,490,1100,1500,1700,2400,6300,38000,236676,200,52,184.46718977482064,5.453611025586724,37977.30074101128,1200.8582408017712
1745998912,20,,Aggregated,16.200000,0.000000,52,100,120,190,490,1100,1500,1700,2400,6300,38000,236690,200,52,184.45772459874544,5.453611025586724,37977.30074101128,1200.8689551734335
1745998913,20,,Aggregated,16.200000,0.000000,52,100,120,190,490,1100,1500,1700,2400,6300,38000,236707,200,52,184.44598882497635,5.453611025586724,37977.30074101128,1200.8460924265019
1745998914,20,,Aggregated,16.000000,0.000000,52,100,120,190,490,1100,1500,1700,2400,6300,38000,236720,200,52,184.43739438635248,5.453611025586724,37977.30074101128,1200.8442379182156
1745998915,20,,Aggregated,15.900000,0.000000,52,100,120,190,490,1100,1500,1700,2400,6300,38000,236739,200,52,184.42457629462643,5.453611025586724,37977.30074101128,1200.8256476541676
1745998916,20,,Aggregated,15.800000,0.000000,52,100,120,190,490,1100,1500,1700,2400,6300,38000,236758,200,52,184.41171250430406,5.453611025586724,37977.30074101128,1200.8237271813414
1745998917,20,,Aggregated,15.800000,0.000000,52,100,120,190,490,1100,1500,1700,2400,6300,38000,236766,200,52,184.40655226165995,5.453611025586724,37977.30074101128,1200.8301276365694
1745998918,20,,Aggregated,16.200000,0.000000,52,100,120,190,490,1100,1500,1700,2400,6300,38000,236783,200,52,184.39510072439145,5.453611025586724,37977.30074101128,1200.8339703441547
1745998919,20,,Aggregated,15.300000,0.000000,52,100,120,190,490,1100,1500,1700,2400,6300,38000,236799,200,52,184.3843109592051,5.453611025586724,37977.30074101128,1200.8212281301865
1745998920,20,,Aggregated,15.200000,0.000000,52,100,120,190,490,1100,1500,1700,2400,6300,38000,236815,200,52,184.3733717090099,5.453611025586724,37977.30074101128,1200.8140320503346
1745998921,20,,Aggregated,15.500000,0.000000,52,100,120,190,490,1100,1500,1700,2400,6300,38000,236831,200,52,184.36271476813158,5.453611025586724,37977.30074101128,1200.8079981083558
1745998922,20,,Aggregated,15.500000,0.000000,52,100,120,190,490,1100,1500,1700,2400,6300,38000,236841,200,52,184.3563675162875,5.453611025586724,37977.30074101128,1200.818680042729
1745998923,20,,Aggregated,15.000000,0.000000,52,100,120,190,490,1100,1500,1700,2400,6300,38000,236856,200,52,184.34733872505882,5.453611025586724,37977.30074101128,1200.8199623399871
1745998924,20,,Aggregated,15.000000,0.000000,52,100,120,190,490,1100,1500,1700,2400,6300,38000,236874,200,52,184.3351877745003,5.453611025586724,37977.30074101128,1200.8159696716398
1745998925,20,,Aggregated,14.500000,0.000000,52,100,120,190,490,1100,1500,1700,2400,6300,38000,236889,200,52,184.3250322087296,5.453611025586724,37977.30074101128,1200.8050183841376
1745998926,20,,Aggregated,14.500000,0.000000,52,100,120,190,490,1100,1500,1700,2400,6300,38000,236906,200,52,184.3130405535015,5.453611025586724,37977.30074101128,1200.7766582526403
1745998927,20,,Aggregated,14.400000,0.000000,52,100,120,190,490,1100,1500,1700,2400,6300,38000,236921,200,52,184.3027338433052,5.453611025586724,37977.30074101128,1200.7591137974262
1745998928,20,,Aggregated,15.200000,0.000000,52,100,120,190,490,1100,1500,1700,2400,6300,38000,236940,200,52,184.2900174298691,5.453611025586724,37977.30074101128,1200.7594454292225
1745998929,20,,Aggregated,15.200000,0.000000,52,100,120,190,490,1100,1500,1700,2400,6300,38000,236947,200,52,184.28545868972685,5.453611025586724,37977.30074101128,1200.7637783977007
1745998930,20,,Aggregated,15.600000,0.000000,52,100,120,190,490,1100,1500,1700,2400,6300,38000,236964,200,52,184.27424967144233,5.453611025586724,37977.30074101128,1200.7765230161544
1745998931,20,,Aggregated,14.900000,0.000000,52,100,120,190,490,1100,1500,1700,2400,6300,38000,236983,200,52,184.26318058392633,5.453611025586724,37977.30074101128,1200.7674010372052
1745998932,20,,Aggregated,15.200000,0.000000,52,100,120,190,490,1100,1500,1700,2400,6300,38000,236992,200,52,184.2572712046112,5.453611025586724,37977.30074101128,1200.7664900081015
1745998933,20,,Aggregated,15.700000,0.000000,52,100,120,190,490,1100,1500,1700,2400,6300,38000,237013,200,52,184.24287063034808,5.453611025586724,37977.30074101128,1200.7854885596992
1745998934,20,,Aggregated,14.900000,0.000000,52,100,120,190,490,1100,1500,1700,2400,6300,38000,237024,200,52,184.23740581947274,5.453611025586724,37977.30074101128,1200.7887977588766
1745998935,20,,Aggregated,15.500000,0.000000,52,100,120,190,490,1100,1500,1700,2400,6300,38000,237042,200,52,184.22510187551381,5.453611025586724,37977.30074101128,1200.8014697817264
1745998936,20,,Aggregated,14.700000,0.000000,52,100,120,190,490,1100,1500,1700,2400,6300,38000,237056,200,52,184.21589915562777,5.453611025586724,37977.30074101128,1200.808914349352
1745998937,20,,Aggregated,15.700000,0.000000,52,100,120,190,490,1100,1500,1700,2400,6300,38000,237076,200,52,184.20274048314798,5.453611025586724,37977.30074101128,1200.8018399163138
1745998938,20,,Aggregated,14.700000,0.000000,52,100,120,190,490,1100,1500,1700,2400,6300,38000,237093,200,52,184.19161480827447,5.453611025586724,37977.30074101128,1200.8311759520525
1745998939,20,,Aggregated,15.500000,0.000000,52,100,120,190,490,1100,1500,1700,2400,6300,38000,237107,200,52,184.18232226355556,5.453611025586724,37977.30074101128,1200.838629816918
1745998940,20,,Aggregated,15.200000,0.000000,52,100,120,190,490,1100,1500,1700,2400,6300,38000,237124,200,52,184.17100435501692,5.453611025586724,37977.30074101128,1200.8418801977025
1745998941,20,,Aggregated,15.800000,0.000000,52,100,120,190,490,1100,1500,1700,2400,6300,38000,237137,200,52,184.16223663602008,5.453611025586724,37977.30074101128,1200.8596929201262
1745998942,20,,Aggregated,15.400000,0.000000,51,100,120,190,490,1100,1500,1700,2400,6300,38000,237158,200,51,184.14818476920524,5.453611025586724,37977.30074101128,1200.856821190936
1745998943,20,,Aggregated,15.200000,0.000000,51,100,120,190,490,1100,1500,1700,2400,6300,38000,237170,200,51,184.14049162308407,5.453611025586724,37977.30074101128,1200.8622380570898
1745998944,20,,Aggregated,16.400000,0.000000,51,100,120,190,490,1100,1500,1700,2400,6300,38000,237185,200,51,184.1304030219613,5.453611025586724,37977.30074101128,1200.854033771107
1745998945,20,,Aggregated,15.500000,0.000000,51,100,120,190,490,1100,1500,1700,2400,6300,38000,237196,200,51,184.12330673076224,5.453611025586724,37977.30074101128,1200.8573373918616
1745998946,20,,Aggregated,16.000000,0.000000,51,100,120,190,490,1100,1500,1700,2400,6300,38000,237219,200,51,184.10794056763626,5.453611025586724,37977.30074101128,1200.8378839806255
1745998947,20,,Aggregated,15.200000,0.000000,51,100,120,190,490,1100,1500,1700,2400,6300,38000,237229,200,51,184.10128558223948,5.453611025586724,37977.30074101128,1200.8463004101523
1745998948,20,,Aggregated,15.700000,0.000000,51,100,120,190,490,1100,1500,1700,2400,6300,38000,237247,200,51,184.0893689357873,5.453611025586724,37977.30074101128,1200.8351127727642
1745998949,20,,Aggregated,15.100000,0.000000,51,100,120,190,490,1100,1500,1700,2400,6300,38000,237261,200,51,184.07979801216143,5.453611025586724,37977.30074101128,1200.8372636042166
1745998950,20,,Aggregated,15.400000,0.000000,51,100,120,190,490,1100,1500,1700,2400,6300,38000,237287,200,51,184.06198936992757,5.453611025586724,37977.30074101128,1200.8073219350406
1745998951,20,,Aggregated,15.200000,0.000000,51,100,120,190,490,1100,1500,1700,2400,6300,38000,237298,200,51,184.0545641698031,5.453611025586724,37977.30074101128,1200.8084223213007
1745998952,20,,Aggregated,16.600000,0.000000,51,100,120,190,490,1100,1500,1700,2400,6300,38000,237314,200,51,184.04384179924406,5.453611025586724,37977.30074101128,1200.8037031106467
1745998953,20,,Aggregated,15.800000,0.000000,51,100,120,190,490,1100,1500,1700,2400,6300,38000,237327,200,51,184.0351991329866,5.453611025586724,37977.30074101128,1200.7899901823223
1745998954,20,,Aggregated,15.600000,0.000000,51,100,120,190,490,1100,1500,1700,2400,6300,38000,237352,200,51,184.01825911462265,5.453611025586724,37977.30074101128,1200.805790555799
1745998955,20,,Aggregated,16.300000,0.000000,51,100,120,190,490,1100,1500,1700,2400,6300,38000,237362,200,51,184.01172031479481,5.453611025586724,37977.30074101128,1200.8070373522298
1745998956,20,,Aggregated,16.100000,0.000000,51,100,120,190,490,1100,1500,1700,2400,6300,38000,237382,200,51,183.9983197711054,5.453611025586724,37977.30074101128,1200.8322197976258
1745998957,20,,Aggregated,16.700000,0.000000,51,100,120,190,490,1100,1500,1700,2400,6300,38000,237399,200,51,183.98725520939317,5.453611025586724,37977.30074101128,1200.8377710099874
1745998958,20,,Aggregated,16.700000,0.000000,51,100,120,190,490,1100,1500,1700,2400,6300,38000,237416,200,51,183.975672037625,5.453611025586724,37977.30074101128,1200.8315825386662
1745998959,20,,Aggregated,16.200000,0.000000,51,100,120,190,490,1100,1500,1700,2400,6300,38000,237430,200,51,183.96624322007392,5.453611025586724,37977.30074101128,1200.8212525797078
1745998960,20,,Aggregated,16.700000,0.000000,51,100,120,190,490,1100,1500,1700,2400,6300,38000,237453,200,51,183.9507710890009,5.453611025586724,37977.30074101128,1200.8089811457426
1745998961,20,,Aggregated,16.500000,0.000000,51,100,120,190,490,1100,1500,1700,2400,6300,38000,237459,200,51,183.94687770373224,5.453611025586724,37977.30074101128,1200.8195056830864
1745998962,20,,Aggregated,16.100000,0.000000,51,100,120,190,490,1100,1500,1700,2400,6300,38000,237479,200,51,183.93368622186784,5.453611025586724,37977.30074101128,1200.8374508903946
1745998963,20,,Aggregated,16.300000,0.000000,51,100,120,190,490,1100,1500,1700,2400,6300,38000,237491,200,51,183.9256970875851,5.453611025586724,37977.30074101128,1200.8417624246813
1745998964,20,,Aggregated,16.000000,0.000000,51,100,120,190,490,1100,1500,1700,2400,6300,38000,237510,200,51,183.91304885301656,5.453611025586724,37977.30074101128,1200.832638625742
1745998965,20,,Aggregated,15.900000,0.000000,51,100,120,190,490,1100,1500,1700,2400,6300,38000,237528,200,51,183.90080379168518,5.453611025586724,37977.30074101128,1200.8202948704995
1745998966,20,,Aggregated,16.200000,0.000000,51,100,120,190,490,1100,1500,1700,2400,6300,38000,237541,200,51,183.89211679595533,5.453611025586724,37977.30074101128,1200.8267499084368
1745998967,20,,Aggregated,16.300000,0.000000,51,100,120,190,490,1100,1500,1700,2400,6300,38000,237550,200,51,183.88613069373588,5.453611025586724,37977.30074101128,1200.8310587244791
1745998968,20,,Aggregated,15.800000,0.000000,51,100,120,190,490,1100,1500,1700,2400,6300,38000,237568,200,51,183.8738907011298,5.453611025586724,37977.30074101128,1200.8229349070582
1745998969,20,,Aggregated,16.000000,0.000000,51,100,120,190,490,1100,1500,1700,2400,6300,38000,237584,200,51,183.8630964102278,5.453611025586724,37977.30074101128,1200.825186039464
1745998970,20,,Aggregated,15.300000,0.000000,51,100,120,190,490,1100,1500,1700,2400,6300,38000,237602,200,51,183.85083035955154,5.453611025586724,37977.30074101128,1200.838864992719
1745998971,20,,Aggregated,15.600000,0.000000,51,100,120,190,490,1100,1500,1700,2400,6300,38000,237620,200,51,183.83853942801207,5.453611025586724,37977.30074101128,1200.8110302163118
1745998972,20,,Aggregated,14.700000,0.000000,51,100,120,190,490,1100,1500,1700,2400,6300,38000,237634,200,51,183.82900605121384,5.453611025586724,37977.30074101128,1200.8256983428298
1745998973,20,,Aggregated,15.200000,0.000000,51,100,120,190,490,1100,1500,1700,2400,6300,38000,237651,200,51,183.81745196974632,5.453611025586724,37977.30074101128,1200.8206740135745
1745998974,20,,Aggregated,15.800000,0.000000,51,100,120,190,490,1100,1500,1700,2400,6300,38000,237664,200,51,183.80865962617767,5.453611025586724,37977.30074101128,1200.827146728154
1745998975,20,,Aggregated,16.000000,0.000000,51,100,120,190,490,1100,1500,1700,2400,6300,38000,237685,200,51,183.7942362847982,5.453611025586724,37977.30074101128,1200.8074426236406
1745998976,20,,Aggregated,15.200000,0.000000,51,100,120,190,490,1100,1500,1700,2400,6300,38000,237703,200,51,183.78186803609879,5.453611025586724,37977.30074101128,1200.7816897557036
1745998977,20,,Aggregated,15.700000,0.000000,51,100,120,190,490,1100,1500,1700,2400,6300,38000,237724,200,51,183.76768523979464,5.453611025586724,37977.30074101128,1200.7674445996197
1745998978,20,,Aggregated,16.100000,0.000000,51,100,120,190,490,1100,1500,1700,2400,6300,38000,237739,200,51,183.7574966204175,5.453611025586724,37977.30074101128,1200.7748623490465
1745998979,20,,Aggregated,16.800000,0.000000,51,100,120,190,490,1100,1500,1700,2400,6300,38000,237756,200,51,183.7499027736458,5.453611025586724,37977.30074101128,1200.761587509884
1745998980,20,,Aggregated,17.000000,0.000000,51,100,120,190,490,1100,1500,1700,2400,6300,38000,237772,200,51,183.73940604660697,5.453611025586724,37977.30074101128,1200.7638536076577
1745998981,20,,Aggregated,16.700000,0.000000,51,100,120,190,490,1100,1500,1700,2400,6300,38000,237792,200,51,183.72629391852502,5.453611025586724,37977.30074101128,1200.7652191831517
1745998982,20,,Aggregated,17.000000,0.000000,51,100,120,190,490,1100,1500,1700,2400,6300,38000,237812,200,51,183.71290580349478,5.453611025586724,37977.30074101128,1200.7737876978454
1745998983,20,,Aggregated,17.700000,0.000000,51,100,120,190,490,1100,1500,1700,2400,6300,38000,237831,200,51,183.6997807014672,5.453611025586724,37977.30074101128,1200.748342310296
1745998984,20,,Aggregated,17.100000,0.000000,51,100,120,190,490,1100,1500,1700,2400,6300,38000,237846,200,51,183.68966375214407,5.453611025586724,37977.30074101128,1200.7378261564206
1745998985,20,,Aggregated,17.700000,0.000000,51,100,120,190,490,1100,1500,1700,2400,6300,38000,237861,200,51,183.67943642636902,5.453611025586724,37977.30074101128,1200.7296446243815
1745998986,20,,Aggregated,17.900000,0.000000,51,100,120,190,490,1100,1500,1700,2400,6300,38000,237882,200,51,183.66553176815765,5.453611025586724,37977.30074101128,1200.7319385241422
1745998987,20,,Aggregated,17.800000,0.000000,51,100,120,190,490,1100,1500,1700,2400,6300,38000,237900,200,51,183.65359719059367,5.453611025586724,37977.30074101128,1200.7291172761666
1745998988,20,,Aggregated,17.400000,0.000000,51,100,120,190,490,1100,1500,1700,2400,6300,38000,237914,200,51,183.64412584304586,5.453611025586724,37977.30074101128,1200.7260858965844
1745998989,20,,Aggregated,17.500000,0.000000,51,100,120,190,490,1100,1500,1700,2400,6300,38000,237931,200,51,183.6326285414973,5.453611025586724,37977.30074101128,1200.7045109716682
1745998990,20,,Aggregated,17.600000,0.000000,51,100,120,190,490,1100,1500,1700,2400,6300,38000,237948,200,51,183.62395818533682,5.453611025586724,37977.30074101128,1200.7061374754148
1745998991,20,,Aggregated,18.000000,0.000000,51,100,120,190,490,1100,1500,1700,2400,6300,38000,237959,200,51,183.616589241625,5.453611025586724,37977.30074101128,1200.69341777365
1745998992,20,,Aggregated,17.500000,0.000000,51,100,120,190,490,1100,1500,1700,2400,6300,38000,237979,200,51,183.60295221032797,5.453611025586724,37977.30074101128,1200.6925232898702
1745998993,20,,Aggregated,17.000000,0.000000,51,100,120,190,490,1100,1500,1700,2400,6300,38000,237997,200,51,183.59063799483687,5.453611025586724,37977.30074101128,1200.6968911372833
1745998994,20,,Aggregated,16.500000,0.000000,51,100,120,190,490,1100,1500,1700,2400,6300,38000,238010,200,51,183.58171429049688,5.453611025586724,37977.30074101128,1200.6845678752993
1745998995,20,,Aggregated,16.600000,0.000000,51,100,120,190,490,1100,1500,1700,2400,6300,38000,238031,200,51,183.56778735254528,5.453611025586724,37977.30074101128,1200.686923131861
1745998996,20,,Aggregated,16.500000,0.000000,51,100,120,190,490,1100,1500,1700,2400,6300,38000,238046,200,51,183.5577884236843,5.453611025586724,37977.30074101128,1200.6787595674787
1745998997,20,,Aggregated,15.700000,0.000000,51,100,120,190,490,1100,1500,1700,2400,6300,38000,238056,200,51,183.55077653849173,5.453611025586724,37977.30074101128,1200.6777774977315
1745998998,20,,Aggregated,16.500000,0.000000,51,100,120,190,490,1100,1500,1700,2400,6300,38000,238080,200,51,183.54060088359537,5.453611025586724,37977.30074101128,1200.6760164650539
1745998999,20,,Aggregated,15.900000,0.000000,51,100,120,190,490,1100,1500,1700,2400,6300,38000,238093,200,51,183.53205439635346,5.453611025586724,37977.30074101128,1200.673035326532
1745999000,20,,Aggregated,15.200000,0.000000,51,100,120,190,490,1100,1500,1700,2400,6300,38000,238108,200,51,183.52222630541715,5.453611025586724,37977.30074101128,1200.6815058712853
1745999001,20,,Aggregated,15.700000,0.000000,51,100,120,190,490,1100,1500,1700,2400,6300,38000,238128,200,51,183.50854713699428,5.453611025586724,37977.30074101128,1200.672470268091
1745999002,20,,Aggregated,16.100000,0.000000,51,100,120,190,490,1100,1500,1700,2400,6300,38000,238143,200,51,183.49861696565807,5.453611025586724,37977.30074101128,1200.6808892136237
1745999003,20,,Aggregated,15.800000,0.000000,51,100,120,190,490,1100,1500,1700,2400,6300,38000,238161,200,51,183.48640457549607,5.453611025586724,37977.30074101128,1200.6769664218743
1745999004,20,,Aggregated,16.700000,0.000000,51,100,120,190,490,1100,1500,1700,2400,6300,38000,238181,200,51,183.47270811988588,5.453611025586724,37977.30074101128,1200.6512400233437
1745999005,20,,Aggregated,16.000000,0.000000,51,100,120,190,490,1100,1500,1700,2400,6300,38000,238199,200,51,183.46059123150607,5.453611025586724,37977.30074101128,1200.656627441761
1745999006,20,,Aggregated,16.700000,0.000000,51,100,120,190,490,1100,1500,1700,2400,6300,38000,238209,200,51,183.45438095643104,5.453611025586724,37977.30074101128,1200.6672208019008
1745999007,20,,Aggregated,17.300000,0.000000,51,100,120,190,490,1100,1500,1700,2400,6300,38000,238224,200,51,183.4445308788894,5.453611025586724,37977.30074101128,1200.6685346564577
1745999008,20,,Aggregated,16.500000,0.000000,51,100,120,190,490,1100,1500,1700,2400,6300,38000,238243,200,51,183.43176639324486,5.453611025586724,37977.30074101128,1200.651225849238
1745999009,20,,Aggregated,16.400000,0.000000,51,100,120,190,490,1100,1500,1700,2400,6300,38000,238256,200,51,183.4232382815494,5.453611025586724,37977.30074101128,1200.6482816802095
1745999010,20,,Aggregated,17.600000,0.000000,51,100,120,190,490,1100,1500,1700,2400,6300,38000,238276,200,51,183.40998307309522,5.453611025586724,37977.30074101128,1200.6401945642867
1745999011,20,,Aggregated,16.400000,0.000000,51,100,120,190,490,1100,1500,1700,2400,6300,38000,238292,200,51,183.39959435381064,5.453611025586724,37977.30074101128,1200.6435843419
1745999012,20,,Aggregated,16.000000,0.000000,51,100,120,190,490,1100,1500,1700,2400,6300,38000,238312,200,51,183.38644204436733,5.453611025586724,37977.30074101128,1200.6437569236966
1745999013,20,,Aggregated,16.600000,0.000000,51,100,120,190,490,1100,1500,1700,2400,6300,38000,238323,200,51,183.37893176256424,5.453611025586724,37977.30074101128,1200.6293979179518
1745999014,20,,Aggregated,16.500000,0.000000,51,100,120,190,490,1100,1500,1700,2400,6300,38000,238338,200,51,183.36889113645816,5.453611025586724,37977.30074101128,1200.629563896651
1745999015,20,,Aggregated,16.700000,0.000000,51,100,120,190,490,1100,1500,1700,2400,6300,38000,238353,200,51,183.3589480174954,5.453611025586724,37977.30074101128,1200.6049556749863
1745999016,20,,Aggregated,15.800000,0.000000,51,100,120,190,490,1100,1500,1700,2400,6300,38000,238366,200,51,183.35021101027039,5.453611025586724,37977.30074101128,1200.6102590134499
1745999017,20,,Aggregated,15.400000,0.000000,51,100,120,190,490,1100,1500,1700,2400,6300,38000,238388,200,51,183.3354058739295,5.453611025586724,37977.30074101128,1200.595936037049
1745999018,20,,Aggregated,15.600000,0.000000,51,100,120,190,490,1100,1500,1700,2400,6300,38000,238401,200,51,183.3269977234149,5.453611025586724,37977.30074101128,1200.6095444230518
1745999019,20,,Aggregated,15.800000,0.000000,51,100,120,190,490,1100,1500,1700,2400,6300,38000,238413,200,51,183.3202727430841,5.453611025586724,37977.30074101128,1200.6151761858623
1745999020,20,,Aggregated,15.400000,0.000000,51,100,120,190,490,1100,1500,1700,2400,6300,38000,238433,200,51,183.30702686074773,5.453611025586724,37977.30074101128,1200.6047568918732
1745999021,20,,Aggregated,15.600000,0.000000,50,100,120,190,490,1100,1500,1700,2400,6300,38000,238450,200,50,183.29555783022636,5.453611025586724,37977.30074101128,1200.61532816104
1745999022,20,,Aggregated,15.900000,0.000000,50,100,120,190,490,1100,1500,1700,2400,6300,38000,238467,200,50,183.2841067685174,5.453611025586724,37977.30074101128,1200.635236741352
1745999023,20,,Aggregated,15.700000,0.000000,50,100,120,190,490,1100,1500,1700,2400,6300,38000,238487,200,50,183.2708093233218,5.453611025586724,37977.30074101128,1200.652001995916
1745999024,20,,Aggregated,15.800000,0.000000,50,100,120,190,490,1100,1500,1700,2400,6300,38000,238497,200,50,183.2642184740734,5.453611025586724,37977.30074101128,1200.6604275944771
1745999025,20,,Aggregated,15.300000,0.000000,50,100,120,190,490,1100,1500,1700,2400,6300,38000,238513,200,50,183.25374621391484,5.453611025586724,37977.30074101128,1200.6626850528064
1745999026,20,,Aggregated,16.200000,0.000000,50,100,120,190,490,1100,1500,1700,2400,6300,38000,238527,200,50,183.2444795951939,5.453611025586724,37977.30074101128,1200.674171058203
1745999027,20,,Aggregated,15.800000,0.000000,50,100,120,190,490,1100,1500,1700,2400,6300,38000,238545,200,50,183.232655256665,5.453611025586724,37977.30074101128,1200.6672074451362
1745999028,20,,Aggregated,15.700000,0.000000,50,100,120,190,490,1100,1500,1700,2400,6300,38000,238562,200,50,183.2212015660192,5.453611025586724,37977.30074101128,1200.6539515932966
1745999029,20,,Aggregated,15.900000,0.000000,50,100,120,190,490,1100,1500,1700,2400,6300,38000,238575,200,50,183.21252763842875,5.453611025586724,37977.30074101128,1200.6344336162633
1745999030,20,,Aggregated,15.500000,0.000000,50,100,120,190,490,1100,1500,1700,2400,6300,38000,238594,200,50,183.1996210135097,5.453611025586724,37977.30074101128,1200.6438426783575
1745999031,20,,Aggregated,16.200000,0.000000,50,100,120,190,490,1100,1500,1700,2400,6300,38000,238610,200,50,183.18915097277048,5.453611025586724,37977.30074101128,1200.642026738192
1745999032,20,,Aggregated,15.900000,0.000000,50,100,120,190,490,1100,1500,1700,2400,6300,38000,238623,200,50,183.18079523715082,5.453611025586724,37977.30074101128,1200.6649861916078
1745999033,20,,Aggregated,16.400000,0.000000,50,100,120,190,490,1100,1500,1700,2400,6300,38000,238634,200,50,183.17333602595673,5.453611025586724,37977.30074101128,1200.6672142276457
1745999034,20,,Aggregated,15.600000,0.000000,50,100,120,190,490,1100,1500,1700,2400,6300,38000,238662,200,50,183.1544204409783,5.453611025586724,37977.30074101128,1200.6302092499016
1745999036,20,,Aggregated,15.600000,0.000000,50,100,120,190,490,1100,1500,1700,2400,6300,38000,238676,200,50,183.1450150153462,5.453611025586724,37977.30074101128,1200.620095862173
1745999037,20,,Aggregated,14.700000,0.000000,50,100,120,190,490,1100,1500,1700,2400,6300,38000,238688,200,50,183.137113565474,5.453611025586724,37977.30074101128,1200.6233953948251
1745999038,20,,Aggregated,16.300000,0.000000,50,100,120,190,490,1100,1500,1700,2400,6300,38000,238709,200,50,183.122830622977,5.453611025586724,37977.30074101128,1200.6080122659807
1745999039,20,,Aggregated,15.900000,0.000000,50,100,120,190,490,1100,1500,1700,2400,6300,38000,238725,200,50,183.1121928251271,5.453611025586724,37977.30074101128,1200.6225992250497
1745999040,20,,Aggregated,16.400000,0.000000,50,100,120,190,490,1100,1500,1700,2400,6300,38000,238739,200,50,183.10292167950482,5.453611025586724,37977.30074101128,1200.6001114187459
1745999041,20,,Aggregated,16.400000,0.000000,50,100,120,190,480,1100,1500,1700,2400,6300,38000,238758,200,50,183.09048107969932,5.453611025586724,37977.30074101128,1200.6076361839184
1745999042,20,,Aggregated,16.300000,0.000000,50,100,120,190,480,1100,1500,1700,2400,6300,38000,238776,200,50,183.0788834959134,5.453611025586724,37977.30074101128,1200.5976145006198
1745999043,20,,Aggregated,15.900000,0.000000,50,100,120,190,480,1100,1500,1700,2400,6300,38000,238786,200,50,183.07245821630644,5.453611025586724,37977.30074101128,1200.5988667677334
1745999044,20,,Aggregated,15.900000,0.000000,50,100,120,190,480,1100,1500,1700,2400,6300,38000,238807,200,50,183.05805718982865,5.453611025586724,37977.30074101128,1200.5825624876993
1745999045,20,,Aggregated,16.200000,0.000000,50,100,120,190,480,1100,1500,1700,2400,6300,38000,238827,200,50,183.04500048347313,5.453611025586724,37977.30074101128,1200.583916391363
1745999046,20,,Aggregated,16.200000,0.000000,50,100,110,190,480,1100,1500,1700,2400,6300,38000,238842,200,50,183.03469893727888,5.453611025586724,37977.30074101128,1200.5746937305835
1745999047,20,,Aggregated,16.300000,0.000000,50,100,110,190,480,1100,1500,1700,2400,6300,38000,238856,200,50,183.02576576538635,5.453611025586724,37977.30074101128,1200.5760541916468
1745999048,20,,Aggregated,16.300000,0.000000,50,100,110,190,480,1100,1500,1700,2400,6300,38000,238871,200,50,183.01592963895098,5.453611025586724,37977.30074101128,1200.5856340870178
1745999049,20,,Aggregated,16.600000,0.000000,50,100,110,190,480,1100,1500,1700,2400,6300,38000,238882,200,50,183.00858070202472,5.453611025586724,37977.30074101128,1200.6032560008707
1745999050,20,,Aggregated,16.200000,0.000000,50,100,110,190,480,1100,1500,1700,2400,6300,38000,238903,200,50,182.9990316555762,5.453611025586724,37977.30074101128,1200.612734038501
1745999051,20,,Aggregated,15.800000,0.000000,50,100,110,190,480,1100,1500,1700,2400,6300,38000,238912,200,50,182.9931487848602,5.453611025586724,37977.30074101128,1200.6201195419235
1745999052,20,,Aggregated,15.900000,0.000000,50,100,110,190,480,1100,1500,1700,2400,6300,38000,238933,200,50,182.97907240921876,5.453611025586724,37977.30074101128,1200.621362473999
1745999053,20,,Aggregated,15.900000,0.000000,50,100,110,190,480,1100,1500,1700,2400,6300,38000,238947,200,50,182.97001169761572,5.453611025586724,37977.30074101128,1200.6123324419223
1745999054,20,,Aggregated,15.200000,0.000000,50,100,110,190,480,1100,1500,1700,2400,6300,38000,238960,200,50,182.96144356657254,5.453611025586724,37977.30074101128,1200.6176221961834
1745999055,20,,Aggregated,16.200000,0.000000,50,100,110,190,480,1100,1500,1700,2400,6300,38000,238987,200,50,182.94353042133375,5.453611025586724,37977.30074101128,1200.6116734383043
1745999056,20,,Aggregated,16.200000,0.000000,50,100,110,190,480,1100,1500,1700,2400,6300,38000,238999,200,50,182.9356029266106,5.453611025586724,37977.30074101128,1200.6148896020486
1745999057,20,,Aggregated,15.800000,0.000000,50,100,110,190,480,1100,1500,1700,2400,6300,38000,239013,200,50,182.92664599591566,5.453611025586724,37977.30074101128,1200.631635099346
1745999058,20,,Aggregated,15.700000,0.000000,50,100,110,190,480,1100,1500,1700,2400,6300,38000,239034,200,50,182.91265139984498,5.453611025586724,37977.30074101128,1200.6246266221542
1745999059,20,,Aggregated,15.400000,0.000000,50,100,110,190,480,1100,1500,1700,2400,6300,38000,239051,200,50,182.90130677059187,5.453611025586724,37977.30074101128,1200.6278743866371
1745999060,20,,Aggregated,16.100000,0.000000,50,100,110,190,480,1100,1500,1700,2400,6300,38000,239067,200,50,182.89089797942344,5.453611025586724,37977.30074101128,1200.6435434417967
1745999061,20,,Aggregated,16.400000,0.000000,50,100,110,190,480,1100,1500,1700,2400,6300,38000,239082,200,50,182.88109003089446,5.453611025586724,37977.30074101128,1200.6644331233636
1745999062,20,,Aggregated,16.700000,0.000000,50,100,110,190,480,1100,1500,1700,2400,6300,38000,239097,200,50,182.87089392213028,5.453611025586724,37977.30074101128,1200.671794292693
1745999063,20,,Aggregated,16.700000,0.000000,50,100,110,190,480,1100,1500,1700,2400,6300,38000,239114,200,50,182.8595354762003,5.453611025586724,37977.30074101128,1200.6750545764783
1745999064,20,,Aggregated,16.400000,0.000000,50,100,110,190,480,1100,1500,1700,2400,6300,38000,239132,200,50,182.84762567784207,5.453611025586724,37977.30074101128,1200.6844922469597
1745999065,20,,Aggregated,16.400000,0.000000,50,100,110,190,480,1100,1500,1700,2400,6300,38000,239146,200,50,182.83844964560194,5.453611025586724,37977.30074101128,1200.6703060055363
1745999066,20,,Aggregated,16.600000,0.000000,50,100,110,190,480,1100,1500,1700,2400,6300,38000,239164,200,50,182.82610489998726,5.453611025586724,37977.30074101128,1200.674662574635
1745999067,20,,Aggregated,16.100000,0.000000,50,100,110,190,480,1100,1500,1700,2400,6300,38000,239181,200,50,182.81671418049027,5.453611025586724,37977.30074101128,1200.6763204435135
1745999068,20,,Aggregated,16.200000,0.000000,50,100,110,190,480,1100,1500,1700,2400,6300,38000,239198,200,50,182.8065541436157,5.453611025586724,37977.30074101128,1200.674119348824
1745999069,20,,Aggregated,16.500000,0.000000,50,100,110,190,480,1100,1500,1700,2400,6300,38000,239207,200,50,182.8007367893231,5.453611025586724,37977.30074101128,1200.6814725321583
1745999070,20,,Aggregated,16.500000,0.000000,50,100,110,190,480,1100,1500,1700,2400,6300,38000,239226,200,50,182.7881338913223,5.453611025586724,37977.30074101128,1200.6961116266627
1745999071,20,,Aggregated,16.000000,0.000000,50,100,110,190,480,1100,1500,1700,2400,6300,38000,239245,200,50,182.7753802445536,5.453611025586724,37977.30074101128,1200.6848795168132
1745999072,20,,Aggregated,16.200000,0.000000,50,100,110,190,480,1100,1500,1700,2400,6300,38000,239266,200,50,182.76132090093964,5.453611025586724,37977.30074101128,1200.6932451748264
1745999073,20,,Aggregated,15.800000,0.000000,50,100,110,190,480,1100,1500,1700,2400,6300,38000,239277,200,50,182.7541412226342,5.453611025586724,37977.30074101128,1200.7036948808286
1745999074,20,,Aggregated,17.100000,0.000000,50,100,110,190,480,1100,1500,1700,2400,6300,38000,239296,200,50,182.7413703196641,5.453611025586724,37977.30074101128,1200.702907695908
1745999075,20,,Aggregated,16.100000,0.000000,50,100,110,190,480,1100,1500,1700,2400,6300,38000,239312,200,50,182.7307495943804,5.453611025586724,37977.30074101128,1200.7051714916092
1745999076,20,,Aggregated,16.400000,0.000000,50,100,110,190,480,1100,1500,1700,2400,6300,38000,239332,200,50,182.71711877490077,5.453611025586724,37977.30074101128,1200.7114176123544
1745999077,20,,Aggregated,16.000000,0.000000,50,100,110,190,480,1100,1500,1700,2400,6300,38000,239352,200,50,182.7034911660165,5.453611025586724,37977.30074101128,1200.7269962231358
1745999078,20,,Aggregated,16.500000,0.000000,50,100,110,190,480,1100,1500,1700,2400,6300,38000,239361,200,50,182.69760009888162,5.453611025586724,37977.30074101128,1200.7260831965107
1745999079,20,,Aggregated,16.800000,0.000000,50,100,110,190,480,1100,1500,1700,2400,6300,38000,239384,200,50,182.68228061935417,5.453611025586724,37977.30074101128,1200.740893292785
1745999080,20,,Aggregated,16.600000,0.000000,50,100,110,190,480,1100,1500,1700,2400,6300,38000,239402,200,50,182.66998473680778,5.453611025586724,37977.30074101128,1200.7357707955657
1745999081,20,,Aggregated,17.200000,0.000000,50,100,110,190,480,1100,1500,1700,2400,6300,38000,239418,200,50,182.6592352516013,5.453611025586724,37977.30074101128,1200.7204804985422
1745999082,20,,Aggregated,16.800000,0.000000,50,100,110,190,480,1100,1500,1700,2400,6300,38000,239432,200,50,182.64975452693756,5.453611025586724,37977.30074101128,1200.7185422165792
1745999083,20,,Aggregated,17.400000,0.000000,50,100,110,190,480,1100,1500,1700,2400,6300,38000,239453,200,50,182.6355616875907,5.453611025586724,37977.30074101128,1200.7373054419866
1745999084,20,,Aggregated,16.700000,0.000000,50,100,110,190,480,1100,1500,1700,2400,6300,38000,239468,200,50,182.62540751096242,5.453611025586724,37977.30074101128,1200.7363990178228
1745999085,20,,Aggregated,17.700000,0.000000,50,100,110,190,480,1100,1500,1700,2400,6300,38000,239486,200,50,182.61336679977293,5.453611025586724,37977.30074101128,1200.7417677860083
1745999086,20,,Aggregated,17.300000,0.000000,50,100,110,190,480,1100,1500,1700,2400,6300,38000,239502,200,50,182.6028043416647,5.453611025586724,37977.30074101128,1200.7357809120592
1745999087,20,,Aggregated,17.800000,0.000000,50,100,110,190,480,1100,1500,1700,2400,6300,38000,239520,200,50,182.59077234140466,5.453611025586724,37977.30074101128,1200.7246409485638
1745999088,20,,Aggregated,16.600000,0.000000,50,100,110,190,480,1100,1500,1700,2400,6300,38000,239538,200,50,182.57863693623517,5.453611025586724,37977.30074101128,1200.7381876779468
1745999089,20,,Aggregated,16.900000,0.000000,50,100,110,190,480,1100,1500,1700,2400,6300,38000,239554,200,50,182.56786760795077,5.453611025586724,37977.30074101128,1200.7557502692503
1745999090,20,,Aggregated,17.100000,0.000000,50,100,110,190,480,1100,1500,1700,2400,6300,38000,239571,200,50,182.55648688091915,5.453611025586724,37977.30074101128,1200.7425314416187
1745999091,20,,Aggregated,16.900000,0.000000,50,100,110,190,480,1100,1500,1700,2400,6300,38000,239592,200,50,182.54248046373493,5.453611025586724,37977.30074101128,1200.7448412300912
1745999092,20,,Aggregated,17.200000,0.000000,50,100,110,190,480,1100,1500,1700,2400,6300,38000,239605,200,50,182.53343613960902,5.453611025586724,37977.30074101128,1200.758360635212
1745999093,20,,Aggregated,16.800000,0.000000,50,100,110,190,480,1100,1500,1700,2400,6300,38000,239619,200,50,182.5240069249031,5.453611025586724,37977.30074101128,1200.7729103284798
1745999094,20,,Aggregated,16.800000,0.000000,50,100,110,190,480,1100,1500,1700,2400,6300,38000,239635,200,50,182.51317228302773,5.453611025586724,37977.30074101128,1200.7833705427004
1745999095,20,,Aggregated,16.100000,0.000000,50,100,110,190,480,1100,1500,1700,2400,6300,38000,239656,200,50,182.5018493614494,5.453611025586724,37977.30074101128,1200.7939671863003
1745999096,20,,Aggregated,16.800000,0.000000,50,100,110,190,480,1100,1500,1700,2400,6300,38000,239669,200,50,182.4930668059662,5.453611025586724,37977.30074101128,1200.7899519754328
1745999097,20,,Aggregated,16.000000,0.000000,50,100,110,190,480,1100,1500,1700,2400,6300,38000,239690,200,50,182.4791179008975,5.453611025586724,37977.30074101128,1200.800458926113
1745999098,20,,Aggregated,17.200000,0.000000,50,100,110,190,480,1100,1500,1700,2400,6300,38000,239703,200,50,182.47051738312808,5.453611025586724,37977.30074101128,1200.8057763148563
