timestamp,cpu_requests_rabbitmq,mem_requests_rabbitmq,cpu_usage_rabbitmq,mem_usage_rabbitmq,cpu_requests_ts-admin-basic-info-service,mem_requests_ts-admin-basic-info-service,cpu_usage_ts-admin-basic-info-service,mem_usage_ts-admin-basic-info-service,cpu_requests_ts-admin-order-service,mem_requests_ts-admin-order-service,cpu_usage_ts-admin-order-service,mem_usage_ts-admin-order-service,cpu_requests_ts-admin-route-service,mem_requests_ts-admin-route-service,cpu_usage_ts-admin-route-service,mem_usage_ts-admin-route-service,cpu_requests_ts-admin-travel-service,mem_requests_ts-admin-travel-service,cpu_usage_ts-admin-travel-service,mem_usage_ts-admin-travel-service,cpu_requests_ts-admin-user-service,mem_requests_ts-admin-user-service,cpu_usage_ts-admin-user-service,mem_usage_ts-admin-user-service,cpu_requests_ts-assurance-service,mem_requests_ts-assurance-service,cpu_usage_ts-assurance-service,mem_usage_ts-assurance-service,cpu_requests_ts-auth-service,mem_requests_ts-auth-service,cpu_usage_ts-auth-service,mem_usage_ts-auth-service,cpu_requests_ts-avatar-service,mem_requests_ts-avatar-service,cpu_usage_ts-avatar-service,mem_usage_ts-avatar-service,cpu_requests_ts-basic-service,mem_requests_ts-basic-service,cpu_usage_ts-basic-service,mem_usage_ts-basic-service,cpu_requests_ts-cancel-service,mem_requests_ts-cancel-service,cpu_usage_ts-cancel-service,mem_usage_ts-cancel-service,cpu_requests_ts-config-service,mem_requests_ts-config-service,cpu_usage_ts-config-service,mem_usage_ts-config-service,cpu_requests_ts-consign-price-service,mem_requests_ts-consign-price-service,cpu_usage_ts-consign-price-service,mem_usage_ts-consign-price-service,cpu_requests_ts-consign-service,mem_requests_ts-consign-service,cpu_usage_ts-consign-service,mem_usage_ts-consign-service,cpu_requests_ts-contacts-service,mem_requests_ts-contacts-service,cpu_usage_ts-contacts-service,mem_usage_ts-contacts-service,cpu_requests_ts-delivery-service,mem_requests_ts-delivery-service,cpu_usage_ts-delivery-service,mem_usage_ts-delivery-service,cpu_requests_ts-execute-service,mem_requests_ts-execute-service,cpu_usage_ts-execute-service,mem_usage_ts-execute-service,cpu_requests_ts-food-delivery-service,mem_requests_ts-food-delivery-service,cpu_usage_ts-food-delivery-service,mem_usage_ts-food-delivery-service,cpu_requests_ts-food-service,mem_requests_ts-food-service,cpu_usage_ts-food-service,mem_usage_ts-food-service,cpu_requests_ts-gateway-service,mem_requests_ts-gateway-service,cpu_usage_ts-gateway-service,mem_usage_ts-gateway-service,cpu_requests_ts-inside-payment-service,mem_requests_ts-inside-payment-service,cpu_usage_ts-inside-payment-service,mem_usage_ts-inside-payment-service,cpu_requests_ts-news-service,mem_requests_ts-news-service,cpu_usage_ts-news-service,mem_usage_ts-news-service,cpu_requests_ts-notification-service,mem_requests_ts-notification-service,cpu_usage_ts-notification-service,mem_usage_ts-notification-service,cpu_requests_ts-order-other-service,mem_requests_ts-order-other-service,cpu_usage_ts-order-other-service,mem_usage_ts-order-other-service,cpu_requests_ts-order-service,mem_requests_ts-order-service,cpu_usage_ts-order-service,mem_usage_ts-order-service,cpu_requests_ts-payment-service,mem_requests_ts-payment-service,cpu_usage_ts-payment-service,mem_usage_ts-payment-service,cpu_requests_ts-preserve-other-service,mem_requests_ts-preserve-other-service,cpu_usage_ts-preserve-other-service,mem_usage_ts-preserve-other-service,cpu_requests_ts-preserve-service,mem_requests_ts-preserve-service,cpu_usage_ts-preserve-service,mem_usage_ts-preserve-service,cpu_requests_ts-price-service,mem_requests_ts-price-service,cpu_usage_ts-price-service,mem_usage_ts-price-service,cpu_requests_ts-rebook-service,mem_requests_ts-rebook-service,cpu_usage_ts-rebook-service,mem_usage_ts-rebook-service,cpu_requests_ts-route-plan-service,mem_requests_ts-route-plan-service,cpu_usage_ts-route-plan-service,mem_usage_ts-route-plan-service,cpu_requests_ts-route-service,mem_requests_ts-route-service,cpu_usage_ts-route-service,mem_usage_ts-route-service,cpu_requests_ts-seat-service,mem_requests_ts-seat-service,cpu_usage_ts-seat-service,mem_usage_ts-seat-service,cpu_requests_ts-security-service,mem_requests_ts-security-service,cpu_usage_ts-security-service,mem_usage_ts-security-service,cpu_requests_ts-station-food-service,mem_requests_ts-station-food-service,cpu_usage_ts-station-food-service,mem_usage_ts-station-food-service,cpu_requests_ts-station-service,mem_requests_ts-station-service,cpu_usage_ts-station-service,mem_usage_ts-station-service,cpu_requests_ts-ticket-office-service,mem_requests_ts-ticket-office-service,cpu_usage_ts-ticket-office-service,mem_usage_ts-ticket-office-service,cpu_requests_ts-train-food-service,mem_requests_ts-train-food-service,cpu_usage_ts-train-food-service,mem_usage_ts-train-food-service,cpu_requests_ts-train-service,mem_requests_ts-train-service,cpu_usage_ts-train-service,mem_usage_ts-train-service,cpu_requests_ts-travel-plan-service,mem_requests_ts-travel-plan-service,cpu_usage_ts-travel-plan-service,mem_usage_ts-travel-plan-service,cpu_requests_ts-travel-service,mem_requests_ts-travel-service,cpu_usage_ts-travel-service,mem_usage_ts-travel-service,cpu_requests_ts-travel2-service,mem_requests_ts-travel2-service,cpu_usage_ts-travel2-service,mem_usage_ts-travel2-service,cpu_requests_ts-ui-dashboard,mem_requests_ts-ui-dashboard,cpu_usage_ts-ui-dashboard,mem_usage_ts-ui-dashboard,cpu_requests_ts-user-service,mem_requests_ts-user-service,cpu_usage_ts-user-service,mem_usage_ts-user-service,cpu_requests_ts-verification-code-service,mem_requests_ts-verification-code-service,cpu_usage_ts-verification-code-service,mem_usage_ts-verification-code-service,cpu_requests_ts-voucher-service,mem_requests_ts-voucher-service,cpu_usage_ts-voucher-service,mem_usage_ts-voucher-service,cpu_requests_ts-wait-order-service,mem_requests_ts-wait-order-service,cpu_usage_ts-wait-order-service,mem_usage_ts-wait-order-service,ts-admin-order-service-cpu_ts-admin-order-service,ts-admin-order-service-latency_ts-admin-order-service,ts-admin-order-service-memory_ts-admin-order-service,ts-admin-order-service-workload_ts-admin-order-service,ts-admin-route-service-cpu_ts-admin-route-service,ts-admin-route-service-latency_ts-admin-route-service,ts-admin-route-service-memory_ts-admin-route-service,ts-admin-route-service-workload_ts-admin-route-service,ts-auth-service-cpu_ts-auth-service,ts-auth-service-latency_ts-auth-service,ts-auth-service-memory_ts-auth-service,ts-auth-service-workload_ts-auth-service,ts-notification-service-cpu_ts-notification-service,ts-notification-service-latency_ts-notification-service,ts-notification-service-memory_ts-notification-service,ts-notification-service-workload_ts-notification-service,ts-order-service-cpu_ts-order-service,ts-order-service-latency_ts-order-service,ts-order-service-memory_ts-order-service,ts-order-service-workload_ts-order-service,ts-payment-service-cpu_ts-payment-service,ts-payment-service-latency_ts-payment-service,ts-payment-service-memory_ts-payment-service,ts-payment-service-workload_ts-payment-service,ts-price-service-cpu_ts-price-service,ts-price-service-latency_ts-price-service,ts-price-service-memory_ts-price-service,ts-price-service-workload_ts-price-service,ts-route-service-cpu_ts-route-service,ts-route-service-latency_ts-route-service,ts-route-service-memory_ts-route-service,ts-route-service-workload_ts-route-service,ts-station-service-cpu_ts-station-service,ts-station-service-latency_ts-station-service,ts-station-service-memory_ts-station-service,ts-station-service-workload_ts-station-service,ts-train-service-cpu_ts-train-service,ts-train-service-latency_ts-train-service,ts-train-service-memory_ts-train-service,ts-train-service-workload_ts-train-service,ts-travel-service-cpu_ts-travel-service,ts-travel-service-latency_ts-travel-service,ts-travel-service-memory_ts-travel-service,ts-travel-service-workload_ts-travel-service,ts-ui-dashboard-cpu_ts-ui-dashboard,ts-ui-dashboard-latency_ts-ui-dashboard,ts-ui-dashboard-memory_ts-ui-dashboard,ts-ui-dashboard-workload_ts-ui-dashboard,ts-user-service-cpu_ts-user-service,ts-user-service-latency_ts-user-service,ts-user-service-memory_ts-user-service,ts-user-service-workload_ts-user-service
2025-04-29 17:26:55,100m,200Mi,52m,245Mi,100m,300Mi,11m,503Mi,100m,300Mi,11m,498Mi,100m,300Mi,11m,492Mi,100m,300Mi,11m,477Mi,100m,300Mi,12m,485Mi,100m,300Mi,12m,562Mi,100m,300Mi,12m,543Mi,100m,300Mi,5m,182Mi,100m,300Mi,11m,474Mi,100m,300Mi,11m,488Mi,100m,300Mi,47m,1084Mi,100m,300Mi,385m,1065Mi,100m,300Mi,425m,1085Mi,100m,300Mi,446m,1050Mi,100m,300Mi,349m,1004Mi,100m,300Mi,215m,908Mi,100m,300Mi,13m,577Mi,100m,300Mi,394m,1085Mi,100m,300Mi,78m,1024Mi,100m,300Mi,12m,560Mi,100m,300Mi,5m,48Mi,100m,300Mi,12m,565Mi,100m,300Mi,11m,526Mi,2400m,3000Mi,17m,561Mi,100m,300Mi,12m,588Mi,100m,300Mi,11m,473Mi,100m,300Mi,12m,478Mi,100m,300Mi,12m,524Mi,100m,300Mi,12m,504Mi,100m,300Mi,11m,474Mi,2400m,3000Mi,25m,581Mi,100m,300Mi,12m,476Mi,100m,300Mi,12m,540Mi,100m,300Mi,12m,542Mi,2400m,3000Mi,26m,597Mi,100m,300Mi,5m,88Mi,100m,300Mi,11m,574Mi,100m,300Mi,12m,581Mi,100m,300Mi,11m,460Mi,100m,300Mi,13m,578Mi,100m,300Mi,11m,544Mi,50m,100Mi,5m,50Mi,100m,300Mi,11m,552Mi,100m,300Mi,11m,437Mi,100m,300Mi,5m,62Mi,100m,300Mi,12m,559Mi,0.008405691679101572,N/A,522642773.3333334,N/A,0.0069631631060422475,N/A,516621312.0,N/A,0.2895489171629674,N/A,576098304.0,N/A,0.01318803712615945,N/A,593213440.0,N/A,0.09293112187288229,21.694434636173504,585211904.0,0.0,0.009969060238936796,N/A,616916309.3333333,N/A,0.010316460396038658,N/A,549445632.0,N/A,0.11638176849203105,1701.5200000000007,603347968.0,0.0,0.11584477328516513,35.240333333333325,622144512.0,0.07457444444444444,0.009489639824004971,N/A,609472512.0,N/A,0.011299271244663298,N/A,606672213.3333334,N/A,0.011474276691116544,53333.333333333336,51800746.66666667,0.3730925,0.007525840577891755,N/A,578412544.0,N/A
2025-04-29 17:28:50,100m,200Mi,52m,246Mi,100m,300Mi,11m,503Mi,100m,300Mi,11m,499Mi,100m,300Mi,11m,491Mi,100m,300Mi,11m,479Mi,100m,300Mi,11m,487Mi,100m,300Mi,11m,560Mi,100m,300Mi,83m,560Mi,100m,300Mi,5m,182Mi,100m,300Mi,11m,474Mi,100m,300Mi,11m,490Mi,100m,300Mi,12m,569Mi,100m,300Mi,196m,1063Mi,100m,300Mi,218m,1083Mi,100m,300Mi,253m,1049Mi,100m,300Mi,137m,1005Mi,100m,300Mi,12m,485Mi,100m,300Mi,12m,579Mi,100m,300Mi,204m,1084Mi,100m,300Mi,201m,1037Mi,100m,300Mi,11m,561Mi,100m,300Mi,4m,48Mi,100m,300Mi,12m,566Mi,100m,300Mi,11m,524Mi,2400m,3000Mi,106m,615Mi,100m,300Mi,12m,588Mi,100m,300Mi,11m,474Mi,100m,300Mi,11m,480Mi,100m,300Mi,12m,525Mi,100m,300Mi,11m,500Mi,100m,300Mi,10m,475Mi,2400m,3000Mi,94m,608Mi,100m,300Mi,11m,477Mi,100m,300Mi,11m,541Mi,100m,300Mi,12m,542Mi,2400m,3000Mi,104m,634Mi,100m,300Mi,5m,88Mi,100m,300Mi,10m,574Mi,100m,300Mi,11m,577Mi,100m,300Mi,10m,459Mi,100m,300Mi,11m,579Mi,100m,300Mi,11m,544Mi,50m,100Mi,24m,52Mi,100m,300Mi,11m,553Mi,100m,300Mi,11m,438Mi,100m,300Mi,5m,61Mi,100m,300Mi,11m,560Mi,0.008999278098780759,N/A,523564032.0,N/A,0.01060467702475078,N/A,514976426.6666666,N/A,0.01304004243710325,nan,587673600.0,0.0,0.009907633399763251,N/A,593385472.0,N/A,0.13621263700405173,23.466289499664075,643305472.0,3.3166666666666664,0.012440471199297608,N/A,617048746.6666666,N/A,0.006740974999999594,N/A,551134549.3333333,N/A,0.1834813455569702,48.19230769230769,639087957.3333334,3.2777777777777772,0.09886519999999877,23.59226713532513,664276992.0,3.355555555555555,0.007135701916153233,N/A,604977152.0,N/A,0.006823959033979466,N/A,607165098.6666667,N/A,0.06333281426314602,43.016759776536304,52640768.0,8.322222222222221,0.013659812179301267,N/A,578354176.0,N/A
2025-04-29 17:30:40,100m,200Mi,54m,243Mi,100m,300Mi,11m,502Mi,100m,300Mi,10m,496Mi,100m,300Mi,10m,492Mi,100m,300Mi,10m,476Mi,100m,300Mi,11m,485Mi,100m,300Mi,11m,560Mi,100m,300Mi,83m,558Mi,100m,300Mi,5m,177Mi,100m,300Mi,11m,470Mi,100m,300Mi,10m,486Mi,100m,300Mi,11m,566Mi,100m,300Mi,12m,550Mi,100m,300Mi,33m,556Mi,100m,300Mi,51m,568Mi,100m,300Mi,13m,501Mi,100m,300Mi,11m,485Mi,100m,300Mi,11m,575Mi,100m,300Mi,15m,562Mi,100m,300Mi,294m,1049Mi,100m,300Mi,11m,560Mi,100m,300Mi,4m,44Mi,100m,300Mi,12m,562Mi,100m,300Mi,11m,524Mi,1920m,3000Mi,151m,619Mi,100m,300Mi,11m,584Mi,100m,300Mi,11m,472Mi,100m,300Mi,11m,477Mi,100m,300Mi,11m,522Mi,100m,300Mi,10m,501Mi,100m,300Mi,11m,472Mi,1920m,3000Mi,144m,624Mi,100m,300Mi,10m,473Mi,100m,300Mi,10m,536Mi,100m,300Mi,11m,540Mi,1920m,3000Mi,154m,634Mi,100m,300Mi,5m,84Mi,100m,300Mi,11m,574Mi,100m,300Mi,11m,578Mi,100m,300Mi,11m,459Mi,100m,300Mi,14m,578Mi,100m,300Mi,10m,544Mi,50m,100Mi,47m,47Mi,100m,300Mi,11m,550Mi,100m,300Mi,10m,434Mi,100m,300Mi,5m,60Mi,100m,300Mi,12m,559Mi,0.0066029971347728355,N/A,520228864.0,N/A,0.00928144188596541,N/A,515294549.3333334,N/A,0.0065755505359196414,nan,585893205.3333333,0.0,0.014941042654027329,N/A,589744810.6666667,N/A,0.06188331124930624,23.24562416685656,649293824.0,3.23394220532695,0.008746330148218349,N/A,613153450.6666667,N/A,0.007865668063649208,N/A,547761152.0,N/A,0.0913776192094246,47.333984375,654462976.0,3.233333333333333,0.0851613317310328,23.15677966101695,664767146.6666666,3.2444444444444436,0.009169215809944207,N/A,606396416.0,N/A,0.025927653820148593,N/A,605762560.0,N/A,0.04539898204850456,38.071428571428584,48709632.0,8.266666666666666,0.008484100399258343,N/A,576774144.0,N/A
2025-04-29 17:32:29,100m,200Mi,55m,243Mi,100m,300Mi,10m,501Mi,100m,300Mi,10m,497Mi,100m,300Mi,11m,492Mi,100m,300Mi,10m,477Mi,100m,300Mi,10m,485Mi,100m,300Mi,11m,560Mi,100m,300Mi,14m,558Mi,100m,300Mi,5m,178Mi,100m,300Mi,11m,471Mi,100m,300Mi,11m,487Mi,100m,300Mi,11m,567Mi,100m,300Mi,11m,551Mi,100m,300Mi,12m,556Mi,100m,300Mi,13m,567Mi,100m,300Mi,12m,502Mi,100m,300Mi,10m,485Mi,100m,300Mi,11m,577Mi,100m,300Mi,11m,564Mi,100m,300Mi,234m,1050Mi,100m,300Mi,11m,561Mi,100m,300Mi,4m,44Mi,100m,300Mi,10m,564Mi,100m,300Mi,10m,525Mi,1920m,3000Mi,153m,620Mi,100m,300Mi,12m,586Mi,100m,300Mi,9m,473Mi,100m,300Mi,10m,477Mi,100m,300Mi,11m,523Mi,100m,300Mi,9m,502Mi,100m,300Mi,10m,473Mi,1920m,3000Mi,157m,631Mi,100m,300Mi,9m,473Mi,100m,300Mi,10m,538Mi,100m,300Mi,13m,542Mi,1920m,3000Mi,151m,638Mi,100m,300Mi,4m,85Mi,100m,300Mi,11m,573Mi,100m,300Mi,11m,579Mi,100m,300Mi,9m,458Mi,100m,300Mi,14m,579Mi,100m,300Mi,10m,543Mi,50m,100Mi,59m,47Mi,100m,300Mi,11m,551Mi,100m,300Mi,9m,436Mi,100m,300Mi,4m,59Mi,100m,300Mi,13m,559Mi,0.007286131008850413,N/A,520818688.0,N/A,0.005177607544347586,N/A,515821568.0,N/A,0.011653066660746454,nan,585132714.6666666,0.0,0.010037611715047934,N/A,591181824.0,N/A,0.12220933599076891,23.070021881838073,650516480.0,3.305555555555555,0.008912450166432773,N/A,614491477.3333334,N/A,0.01268617031783917,N/A,548800512.0,N/A,0.09015961500554542,47.45173745173746,663871488.0,3.3888888888888884,0.07883102434928663,23.21395348837209,669417472.0,3.133333333333333,0.009200070713022793,N/A,607476736.0,N/A,0.008778650154064392,N/A,606790997.3333334,N/A,0.06177683216208823,40.79032258064517,49537024.0,7.955555555555555,0.007134674352881386,N/A,578547712.0,N/A
2025-04-29 17:34:19,100m,200Mi,47m,242Mi,100m,300Mi,10m,502Mi,100m,300Mi,10m,498Mi,100m,300Mi,10m,492Mi,100m,300Mi,10m,478Mi,100m,300Mi,10m,487Mi,100m,300Mi,10m,560Mi,100m,300Mi,10m,559Mi,100m,300Mi,5m,178Mi,100m,300Mi,10m,472Mi,100m,300Mi,10m,487Mi,100m,300Mi,10m,568Mi,100m,300Mi,10m,550Mi,100m,300Mi,11m,556Mi,100m,300Mi,11m,567Mi,100m,300Mi,11m,503Mi,100m,300Mi,10m,485Mi,100m,300Mi,11m,577Mi,100m,300Mi,10m,564Mi,100m,300Mi,179m,1050Mi,100m,300Mi,10m,562Mi,100m,300Mi,4m,44Mi,100m,300Mi,10m,564Mi,100m,300Mi,10m,525Mi,1540m,3000Mi,111m,620Mi,100m,300Mi,10m,587Mi,100m,300Mi,9m,473Mi,100m,300Mi,10m,478Mi,100m,300Mi,11m,524Mi,100m,300Mi,10m,502Mi,100m,300Mi,9m,474Mi,1540m,3000Mi,106m,631Mi,100m,300Mi,9m,475Mi,100m,300Mi,10m,538Mi,100m,300Mi,14m,542Mi,1540m,3000Mi,100m,639Mi,100m,300Mi,4m,85Mi,100m,300Mi,10m,573Mi,100m,300Mi,10m,580Mi,100m,300Mi,10m,460Mi,100m,300Mi,13m,578Mi,100m,300Mi,10m,543Mi,50m,100Mi,61m,47Mi,100m,300Mi,10m,552Mi,100m,300Mi,10m,437Mi,100m,300Mi,5m,59Mi,100m,300Mi,10m,560Mi,0.009546318227960107,N/A,522143061.3333333,N/A,0.009375065560714073,N/A,515867648.0,N/A,0.007644325833709325,nan,585567232.0,0.0,0.009410159866675257,N/A,591822848.0,N/A,0.13823512913764302,23.31896551724138,650600448.0,3.4666666666666663,0.011916845141833561,N/A,615373824.0,N/A,0.007657853446445603,N/A,549477376.0,N/A,0.05344764182626234,47.511111111111106,661391360.0,3.122222222222222,0.08175194889029078,23.15654205607477,669843456.0,2.9888888888888885,0.0075739306893523786,N/A,608213674.6666666,N/A,0.009262775088911327,N/A,606696789.3333334,N/A,0.05922976077221158,40.176056338028175,49928192.0,7.999999999999999,0.010767190545507864,N/A,578411520.0,N/A
2025-04-29 17:36:11,100m,200Mi,48m,242Mi,100m,300Mi,9m,502Mi,100m,300Mi,13m,498Mi,100m,300Mi,9m,492Mi,100m,300Mi,12m,479Mi,100m,300Mi,9m,488Mi,100m,300Mi,11m,561Mi,100m,300Mi,10m,559Mi,100m,300Mi,5m,178Mi,100m,300Mi,13m,472Mi,100m,300Mi,10m,488Mi,100m,300Mi,10m,568Mi,100m,300Mi,10m,552Mi,100m,300Mi,11m,557Mi,100m,300Mi,11m,567Mi,100m,300Mi,11m,503Mi,100m,300Mi,10m,486Mi,100m,300Mi,10m,578Mi,100m,300Mi,11m,564Mi,100m,300Mi,189m,1052Mi,100m,300Mi,10m,562Mi,100m,300Mi,4m,44Mi,100m,300Mi,10m,565Mi,100m,300Mi,9m,526Mi,1230m,3000Mi,96m,621Mi,100m,300Mi,10m,587Mi,100m,300Mi,9m,473Mi,100m,300Mi,9m,479Mi,100m,300Mi,10m,525Mi,100m,300Mi,13m,503Mi,100m,300Mi,9m,474Mi,1230m,3000Mi,108m,631Mi,100m,300Mi,10m,474Mi,100m,300Mi,10m,539Mi,100m,300Mi,10m,543Mi,1230m,3000Mi,92m,640Mi,100m,300Mi,4m,85Mi,100m,300Mi,10m,574Mi,100m,300Mi,10m,580Mi,100m,300Mi,13m,460Mi,100m,300Mi,10m,579Mi,100m,300Mi,11m,544Mi,50m,100Mi,59m,47Mi,100m,300Mi,10m,552Mi,100m,300Mi,10m,437Mi,100m,300Mi,4m,60Mi,100m,300Mi,10m,561Mi,0.006629011822572506,N/A,522656426.6666667,N/A,0.01042619549256072,N/A,516124672.0,N/A,0.009177023776048515,nan,586278229.3333334,0.0,0.00991802566954028,N/A,592409941.3333334,N/A,0.0696792915406201,22.967019461761993,651575296.0,3.0549891028821214,0.007960932454305238,N/A,615642112.0,N/A,0.009959991260888605,N/A,550547456.0,N/A,0.09551475977709714,47.56607929515418,662764544.0,3.155555555555555,0.058510171829633834,23.05395683453238,670594389.3333334,3.3,0.010090560391729859,N/A,608909994.6666666,N/A,0.00936164521425918,N/A,607454549.3333333,N/A,0.0471664939717869,38.24626865671643,49673557.333333336,7.844444444444443,0.009434857849197799,N/A,578964480.0,N/A
2025-04-29 17:38:03,100m,200Mi,45m,242Mi,100m,300Mi,10m,503Mi,100m,300Mi,13m,499Mi,100m,300Mi,10m,493Mi,100m,300Mi,13m,480Mi,100m,300Mi,10m,487Mi,100m,300Mi,11m,567Mi,100m,300Mi,10m,559Mi,100m,300Mi,5m,179Mi,100m,300Mi,13m,473Mi,100m,300Mi,9m,489Mi,100m,300Mi,10m,570Mi,100m,300Mi,11m,552Mi,100m,300Mi,11m,558Mi,100m,300Mi,10m,568Mi,100m,300Mi,11m,503Mi,100m,300Mi,9m,487Mi,100m,300Mi,10m,578Mi,100m,300Mi,14m,566Mi,100m,300Mi,169m,1052Mi,100m,300Mi,10m,563Mi,100m,300Mi,4m,44Mi,100m,300Mi,11m,565Mi,100m,300Mi,10m,528Mi,1230m,3000Mi,93m,629Mi,100m,300Mi,10m,588Mi,100m,300Mi,10m,474Mi,100m,300Mi,11m,480Mi,100m,300Mi,10m,525Mi,100m,300Mi,15m,504Mi,100m,300Mi,11m,474Mi,1230m,3000Mi,98m,632Mi,100m,300Mi,10m,477Mi,100m,300Mi,10m,539Mi,100m,300Mi,10m,544Mi,1230m,3000Mi,95m,650Mi,100m,300Mi,4m,85Mi,100m,300Mi,10m,581Mi,100m,300Mi,10m,580Mi,100m,300Mi,13m,460Mi,100m,300Mi,9m,580Mi,100m,300Mi,11m,550Mi,50m,100Mi,60m,52Mi,100m,300Mi,10m,551Mi,100m,300Mi,11m,445Mi,100m,300Mi,4m,60Mi,100m,300Mi,10m,560Mi,0.012401544548428739,N/A,523404629.3333333,N/A,0.01027960910068173,N/A,517305685.3333334,N/A,0.010518793990966018,nan,586319872.0,0.0,0.010265624210580141,N/A,593298773.3333333,N/A,0.0850861540117323,22.99316110264273,659929770.6666666,3.121626397928684,0.01005972193277563,N/A,616437077.3333334,N/A,0.010650090928062498,N/A,550632106.6666667,N/A,0.08382540870047119,47.477272727272734,662728704.0,3.133333333333333,0.07281416756539623,23.046979865771817,681291776.0,3.5499999999999994,0.007871950562554476,N/A,608757077.3333334,N/A,0.010286011132975649,N/A,609387861.3333333,N/A,0.06174753627896901,37.748091603053425,54841344.0,8.188888888888888,0.011300632839611888,N/A,578491392.0,N/A
2025-04-29 17:39:55,100m,200Mi,51m,242Mi,100m,300Mi,11m,510Mi,100m,300Mi,11m,500Mi,100m,300Mi,11m,493Mi,100m,300Mi,11m,486Mi,100m,300Mi,13m,494Mi,100m,300Mi,14m,569Mi,100m,300Mi,10m,560Mi,100m,300Mi,5m,179Mi,100m,300Mi,14m,479Mi,100m,300Mi,11m,496Mi,100m,300Mi,10m,569Mi,100m,300Mi,10m,551Mi,100m,300Mi,10m,559Mi,100m,300Mi,11m,568Mi,100m,300Mi,11m,504Mi,100m,300Mi,9m,487Mi,100m,300Mi,11m,578Mi,100m,300Mi,14m,566Mi,100m,300Mi,157m,1054Mi,100m,300Mi,10m,563Mi,100m,300Mi,4m,45Mi,100m,300Mi,11m,573Mi,100m,300Mi,10m,531Mi,980m,3000Mi,88m,644Mi,100m,300Mi,10m,588Mi,100m,300Mi,11m,474Mi,100m,300Mi,10m,481Mi,100m,300Mi,10m,526Mi,100m,300Mi,14m,504Mi,100m,300Mi,10m,474Mi,980m,3000Mi,95m,632Mi,100m,300Mi,10m,477Mi,100m,300Mi,10m,540Mi,100m,300Mi,10m,544Mi,980m,3000Mi,100m,653Mi,100m,300Mi,5m,90Mi,100m,300Mi,10m,579Mi,100m,300Mi,10m,586Mi,100m,300Mi,14m,466Mi,100m,300Mi,10m,586Mi,100m,300Mi,11m,549Mi,50m,100Mi,58m,54Mi,100m,300Mi,10m,552Mi,100m,300Mi,11m,447Mi,100m,300Mi,4m,59Mi,100m,300Mi,10m,561Mi,0.004534066666665618,N/A,524240896.0,N/A,0.010821343109921161,N/A,517799936.0,N/A,0.01016335837239383,nan,587380736.0,0.0,0.009448600050201747,N/A,600926208.0,N/A,0.08634194532214887,22.939473684210526,668568576.0,3.3888888888888893,0.014787041967794864,N/A,617515008.0,N/A,0.011869857037384073,N/A,551154688.0,N/A,0.10138332430969119,47.57874015748031,662949888.0,3.344444444444444,0.07696318713795944,22.882943143812707,685222570.6666667,2.977777777777778,0.011321676454884294,N/A,613818368.0,N/A,0.0071648762419155776,N/A,614378154.6666666,N/A,0.04660179723005191,38.93884892086332,56780117.333333336,7.966666666666666,0.01503947648435806,N/A,579260416.0,N/A
2025-04-29 17:41:47,100m,200Mi,52m,247Mi,100m,300Mi,11m,514Mi,100m,300Mi,10m,500Mi,100m,300Mi,11m,500Mi,100m,300Mi,11m,488Mi,100m,300Mi,13m,491Mi,100m,300Mi,14m,566Mi,100m,300Mi,15m,565Mi,100m,300Mi,4m,178Mi,100m,300Mi,11m,481Mi,100m,300Mi,10m,497Mi,100m,300Mi,10m,570Mi,100m,300Mi,10m,553Mi,100m,300Mi,10m,559Mi,100m,300Mi,11m,569Mi,100m,300Mi,10m,504Mi,100m,300Mi,9m,487Mi,100m,300Mi,11m,584Mi,100m,300Mi,10m,567Mi,100m,300Mi,139m,1052Mi,100m,300Mi,10m,565Mi,100m,300Mi,4m,44Mi,100m,300Mi,12m,575Mi,100m,300Mi,11m,534Mi,780m,3000Mi,96m,633Mi,100m,300Mi,11m,590Mi,100m,300Mi,10m,483Mi,100m,300Mi,9m,487Mi,100m,300Mi,11m,534Mi,100m,300Mi,10m,512Mi,100m,300Mi,12m,482Mi,780m,3000Mi,96m,639Mi,100m,300Mi,10m,484Mi,100m,300Mi,10m,540Mi,100m,300Mi,10m,545Mi,780m,3000Mi,103m,647Mi,100m,300Mi,4m,91Mi,100m,300Mi,11m,577Mi,100m,300Mi,11m,586Mi,100m,300Mi,10m,466Mi,100m,300Mi,11m,588Mi,100m,300Mi,10m,545Mi,50m,100Mi,58m,50Mi,100m,300Mi,11m,560Mi,100m,300Mi,10m,438Mi,100m,300Mi,5m,65Mi,100m,300Mi,11m,564Mi,0.00911064865023346,N/A,524255232.0,N/A,0.008097665743514164,N/A,524303018.6666666,N/A,0.009444407450764332,nan,595011584.0,0.0,0.0068935698650093,N/A,603172864.0,N/A,0.23926212331942556,24.679389312977104,665126912.0,3.455555555555555,0.007996968663509981,N/A,618440021.3333333,N/A,0.010880042158719589,N/A,557386410.6666666,N/A,0.08865114369501507,47.20982142857143,669723306.6666666,3.2111111111111112,0.10050983168692315,23.010204081632658,679266986.6666666,3.1111111111111107,0.006615455783236569,N/A,615254698.6666666,N/A,0.008069353844709633,N/A,616869888.0,N/A,0.05995048417689928,43.775167785234885,52931242.666666664,8.21111111111111,0.005871969642521434,N/A,587031893.3333333,N/A
2025-04-29 17:43:38,100m,200Mi,54m,250Mi,100m,300Mi,10m,509Mi,100m,300Mi,10m,506Mi,100m,300Mi,9m,499Mi,100m,300Mi,9m,489Mi,100m,300Mi,12m,491Mi,100m,300Mi,14m,567Mi,100m,300Mi,14m,570Mi,100m,300Mi,5m,185Mi,100m,300Mi,10m,479Mi,100m,300Mi,13m,496Mi,100m,300Mi,11m,571Mi,100m,300Mi,10m,553Mi,100m,300Mi,10m,559Mi,100m,300Mi,10m,569Mi,100m,300Mi,10m,505Mi,100m,300Mi,10m,488Mi,100m,300Mi,11m,581Mi,100m,300Mi,10m,566Mi,100m,300Mi,143m,1058Mi,100m,300Mi,11m,569Mi,100m,300Mi,4m,51Mi,100m,300Mi,11m,569Mi,100m,300Mi,10m,528Mi,780m,3000Mi,111m,641Mi,100m,300Mi,11m,597Mi,100m,300Mi,9m,484Mi,100m,300Mi,9m,489Mi,100m,300Mi,10m,535Mi,100m,300Mi,9m,513Mi,100m,300Mi,12m,484Mi,780m,3000Mi,95m,642Mi,100m,300Mi,10m,485Mi,100m,300Mi,11m,548Mi,100m,300Mi,10m,552Mi,780m,3000Mi,104m,647Mi,100m,300Mi,5m,85Mi,100m,300Mi,10m,577Mi,100m,300Mi,11m,588Mi,100m,300Mi,9m,462Mi,100m,300Mi,11m,580Mi,100m,300Mi,10m,546Mi,50m,100Mi,60m,49Mi,100m,300Mi,10m,558Mi,100m,300Mi,9m,439Mi,100m,300Mi,5m,66Mi,100m,300Mi,10m,569Mi,0.007939548261424284,N/A,531558400.0,N/A,0.02329451932251908,N/A,523647658.6666666,N/A,0.00952023861486933,nan,597998250.6666666,0.0,0.007066216577975645,N/A,597488981.3333334,N/A,0.08119972971274166,22.50662251655629,672077141.3333334,3.0166666666666657,0.006635711967872721,N/A,625799168.0,N/A,0.008454059771112403,N/A,560786090.6666666,N/A,0.08392608862643441,47.75821596244131,673400832.0,3.4666666666666663,0.20949802233284048,24.610271903323266,678917461.3333334,3.455555555555555,0.008680072538622196,N/A,615617536.0,N/A,0.008598537766600963,N/A,608608256.0,N/A,0.0614513504100305,45.08445945945946,50637482.666666664,8.133333333333333,0.009378805284318725,N/A,586080256.0,N/A
2025-04-29 17:45:30,100m,200Mi,47m,246Mi,100m,300Mi,9m,506Mi,100m,300Mi,9m,506Mi,100m,300Mi,11m,494Mi,100m,300Mi,9m,482Mi,100m,300Mi,9m,492Mi,100m,300Mi,10m,567Mi,100m,300Mi,9m,570Mi,100m,300Mi,5m,184Mi,100m,300Mi,9m,476Mi,100m,300Mi,12m,492Mi,100m,300Mi,11m,579Mi,100m,300Mi,10m,554Mi,100m,300Mi,9m,560Mi,100m,300Mi,10m,571Mi,100m,300Mi,10m,506Mi,100m,300Mi,11m,488Mi,100m,300Mi,10m,581Mi,100m,300Mi,10m,567Mi,100m,300Mi,132m,1057Mi,100m,300Mi,11m,569Mi,100m,300Mi,4m,52Mi,100m,300Mi,11m,569Mi,100m,300Mi,10m,528Mi,620m,3000Mi,112m,642Mi,100m,300Mi,11m,598Mi,100m,300Mi,9m,475Mi,100m,300Mi,9m,487Mi,100m,300Mi,9m,535Mi,100m,300Mi,9m,506Mi,100m,300Mi,12m,480Mi,620m,3000Mi,90m,641Mi,100m,300Mi,13m,479Mi,100m,300Mi,10m,549Mi,100m,300Mi,11m,553Mi,620m,3000Mi,112m,649Mi,100m,300Mi,4m,85Mi,100m,300Mi,10m,577Mi,100m,300Mi,10m,584Mi,100m,300Mi,9m,463Mi,100m,300Mi,10m,580Mi,100m,300Mi,10m,546Mi,50m,100Mi,58m,48Mi,100m,300Mi,9m,557Mi,100m,300Mi,8m,439Mi,100m,300Mi,5m,60Mi,100m,300Mi,10m,572Mi,0.008313777077892855,N/A,531273728.0,N/A,0.0076333710247839135,N/A,518257664.0,N/A,0.012231525840505996,nan,597102592.0,0.0,0.015593744561298065,N/A,597385216.0,N/A,0.06740550977261885,22.26086956521739,675440640.0,2.922222222222222,0.012412973392099473,N/A,626840576.0,N/A,0.010270251780397035,N/A,559740245.3333334,N/A,0.08232213200417945,47.02702702702703,671995904.0,2.8666666666666663,0.06644400521189998,22.01892744479495,680643242.6666666,3.9611111111111104,0.013254601425628882,N/A,612257792.0,N/A,0.012114019847340786,N/A,609101141.3333334,N/A,0.04675015201671023,35.81967213114753,50040832.0,8.31111111111111,0.011589137028605409,N/A,583604906.6666667,N/A
2025-04-29 17:47:22,100m,200Mi,48m,243Mi,100m,300Mi,9m,506Mi,100m,300Mi,9m,502Mi,100m,300Mi,10m,495Mi,100m,300Mi,9m,482Mi,100m,300Mi,8m,492Mi,100m,300Mi,10m,567Mi,100m,300Mi,10m,565Mi,100m,300Mi,5m,179Mi,100m,300Mi,9m,476Mi,100m,300Mi,8m,493Mi,100m,300Mi,10m,577Mi,100m,300Mi,10m,555Mi,100m,300Mi,11m,566Mi,100m,300Mi,11m,571Mi,100m,300Mi,11m,513Mi,100m,300Mi,10m,489Mi,100m,300Mi,13m,582Mi,100m,300Mi,12m,575Mi,100m,300Mi,131m,1056Mi,100m,300Mi,10m,564Mi,100m,300Mi,4m,48Mi,100m,300Mi,9m,570Mi,100m,300Mi,10m,528Mi,620m,3000Mi,74m,652Mi,100m,300Mi,10m,592Mi,100m,300Mi,13m,476Mi,100m,300Mi,9m,484Mi,100m,300Mi,10m,529Mi,100m,300Mi,8m,506Mi,100m,300Mi,8m,476Mi,620m,3000Mi,77m,637Mi,100m,300Mi,12m,479Mi,100m,300Mi,9m,547Mi,100m,300Mi,10m,546Mi,620m,3000Mi,87m,649Mi,100m,300Mi,4m,84Mi,100m,300Mi,10m,578Mi,100m,300Mi,10m,583Mi,100m,300Mi,8m,463Mi,100m,300Mi,10m,582Mi,100m,300Mi,10m,547Mi,50m,100Mi,60m,47Mi,100m,300Mi,10m,558Mi,100m,300Mi,9m,440Mi,100m,300Mi,4m,60Mi,100m,300Mi,10m,564Mi,0.006728695551635969,N/A,526234624.0,N/A,0.008073356765415953,N/A,519731882.6666666,N/A,0.006119599999999537,nan,592997034.6666666,0.0,0.0065596791411543145,N/A,598081536.0,N/A,0.04703217365571937,23.12145110410095,683590997.3333333,3.5555555555555554,0.006487211207235047,N/A,621832192.0,N/A,0.010063613522155882,N/A,554859178.6666666,N/A,0.07265574922307795,47.94444444444444,668280149.3333334,3.1888888888888887,0.05057793567512788,22.20408163265306,680318976.0,2.9777777777777774,0.009528194241740565,N/A,611298304.0,N/A,0.009927897541183481,N/A,609789269.3333334,N/A,0.05960768455248128,39.708029197080315,49743872.0,8.089428184101163,0.007633431290683902,N/A,584979456.0,N/A
2025-04-29 17:49:14,100m,200Mi,45m,242Mi,100m,300Mi,9m,506Mi,100m,300Mi,9m,502Mi,100m,300Mi,8m,495Mi,100m,300Mi,9m,482Mi,100m,300Mi,9m,492Mi,100m,300Mi,10m,569Mi,100m,300Mi,10m,565Mi,100m,300Mi,5m,179Mi,100m,300Mi,9m,478Mi,100m,300Mi,9m,493Mi,100m,300Mi,13m,575Mi,100m,300Mi,10m,554Mi,100m,300Mi,11m,566Mi,100m,300Mi,10m,572Mi,100m,300Mi,10m,513Mi,100m,300Mi,9m,489Mi,100m,300Mi,13m,583Mi,100m,300Mi,10m,577Mi,100m,300Mi,137m,1056Mi,100m,300Mi,10m,565Mi,100m,300Mi,4m,48Mi,100m,300Mi,10m,571Mi,100m,300Mi,10m,530Mi,500m,3000Mi,71m,652Mi,100m,300Mi,10m,591Mi,100m,300Mi,13m,477Mi,100m,300Mi,10m,485Mi,100m,300Mi,10m,529Mi,100m,300Mi,10m,508Mi,100m,300Mi,9m,478Mi,500m,3000Mi,73m,638Mi,100m,300Mi,10m,481Mi,100m,300Mi,10m,544Mi,100m,300Mi,10m,546Mi,500m,3000Mi,66m,649Mi,100m,300Mi,4m,85Mi,100m,300Mi,10m,579Mi,100m,300Mi,10m,584Mi,100m,300Mi,10m,464Mi,100m,300Mi,10m,582Mi,100m,300Mi,10m,547Mi,50m,100Mi,59m,48Mi,100m,300Mi,10m,558Mi,100m,300Mi,13m,441Mi,100m,300Mi,4m,60Mi,100m,300Mi,10m,566Mi,0.008142403028617838,N/A,526927872.0,N/A,0.009512910460622,N/A,519559850.6666666,N/A,0.00671808377707483,nan,593167360.0,0.0,0.00905537613037791,N/A,598367232.0,N/A,0.06836950134139512,22.25657894736842,683670528.0,3.488888888888889,0.007343283343649234,N/A,619869525.3333334,N/A,0.006614825180106012,N/A,554997077.3333333,N/A,0.07028296834222147,47.41626794258373,669418496.0,3.0777777777777775,0.051701892153809624,22.618881118881113,683575978.6666666,3.3888888888888884,0.007985850640974955,N/A,613117952.0,N/A,0.009219082709826487,N/A,610464768.0,N/A,0.06058409356219459,36.402439024390276,50343936.0,8.466666666666665,0.008853639309801216,N/A,585424896.0,N/A
2025-04-29 17:51:04,100m,200Mi,44m,243Mi,100m,300Mi,9m,508Mi,100m,300Mi,9m,503Mi,100m,300Mi,9m,497Mi,100m,300Mi,10m,484Mi,100m,300Mi,9m,493Mi,100m,300Mi,9m,569Mi,100m,300Mi,9m,566Mi,100m,300Mi,5m,179Mi,100m,300Mi,9m,479Mi,100m,300Mi,9m,494Mi,100m,300Mi,13m,574Mi,100m,300Mi,9m,561Mi,100m,300Mi,9m,560Mi,100m,300Mi,9m,572Mi,100m,300Mi,9m,507Mi,100m,300Mi,13m,496Mi,100m,300Mi,9m,583Mi,100m,300Mi,9m,573Mi,100m,300Mi,133m,1058Mi,100m,300Mi,10m,566Mi,100m,300Mi,4m,47Mi,100m,300Mi,9m,571Mi,100m,300Mi,9m,530Mi,400m,3000Mi,66m,653Mi,100m,300Mi,10m,593Mi,100m,300Mi,14m,477Mi,100m,300Mi,10m,487Mi,100m,300Mi,10m,530Mi,100m,300Mi,10m,508Mi,100m,300Mi,10m,479Mi,400m,3000Mi,73m,640Mi,100m,300Mi,10m,481Mi,100m,300Mi,9m,544Mi,100m,300Mi,9m,547Mi,400m,3000Mi,61m,656Mi,100m,300Mi,4m,85Mi,100m,300Mi,10m,580Mi,100m,300Mi,9m,586Mi,100m,300Mi,9m,465Mi,100m,300Mi,8m,583Mi,100m,300Mi,9m,548Mi,50m,100Mi,59m,48Mi,100m,300Mi,10m,560Mi,100m,300Mi,13m,441Mi,100m,300Mi,4m,59Mi,100m,300Mi,10m,567Mi,0.007901494456050326,N/A,528293888.0,N/A,0.008072003156968226,N/A,521397589.3333334,N/A,0.016468003364043374,nan,594053120.0,0.0,0.008970120866311524,N/A,597806080.0,N/A,0.05180160437750688,23.617857142857147,684352853.3333334,2.811111111111111,0.008395029763880858,N/A,621515776.0,N/A,0.012653859453909155,N/A,555207338.6666667,N/A,0.07022127579027096,48.836405529953915,670390954.6666666,3.466666666666666,0.056162642226420104,22.66064981949459,688906240.0,2.1777777777777776,0.0066152993238096525,N/A,613730304.0,N/A,0.006204438751754118,N/A,611590144.0,N/A,0.046917818137583174,41.788321167883225,50696192.0,5.237037037037036,0.010408228571428221,N/A,587085824.0,N/A
2025-04-29 17:52:53,100m,200Mi,51m,242Mi,100m,300Mi,10m,508Mi,100m,300Mi,10m,504Mi,100m,300Mi,10m,497Mi,100m,300Mi,10m,484Mi,100m,300Mi,10m,494Mi,100m,300Mi,10m,570Mi,100m,300Mi,10m,567Mi,100m,300Mi,4m,179Mi,100m,300Mi,10m,479Mi,100m,300Mi,9m,494Mi,100m,300Mi,9m,574Mi,100m,300Mi,10m,561Mi,100m,300Mi,12m,562Mi,100m,300Mi,10m,579Mi,100m,300Mi,13m,509Mi,100m,300Mi,14m,495Mi,100m,300Mi,10m,585Mi,100m,300Mi,10m,572Mi,100m,300Mi,141m,1060Mi,100m,300Mi,10m,566Mi,100m,300Mi,4m,48Mi,100m,300Mi,10m,572Mi,100m,300Mi,10m,530Mi,400m,3000Mi,64m,654Mi,100m,300Mi,10m,593Mi,100m,300Mi,9m,478Mi,100m,300Mi,9m,487Mi,100m,300Mi,11m,529Mi,100m,300Mi,9m,508Mi,100m,300Mi,9m,479Mi,400m,3000Mi,75m,639Mi,100m,300Mi,9m,481Mi,100m,300Mi,9m,544Mi,100m,300Mi,9m,548Mi,400m,3000Mi,65m,664Mi,100m,300Mi,4m,86Mi,100m,300Mi,10m,579Mi,100m,300Mi,10m,586Mi,100m,300Mi,9m,466Mi,100m,300Mi,10m,584Mi,100m,300Mi,10m,548Mi,50m,100Mi,54m,48Mi,100m,300Mi,10m,560Mi,100m,300Mi,9m,442Mi,100m,300Mi,4m,60Mi,100m,300Mi,10m,568Mi,0.00965154906090842,N/A,528412672.0,N/A,0.006203275037029296,N/A,521616042.6666667,N/A,0.006229019313236952,nan,595460096.0,0.0,0.006061171984045247,N/A,600261973.3333334,N/A,0.05151315196946733,22.70326409495549,685623978.6666666,3.394444444444444,0.01313802276664257,N/A,621925717.3333334,N/A,0.004779750000000149,N/A,555530922.6666666,N/A,0.04594141422671419,47.70531400966184,670035968.0,3.0888888888888886,0.09488488618497545,23.706896551724142,691809280.0,2.2296296296296294,0.010757927923782294,N/A,614679552.0,N/A,0.009149477541051212,N/A,612241408.0,N/A,0.06148899695300234,41.074380165289256,50621098.666666664,5.511111111111111,0.009044085887531753,N/A,587436032.0,N/A
2025-04-29 17:54:43,100m,200Mi,52m,243Mi,100m,300Mi,9m,508Mi,100m,300Mi,9m,504Mi,100m,300Mi,8m,499Mi,100m,300Mi,8m,485Mi,100m,300Mi,9m,494Mi,100m,300Mi,10m,571Mi,100m,300Mi,10m,569Mi,100m,300Mi,5m,179Mi,100m,300Mi,8m,479Mi,100m,300Mi,9m,495Mi,100m,300Mi,10m,577Mi,100m,300Mi,10m,556Mi,100m,300Mi,13m,562Mi,100m,300Mi,10m,578Mi,100m,300Mi,13m,509Mi,100m,300Mi,13m,495Mi,100m,300Mi,10m,585Mi,100m,300Mi,10m,573Mi,100m,300Mi,131m,1058Mi,100m,300Mi,14m,568Mi,100m,300Mi,4m,48Mi,100m,300Mi,10m,572Mi,100m,300Mi,10m,532Mi,320m,3000Mi,63m,655Mi,100m,300Mi,10m,594Mi,100m,300Mi,9m,479Mi,100m,300Mi,12m,487Mi,100m,300Mi,10m,530Mi,100m,300Mi,9m,509Mi,100m,300Mi,9m,479Mi,320m,3000Mi,78m,642Mi,100m,300Mi,9m,482Mi,100m,300Mi,10m,546Mi,100m,300Mi,10m,548Mi,320m,3000Mi,71m,660Mi,100m,300Mi,4m,85Mi,100m,300Mi,10m,581Mi,100m,300Mi,10m,586Mi,100m,300Mi,8m,466Mi,100m,300Mi,10m,585Mi,100m,300Mi,10m,549Mi,50m,100Mi,59m,49Mi,100m,300Mi,10m,561Mi,100m,300Mi,8m,442Mi,100m,300Mi,4m,60Mi,100m,300Mi,11m,567Mi,0.007965636052482291,N/A,529180672.0,N/A,0.008606110561599652,N/A,523098794.6666667,N/A,0.008689872160031871,nan,595879936.0,0.0,0.00579529999999977,N/A,600141824.0,N/A,0.06666930454027276,22.75,685802837.3333334,3.4222222222222216,0.00463480000000042,N/A,622659584.0,N/A,0.008030653489855927,N/A,556104704.0,N/A,0.09022011585937782,49.375,673185792.0,2.7888888888888888,0.11531704784472391,60.68965517241382,692573525.3333334,2.0407407407407407,0.004947925000000453,N/A,614746794.6666667,N/A,0.008141080226263713,N/A,613036032.0,N/A,0.0451763198315243,45.58219178082194,51286016.0,5.051851851851851,0.008801989828530891,N/A,588286634.6666666,N/A
2025-04-29 17:56:34,100m,200Mi,52m,242Mi,100m,300Mi,8m,509Mi,100m,300Mi,9m,505Mi,100m,300Mi,8m,498Mi,100m,300Mi,9m,485Mi,100m,300Mi,9m,495Mi,100m,300Mi,9m,571Mi,100m,300Mi,9m,569Mi,100m,300Mi,4m,179Mi,100m,300Mi,8m,480Mi,100m,300Mi,8m,495Mi,100m,300Mi,10m,575Mi,100m,300Mi,11m,558Mi,100m,300Mi,12m,563Mi,100m,300Mi,9m,573Mi,100m,300Mi,14m,511Mi,100m,300Mi,10m,496Mi,100m,300Mi,9m,584Mi,100m,300Mi,10m,573Mi,100m,300Mi,136m,1063Mi,100m,300Mi,13m,569Mi,100m,300Mi,4m,48Mi,100m,300Mi,10m,573Mi,100m,300Mi,9m,532Mi,320m,3000Mi,82m,657Mi,100m,300Mi,9m,594Mi,100m,300Mi,8m,479Mi,100m,300Mi,12m,487Mi,100m,300Mi,9m,531Mi,100m,300Mi,8m,508Mi,100m,300Mi,8m,479Mi,320m,3000Mi,99m,644Mi,100m,300Mi,8m,482Mi,100m,300Mi,9m,546Mi,100m,300Mi,9m,550Mi,320m,3000Mi,87m,662Mi,100m,300Mi,4m,85Mi,100m,300Mi,9m,580Mi,100m,300Mi,9m,585Mi,100m,300Mi,8m,466Mi,100m,300Mi,9m,584Mi,100m,300Mi,8m,550Mi,50m,100Mi,57m,48Mi,100m,300Mi,8m,560Mi,100m,300Mi,8m,442Mi,100m,300Mi,4m,60Mi,100m,300Mi,9m,567Mi,0.008326382470732979,N/A,530085888.0,N/A,0.007947694106264301,N/A,523485184.0,N/A,0.00874064122507558,nan,596058112.0,0.0,0.009070506895405183,N/A,600641536.0,N/A,0.14152254391573083,179.37499999999994,688842069.3333333,2.688888888888888,0.005669738385453325,N/A,622706688.0,N/A,0.009867624521072902,N/A,555935061.3333334,N/A,0.03582184423812343,1215.625,675667968.0,3.033333333333333,0.062054583571835034,199.7220278231377,693660330.6666666,1.988429350253832,0.006494973982614153,N/A,614604800.0,N/A,0.0070869943680586375,N/A,612659200.0,N/A,0.05399756838905799,250.0,50933760.0,4.808365966798675,0.009018765629268162,N/A,587556181.3333333,N/A
2025-04-29 17:58:27,100m,200Mi,47m,243Mi,100m,300Mi,9m,508Mi,100m,300Mi,8m,505Mi,100m,300Mi,8m,499Mi,100m,300Mi,8m,486Mi,100m,300Mi,8m,493Mi,100m,300Mi,9m,571Mi,100m,300Mi,9m,569Mi,100m,300Mi,5m,180Mi,100m,300Mi,8m,480Mi,100m,300Mi,8m,495Mi,100m,300Mi,9m,576Mi,100m,300Mi,13m,559Mi,100m,300Mi,10m,565Mi,100m,300Mi,10m,576Mi,100m,300Mi,10m,510Mi,100m,300Mi,9m,496Mi,100m,300Mi,9m,585Mi,100m,300Mi,10m,575Mi,100m,300Mi,133m,1065Mi,100m,300Mi,9m,569Mi,100m,300Mi,4m,48Mi,100m,300Mi,9m,573Mi,100m,300Mi,8m,533Mi,480m,3000Mi,87m,659Mi,100m,300Mi,9m,593Mi,100m,300Mi,8m,479Mi,100m,300Mi,12m,487Mi,100m,300Mi,8m,529Mi,100m,300Mi,9m,509Mi,100m,300Mi,9m,480Mi,480m,3000Mi,110m,647Mi,100m,300Mi,9m,482Mi,100m,300Mi,9m,546Mi,100m,300Mi,9m,549Mi,260m,3000Mi,89m,663Mi,100m,300Mi,4m,85Mi,100m,300Mi,9m,580Mi,100m,300Mi,9m,587Mi,100m,300Mi,8m,466Mi,100m,300Mi,9m,584Mi,100m,300Mi,8m,551Mi,50m,100Mi,56m,49Mi,100m,300Mi,9m,562Mi,100m,300Mi,9m,443Mi,100m,300Mi,4m,60Mi,100m,300Mi,8m,569Mi,0.007938044267373597,N/A,529552725.3333334,N/A,0.009892230897222406,N/A,523257173.3333334,N/A,0.01109310156151395,nan,596368384.0,0.0,0.009668623899057026,N/A,600728576.0,N/A,0.0565810972867642,22.540697674418603,690115584.0,2.9722222222222223,0.01085979331600864,N/A,622872576.0,N/A,0.009275946460404303,N/A,555693397.3333334,N/A,0.08044366668695628,48.05555555555556,678263808.0,3.677777777777777,0.06456141145076451,22.314246165233918,695462570.6666666,2.148148148148148,0.008646830354101015,N/A,615824042.6666667,N/A,0.00664018322077232,N/A,612722688.0,N/A,0.05906512071156299,41.34325708061002,51036160.0,5.237037037037036,0.00817234636240492,N/A,588177408.0,N/A
2025-04-29 18:00:19,100m,200Mi,45m,243Mi,100m,300Mi,9m,510Mi,100m,300Mi,8m,505Mi,100m,300Mi,9m,500Mi,100m,300Mi,9m,486Mi,100m,300Mi,8m,494Mi,100m,300Mi,9m,572Mi,100m,300Mi,9m,569Mi,100m,300Mi,5m,180Mi,100m,300Mi,8m,480Mi,100m,300Mi,9m,495Mi,100m,300Mi,8m,577Mi,100m,300Mi,14m,558Mi,100m,300Mi,10m,565Mi,100m,300Mi,10m,575Mi,100m,300Mi,10m,511Mi,100m,300Mi,8m,497Mi,100m,300Mi,9m,586Mi,100m,300Mi,10m,575Mi,100m,300Mi,131m,1066Mi,100m,300Mi,9m,569Mi,100m,300Mi,4m,48Mi,100m,300Mi,9m,573Mi,100m,300Mi,8m,532Mi,380m,3000Mi,89m,659Mi,100m,300Mi,13m,596Mi,100m,300Mi,10m,480Mi,100m,300Mi,10m,489Mi,100m,300Mi,9m,531Mi,100m,300Mi,9m,511Mi,100m,300Mi,9m,480Mi,380m,3000Mi,88m,648Mi,100m,300Mi,9m,483Mi,100m,300Mi,8m,547Mi,100m,300Mi,9m,550Mi,210m,3000Mi,67m,663Mi,100m,300Mi,4m,86Mi,100m,300Mi,9m,581Mi,100m,300Mi,9m,587Mi,100m,300Mi,9m,467Mi,100m,300Mi,9m,585Mi,100m,300Mi,12m,552Mi,50m,100Mi,58m,49Mi,100m,300Mi,9m,562Mi,100m,300Mi,10m,443Mi,100m,300Mi,4m,60Mi,100m,300Mi,9m,568Mi,0.010657164716215077,N/A,530179413.3333333,N/A,0.007675450000000694,N/A,523913898.6666666,N/A,0.008942254135489467,nan,596387157.3333334,0.0,0.0065730979511352105,N/A,601317376.0,N/A,0.04830958351159765,22.625,690857301.3333333,3.2111111111111112,0.01019874418486388,N/A,624754688.0,N/A,0.008365952748951258,N/A,556616362.6666666,N/A,0.07177079999999876,49.64689265536723,678951594.6666666,2.944444444444444,0.052361910308677984,21.804081632653066,695723349.3333334,2.0851851851851855,0.00813288783107489,N/A,616098474.6666667,N/A,0.0062278754506169326,N/A,613476352.0,N/A,0.04617934503541272,42.88461538461539,51107157.33333333,5.192592592592592,0.008088220344366848,N/A,589090816.0,N/A
2025-04-29 18:02:10,100m,200Mi,45m,243Mi,100m,300Mi,9m,511Mi,100m,300Mi,9m,506Mi,100m,300Mi,9m,500Mi,100m,300Mi,9m,487Mi,100m,300Mi,9m,496Mi,100m,300Mi,9m,571Mi,100m,300Mi,9m,570Mi,100m,300Mi,4m,180Mi,100m,300Mi,10m,481Mi,100m,300Mi,9m,496Mi,100m,300Mi,9m,577Mi,100m,300Mi,9m,558Mi,100m,300Mi,9m,565Mi,100m,300Mi,9m,576Mi,100m,300Mi,9m,510Mi,100m,300Mi,8m,497Mi,100m,300Mi,9m,587Mi,100m,300Mi,8m,574Mi,100m,300Mi,133m,1067Mi,100m,300Mi,9m,570Mi,100m,300Mi,4m,48Mi,100m,300Mi,9m,574Mi,100m,300Mi,9m,533Mi,380m,3000Mi,63m,659Mi,100m,300Mi,13m,596Mi,100m,300Mi,9m,481Mi,100m,300Mi,9m,488Mi,100m,300Mi,9m,530Mi,100m,300Mi,9m,512Mi,100m,300Mi,9m,481Mi,380m,3000Mi,81m,648Mi,100m,300Mi,9m,484Mi,100m,300Mi,10m,548Mi,100m,300Mi,10m,550Mi,210m,3000Mi,58m,664Mi,100m,300Mi,4m,86Mi,100m,300Mi,10m,582Mi,100m,300Mi,10m,589Mi,100m,300Mi,9m,468Mi,100m,300Mi,9m,585Mi,100m,300Mi,13m,553Mi,50m,100Mi,59m,49Mi,100m,300Mi,9m,561Mi,100m,300Mi,9m,444Mi,100m,300Mi,4m,60Mi,100m,300Mi,9m,570Mi,0.008092739870056386,N/A,531367253.3333334,N/A,0.007715297638425628,N/A,524572672.0,N/A,0.010407848882377809,nan,597318314.6666666,0.0,0.008971865239265695,N/A,601616384.0,N/A,0.047935505425182365,23.048192771084345,689954816.0,2.9888888888888885,0.004827850000000922,N/A,625355434.6666666,N/A,0.010601561585008643,N/A,556368896.0,N/A,0.10161807944948412,497.91666666666634,679104512.0,2.8999999999999995,0.05604333921152547,23.990763157830052,696857941.3333333,2.340846758394984,0.012903936803790404,N/A,616650069.3333334,N/A,0.013057218056753271,N/A,614004736.0,N/A,0.061099972535017776,47.42788461538461,51046400.0,5.429629629629629,0.008475556923530018,N/A,588313941.3333334,N/A
2025-04-29 18:04:00,100m,200Mi,49m,243Mi,100m,300Mi,12m,511Mi,100m,300Mi,8m,508Mi,100m,300Mi,9m,501Mi,100m,300Mi,9m,487Mi,100m,300Mi,9m,496Mi,100m,300Mi,10m,576Mi,100m,300Mi,9m,570Mi,100m,300Mi,5m,180Mi,100m,300Mi,9m,482Mi,100m,300Mi,9m,496Mi,100m,300Mi,10m,577Mi,100m,300Mi,8m,559Mi,100m,300Mi,9m,564Mi,100m,300Mi,8m,575Mi,100m,300Mi,8m,511Mi,100m,300Mi,8m,498Mi,100m,300Mi,10m,586Mi,100m,300Mi,8m,575Mi,100m,300Mi,130m,1068Mi,100m,300Mi,9m,570Mi,100m,300Mi,4m,48Mi,100m,300Mi,10m,574Mi,100m,300Mi,9m,533Mi,300m,3000Mi,65m,658Mi,100m,300Mi,12m,597Mi,100m,300Mi,9m,481Mi,100m,300Mi,8m,489Mi,100m,300Mi,9m,531Mi,100m,300Mi,8m,512Mi,100m,300Mi,8m,481Mi,300m,3000Mi,85m,648Mi,100m,300Mi,8m,484Mi,100m,300Mi,10m,548Mi,100m,300Mi,9m,551Mi,170m,3000Mi,61m,665Mi,100m,300Mi,4m,85Mi,100m,300Mi,9m,583Mi,100m,300Mi,9m,589Mi,100m,300Mi,8m,468Mi,100m,300Mi,9m,587Mi,100m,300Mi,13m,554Mi,50m,100Mi,52m,48Mi,100m,300Mi,10m,563Mi,100m,300Mi,8m,445Mi,100m,300Mi,4m,61Mi,100m,300Mi,9m,570Mi,0.008014453621347005,N/A,532250624.0,N/A,0.004908392785653436,N/A,525419861.3333333,N/A,0.008230384081844351,nan,598091776.0,0.0,0.00954076447699808,N/A,601600000.0,N/A,0.04812585527078636,23.329268292682926,690324821.3333334,2.655555555555555,0.006869508592659395,N/A,626398549.3333334,N/A,0.007714561257873563,N/A,556963157.3333334,N/A,0.0666972516959473,48.602941176470594,679932928.0,2.8888888888888884,0.06653049697230379,310.7142857142851,697980928.0,2.1777777777777776,0.005450424999999371,N/A,617448789.3333333,N/A,0.006576191866002099,N/A,615505920.0,N/A,0.02718186666666611,46.18534482758621,50735104.0,4.933333333333334,0.006015071378654139,N/A,590182400.0,N/A
2025-04-29 18:05:49,100m,200Mi,50m,243Mi,100m,300Mi,11m,511Mi,100m,300Mi,8m,508Mi,100m,300Mi,8m,501Mi,100m,300Mi,8m,487Mi,100m,300Mi,8m,497Mi,100m,300Mi,10m,578Mi,100m,300Mi,9m,571Mi,100m,300Mi,5m,179Mi,100m,300Mi,8m,482Mi,100m,300Mi,8m,497Mi,100m,300Mi,9m,579Mi,100m,300Mi,9m,559Mi,100m,300Mi,9m,566Mi,100m,300Mi,8m,576Mi,100m,300Mi,9m,512Mi,100m,300Mi,8m,498Mi,100m,300Mi,10m,586Mi,100m,300Mi,9m,577Mi,100m,300Mi,128m,1069Mi,100m,300Mi,9m,570Mi,100m,300Mi,4m,48Mi,100m,300Mi,10m,575Mi,100m,300Mi,9m,533Mi,300m,3000Mi,64m,666Mi,100m,300Mi,9m,597Mi,100m,300Mi,8m,482Mi,100m,300Mi,8m,489Mi,100m,300Mi,9m,532Mi,100m,300Mi,8m,512Mi,100m,300Mi,8m,481Mi,300m,3000Mi,77m,649Mi,100m,300Mi,8m,484Mi,100m,300Mi,13m,551Mi,100m,300Mi,9m,551Mi,170m,3000Mi,66m,671Mi,100m,300Mi,4m,85Mi,100m,300Mi,9m,582Mi,100m,300Mi,10m,589Mi,100m,300Mi,7m,468Mi,100m,300Mi,9m,586Mi,100m,300Mi,9m,554Mi,50m,100Mi,55m,49Mi,100m,300Mi,12m,566Mi,100m,300Mi,8m,445Mi,100m,300Mi,4m,61Mi,100m,300Mi,9m,570Mi,0.007253171439881091,N/A,532700160.0,N/A,0.007711194155899969,N/A,525613056.0,N/A,0.006364202233640728,nan,599231146.6666667,0.0,0.008393345912768574,N/A,602601472.0,N/A,0.05422342032137266,22.760948905109494,698231466.6666666,2.196296296296296,0.0067694311849493425,N/A,626142208.0,N/A,0.008498925199314195,N/A,557517482.6666666,N/A,0.06920033575825639,47.794117647058826,680535381.3333334,3.0,0.04334322076059644,21.70355731225297,703783936.0,2.2259259259259254,0.006594621985383145,N/A,617590784.0,N/A,0.005961459665507818,N/A,615111338.6666666,N/A,0.04610325603696488,39.616935483870975,51138560.0,5.444444444444445,0.027821963836781906,N/A,592573781.3333334,N/A
2025-04-29 18:07:39,100m,200Mi,45m,243Mi,100m,300Mi,8m,512Mi,100m,300Mi,8m,508Mi,100m,300Mi,8m,501Mi,100m,300Mi,8m,494Mi,100m,300Mi,7m,496Mi,100m,300Mi,8m,578Mi,100m,300Mi,8m,571Mi,100m,300Mi,4m,179Mi,100m,300Mi,8m,482Mi,100m,300Mi,7m,497Mi,100m,300Mi,9m,579Mi,100m,300Mi,9m,560Mi,100m,300Mi,10m,566Mi,100m,300Mi,10m,576Mi,100m,300Mi,10m,513Mi,100m,300Mi,9m,499Mi,100m,300Mi,9m,587Mi,100m,300Mi,9m,576Mi,100m,300Mi,120m,1070Mi,100m,300Mi,8m,570Mi,100m,300Mi,4m,48Mi,100m,300Mi,9m,578Mi,100m,300Mi,8m,534Mi,240m,3000Mi,67m,665Mi,100m,300Mi,8m,597Mi,100m,300Mi,8m,481Mi,100m,300Mi,8m,490Mi,100m,300Mi,11m,533Mi,100m,300Mi,7m,512Mi,100m,300Mi,7m,482Mi,240m,3000Mi,71m,651Mi,100m,300Mi,8m,484Mi,100m,300Mi,11m,551Mi,100m,300Mi,9m,552Mi,260m,3000Mi,67m,672Mi,100m,300Mi,4m,85Mi,100m,300Mi,8m,583Mi,100m,300Mi,11m,592Mi,100m,300Mi,8m,469Mi,100m,300Mi,9m,594Mi,100m,300Mi,8m,561Mi,50m,100Mi,55m,54Mi,100m,300Mi,11m,566Mi,100m,300Mi,8m,450Mi,100m,300Mi,4m,60Mi,100m,300Mi,8m,571Mi,0.006125911595499457,N/A,532495018.6666666,N/A,0.006381539601734582,N/A,525840384.0,N/A,0.00813075937985334,nan,599160149.3333333,0.0,0.00817593644811968,N/A,605458432.0,N/A,0.07914754998844079,24.919847328244277,703057920.0,1.9259259259259256,0.008408132949586903,N/A,625961984.0,N/A,0.007870000611857829,N/A,559616000.0,N/A,0.07832737519089514,49.72938144329896,682056704.0,3.0888888888888886,0.059994912036450625,22.818181818181817,705336320.0,2.292592592592592,0.006595227692011908,N/A,621084672.0,N/A,0.0076905618157120815,N/A,622521002.6666666,N/A,0.0590333054345003,45.945378151260506,57369941.333333336,5.140740740740741,0.008375948760621706,N/A,593925120.0,N/A
2025-04-29 18:09:31,100m,200Mi,46m,244Mi,100m,300Mi,8m,511Mi,100m,300Mi,8m,508Mi,100m,300Mi,8m,501Mi,100m,300Mi,8m,496Mi,100m,300Mi,8m,501Mi,100m,300Mi,8m,573Mi,100m,300Mi,8m,572Mi,100m,300Mi,4m,180Mi,100m,300Mi,8m,483Mi,100m,300Mi,8m,502Mi,100m,300Mi,8m,581Mi,100m,300Mi,9m,560Mi,100m,300Mi,10m,568Mi,100m,300Mi,10m,579Mi,100m,300Mi,10m,515Mi,100m,300Mi,9m,499Mi,100m,300Mi,8m,588Mi,100m,300Mi,9m,578Mi,100m,300Mi,125m,1072Mi,100m,300Mi,8m,572Mi,100m,300Mi,4m,48Mi,100m,300Mi,8m,580Mi,100m,300Mi,8m,541Mi,190m,3000Mi,69m,661Mi,100m,300Mi,9m,598Mi,100m,300Mi,8m,486Mi,100m,300Mi,7m,489Mi,100m,300Mi,11m,539Mi,100m,300Mi,8m,517Mi,100m,300Mi,8m,482Mi,360m,3000Mi,77m,657Mi,100m,300Mi,8m,486Mi,100m,300Mi,8m,551Mi,100m,300Mi,8m,553Mi,210m,3000Mi,70m,678Mi,100m,300Mi,10m,103Mi,100m,300Mi,12m,591Mi,100m,300Mi,11m,593Mi,100m,300Mi,8m,475Mi,100m,300Mi,8m,594Mi,100m,300Mi,8m,562Mi,50m,100Mi,54m,55Mi,100m,300Mi,11m,568Mi,100m,300Mi,8m,452Mi,100m,300Mi,4m,62Mi,100m,300Mi,8m,572Mi,0.008604500323354183,N/A,533415936.0,N/A,0.008192129529417252,N/A,526479360.0,N/A,0.007870188024569489,nan,600299520.0,0.0,0.008652803165522836,N/A,607437824.0,N/A,0.06895464127998584,24.173611111111114,695154688.0,1.8888888888888888,0.008409076189036857,N/A,627153578.6666666,N/A,0.010966524897256108,N/A,564249600.0,N/A,0.0687053704820061,47.54166666666667,689050965.3333334,3.233333333333333,0.08747315901321467,24.454545454545453,709835434.6666666,2.1777777777777776,0.008708165406062635,N/A,621782357.3333334,N/A,0.008703048670164776,N/A,622951082.6666666,N/A,0.04053813768068095,46.015625,58122240.0,5.318518518518518,0.005655294506479285,N/A,595166549.3333333,N/A
2025-04-29 18:11:22,100m,200Mi,51m,250Mi,100m,300Mi,8m,517Mi,100m,300Mi,8m,510Mi,100m,300Mi,8m,507Mi,100m,300Mi,8m,489Mi,100m,300Mi,8m,501Mi,100m,300Mi,8m,574Mi,100m,300Mi,8m,574Mi,100m,300Mi,4m,180Mi,100m,300Mi,8m,488Mi,100m,300Mi,8m,501Mi,100m,300Mi,8m,582Mi,100m,300Mi,8m,564Mi,100m,300Mi,9m,569Mi,100m,300Mi,9m,578Mi,100m,300Mi,9m,515Mi,100m,300Mi,7m,500Mi,100m,300Mi,8m,589Mi,100m,300Mi,9m,580Mi,100m,300Mi,123m,1077Mi,100m,300Mi,8m,572Mi,100m,300Mi,4m,49Mi,100m,300Mi,12m,582Mi,100m,300Mi,8m,543Mi,190m,3000Mi,61m,663Mi,100m,300Mi,8m,600Mi,100m,300Mi,8m,487Mi,100m,300Mi,8m,490Mi,100m,300Mi,8m,542Mi,100m,300Mi,9m,519Mi,100m,300Mi,7m,483Mi,360m,3000Mi,73m,659Mi,100m,300Mi,8m,487Mi,100m,300Mi,9m,556Mi,100m,300Mi,9m,557Mi,210m,3000Mi,63m,679Mi,100m,300Mi,10m,93Mi,100m,300Mi,12m,593Mi,100m,300Mi,11m,597Mi,100m,300Mi,8m,477Mi,100m,300Mi,8m,589Mi,100m,300Mi,8m,563Mi,50m,100Mi,57m,50Mi,100m,300Mi,8m,569Mi,100m,300Mi,8m,448Mi,100m,300Mi,4m,66Mi,100m,300Mi,8m,576Mi,0.006234571418180217,N/A,534906197.3333334,N/A,0.007698745479205617,N/A,532277930.6666667,N/A,0.00817137731795367,nan,602181632.0,0.0,0.034011118396524855,N/A,608034816.0,N/A,0.04637857421468009,24.189189189189186,695726080.0,1.97037037037037,0.005780789048932397,N/A,628928512.0,N/A,0.007253250084623034,N/A,567780693.3333334,N/A,0.06658221981461585,48.20093457943926,690826240.0,3.266666666666666,0.06299495291726148,23.80916030534351,711998464.0,2.2851851851851848,0.008064907169137877,N/A,625660928.0,N/A,0.004376299999999371,N/A,617844736.0,N/A,0.06017454126035406,45.401459854014604,53604352.0,5.355555555555556,0.009742529990041162,N/A,597255509.3333334,N/A
2025-04-29 18:13:15,100m,200Mi,45m,249Mi,100m,300Mi,8m,519Mi,100m,300Mi,8m,511Mi,100m,300Mi,8m,510Mi,100m,300Mi,8m,488Mi,100m,300Mi,8m,499Mi,100m,300Mi,8m,575Mi,100m,300Mi,8m,574Mi,100m,300Mi,5m,184Mi,100m,300Mi,8m,489Mi,100m,300Mi,8m,499Mi,100m,300Mi,8m,582Mi,100m,300Mi,8m,561Mi,100m,300Mi,8m,568Mi,100m,300Mi,8m,580Mi,100m,300Mi,8m,515Mi,100m,300Mi,8m,500Mi,100m,300Mi,9m,594Mi,100m,300Mi,8m,579Mi,100m,300Mi,118m,1077Mi,100m,300Mi,9m,579Mi,100m,300Mi,5m,52Mi,100m,300Mi,12m,577Mi,100m,300Mi,11m,539Mi,290m,3000Mi,61m,663Mi,100m,300Mi,8m,600Mi,100m,300Mi,9m,482Mi,100m,300Mi,9m,493Mi,100m,300Mi,9m,532Mi,100m,300Mi,9m,520Mi,100m,300Mi,9m,490Mi,290m,3000Mi,66m,657Mi,100m,300Mi,9m,492Mi,100m,300Mi,9m,558Mi,100m,300Mi,8m,557Mi,170m,3000Mi,60m,674Mi,100m,300Mi,10m,90Mi,100m,300Mi,9m,589Mi,100m,300Mi,9m,597Mi,100m,300Mi,8m,474Mi,100m,300Mi,7m,588Mi,100m,300Mi,8m,560Mi,50m,100Mi,55m,49Mi,100m,300Mi,8m,572Mi,100m,300Mi,9m,447Mi,100m,300Mi,5m,68Mi,100m,300Mi,9m,575Mi,0.00998013807753548,N/A,536996864.0,N/A,0.007350329489999439,N/A,535261184.0,N/A,0.010407632339630143,nan,603915605.3333334,0.0,0.009147808074571774,N/A,605303808.0,N/A,0.061952906934078004,23.54081632653061,694936917.3333333,2.3074074074074074,0.007033384741651717,N/A,629429248.0,N/A,0.008201061456810769,N/A,562610176.0,N/A,0.04223138487759873,47.51506024096386,688994986.6666666,2.8,0.03804542134058493,21.411764705882355,707659093.3333334,2.259259259259259,0.006225519678159565,N/A,626195114.6666667,N/A,0.006975981270847022,N/A,616374272.0,N/A,0.04750018377709065,36.2938596491228,51660117.33333333,5.4074074074074066,0.006450994621804824,N/A,600031232.0,N/A
2025-04-29 18:15:07,100m,200Mi,52m,243Mi,100m,300Mi,9m,521Mi,100m,300Mi,8m,515Mi,100m,300Mi,9m,511Mi,100m,300Mi,9m,488Mi,100m,300Mi,8m,497Mi,100m,300Mi,9m,573Mi,100m,300Mi,9m,579Mi,100m,300Mi,5m,186Mi,100m,300Mi,9m,482Mi,100m,300Mi,8m,499Mi,100m,300Mi,8m,579Mi,100m,300Mi,7m,563Mi,100m,300Mi,8m,572Mi,100m,300Mi,8m,579Mi,100m,300Mi,8m,514Mi,100m,300Mi,8m,499Mi,100m,300Mi,9m,595Mi,100m,300Mi,8m,577Mi,100m,300Mi,131m,1076Mi,100m,300Mi,9m,580Mi,100m,300Mi,4m,53Mi,100m,300Mi,12m,578Mi,100m,300Mi,11m,539Mi,290m,3000Mi,65m,663Mi,100m,300Mi,10m,598Mi,100m,300Mi,8m,483Mi,100m,300Mi,9m,492Mi,100m,300Mi,8m,532Mi,100m,300Mi,8m,518Mi,100m,300Mi,9m,491Mi,230m,3000Mi,67m,653Mi,100m,300Mi,9m,493Mi,100m,300Mi,8m,555Mi,100m,300Mi,9m,551Mi,260m,3000Mi,58m,665Mi,100m,300Mi,4m,87Mi,100m,300Mi,11m,586Mi,100m,300Mi,10m,592Mi,100m,300Mi,8m,469Mi,100m,300Mi,9m,587Mi,100m,300Mi,9m,556Mi,50m,100Mi,57m,49Mi,100m,300Mi,10m,573Mi,100m,300Mi,9m,447Mi,100m,300Mi,4m,63Mi,100m,300Mi,8m,569Mi,0.006828493007130961,N/A,540303360.0,N/A,0.007739183136788338,N/A,533877760.0,N/A,0.015094652904098851,nan,604846080.0,0.0,0.011862269886844645,N/A,606019584.0,N/A,0.051450837614339176,22.65060240963855,694657024.0,2.0888888888888886,0.014075995907666753,N/A,629082794.6666666,N/A,0.005532628371476286,N/A,558090240.0,N/A,0.04588854368002707,49.970930232558146,685172736.0,2.7777777777777772,0.05201808566546344,43.74970826526158,697865557.3333334,2.0375142967952944,0.015815236991241738,N/A,621001728.0,N/A,0.010414329430921658,N/A,616416597.3333334,N/A,0.055965756075699,43.54910714285713,51599360.0,4.977777777777778,0.015252933333332898,N/A,601275392.0,N/A
2025-04-29 18:16:57,100m,200Mi,48m,243Mi,100m,300Mi,9m,514Mi,100m,300Mi,9m,512Mi,100m,300Mi,8m,502Mi,100m,300Mi,8m,488Mi,100m,300Mi,8m,495Mi,100m,300Mi,9m,574Mi,100m,300Mi,10m,577Mi,100m,300Mi,5m,181Mi,100m,300Mi,8m,482Mi,100m,300Mi,8m,499Mi,100m,300Mi,9m,584Mi,100m,300Mi,8m,563Mi,100m,300Mi,9m,575Mi,100m,300Mi,8m,579Mi,100m,300Mi,9m,521Mi,100m,300Mi,8m,498Mi,100m,300Mi,10m,588Mi,100m,300Mi,8m,577Mi,100m,300Mi,142m,1078Mi,100m,300Mi,10m,581Mi,100m,300Mi,4m,46Mi,100m,300Mi,10m,578Mi,100m,300Mi,9m,540Mi,230m,3000Mi,62m,663Mi,100m,300Mi,10m,605Mi,100m,300Mi,8m,483Mi,100m,300Mi,8m,492Mi,100m,300Mi,9m,534Mi,100m,300Mi,8m,516Mi,100m,300Mi,8m,487Mi,230m,3000Mi,67m,654Mi,100m,300Mi,8m,484Mi,100m,300Mi,9m,552Mi,100m,300Mi,10m,551Mi,260m,3000Mi,61m,664Mi,100m,300Mi,4m,87Mi,100m,300Mi,10m,586Mi,100m,300Mi,10m,592Mi,100m,300Mi,8m,470Mi,100m,300Mi,9m,589Mi,100m,300Mi,9m,556Mi,50m,100Mi,58m,49Mi,100m,300Mi,9m,567Mi,100m,300Mi,8m,447Mi,100m,300Mi,4m,61Mi,100m,300Mi,9m,571Mi,0.00836837187013371,N/A,537651200.0,N/A,0.005957818237334529,N/A,527663104.0,N/A,0.0055048973261956615,nan,604999680.0,0.0,0.005628377569255238,N/A,606095360.0,N/A,0.04951236647199169,23.26506024096386,695276885.3333333,2.2074074074074073,0.00847664904786112,N/A,634597376.0,N/A,0.008017746976490912,N/A,560362837.3333334,N/A,0.05683241783392795,48.413978494623656,685936640.0,2.822222222222222,0.060325681208380215,23.237500000000004,697233408.0,2.0074074074074066,0.007769194135457518,N/A,621150208.0,N/A,0.008213993485342826,N/A,617136128.0,N/A,0.055921451013995496,39.17410714285714,51408896.0,5.237037037037036,0.006791325866854592,N/A,595072341.3333334,N/A
2025-04-29 18:18:46,100m,200Mi,42m,243Mi,100m,300Mi,8m,514Mi,100m,300Mi,8m,509Mi,100m,300Mi,8m,504Mi,100m,300Mi,8m,489Mi,100m,300Mi,8m,497Mi,100m,300Mi,9m,574Mi,100m,300Mi,10m,573Mi,100m,300Mi,4m,180Mi,100m,300Mi,8m,482Mi,100m,300Mi,8m,499Mi,100m,300Mi,10m,586Mi,100m,300Mi,9m,569Mi,100m,300Mi,9m,575Mi,100m,300Mi,11m,586Mi,100m,300Mi,9m,521Mi,100m,300Mi,8m,499Mi,100m,300Mi,9m,590Mi,100m,300Mi,8m,578Mi,100m,300Mi,129m,1078Mi,100m,300Mi,9m,576Mi,100m,300Mi,4m,46Mi,100m,300Mi,9m,579Mi,100m,300Mi,9m,540Mi,180m,3000Mi,61m,665Mi,100m,300Mi,10m,605Mi,100m,300Mi,8m,484Mi,100m,300Mi,8m,486Mi,100m,300Mi,9m,534Mi,100m,300Mi,8m,516Mi,100m,300Mi,8m,485Mi,180m,3000Mi,68m,654Mi,100m,300Mi,8m,485Mi,100m,300Mi,9m,553Mi,100m,300Mi,9m,553Mi,210m,3000Mi,58m,667Mi,100m,300Mi,4m,87Mi,100m,300Mi,10m,586Mi,100m,300Mi,9m,593Mi,100m,300Mi,7m,470Mi,100m,300Mi,9m,588Mi,100m,300Mi,9m,556Mi,50m,100Mi,55m,49Mi,100m,300Mi,9m,567Mi,100m,300Mi,8m,447Mi,100m,300Mi,4m,61Mi,100m,300Mi,10m,569Mi,0.007884889122823915,N/A,534510250.6666666,N/A,0.007380353566891779,N/A,528740352.0,N/A,0.00693967098520806,nan,600743936.0,0.0,0.008315700552066067,N/A,606694058.6666666,N/A,0.047156041844110694,23.630434782608695,696845312.0,1.9259259259259258,0.008101727668656421,N/A,634361173.3333334,N/A,0.00398806666666663,N/A,560492544.0,N/A,0.08717652720739309,54.9999999999998,685391872.0,2.9444444444444438,0.041452761270763284,22.310344827586206,698966016.0,1.985185185185185,0.007421622115882632,N/A,621457408.0,N/A,0.006280213457353898,N/A,617551189.3333334,N/A,0.042002187855265556,44.78571428571427,51696640.0,4.777777777777777,0.0058474305860362775,N/A,595016362.6666666,N/A
2025-04-29 18:20:35,100m,200Mi,43m,243Mi,100m,300Mi,8m,514Mi,100m,300Mi,8m,510Mi,100m,300Mi,8m,504Mi,100m,300Mi,7m,488Mi,100m,300Mi,8m,498Mi,100m,300Mi,8m,574Mi,100m,300Mi,8m,574Mi,100m,300Mi,4m,180Mi,100m,300Mi,7m,482Mi,100m,300Mi,8m,499Mi,100m,300Mi,10m,581Mi,100m,300Mi,9m,569Mi,100m,300Mi,8m,568Mi,100m,300Mi,11m,588Mi,100m,300Mi,9m,518Mi,100m,300Mi,9m,501Mi,100m,300Mi,8m,589Mi,100m,300Mi,8m,584Mi,100m,300Mi,117m,1080Mi,100m,300Mi,8m,576Mi,100m,300Mi,4m,46Mi,100m,300Mi,9m,577Mi,100m,300Mi,8m,540Mi,180m,3000Mi,62m,665Mi,100m,300Mi,8m,599Mi,100m,300Mi,8m,484Mi,100m,300Mi,8m,488Mi,100m,300Mi,8m,535Mi,100m,300Mi,8m,516Mi,100m,300Mi,8m,484Mi,180m,3000Mi,61m,654Mi,100m,300Mi,8m,486Mi,100m,300Mi,8m,553Mi,100m,300Mi,8m,553Mi,210m,3000Mi,59m,667Mi,100m,300Mi,4m,87Mi,100m,300Mi,8m,587Mi,100m,300Mi,8m,593Mi,100m,300Mi,7m,471Mi,100m,300Mi,8m,589Mi,100m,300Mi,8m,556Mi,50m,100Mi,56m,49Mi,100m,300Mi,8m,567Mi,100m,300Mi,8m,447Mi,100m,300Mi,4m,61Mi,100m,300Mi,8m,571Mi,0.006360640123206389,N/A,535401472.0,N/A,0.007131270065493233,N/A,528935594.6666666,N/A,0.010560833436687076,nan,602524330.6666666,0.0,0.006910652071710463,N/A,605750613.3333334,N/A,0.06546631823461072,24.049295774647884,697550848.0,1.7,0.007188601430626313,N/A,628536661.3333333,N/A,0.008322520984492075,N/A,561020928.0,N/A,0.048830787217061446,48.7114537444934,685723648.0,3.4222222222222216,0.059289600371251756,23.9182156133829,699371520.0,2.1851851851851847,0.008291448280526277,N/A,622196736.0,N/A,0.008348230694036961,N/A,618192896.0,N/A,0.056600182256453004,45.56159420289853,51512661.333333336,5.066666666666666,0.0077801931034486935,N/A,595021824.0,N/A
2025-04-29 18:22:24,100m,200Mi,46m,243Mi,100m,300Mi,8m,517Mi,100m,300Mi,8m,511Mi,100m,300Mi,8m,504Mi,100m,300Mi,8m,490Mi,100m,300Mi,8m,498Mi,100m,300Mi,8m,574Mi,100m,300Mi,8m,575Mi,100m,300Mi,4m,179Mi,100m,300Mi,7m,483Mi,100m,300Mi,7m,499Mi,100m,300Mi,8m,581Mi,100m,300Mi,10m,570Mi,100m,300Mi,10m,570Mi,100m,300Mi,10m,586Mi,100m,300Mi,10m,516Mi,100m,300Mi,9m,502Mi,100m,300Mi,8m,589Mi,100m,300Mi,9m,586Mi,100m,300Mi,122m,1081Mi,100m,300Mi,8m,576Mi,100m,300Mi,4m,46Mi,100m,300Mi,8m,579Mi,100m,300Mi,8m,540Mi,270m,3000Mi,60m,665Mi,100m,300Mi,8m,599Mi,100m,300Mi,8m,485Mi,100m,300Mi,7m,489Mi,100m,300Mi,8m,535Mi,100m,300Mi,8m,517Mi,100m,300Mi,8m,486Mi,270m,3000Mi,68m,654Mi,100m,300Mi,8m,486Mi,100m,300Mi,8m,553Mi,100m,300Mi,8m,554Mi,170m,3000Mi,62m,668Mi,100m,300Mi,4m,87Mi,100m,300Mi,8m,587Mi,100m,300Mi,8m,594Mi,100m,300Mi,8m,472Mi,100m,300Mi,8m,589Mi,100m,300Mi,8m,557Mi,50m,100Mi,54m,49Mi,100m,300Mi,8m,568Mi,100m,300Mi,8m,448Mi,100m,300Mi,4m,61Mi,100m,300Mi,8m,571Mi,0.008739164186428875,N/A,536352768.0,N/A,0.007810651610250618,N/A,529274880.0,N/A,0.00684032977857673,nan,603314858.6666667,0.0,0.008710273081924713,N/A,606676992.0,N/A,0.0807456980040979,24.168539325842694,697556992.0,1.9999999999999998,0.007041001708024804,N/A,628822016.0,N/A,0.005851346524631544,N/A,560686421.3333334,N/A,0.07008369162342402,48.903743315508024,686889642.6666666,3.011111111111111,0.06493474703238382,22.073170731707314,700498944.0,1.7037037037037033,0.008090337053019375,N/A,622791680.0,N/A,0.007790207696091689,N/A,617758720.0,N/A,0.051226399208571145,43.69266055045872,51806208.0,4.525925925925925,0.009859104854202386,N/A,595759104.0,N/A
2025-04-29 18:24:13,100m,200Mi,51m,243Mi,100m,300Mi,8m,517Mi,100m,300Mi,8m,513Mi,100m,300Mi,8m,504Mi,100m,300Mi,8m,491Mi,100m,300Mi,8m,498Mi,100m,300Mi,8m,575Mi,100m,300Mi,8m,575Mi,100m,300Mi,4m,179Mi,100m,300Mi,8m,484Mi,100m,300Mi,8m,500Mi,100m,300Mi,8m,582Mi,100m,300Mi,9m,562Mi,100m,300Mi,9m,569Mi,100m,300Mi,9m,582Mi,100m,300Mi,9m,515Mi,100m,300Mi,8m,497Mi,100m,300Mi,8m,589Mi,100m,300Mi,9m,581Mi,100m,300Mi,120m,1080Mi,100m,300Mi,9m,578Mi,100m,300Mi,4m,46Mi,100m,300Mi,8m,579Mi,100m,300Mi,7m,541Mi,270m,3000Mi,56m,666Mi,100m,300Mi,8m,600Mi,100m,300Mi,9m,484Mi,100m,300Mi,8m,489Mi,100m,300Mi,8m,535Mi,100m,300Mi,8m,516Mi,100m,300Mi,8m,486Mi,220m,3000Mi,68m,655Mi,100m,300Mi,8m,486Mi,100m,300Mi,9m,554Mi,100m,300Mi,8m,553Mi,260m,3000Mi,63m,669Mi,100m,300Mi,4m,87Mi,100m,300Mi,9m,588Mi,100m,300Mi,8m,594Mi,100m,300Mi,8m,473Mi,100m,300Mi,8m,590Mi,100m,300Mi,8m,557Mi,50m,100Mi,52m,49Mi,100m,300Mi,8m,569Mi,100m,300Mi,8m,448Mi,100m,300Mi,4m,61Mi,100m,300Mi,8m,572Mi,0.006024458581399409,N/A,537782272.0,N/A,0.007732011366066866,N/A,529103530.6666666,N/A,0.00655351660537598,nan,603492352.0,0.0,0.008183076819679069,N/A,606822400.0,N/A,0.07001627579422726,24.03571428571429,698128384.0,2.2851851851851848,0.00989998690683209,N/A,629297152.0,N/A,0.011651108699023138,N/A,561160192.0,N/A,0.0658068989807828,48.51156069364161,687122432.0,2.7555555555555555,0.058761646735104936,22.992031872509962,701490176.0,2.096296296296296,0.012059628383894612,N/A,623099904.0,N/A,0.00810100642996995,N/A,618412714.6666666,N/A,0.058575999999999344,40.091743119266056,51843072.0,5.395537225511282,0.007580091451416899,N/A,597076650.6666666,N/A
2025-04-29 18:26:05,100m,200Mi,53m,243Mi,100m,300Mi,8m,517Mi,100m,300Mi,8m,513Mi,100m,300Mi,7m,505Mi,100m,300Mi,8m,491Mi,100m,300Mi,8m,499Mi,100m,300Mi,8m,576Mi,100m,300Mi,8m,576Mi,100m,300Mi,4m,179Mi,100m,300Mi,8m,485Mi,100m,300Mi,8m,500Mi,100m,300Mi,8m,582Mi,100m,300Mi,8m,564Mi,100m,300Mi,9m,569Mi,100m,300Mi,9m,582Mi,100m,300Mi,9m,516Mi,100m,300Mi,8m,498Mi,100m,300Mi,8m,592Mi,100m,300Mi,9m,578Mi,100m,300Mi,120m,1080Mi,100m,300Mi,9m,578Mi,100m,300Mi,4m,46Mi,100m,300Mi,9m,580Mi,100m,300Mi,8m,543Mi,220m,3000Mi,62m,666Mi,100m,300Mi,9m,601Mi,100m,300Mi,8m,484Mi,100m,300Mi,8m,489Mi,100m,300Mi,9m,536Mi,100m,300Mi,8m,517Mi,100m,300Mi,8m,486Mi,220m,3000Mi,71m,657Mi,100m,300Mi,7m,486Mi,100m,300Mi,8m,554Mi,100m,300Mi,8m,554Mi,260m,3000Mi,61m,669Mi,100m,300Mi,4m,87Mi,100m,300Mi,8m,588Mi,100m,300Mi,9m,595Mi,100m,300Mi,8m,472Mi,100m,300Mi,10m,595Mi,100m,300Mi,8m,557Mi,50m,100Mi,54m,49Mi,100m,300Mi,9m,570Mi,100m,300Mi,8m,448Mi,100m,300Mi,4m,61Mi,100m,300Mi,8m,574Mi,0.006989255313524389,N/A,537566208.0,N/A,0.007971431807883787,N/A,529236992.0,N/A,0.0062117950672811485,nan,603641173.3333334,0.0,0.009353579751614603,N/A,607450453.3333334,N/A,0.06962415764279475,23.33576642335766,698243754.6666666,2.1629629629629625,0.00641781242909558,N/A,629904384.0,N/A,0.008302418289665691,N/A,561975296.0,N/A,0.061845700655210264,49.084158415841586,687674709.3333333,3.5555555555555554,0.05762877310478032,24.404052249583604,701207893.3333334,1.7255251253118913,0.006774128930352699,N/A,623398912.0,N/A,0.007926549998586552,N/A,624553984.0,N/A,0.04477360109384389,45.62043795620437,51923626.66666667,5.040650406504065,0.008749201277954916,N/A,597232640.0,N/A
2025-04-29 18:27:57,100m,200Mi,54m,243Mi,100m,300Mi,8m,517Mi,100m,300Mi,8m,512Mi,100m,300Mi,7m,505Mi,100m,300Mi,7m,491Mi,100m,300Mi,8m,499Mi,100m,300Mi,8m,575Mi,100m,300Mi,27m,576Mi,100m,300Mi,4m,180Mi,100m,300Mi,8m,485Mi,100m,300Mi,8m,500Mi,100m,300Mi,9m,583Mi,100m,300Mi,8m,564Mi,100m,300Mi,8m,570Mi,100m,300Mi,8m,583Mi,100m,300Mi,9m,517Mi,100m,300Mi,8m,498Mi,100m,300Mi,8m,591Mi,100m,300Mi,7m,580Mi,100m,300Mi,125m,1083Mi,100m,300Mi,9m,578Mi,100m,300Mi,4m,46Mi,100m,300Mi,8m,580Mi,100m,300Mi,8m,542Mi,180m,3000Mi,70m,667Mi,100m,300Mi,8m,600Mi,100m,300Mi,7m,484Mi,100m,300Mi,7m,488Mi,100m,300Mi,8m,536Mi,100m,300Mi,8m,517Mi,100m,300Mi,8m,486Mi,330m,3000Mi,72m,656Mi,100m,300Mi,8m,486Mi,100m,300Mi,8m,554Mi,100m,300Mi,12m,557Mi,210m,3000Mi,78m,676Mi,100m,300Mi,4m,87Mi,100m,300Mi,8m,587Mi,100m,300Mi,9m,594Mi,100m,300Mi,8m,472Mi,100m,300Mi,11m,596Mi,100m,300Mi,8m,557Mi,50m,100Mi,55m,49Mi,100m,300Mi,8m,570Mi,100m,300Mi,7m,447Mi,100m,300Mi,4m,61Mi,100m,300Mi,8m,573Mi,0.0064929762859523895,N/A,537572693.3333334,N/A,0.007848541862652332,N/A,529261909.3333334,N/A,0.10135890260240539,4722.222222222223,603343530.6666667,0.2222222222222222,0.008207958789967485,N/A,607940608.0,N/A,0.1884627796198567,1861.206896551725,701033472.0,1.6666666666666667,0.008995158044772692,N/A,629577728.0,N/A,0.008080673563723991,N/A,562481834.6666666,N/A,0.3531320156568443,730.0000000000002,692271104.0,1.15,0.23059162765246122,914.1509433962259,708404565.3333334,1.537037037037037,0.00655123002949519,N/A,623349760.0,N/A,0.005284246017300842,N/A,624709632.0,N/A,0.03439171974123595,1136.6071428571408,51948202.66666667,4.288888888888888,0.005468307188148277,N/A,597207040.0,N/A
2025-04-29 18:29:49,100m,200Mi,53m,243Mi,100m,300Mi,8m,518Mi,100m,300Mi,8m,512Mi,100m,300Mi,8m,505Mi,100m,300Mi,8m,491Mi,100m,300Mi,8m,498Mi,100m,300Mi,7m,575Mi,100m,300Mi,28m,576Mi,100m,300Mi,4m,180Mi,100m,300Mi,8m,484Mi,100m,300Mi,8m,500Mi,100m,300Mi,8m,583Mi,100m,300Mi,8m,565Mi,100m,300Mi,8m,570Mi,100m,300Mi,7m,584Mi,100m,300Mi,9m,517Mi,100m,300Mi,8m,498Mi,100m,300Mi,7m,591Mi,100m,300Mi,8m,582Mi,100m,300Mi,122m,1083Mi,100m,300Mi,8m,578Mi,100m,300Mi,4m,46Mi,100m,300Mi,8m,580Mi,100m,300Mi,8m,543Mi,180m,3000Mi,133m,674Mi,100m,300Mi,8m,601Mi,100m,300Mi,8m,483Mi,100m,300Mi,8m,489Mi,100m,300Mi,8m,536Mi,100m,300Mi,7m,517Mi,100m,300Mi,8m,486Mi,330m,3000Mi,143m,661Mi,100m,300Mi,8m,485Mi,100m,300Mi,8m,554Mi,100m,300Mi,11m,555Mi,210m,3000Mi,114m,675Mi,100m,300Mi,4m,86Mi,100m,300Mi,7m,588Mi,100m,300Mi,8m,594Mi,100m,300Mi,7m,472Mi,100m,300Mi,10m,595Mi,100m,300Mi,8m,556Mi,50m,100Mi,53m,50Mi,100m,300Mi,8m,569Mi,100m,300Mi,8m,448Mi,100m,300Mi,4m,61Mi,100m,300Mi,8m,573Mi,0.007568679410327567,N/A,537537536.0,N/A,0.007192230299883353,N/A,529291946.6666666,N/A,0.008979536314170793,nan,603503274.6666667,0.0,0.006364873038275536,N/A,607916032.0,N/A,0.15889089505811796,267.36111111111103,704219136.0,2.107407407407407,0.006260911037664428,N/A,629904725.3333334,N/A,0.004945443233647828,N/A,562584234.6666666,N/A,0.02340784999999812,46.82795698924731,693305344.0,1.338888888888889,0.050357402974988814,23.797356828193834,708595712.0,1.844444444444444,0.006187995272332053,N/A,622652074.6666667,N/A,0.006361268042800169,N/A,624004096.0,N/A,0.05272937916396476,133.28124999999991,51980970.66666667,4.933333333333334,0.008343335078285016,N/A,597097130.6666666,N/A
2025-04-29 18:31:40,100m,200Mi,45m,243Mi,100m,300Mi,8m,517Mi,100m,300Mi,8m,512Mi,100m,300Mi,7m,505Mi,100m,300Mi,7m,491Mi,100m,300Mi,8m,498Mi,100m,300Mi,7m,576Mi,100m,300Mi,28m,576Mi,100m,300Mi,4m,180Mi,100m,300Mi,8m,484Mi,100m,300Mi,8m,500Mi,100m,300Mi,8m,582Mi,100m,300Mi,8m,567Mi,100m,300Mi,9m,571Mi,100m,300Mi,9m,585Mi,100m,300Mi,9m,517Mi,100m,300Mi,8m,498Mi,100m,300Mi,8m,592Mi,100m,300Mi,10m,585Mi,100m,300Mi,125m,1082Mi,100m,300Mi,8m,578Mi,100m,300Mi,4m,46Mi,100m,300Mi,8m,579Mi,100m,300Mi,8m,543Mi,270m,3000Mi,134m,668Mi,100m,300Mi,8m,600Mi,100m,300Mi,8m,484Mi,100m,300Mi,9m,488Mi,100m,300Mi,7m,536Mi,100m,300Mi,8m,517Mi,100m,300Mi,8m,486Mi,260m,3000Mi,138m,661Mi,100m,300Mi,9m,486Mi,100m,300Mi,8m,554Mi,100m,300Mi,8m,557Mi,320m,3000Mi,124m,678Mi,100m,300Mi,4m,87Mi,100m,300Mi,8m,588Mi,100m,300Mi,8m,594Mi,100m,300Mi,9m,471Mi,100m,300Mi,8m,595Mi,100m,300Mi,8m,557Mi,50m,100Mi,54m,49Mi,100m,300Mi,8m,569Mi,100m,300Mi,9m,447Mi,100m,300Mi,4m,61Mi,100m,300Mi,10m,577Mi,0.009831868754351086,N/A,537654613.3333334,N/A,0.011280935647415752,N/A,528592896.0,N/A,0.006671497605327406,nan,603797504.0,0.0,0.005900866570254868,N/A,607225173.3333334,N/A,0.06695970690777044,23.934065934065934,702073856.0,2.133333333333333,0.008082015836444863,N/A,629704704.0,N/A,0.008278375488290956,N/A,562428928.0,N/A,0.08437820015515875,48.70327102803738,693483520.0,1.5916666666666668,0.053249228345786076,22.050420168067227,711099733.3333334,1.9407407407407402,0.006588564570118853,N/A,622639786.6666667,N/A,0.008020668746173295,N/A,623921834.6666666,N/A,0.060100529100529224,43.683206106870216,51388416.0,5.148148148148147,0.00797628324057029,N/A,597241856.0,N/A
2025-04-29 18:33:32,100m,200Mi,43m,244Mi,100m,300Mi,9m,518Mi,100m,300Mi,8m,513Mi,100m,300Mi,8m,505Mi,100m,300Mi,8m,491Mi,100m,300Mi,8m,497Mi,100m,300Mi,9m,577Mi,100m,300Mi,7m,576Mi,100m,300Mi,4m,180Mi,100m,300Mi,8m,484Mi,100m,300Mi,8m,501Mi,100m,300Mi,8m,583Mi,100m,300Mi,8m,567Mi,100m,300Mi,8m,571Mi,100m,300Mi,8m,585Mi,100m,300Mi,8m,518Mi,100m,300Mi,7m,499Mi,100m,300Mi,8m,591Mi,100m,300Mi,10m,586Mi,100m,300Mi,122m,1082Mi,100m,300Mi,9m,578Mi,100m,300Mi,4m,46Mi,100m,300Mi,8m,579Mi,100m,300Mi,8m,542Mi,220m,3000Mi,97m,669Mi,100m,300Mi,9m,600Mi,100m,300Mi,8m,484Mi,100m,300Mi,9m,489Mi,100m,300Mi,8m,536Mi,100m,300Mi,8m,517Mi,100m,300Mi,8m,486Mi,210m,3000Mi,84m,661Mi,100m,300Mi,9m,486Mi,100m,300Mi,8m,554Mi,100m,300Mi,8m,557Mi,260m,3000Mi,68m,676Mi,100m,300Mi,4m,87Mi,100m,300Mi,8m,588Mi,100m,300Mi,8m,594Mi,100m,300Mi,9m,473Mi,100m,300Mi,8m,595Mi,100m,300Mi,8m,557Mi,50m,100Mi,53m,49Mi,100m,300Mi,9m,569Mi,100m,300Mi,8m,448Mi,100m,300Mi,4m,61Mi,100m,300Mi,10m,577Mi,0.007565092645320051,N/A,538017792.0,N/A,0.00782275764414317,N/A,529388885.3333334,N/A,0.011991575130637845,nan,603985237.3333334,0.0,0.007605812525581834,N/A,607715328.0,N/A,0.044730575579460044,22.144,701622272.0,1.748148148148148,0.007386806320553854,N/A,629024085.3333334,N/A,0.0090164689943269,N/A,562515968.0,N/A,0.07912216981131999,47.40049751243781,693630293.3333333,1.8611111111111107,0.05421915561462126,22.197727272727278,709806762.6666667,2.325925925925926,0.005937990089953147,N/A,622620672.0,N/A,0.008593836651478273,N/A,623479466.6666666,N/A,0.04024411885739651,41.36524822695035,51396608.0,5.37037037037037,0.009033794440854512,N/A,597181440.0,N/A
2025-04-29 18:35:24,100m,200Mi,50m,244Mi,100m,300Mi,9m,517Mi,100m,300Mi,8m,514Mi,100m,300Mi,8m,505Mi,100m,300Mi,9m,496Mi,100m,300Mi,8m,499Mi,100m,300Mi,8m,579Mi,100m,300Mi,8m,576Mi,100m,300Mi,4m,180Mi,100m,300Mi,8m,485Mi,100m,300Mi,9m,501Mi,100m,300Mi,8m,581Mi,100m,300Mi,8m,567Mi,100m,300Mi,8m,571Mi,100m,300Mi,8m,585Mi,100m,300Mi,8m,518Mi,100m,300Mi,8m,498Mi,100m,300Mi,9m,592Mi,100m,300Mi,10m,586Mi,100m,300Mi,129m,1081Mi,100m,300Mi,9m,578Mi,100m,300Mi,4m,46Mi,100m,300Mi,9m,580Mi,100m,300Mi,8m,543Mi,220m,3000Mi,67m,675Mi,100m,300Mi,9m,600Mi,100m,300Mi,8m,484Mi,100m,300Mi,7m,489Mi,100m,300Mi,8m,537Mi,100m,300Mi,8m,517Mi,100m,300Mi,7m,487Mi,210m,3000Mi,74m,662Mi,100m,300Mi,8m,485Mi,100m,300Mi,9m,555Mi,100m,300Mi,8m,557Mi,260m,3000Mi,62m,678Mi,100m,300Mi,4m,87Mi,100m,300Mi,9m,588Mi,100m,300Mi,9m,594Mi,100m,300Mi,8m,473Mi,100m,300Mi,9m,602Mi,100m,300Mi,9m,557Mi,50m,100Mi,57m,50Mi,100m,300Mi,8m,570Mi,100m,300Mi,8m,448Mi,100m,300Mi,4m,60Mi,100m,300Mi,8m,577Mi,0.007872152058070273,N/A,538073088.0,N/A,0.007598498013902502,N/A,529682432.0,N/A,0.005950262477584694,nan,604024832.0,0.0,0.006663241631239577,N/A,607343616.0,N/A,0.06479930301134787,23.500626957213996,706574336.0,1.9508043438612304,0.005781457219721016,N/A,629399552.0,N/A,0.00640191912258796,N/A,562789034.6666666,N/A,0.04384061887110425,49.795113924016775,693665792.0,1.5743341973850675,0.06157921810699613,22.472997314109705,711091541.3333334,2.1547477043210015,0.008407662109110889,N/A,623331328.0,N/A,0.010913082995741995,N/A,628468394.6666666,N/A,0.06002929526941154,42.47950819672131,51865600.0,5.4,0.007638296649617811,N/A,597475328.0,N/A
2025-04-29 18:37:13,100m,200Mi,48m,244Mi,100m,300Mi,7m,517Mi,100m,300Mi,7m,513Mi,100m,300Mi,7m,505Mi,100m,300Mi,8m,498Mi,100m,300Mi,8m,499Mi,100m,300Mi,9m,573Mi,100m,300Mi,9m,576Mi,100m,300Mi,4m,179Mi,100m,300Mi,8m,484Mi,100m,300Mi,7m,500Mi,100m,300Mi,8m,583Mi,100m,300Mi,7m,565Mi,100m,300Mi,8m,572Mi,100m,300Mi,8m,585Mi,100m,300Mi,8m,518Mi,100m,300Mi,8m,499Mi,100m,300Mi,8m,592Mi,100m,300Mi,8m,586Mi,100m,300Mi,120m,1082Mi,100m,300Mi,9m,578Mi,100m,300Mi,4m,46Mi,100m,300Mi,9m,579Mi,100m,300Mi,8m,542Mi,180m,3000Mi,58m,677Mi,100m,300Mi,8m,600Mi,100m,300Mi,7m,485Mi,100m,300Mi,7m,490Mi,100m,300Mi,8m,537Mi,100m,300Mi,7m,517Mi,100m,300Mi,8m,486Mi,170m,3000Mi,72m,662Mi,100m,300Mi,8m,486Mi,100m,300Mi,9m,554Mi,100m,300Mi,9m,557Mi,210m,3000Mi,59m,685Mi,100m,300Mi,4m,87Mi,100m,300Mi,9m,587Mi,100m,300Mi,8m,594Mi,100m,300Mi,8m,473Mi,100m,300Mi,9m,602Mi,100m,300Mi,9m,557Mi,50m,100Mi,53m,50Mi,100m,300Mi,9m,570Mi,100m,300Mi,8m,448Mi,100m,300Mi,4m,61Mi,100m,300Mi,8m,577Mi,0.007842567412602003,N/A,538244437.3333333,N/A,0.006741339479986964,N/A,529189546.6666666,N/A,0.0063027440051151,nan,604422144.0,0.0,0.005829578795586474,N/A,607702016.0,N/A,0.0625755616065344,24.778884462151392,709995178.6666666,2.0666666666666664,0.007897690979714753,N/A,629501952.0,N/A,0.007863190225010776,N/A,562787669.3333333,N/A,0.0471188545611333,1187.4999999999993,694158336.0,1.5444444444444443,0.049968420189205075,21.735751295336787,718259541.3333334,2.014814814814815,0.006198487322428888,N/A,622795776.0,N/A,0.00782305589307353,N/A,631529472.0,N/A,0.04394958879254958,41.00427350427351,51933184.0,5.0518518518518505,0.008144374303751156,N/A,597360640.0,N/A
2025-04-29 18:39:02,100m,200Mi,51m,244Mi,100m,300Mi,7m,517Mi,100m,300Mi,8m,513Mi,100m,300Mi,8m,505Mi,100m,300Mi,11m,491Mi,100m,300Mi,8m,504Mi,100m,300Mi,8m,574Mi,100m,300Mi,8m,576Mi,100m,300Mi,4m,180Mi,100m,300Mi,8m,489Mi,100m,300Mi,7m,501Mi,100m,300Mi,9m,584Mi,100m,300Mi,8m,565Mi,100m,300Mi,8m,572Mi,100m,300Mi,8m,585Mi,100m,300Mi,9m,517Mi,100m,300Mi,8m,499Mi,100m,300Mi,8m,592Mi,100m,300Mi,7m,586Mi,100m,300Mi,125m,1080Mi,100m,300Mi,8m,578Mi,100m,300Mi,4m,46Mi,100m,300Mi,8m,586Mi,100m,300Mi,8m,549Mi,180m,3000Mi,61m,672Mi,100m,300Mi,8m,600Mi,100m,300Mi,8m,484Mi,100m,300Mi,7m,490Mi,100m,300Mi,8m,543Mi,100m,300Mi,8m,517Mi,100m,300Mi,7m,487Mi,170m,3000Mi,71m,669Mi,100m,300Mi,8m,486Mi,100m,300Mi,8m,554Mi,100m,300Mi,8m,555Mi,210m,3000Mi,61m,688Mi,100m,300Mi,4m,87Mi,100m,300Mi,9m,594Mi,100m,300Mi,8m,594Mi,100m,300Mi,8m,472Mi,100m,300Mi,8m,604Mi,100m,300Mi,8m,557Mi,50m,100Mi,55m,49Mi,100m,300Mi,8m,570Mi,100m,300Mi,8m,453Mi,100m,300Mi,4m,60Mi,100m,300Mi,8m,577Mi,0.007886608190117167,N/A,537858048.0,N/A,0.008031389301634086,N/A,529536000.0,N/A,0.015433527641969253,475.0,604333397.3333333,0.02222222222222222,0.008030372038277543,N/A,614393173.3333333,N/A,0.05968410372040495,23.244239631336406,706880512.0,1.9259259259259258,0.007925574452204867,N/A,629956608.0,N/A,0.007830539084369263,N/A,569618432.0,N/A,0.04413710000000037,382.49999999999966,700601685.3333334,1.7499999999999998,0.08528979360399039,98.80952380952381,719637162.6666666,1.8629629629629625,0.005612473706858898,N/A,622769493.3333333,N/A,0.007234223946460803,N/A,632526165.3333334,N/A,0.05453103809220351,88.07692307692315,51816448.0,5.007407407407406,0.007845613121583274,N/A,597443925.3333334,N/A
2025-04-29 18:40:51,100m,200Mi,48m,372Mi,100m,300Mi,8m,522Mi,100m,300Mi,8m,513Mi,100m,300Mi,8m,509Mi,100m,300Mi,11m,491Mi,100m,300Mi,8m,506Mi,100m,300Mi,8m,574Mi,100m,300Mi,11m,575Mi,100m,300Mi,4m,180Mi,100m,300Mi,8m,490Mi,100m,300Mi,8m,504Mi,100m,300Mi,8m,583Mi,100m,300Mi,8m,567Mi,100m,300Mi,8m,570Mi,100m,300Mi,8m,585Mi,100m,300Mi,8m,518Mi,100m,300Mi,8m,499Mi,100m,300Mi,8m,592Mi,100m,300Mi,8m,586Mi,100m,300Mi,127m,1079Mi,100m,300Mi,8m,578Mi,100m,300Mi,4m,46Mi,100m,300Mi,8m,588Mi,100m,300Mi,8m,550Mi,270m,3000Mi,60m,676Mi,100m,300Mi,8m,601Mi,100m,300Mi,8m,484Mi,100m,300Mi,8m,489Mi,100m,300Mi,8m,545Mi,100m,300Mi,8m,517Mi,100m,300Mi,7m,486Mi,260m,3000Mi,77m,670Mi,100m,300Mi,8m,492Mi,100m,300Mi,8m,554Mi,100m,300Mi,8m,557Mi,320m,3000Mi,71m,677Mi,100m,300Mi,4m,87Mi,100m,300Mi,8m,595Mi,100m,300Mi,9m,601Mi,100m,300Mi,7m,472Mi,100m,300Mi,8m,596Mi,100m,300Mi,8m,563Mi,50m,100Mi,58m,55Mi,100m,300Mi,8m,570Mi,100m,300Mi,8m,452Mi,100m,300Mi,4m,61Mi,100m,300Mi,8m,582Mi,0.007708794513955882,N/A,537841664.0,N/A,0.007415626465399452,N/A,533921792.0,N/A,0.014562784138558637,475.0,604136448.0,0.04444444444444444,0.006031179920868845,N/A,616206336.0,N/A,0.0808555483257415,23.08359621451104,708866048.0,2.2962962962962963,0.00771262567574289,N/A,629970944.0,N/A,0.005946736526320655,N/A,571341482.6666667,N/A,0.06501849016386864,48.42857142857143,702506325.3333333,2.1055555555555556,0.09448211206306724,24.77678571428571,713490432.0,2.851851851851851,0.005043889986763456,N/A,629876736.0,N/A,0.006097543055555569,N/A,625175210.6666667,N/A,0.040248653835600424,45.22857142857144,57909248.0,6.65185185185185,0.008312508764549219,N/A,597434368.0,N/A
2025-04-29 18:42:43,100m,200Mi,47m,244Mi,100m,300Mi,8m,524Mi,100m,300Mi,7m,513Mi,100m,300Mi,8m,511Mi,100m,300Mi,10m,491Mi,100m,300Mi,8m,502Mi,100m,300Mi,11m,579Mi,100m,300Mi,17m,584Mi,100m,300Mi,5m,180Mi,100m,300Mi,8m,485Mi,100m,300Mi,8m,506Mi,100m,300Mi,8m,583Mi,100m,300Mi,8m,567Mi,100m,300Mi,8m,571Mi,100m,300Mi,9m,585Mi,100m,300Mi,9m,518Mi,100m,300Mi,7m,499Mi,100m,300Mi,8m,597Mi,100m,300Mi,8m,586Mi,100m,300Mi,144m,1084Mi,100m,300Mi,8m,578Mi,100m,300Mi,4m,47Mi,100m,300Mi,8m,583Mi,100m,300Mi,8m,542Mi,410m,3000Mi,79m,676Mi,100m,300Mi,8m,600Mi,100m,300Mi,8m,492Mi,100m,300Mi,7m,490Mi,100m,300Mi,7m,536Mi,100m,300Mi,7m,520Mi,100m,300Mi,9m,492Mi,390m,3000Mi,81m,667Mi,100m,300Mi,9m,493Mi,100m,300Mi,8m,558Mi,100m,300Mi,8m,563Mi,260m,3000Mi,84m,681Mi,100m,300Mi,5m,91Mi,100m,300Mi,8m,596Mi,100m,300Mi,9m,602Mi,100m,300Mi,12m,479Mi,100m,300Mi,8m,596Mi,100m,300Mi,8m,562Mi,50m,100Mi,64m,56Mi,100m,300Mi,8m,573Mi,100m,300Mi,8m,453Mi,100m,300Mi,4m,61Mi,100m,300Mi,8m,583Mi,0.00523415885359485,N/A,537811626.6666666,N/A,0.0066601824420625035,N/A,535264256.0,N/A,0.010330011316965865,475.0,612806656.0,0.04444444444444444,0.008705044889373414,N/A,611024896.0,N/A,0.12421175632347722,65.27272727272727,710111232.0,2.907407407407407,0.008132308747302523,N/A,629809152.0,N/A,0.008079081353333814,N/A,561954816.0,N/A,0.11710391475561788,49.486897667198576,698552320.0,2.4272128562226514,0.08080851634355019,22.802355877570925,713861802.6666666,3.0548247854704833,0.007746233052510581,N/A,631743829.3333333,N/A,0.008306561607225591,N/A,625001813.3333334,N/A,0.08053338535280344,44.91626794258372,59060224.0,8.074074074074073,0.00843388243258443,N/A,601085269.3333334,N/A
2025-04-29 18:44:34,100m,200Mi,48m,249Mi,100m,300Mi,8m,517Mi,100m,300Mi,11m,514Mi,100m,300Mi,8m,510Mi,100m,300Mi,8m,492Mi,100m,300Mi,9m,498Mi,100m,300Mi,11m,578Mi,100m,300Mi,18m,587Mi,100m,300Mi,4m,180Mi,100m,300Mi,11m,485Mi,100m,300Mi,9m,500Mi,100m,300Mi,8m,587Mi,100m,300Mi,7m,567Mi,100m,300Mi,8m,571Mi,100m,300Mi,8m,585Mi,100m,300Mi,8m,518Mi,100m,300Mi,7m,499Mi,100m,300Mi,8m,597Mi,100m,300Mi,7m,586Mi,100m,300Mi,156m,1093Mi,100m,300Mi,9m,579Mi,100m,300Mi,5m,51Mi,100m,300Mi,8m,580Mi,100m,300Mi,8m,542Mi,410m,3000Mi,99m,678Mi,100m,300Mi,9m,600Mi,100m,300Mi,9m,492Mi,100m,300Mi,9m,495Mi,100m,300Mi,8m,536Mi,100m,300Mi,12m,523Mi,100m,300Mi,9m,493Mi,390m,3000Mi,97m,665Mi,100m,300Mi,9m,487Mi,100m,300Mi,9m,559Mi,100m,300Mi,9m,565Mi,260m,3000Mi,87m,682Mi,100m,300Mi,4m,91Mi,100m,300Mi,8m,589Mi,100m,300Mi,8m,597Mi,100m,300Mi,13m,481Mi,100m,300Mi,8m,596Mi,100m,300Mi,9m,559Mi,50m,100Mi,79m,52Mi,100m,300Mi,9m,575Mi,100m,300Mi,8m,446Mi,100m,300Mi,5m,66Mi,100m,300Mi,8m,577Mi,0.010602319059179377,N/A,541291520.0,N/A,0.00853523731693054,N/A,532615168.0,N/A,0.015698828996471077,475.0,615173120.0,0.04444444444444444,0.010584288785381613,N/A,608922282.6666666,N/A,0.09059537474105767,22.256097560975615,710932480.0,3.5111111111111106,0.012956076563023498,N/A,628936704.0,N/A,0.00948594314923348,N/A,562331648.0,N/A,0.07294430627888229,48.32589285714286,696952832.0,2.8611111111111107,0.07154718730859395,23.877922077922083,715436032.0,3.566666666666666,0.012404569732937012,N/A,624394240.0,N/A,0.010589559877175758,N/A,625030485.3333333,N/A,0.06390639250117378,43.673913043478265,54941013.33333333,9.044444444444444,0.011734130304841398,N/A,603774976.0,N/A
2025-04-29 18:46:26,100m,200Mi,47m,250Mi,100m,300Mi,9m,515Mi,100m,300Mi,13m,519Mi,100m,300Mi,8m,504Mi,100m,300Mi,9m,492Mi,100m,300Mi,9m,499Mi,100m,300Mi,12m,579Mi,100m,300Mi,19m,583Mi,100m,300Mi,5m,186Mi,100m,300Mi,12m,485Mi,100m,300Mi,9m,500Mi,100m,300Mi,8m,589Mi,100m,300Mi,8m,567Mi,100m,300Mi,8m,571Mi,100m,300Mi,8m,585Mi,100m,300Mi,9m,523Mi,100m,300Mi,8m,500Mi,100m,300Mi,9m,595Mi,100m,300Mi,7m,587Mi,100m,300Mi,174m,1087Mi,100m,300Mi,10m,582Mi,100m,300Mi,5m,53Mi,100m,300Mi,9m,580Mi,100m,300Mi,8m,542Mi,330m,3000Mi,106m,680Mi,100m,300Mi,10m,600Mi,100m,300Mi,9m,486Mi,100m,300Mi,9m,496Mi,100m,300Mi,9m,537Mi,100m,300Mi,13m,520Mi,100m,300Mi,10m,486Mi,590m,3000Mi,110m,664Mi,100m,300Mi,9m,487Mi,100m,300Mi,9m,559Mi,100m,300Mi,10m,566Mi,390m,3000Mi,92m,691Mi,100m,300Mi,4m,86Mi,100m,300Mi,9m,589Mi,100m,300Mi,10m,594Mi,100m,300Mi,10m,476Mi,100m,300Mi,10m,596Mi,100m,300Mi,9m,557Mi,50m,100Mi,90m,50Mi,100m,300Mi,10m,568Mi,100m,300Mi,9m,448Mi,100m,300Mi,4m,68Mi,100m,300Mi,9m,577Mi,0.00833776205015952,N/A,545021952.0,N/A,0.008848662226393633,N/A,528052224.0,N/A,0.013240329893005776,475.0,612489898.6666666,0.04444444444444444,0.010873784689838132,N/A,608616448.0,N/A,0.142712326304165,110.83333333333373,712613888.0,4.207407407407407,0.01023137006208775,N/A,632520704.0,N/A,0.008225940672904409,N/A,562777088.0,N/A,0.10315154785189282,47.10339943342776,696485888.0,2.9777777777777774,0.08982892570817644,23.33108108108108,722310144.0,3.8148148148148144,0.0073041737362636765,N/A,623031296.0,N/A,0.013905154369441168,N/A,625112064.0,N/A,0.05484505000000013,43.24894514767933,52704597.33333333,10.355555555555554,0.007161029681270482,N/A,595744768.0,N/A
2025-04-29 18:48:17,100m,200Mi,55m,244Mi,100m,300Mi,9m,517Mi,100m,300Mi,13m,513Mi,100m,300Mi,10m,505Mi,100m,300Mi,10m,492Mi,100m,300Mi,9m,499Mi,100m,300Mi,10m,579Mi,100m,300Mi,19m,579Mi,100m,300Mi,5m,187Mi,100m,300Mi,12m,485Mi,100m,300Mi,9m,500Mi,100m,300Mi,10m,584Mi,100m,300Mi,8m,573Mi,100m,300Mi,8m,579Mi,100m,300Mi,8m,589Mi,100m,300Mi,8m,526Mi,100m,300Mi,7m,499Mi,100m,300Mi,10m,592Mi,100m,300Mi,8m,586Mi,100m,300Mi,197m,1082Mi,100m,300Mi,10m,584Mi,100m,300Mi,5m,46Mi,100m,300Mi,10m,581Mi,100m,300Mi,10m,542Mi,330m,3000Mi,104m,680Mi,100m,300Mi,10m,608Mi,100m,300Mi,9m,486Mi,100m,300Mi,9m,494Mi,100m,300Mi,9m,537Mi,100m,300Mi,12m,516Mi,100m,300Mi,9m,486Mi,590m,3000Mi,115m,665Mi,100m,300Mi,9m,487Mi,100m,300Mi,10m,555Mi,100m,300Mi,9m,557Mi,390m,3000Mi,104m,691Mi,100m,300Mi,4m,86Mi,100m,300Mi,10m,589Mi,100m,300Mi,9m,594Mi,100m,300Mi,9m,473Mi,100m,300Mi,10m,597Mi,100m,300Mi,10m,557Mi,50m,100Mi,101m,50Mi,100m,300Mi,10m,568Mi,100m,300Mi,9m,448Mi,100m,300Mi,4m,61Mi,100m,300Mi,10m,578Mi,0.007767086135820896,N/A,538130432.0,N/A,0.006969518203490847,N/A,528609280.0,N/A,0.02066121351090326,475.0,607554218.6666667,0.02222222222222222,0.009297950139708864,N/A,608979968.0,N/A,0.11806429456981495,113.75000000000017,712663040.0,4.651851851851852,0.010040380103237198,N/A,637546496.0,N/A,0.009981746050488296,N/A,563421184.0,N/A,0.07835467504603952,48.067602040816325,697692160.0,3.3277777777777775,0.07741530679515375,22.26158940397351,723595264.0,4.466666666666666,0.005669805285658206,N/A,623176362.6666666,N/A,0.004466200000000243,N/A,626058581.3333334,N/A,0.1157926393690885,43.53703703703704,52360533.33333333,11.548148148148147,0.010852909968168033,N/A,596190208.0,N/A
2025-04-29 18:50:10,100m,200Mi,51m,243Mi,100m,300Mi,9m,516Mi,100m,300Mi,9m,512Mi,100m,300Mi,8m,505Mi,100m,300Mi,9m,492Mi,100m,300Mi,9m,499Mi,100m,300Mi,9m,579Mi,100m,300Mi,18m,581Mi,100m,300Mi,5m,179Mi,100m,300Mi,9m,485Mi,100m,300Mi,9m,500Mi,100m,300Mi,9m,584Mi,100m,300Mi,8m,570Mi,100m,300Mi,8m,580Mi,100m,300Mi,9m,591Mi,100m,300Mi,9m,521Mi,100m,300Mi,8m,504Mi,100m,300Mi,9m,592Mi,100m,300Mi,8m,587Mi,100m,300Mi,200m,1082Mi,100m,300Mi,9m,581Mi,100m,300Mi,4m,46Mi,100m,300Mi,10m,580Mi,100m,300Mi,10m,544Mi,500m,3000Mi,120m,678Mi,100m,300Mi,10m,608Mi,100m,300Mi,8m,485Mi,100m,300Mi,8m,491Mi,100m,300Mi,9m,537Mi,100m,300Mi,8m,517Mi,100m,300Mi,8m,486Mi,470m,3000Mi,137m,666Mi,100m,300Mi,8m,487Mi,100m,300Mi,10m,556Mi,100m,300Mi,10m,558Mi,590m,3000Mi,114m,692Mi,100m,300Mi,4m,86Mi,100m,300Mi,9m,589Mi,100m,300Mi,10m,594Mi,100m,300Mi,8m,473Mi,100m,300Mi,10m,597Mi,100m,300Mi,10m,558Mi,50m,100Mi,104m,51Mi,100m,300Mi,9m,569Mi,100m,300Mi,8m,449Mi,100m,300Mi,4m,61Mi,100m,300Mi,9m,578Mi,0.007956351049991102,N/A,537449813.3333334,N/A,0.005939707702327604,N/A,529528149.3333334,N/A,0.01057122538070943,452.1557807777875,608606890.6666667,0.04444444444444444,0.0053796211938789765,N/A,608638293.3333334,N/A,0.14214782416344854,23.882149046793764,711189504.0,5.351851851851851,0.008323550953402885,N/A,637997056.0,N/A,0.008651683814021262,N/A,563003392.0,N/A,0.14093654231664496,48.42573221757323,698203136.0,3.91111111111111,0.08900406512423455,22.59140969162995,725303296.0,4.8,0.007731804096267483,N/A,623256576.0,N/A,0.008576526814744889,N/A,625666048.0,N/A,0.12973318726797015,45.23311897106109,52988586.66666667,12.99259259259259,0.005411432373556634,N/A,596785834.6666666,N/A
2025-04-29 18:52:02,100m,200Mi,52m,243Mi,100m,300Mi,8m,517Mi,100m,300Mi,8m,513Mi,100m,300Mi,8m,505Mi,100m,300Mi,8m,492Mi,100m,300Mi,11m,500Mi,100m,300Mi,9m,579Mi,100m,300Mi,17m,581Mi,100m,300Mi,5m,179Mi,100m,300Mi,8m,485Mi,100m,300Mi,8m,500Mi,100m,300Mi,10m,584Mi,100m,300Mi,8m,566Mi,100m,300Mi,9m,570Mi,100m,300Mi,9m,592Mi,100m,300Mi,9m,519Mi,100m,300Mi,9m,503Mi,100m,300Mi,13m,596Mi,100m,300Mi,8m,586Mi,100m,300Mi,215m,1082Mi,100m,300Mi,8m,577Mi,100m,300Mi,4m,46Mi,100m,300Mi,9m,581Mi,100m,300Mi,9m,544Mi,400m,3000Mi,136m,683Mi,100m,300Mi,9m,601Mi,100m,300Mi,7m,486Mi,100m,300Mi,7m,491Mi,100m,300Mi,9m,537Mi,100m,300Mi,8m,516Mi,100m,300Mi,8m,486Mi,710m,3000Mi,152m,666Mi,100m,300Mi,7m,487Mi,100m,300Mi,9m,556Mi,100m,300Mi,9m,558Mi,470m,3000Mi,123m,693Mi,100m,300Mi,4m,86Mi,100m,300Mi,8m,590Mi,100m,300Mi,8m,595Mi,100m,300Mi,7m,473Mi,100m,300Mi,9m,597Mi,100m,300Mi,8m,557Mi,50m,100Mi,117m,50Mi,100m,300Mi,8m,569Mi,100m,300Mi,7m,449Mi,100m,300Mi,4m,61Mi,100m,300Mi,9m,578Mi,0.008071446035152854,N/A,538107904.0,N/A,0.0062970772611339,N/A,529933653.3333334,N/A,0.019611978395974745,475.0,609364650.6666666,0.04444444444444444,0.00832260774856089,N/A,608770048.0,N/A,0.13812472180726124,70.26315789473726,715037354.6666667,5.422222222222222,0.006490896227853735,N/A,630460416.0,N/A,0.007555342756624906,N/A,562897920.0,N/A,0.11817810987080024,49.771205357142854,698358442.6666667,3.9888888888888885,0.12186593808340246,24.520652173913046,726104064.0,5.7518518518518515,0.00590638686644677,N/A,623464448.0,N/A,0.006225658012960051,N/A,626296149.3333334,N/A,0.13213168567062386,49.67084639498432,53118293.33333333,13.866666666666664,0.008263146812655522,N/A,596537344.0,N/A
2025-04-29 18:53:51,100m,200Mi,47m,244Mi,100m,300Mi,8m,517Mi,100m,300Mi,8m,513Mi,100m,300Mi,8m,505Mi,100m,300Mi,8m,492Mi,100m,300Mi,10m,500Mi,100m,300Mi,8m,579Mi,100m,300Mi,15m,581Mi,100m,300Mi,5m,180Mi,100m,300Mi,7m,485Mi,100m,300Mi,10m,501Mi,100m,300Mi,8m,584Mi,100m,300Mi,10m,566Mi,100m,300Mi,9m,572Mi,100m,300Mi,9m,584Mi,100m,300Mi,10m,519Mi,100m,300Mi,10m,499Mi,100m,300Mi,12m,596Mi,100m,300Mi,9m,591Mi,100m,300Mi,237m,1083Mi,100m,300Mi,8m,577Mi,100m,300Mi,4m,46Mi,100m,300Mi,9m,582Mi,100m,300Mi,8m,543Mi,400m,3000Mi,143m,683Mi,100m,300Mi,8m,601Mi,100m,300Mi,8m,486Mi,100m,300Mi,8m,491Mi,100m,300Mi,7m,537Mi,100m,300Mi,8m,516Mi,100m,300Mi,7m,487Mi,710m,3000Mi,151m,666Mi,100m,300Mi,8m,487Mi,100m,300Mi,8m,555Mi,100m,300Mi,8m,558Mi,470m,3000Mi,123m,694Mi,100m,300Mi,4m,87Mi,100m,300Mi,7m,590Mi,100m,300Mi,7m,595Mi,100m,300Mi,7m,474Mi,100m,300Mi,8m,597Mi,100m,300Mi,8m,558Mi,50m,100Mi,134m,52Mi,100m,300Mi,8m,569Mi,100m,300Mi,8m,449Mi,100m,300Mi,4m,61Mi,100m,300Mi,8m,578Mi,0.005580730609453709,N/A,537911296.0,N/A,0.006539703026976128,N/A,530038784.0,N/A,0.017135523565742793,450.0,608896341.3333333,0.04444444444444444,0.008086163305176045,N/A,609847978.6666666,N/A,0.14591136716347547,102.10873682028506,715948032.0,5.462506962547066,0.005952636824129971,N/A,631036586.6666666,N/A,0.006956609002297177,N/A,562760362.6666667,N/A,0.17236114821442036,48.150485436893206,698176853.3333334,4.544444444444444,0.11639836951320122,23.503018108651908,727381333.3333334,6.007407407407406,0.00514099661001214,N/A,623520426.6666666,N/A,0.008248383296242773,N/A,626038101.3333334,N/A,0.13952419136859168,48.785714285714306,54135466.666666664,14.711111111111112,0.00835190657431279,N/A,596953088.0,N/A
2025-04-29 18:55:41,100m,200Mi,44m,244Mi,100m,300Mi,7m,517Mi,100m,300Mi,7m,513Mi,100m,300Mi,11m,506Mi,100m,300Mi,7m,492Mi,100m,300Mi,7m,500Mi,100m,300Mi,7m,579Mi,100m,300Mi,16m,581Mi,100m,300Mi,4m,180Mi,100m,300Mi,8m,485Mi,100m,300Mi,10m,501Mi,100m,300Mi,11m,588Mi,100m,300Mi,9m,567Mi,100m,300Mi,11m,571Mi,100m,300Mi,10m,584Mi,100m,300Mi,10m,519Mi,100m,300Mi,8m,499Mi,100m,300Mi,12m,596Mi,100m,300Mi,10m,593Mi,100m,300Mi,261m,1083Mi,100m,300Mi,8m,577Mi,100m,300Mi,4m,46Mi,100m,300Mi,8m,582Mi,100m,300Mi,7m,543Mi,600m,3000Mi,147m,681Mi,100m,300Mi,8m,602Mi,100m,300Mi,8m,486Mi,100m,300Mi,7m,491Mi,100m,300Mi,7m,537Mi,100m,300Mi,7m,516Mi,100m,300Mi,7m,487Mi,570m,3000Mi,160m,666Mi,100m,300Mi,7m,487Mi,100m,300Mi,8m,556Mi,100m,300Mi,8m,557Mi,710m,3000Mi,136m,695Mi,100m,300Mi,4m,87Mi,100m,300Mi,8m,589Mi,100m,300Mi,8m,595Mi,100m,300Mi,7m,474Mi,100m,300Mi,8m,597Mi,100m,300Mi,8m,559Mi,50m,100Mi,144m,52Mi,100m,300Mi,8m,569Mi,100m,300Mi,7m,449Mi,100m,300Mi,4m,61Mi,100m,300Mi,8m,578Mi,0.007083357352856021,N/A,537970005.3333334,N/A,0.007484459501461523,N/A,530294101.3333333,N/A,0.01095509728247192,475.0,610212522.6666666,0.04444444444444444,0.0077933132567138035,N/A,609759232.0,N/A,0.15669047833799332,22.591679506933744,714417493.3333333,6.377777777777778,0.006502090528838015,N/A,631357440.0,N/A,0.006371442659780879,N/A,563123541.3333334,N/A,0.18743550831531514,56.38888888888941,697762816.0,5.066666666666666,0.1294739322990875,21.361163227016892,728443904.0,6.674074074074072,0.006214918979569684,N/A,623676074.6666667,N/A,0.007976647160814017,N/A,626208768.0,N/A,0.15943531361985278,44.81756756756756,54229674.66666667,16.281481481481478,0.0057107232408475025,N/A,596985856.0,N/A
2025-04-29 18:57:30,100m,200Mi,49m,243Mi,100m,300Mi,8m,517Mi,100m,300Mi,8m,513Mi,100m,300Mi,11m,506Mi,100m,300Mi,8m,492Mi,100m,300Mi,7m,500Mi,100m,300Mi,7m,580Mi,100m,300Mi,17m,583Mi,100m,300Mi,5m,180Mi,100m,300Mi,8m,486Mi,100m,300Mi,10m,501Mi,100m,300Mi,10m,588Mi,100m,300Mi,8m,568Mi,100m,300Mi,12m,576Mi,100m,300Mi,9m,584Mi,100m,300Mi,9m,519Mi,100m,300Mi,7m,499Mi,100m,300Mi,8m,596Mi,100m,300Mi,8m,589Mi,100m,300Mi,264m,1083Mi,100m,300Mi,8m,577Mi,100m,300Mi,4m,47Mi,100m,300Mi,7m,582Mi,100m,300Mi,7m,543Mi,600m,3000Mi,152m,682Mi,100m,300Mi,8m,602Mi,100m,300Mi,8m,486Mi,100m,300Mi,8m,491Mi,100m,300Mi,8m,537Mi,100m,300Mi,7m,516Mi,100m,300Mi,7m,487Mi,570m,3000Mi,180m,667Mi,100m,300Mi,8m,488Mi,100m,300Mi,8m,556Mi,100m,300Mi,7m,557Mi,710m,3000Mi,151m,695Mi,100m,300Mi,4m,86Mi,100m,300Mi,8m,589Mi,100m,300Mi,8m,595Mi,100m,300Mi,7m,474Mi,100m,300Mi,7m,597Mi,100m,300Mi,7m,559Mi,50m,100Mi,156m,52Mi,100m,300Mi,8m,569Mi,100m,300Mi,8m,449Mi,100m,300Mi,4m,61Mi,100m,300Mi,8m,578Mi,0.005384613099500942,N/A,538089472.0,N/A,0.006073596521417009,N/A,530406058.6666666,N/A,0.011271885689835235,475.0,611420842.6666667,0.04444444444444444,0.00825175922093178,N/A,609781760.0,N/A,0.17823176839935612,22.900820793433645,714950656.0,6.98148148148148,0.008215898137146451,N/A,631513088.0,N/A,0.008098708958342521,N/A,563513344.0,N/A,0.14876894888832157,49.00763358778626,699802965.3333333,5.538888888888888,0.1385008119426811,21.480667838312826,728881834.6666667,7.011111111111112,0.0074127978152367215,N/A,623863125.3333333,N/A,0.007344070467284953,N/A,626450432.0,N/A,0.169091689783392,45.269607843137265,54211925.33333333,17.614814814814814,0.0075952121246921425,N/A,597000192.0,N/A
2025-04-29 18:59:19,100m,200Mi,50m,244Mi,100m,300Mi,8m,517Mi,100m,300Mi,7m,513Mi,100m,300Mi,11m,506Mi,100m,300Mi,7m,492Mi,100m,300Mi,7m,500Mi,100m,300Mi,8m,580Mi,100m,300Mi,16m,582Mi,100m,300Mi,5m,180Mi,100m,300Mi,8m,486Mi,100m,300Mi,7m,501Mi,100m,300Mi,8m,588Mi,100m,300Mi,8m,567Mi,100m,300Mi,11m,575Mi,100m,300Mi,8m,584Mi,100m,300Mi,10m,524Mi,100m,300Mi,7m,500Mi,100m,300Mi,7m,596Mi,100m,300Mi,7m,587Mi,100m,300Mi,297m,1085Mi,100m,300Mi,8m,578Mi,100m,300Mi,4m,46Mi,100m,300Mi,8m,581Mi,100m,300Mi,7m,543Mi,480m,3000Mi,173m,683Mi,100m,300Mi,8m,602Mi,100m,300Mi,10m,490Mi,100m,300Mi,8m,491Mi,100m,300Mi,8m,537Mi,100m,300Mi,7m,516Mi,100m,300Mi,11m,487Mi,860m,3000Mi,181m,668Mi,100m,300Mi,10m,488Mi,100m,300Mi,8m,556Mi,100m,300Mi,7m,558Mi,570m,3000Mi,155m,697Mi,100m,300Mi,4m,87Mi,100m,300Mi,7m,590Mi,100m,300Mi,8m,595Mi,100m,300Mi,7m,473Mi,100m,300Mi,7m,597Mi,100m,300Mi,8m,558Mi,50m,100Mi,153m,52Mi,100m,300Mi,8m,570Mi,100m,300Mi,11m,452Mi,100m,300Mi,4m,61Mi,100m,300Mi,8m,578Mi,0.007334391696592793,N/A,538051925.3333334,N/A,0.006814351335108224,N/A,530437120.0,N/A,0.010295633869565533,425.00000000000006,610361344.0,0.04444444444444444,0.007735999999999589,N/A,609744213.3333334,N/A,0.20662030898954112,24.864181091877498,716020394.6666667,7.618518518518518,0.008130499747138547,N/A,631583744.0,N/A,0.005859108552782866,N/A,563509930.6666666,N/A,0.1959772187432538,49.14224137931035,700880896.0,5.249999999999999,0.09446551817420033,20.63837638376384,730361856.0,7.870370370370369,0.005223100000000614,N/A,624067925.3333333,N/A,0.005360676046511465,N/A,625837056.0,N/A,0.1797239526148521,43.415841584158414,54090410.66666667,19.29629629629629,0.008030888434067667,N/A,597484544.0,N/A
2025-04-29 19:01:11,100m,200Mi,52m,245Mi,100m,300Mi,7m,516Mi,100m,300Mi,7m,513Mi,100m,300Mi,7m,506Mi,100m,300Mi,7m,492Mi,100m,300Mi,7m,500Mi,100m,300Mi,8m,585Mi,100m,300Mi,14m,583Mi,100m,300Mi,4m,180Mi,100m,300Mi,8m,485Mi,100m,300Mi,7m,501Mi,100m,300Mi,8m,588Mi,100m,300Mi,8m,568Mi,100m,300Mi,10m,576Mi,100m,300Mi,8m,584Mi,100m,300Mi,11m,524Mi,100m,300Mi,7m,500Mi,100m,300Mi,7m,597Mi,100m,300Mi,7m,587Mi,100m,300Mi,313m,1085Mi,100m,300Mi,8m,576Mi,100m,300Mi,4m,47Mi,100m,300Mi,8m,581Mi,100m,300Mi,7m,543Mi,720m,3000Mi,178m,684Mi,100m,300Mi,8m,602Mi,100m,300Mi,10m,490Mi,100m,300Mi,8m,491Mi,100m,300Mi,8m,537Mi,100m,300Mi,7m,517Mi,100m,300Mi,10m,487Mi,690m,3000Mi,207m,667Mi,100m,300Mi,11m,488Mi,100m,300Mi,8m,556Mi,100m,300Mi,8m,557Mi,460m,3000Mi,161m,697Mi,100m,300Mi,4m,87Mi,100m,300Mi,8m,590Mi,100m,300Mi,8m,595Mi,100m,300Mi,8m,473Mi,100m,300Mi,8m,597Mi,100m,300Mi,8m,558Mi,50m,100Mi,176m,52Mi,100m,300Mi,8m,570Mi,100m,300Mi,11m,452Mi,100m,300Mi,4m,61Mi,100m,300Mi,8m,578Mi,0.006312041789351783,N/A,537937920.0,N/A,0.0076273314820719754,N/A,530478421.3333333,N/A,0.0161828457446807,450.0,611471360.0,0.04444444444444444,0.008320941661382409,N/A,609722368.0,N/A,0.1713097708429072,51.6666666666668,717755733.3333334,8.08148148148148,0.006643360281980687,N/A,631574528.0,N/A,0.005622428241225892,N/A,562898261.3333334,N/A,0.15303266314654862,322.4999999999996,699610453.3333333,5.833333333333332,0.1493024355409496,56.92660550458706,730593280.0,7.896296296296296,0.007868584548891479,N/A,624056320.0,N/A,0.005664488672573063,N/A,625632597.3333334,N/A,0.1264371031961734,67.52252252252251,54663850.666666664,20.15555555555555,0.00634379826465058,N/A,597367466.6666666,N/A
2025-04-29 19:03:02,100m,200Mi,51m,243Mi,100m,300Mi,8m,517Mi,100m,300Mi,8m,513Mi,100m,300Mi,8m,506Mi,100m,300Mi,8m,492Mi,100m,300Mi,8m,500Mi,100m,300Mi,8m,587Mi,100m,300Mi,15m,583Mi,100m,300Mi,4m,180Mi,100m,300Mi,8m,486Mi,100m,300Mi,8m,501Mi,100m,300Mi,8m,588Mi,100m,300Mi,8m,568Mi,100m,300Mi,8m,577Mi,100m,300Mi,8m,585Mi,100m,300Mi,10m,524Mi,100m,300Mi,10m,501Mi,100m,300Mi,7m,597Mi,100m,300Mi,7m,587Mi,100m,300Mi,304m,1088Mi,100m,300Mi,8m,577Mi,100m,300Mi,4m,46Mi,100m,300Mi,8m,582Mi,100m,300Mi,8m,543Mi,720m,3000Mi,196m,687Mi,100m,300Mi,8m,602Mi,100m,300Mi,10m,490Mi,100m,300Mi,8m,491Mi,100m,300Mi,8m,536Mi,100m,300Mi,8m,517Mi,100m,300Mi,11m,487Mi,690m,3000Mi,217m,668Mi,100m,300Mi,11m,488Mi,100m,300Mi,8m,556Mi,100m,300Mi,8m,557Mi,460m,3000Mi,163m,697Mi,100m,300Mi,4m,87Mi,100m,300Mi,8m,589Mi,100m,300Mi,8m,595Mi,100m,300Mi,7m,474Mi,100m,300Mi,7m,598Mi,100m,300Mi,8m,558Mi,50m,100Mi,187m,52Mi,100m,300Mi,8m,570Mi,100m,300Mi,8m,452Mi,100m,300Mi,4m,61Mi,100m,300Mi,8m,578Mi,0.0081933772119608,N/A,537930752.0,N/A,0.006038040483801744,N/A,530459306.6666666,N/A,0.009793240896931236,450.0,612005205.3333334,0.04444444444444444,0.008773106979251261,N/A,609405952.0,N/A,0.14738729308977974,23.7710396039604,719213909.3333333,8.103703703703703,0.009258887693578152,N/A,631133525.3333334,N/A,0.00801737703538538,N/A,562665472.0,N/A,0.2323659742380254,170.90909090909082,700471296.0,6.477777777777777,0.2049237120472687,21.579207920792086,728221013.3333334,8.91111111111111,0.00807854223433271,N/A,623954602.6666667,N/A,0.006487683575109839,N/A,625972565.3333333,N/A,0.15821662705286968,44.39300411522635,54614698.66666667,21.25925925925926,0.0077276632302421926,N/A,597292373.3333333,N/A
2025-04-29 19:04:52,100m,200Mi,47m,244Mi,100m,300Mi,8m,517Mi,100m,300Mi,8m,513Mi,100m,300Mi,8m,506Mi,100m,300Mi,8m,492Mi,100m,300Mi,8m,500Mi,100m,300Mi,8m,584Mi,100m,300Mi,15m,582Mi,100m,300Mi,5m,180Mi,100m,300Mi,8m,486Mi,100m,300Mi,8m,501Mi,100m,300Mi,8m,588Mi,100m,300Mi,7m,568Mi,100m,300Mi,7m,577Mi,100m,300Mi,8m,585Mi,100m,300Mi,8m,524Mi,100m,300Mi,10m,501Mi,100m,300Mi,8m,596Mi,100m,300Mi,7m,587Mi,100m,300Mi,339m,1091Mi,100m,300Mi,8m,577Mi,100m,300Mi,4m,47Mi,100m,300Mi,8m,581Mi,100m,300Mi,7m,543Mi,580m,3000Mi,198m,681Mi,100m,300Mi,8m,603Mi,100m,300Mi,8m,490Mi,100m,300Mi,8m,491Mi,100m,300Mi,8m,537Mi,100m,300Mi,8m,516Mi,100m,300Mi,8m,487Mi,1040m,3000Mi,230m,670Mi,100m,300Mi,8m,487Mi,100m,300Mi,8m,556Mi,100m,300Mi,7m,557Mi,690m,3000Mi,172m,695Mi,100m,300Mi,4m,86Mi,100m,300Mi,8m,590Mi,100m,300Mi,8m,595Mi,100m,300Mi,8m,473Mi,100m,300Mi,8m,603Mi,100m,300Mi,8m,558Mi,50m,100Mi,196m,52Mi,100m,300Mi,8m,570Mi,100m,300Mi,8m,452Mi,100m,300Mi,4m,61Mi,100m,300Mi,8m,578Mi,0.007401933555985833,N/A,537874432.0,N/A,0.007583523798066832,N/A,530459306.6666666,N/A,0.011145541694860086,450.0,610760021.3333333,0.04444444444444444,0.0081914502348215,N/A,609269077.3333334,N/A,0.1569476980047771,24.43318729463308,711872512.0,9.433333333333332,0.008056652531142003,N/A,631885824.0,N/A,0.0051940243487630326,N/A,563060736.0,N/A,0.18762461801387087,68.93617021276603,702376618.6666666,6.894444444444444,0.11731745477230217,23.08944543828265,728910848.0,8.566666666666665,0.008131912311309178,N/A,623902720.0,N/A,0.007876263938291495,N/A,631391232.0,N/A,0.21212529153654655,48.510436432637576,54715392.0,22.51851851851852,0.007855389484037599,N/A,597305344.0,N/A
2025-04-29 19:06:42,100m,200Mi,45m,244Mi,100m,300Mi,8m,517Mi,100m,300Mi,8m,513Mi,100m,300Mi,7m,506Mi,100m,300Mi,8m,492Mi,100m,300Mi,8m,505Mi,100m,300Mi,8m,580Mi,100m,300Mi,15m,584Mi,100m,300Mi,4m,180Mi,100m,300Mi,8m,486Mi,100m,300Mi,8m,501Mi,100m,300Mi,8m,588Mi,100m,300Mi,8m,568Mi,100m,300Mi,8m,577Mi,100m,300Mi,8m,584Mi,100m,300Mi,8m,525Mi,100m,300Mi,7m,499Mi,100m,300Mi,8m,596Mi,100m,300Mi,7m,587Mi,100m,300Mi,355m,1097Mi,100m,300Mi,12m,582Mi,100m,300Mi,4m,47Mi,100m,300Mi,8m,582Mi,100m,300Mi,7m,544Mi,580m,3000Mi,213m,685Mi,100m,300Mi,8m,602Mi,100m,300Mi,8m,490Mi,100m,300Mi,8m,491Mi,100m,300Mi,8m,543Mi,100m,300Mi,7m,517Mi,100m,300Mi,8m,488Mi,1040m,3000Mi,250m,669Mi,100m,300Mi,8m,492Mi,100m,300Mi,8m,556Mi,100m,300Mi,8m,558Mi,690m,3000Mi,182m,697Mi,100m,300Mi,4m,86Mi,100m,300Mi,8m,590Mi,100m,300Mi,8m,595Mi,100m,300Mi,8m,473Mi,100m,300Mi,8m,602Mi,100m,300Mi,8m,558Mi,50m,100Mi,201m,53Mi,100m,300Mi,8m,570Mi,100m,300Mi,8m,452Mi,100m,300Mi,4m,61Mi,100m,300Mi,8m,578Mi,0.006998125159787351,N/A,537974101.3333334,N/A,0.006186522896901274,N/A,530494805.3333334,N/A,0.009554477012192919,450.0,611188736.0,0.04444444444444444,0.008685905790355782,N/A,610035712.0,N/A,0.12063883333333175,59.587070183434264,718327808.0,9.468539539383887,0.008172037422037275,N/A,631447552.0,N/A,0.006730969581823112,N/A,569328981.3333334,N/A,0.2432088240792662,85.19230769230788,701037568.0,6.833333333333333,0.19460856717594058,27.857142857142843,730783744.0,9.970370370370368,0.00879978187370541,N/A,624139264.0,N/A,0.00821832589488967,N/A,632066048.0,N/A,0.1805725393546978,47.695984703632895,54974464.0,24.185185185185183,0.007974450666845963,N/A,597316949.3333334,N/A
2025-04-29 19:08:34,100m,200Mi,52m,244Mi,100m,300Mi,8m,523Mi,100m,300Mi,8m,513Mi,100m,300Mi,7m,506Mi,100m,300Mi,8m,499Mi,100m,300Mi,8m,504Mi,100m,300Mi,8m,579Mi,100m,300Mi,15m,582Mi,100m,300Mi,4m,180Mi,100m,300Mi,8m,490Mi,100m,300Mi,8m,507Mi,100m,300Mi,8m,588Mi,100m,300Mi,8m,568Mi,100m,300Mi,7m,577Mi,100m,300Mi,8m,585Mi,100m,300Mi,8m,525Mi,100m,300Mi,7m,500Mi,100m,300Mi,8m,596Mi,100m,300Mi,8m,587Mi,100m,300Mi,374m,1100Mi,100m,300Mi,11m,582Mi,100m,300Mi,4m,46Mi,100m,300Mi,9m,581Mi,100m,300Mi,8m,543Mi,870m,3000Mi,226m,686Mi,100m,300Mi,8m,602Mi,100m,300Mi,7m,490Mi,100m,300Mi,8m,491Mi,100m,300Mi,8m,543Mi,100m,300Mi,8m,516Mi,100m,300Mi,8m,488Mi,830m,3000Mi,251m,670Mi,100m,300Mi,9m,496Mi,100m,300Mi,8m,557Mi,100m,300Mi,7m,558Mi,550m,3000Mi,190m,698Mi,100m,300Mi,4m,87Mi,100m,300Mi,8m,590Mi,100m,300Mi,8m,595Mi,100m,300Mi,7m,474Mi,100m,300Mi,8m,597Mi,100m,300Mi,8m,558Mi,50m,100Mi,217m,53Mi,100m,300Mi,8m,570Mi,100m,300Mi,8m,452Mi,100m,300Mi,4m,61Mi,100m,300Mi,8m,578Mi,0.005478021295871523,N/A,538075136.0,N/A,0.005830547000946953,N/A,530509824.0,N/A,0.014589742531770063,450.0,611024896.0,0.04444444444444444,0.006407023358515305,N/A,609749674.6666666,N/A,0.193024812650105,23.994158878504678,719180800.0,9.659259259259258,0.007873599603622838,N/A,631242752.0,N/A,0.0062588451382761656,N/A,569785002.6666666,N/A,0.23718144193112684,216.7857142857143,702522709.3333334,7.694444444444443,0.15364053536715364,66.85185185185198,729594538.6666666,9.977777777777778,0.007673496594696088,N/A,624145749.3333334,N/A,0.0054326655538274714,N/A,626373973.3333333,N/A,N/A,50.62043795620436,55703552.0,24.94814814814815,0.008227624207066145,N/A,597301930.6666666,N/A
2025-04-29 19:10:24,100m,200Mi,55m,245Mi,100m,300Mi,8m,524Mi,100m,300Mi,8m,513Mi,100m,300Mi,8m,507Mi,100m,300Mi,8m,500Mi,100m,300Mi,8m,505Mi,100m,300Mi,8m,580Mi,100m,300Mi,15m,583Mi,100m,300Mi,4m,181Mi,100m,300Mi,9m,490Mi,100m,300Mi,8m,509Mi,100m,300Mi,8m,590Mi,100m,300Mi,8m,568Mi,100m,300Mi,8m,578Mi,100m,300Mi,8m,585Mi,100m,300Mi,8m,526Mi,100m,300Mi,8m,501Mi,100m,300Mi,8m,598Mi,100m,300Mi,8m,587Mi,100m,300Mi,386m,1104Mi,100m,300Mi,8m,583Mi,100m,300Mi,4m,47Mi,100m,300Mi,9m,581Mi,100m,300Mi,8m,548Mi,700m,3000Mi,238m,680Mi,100m,300Mi,8m,603Mi,100m,300Mi,9m,495Mi,100m,300Mi,8m,492Mi,100m,300Mi,8m,538Mi,100m,300Mi,8m,517Mi,100m,300Mi,8m,488Mi,1250m,3000Mi,272m,676Mi,100m,300Mi,9m,495Mi,100m,300Mi,8m,557Mi,100m,300Mi,8m,559Mi,830m,3000Mi,220m,696Mi,100m,300Mi,10m,89Mi,100m,300Mi,8m,591Mi,100m,300Mi,8m,596Mi,100m,300Mi,9m,476Mi,100m,300Mi,8m,599Mi,100m,300Mi,8m,563Mi,50m,100Mi,227m,61Mi,100m,300Mi,8m,570Mi,100m,300Mi,9m,458Mi,100m,300Mi,4m,63Mi,100m,300Mi,8m,579Mi,0.008059979985151153,N/A,538767360.0,N/A,0.003366566666666889,N/A,531570688.0,N/A,0.009988174999999447,475.0,611254272.0,0.033333333333333326,0.005424073941114823,N/A,609409024.0,N/A,0.20517836627857566,26.808510638297975,714078890.6666666,10.825925925925924,0.01182076450748108,N/A,632399872.0,N/A,0.008123241063552474,N/A,564383744.0,N/A,0.27453727359389823,209.57627118644052,709227861.3333333,7.45,0.25755317953360435,49.16666666666687,729896277.3333334,10.8,0.008192872749190198,N/A,625155072.0,N/A,0.008080377983587605,N/A,627361792.0,N/A,0.24490919714853288,51.578947368421126,60128256.0,26.74074074074074,0.009242900257272384,N/A,597951829.3333333,N/A
2025-04-29 19:12:16,100m,200Mi,53m,250Mi,100m,300Mi,8m,521Mi,100m,300Mi,8m,516Mi,100m,300Mi,8m,508Mi,100m,300Mi,8m,494Mi,100m,300Mi,8m,502Mi,100m,300Mi,9m,581Mi,100m,300Mi,16m,584Mi,100m,300Mi,5m,182Mi,100m,300Mi,9m,487Mi,100m,300Mi,8m,501Mi,100m,300Mi,8m,590Mi,100m,300Mi,11m,575Mi,100m,300Mi,8m,579Mi,100m,300Mi,8m,586Mi,100m,300Mi,8m,528Mi,100m,300Mi,8m,502Mi,100m,300Mi,9m,598Mi,100m,300Mi,8m,589Mi,100m,300Mi,403m,1107Mi,100m,300Mi,8m,584Mi,100m,300Mi,4m,49Mi,100m,300Mi,9m,585Mi,100m,300Mi,8m,549Mi,700m,3000Mi,247m,682Mi,100m,300Mi,9m,604Mi,100m,300Mi,9m,491Mi,100m,300Mi,11m,497Mi,100m,300Mi,9m,539Mi,100m,300Mi,8m,518Mi,100m,300Mi,8m,493Mi,1250m,3000Mi,290m,679Mi,100m,300Mi,8m,493Mi,100m,300Mi,8m,557Mi,100m,300Mi,8m,560Mi,830m,3000Mi,226m,692Mi,100m,300Mi,10m,91Mi,100m,300Mi,8m,594Mi,100m,300Mi,9m,600Mi,100m,300Mi,9m,476Mi,100m,300Mi,8m,598Mi,100m,300Mi,9m,565Mi,50m,100Mi,225m,61Mi,100m,300Mi,9m,576Mi,100m,300Mi,8m,458Mi,100m,300Mi,4m,64Mi,100m,300Mi,9m,584Mi,0.006167539710500867,N/A,540622848.0,N/A,0.007645727383425041,N/A,532668416.0,N/A,0.009645843653223313,450.0,613231274.6666666,0.04445481965658048,0.011491248765499945,N/A,613004629.3333334,N/A,0.24842041962662917,56.75000000000008,715015509.3333333,11.040740740740738,0.007955511510172935,N/A,633223168.0,N/A,0.006724977494955257,N/A,564954112.0,N/A,0.3035006747281266,86.39175257731968,711506602.6666667,8.5,0.23021347461543717,23.592441970468677,726472021.3333333,10.960371579682565,0.007294199999999762,N/A,627980970.6666667,N/A,0.00728377303016134,N/A,627915434.6666666,N/A,0.17572228434514606,49.791344667697054,63920810.666666664,28.096296296296295,0.007636137818171282,N/A,603697152.0,N/A
2025-04-29 19:14:07,100m,200Mi,45m,248Mi,100m,300Mi,7m,518Mi,100m,300Mi,8m,518Mi,100m,300Mi,8m,510Mi,100m,300Mi,8m,492Mi,100m,300Mi,8m,500Mi,100m,300Mi,9m,582Mi,100m,300Mi,17m,590Mi,100m,300Mi,5m,181Mi,100m,300Mi,8m,485Mi,100m,300Mi,8m,501Mi,100m,300Mi,9m,589Mi,100m,300Mi,11m,572Mi,100m,300Mi,7m,582Mi,100m,300Mi,8m,585Mi,100m,300Mi,8m,525Mi,100m,300Mi,8m,500Mi,100m,300Mi,9m,603Mi,100m,300Mi,8m,587Mi,100m,300Mi,417m,1112Mi,100m,300Mi,9m,582Mi,100m,300Mi,4m,47Mi,100m,300Mi,9m,584Mi,100m,300Mi,8m,549Mi,1050m,3000Mi,260m,679Mi,100m,300Mi,13m,609Mi,100m,300Mi,8m,492Mi,100m,300Mi,10m,497Mi,100m,300Mi,8m,537Mi,100m,300Mi,8m,521Mi,100m,300Mi,8m,494Mi,1000m,3000Mi,288m,676Mi,100m,300Mi,7m,492Mi,100m,300Mi,9m,560Mi,100m,300Mi,8m,558Mi,660m,3000Mi,234m,692Mi,100m,300Mi,6m,92Mi,100m,300Mi,10m,595Mi,100m,300Mi,9m,602Mi,100m,300Mi,8m,478Mi,100m,300Mi,9m,598Mi,100m,300Mi,13m,568Mi,50m,100Mi,249m,62Mi,100m,300Mi,9m,577Mi,100m,300Mi,8m,453Mi,100m,300Mi,5m,66Mi,100m,300Mi,10m,584Mi,0.006040379505750506,N/A,543077717.3333333,N/A,0.007146835872223749,N/A,534174378.6666667,N/A,0.013373978557520486,900.0,618158762.6666666,0.04444444444444444,0.006286099999999806,N/A,613337770.6666667,N/A,0.2820950158791916,41.6875000000001,712716288.0,12.151851851851848,0.0308562749999993,N/A,636712277.3333334,N/A,0.00843790922827271,N/A,563782997.3333334,N/A,0.3118626299141424,195.95890410958907,705945600.0,8.466666666666665,0.22271350035500526,65.14634146341466,725911552.0,10.796296296296294,0.010763641145808191,N/A,630605824.0,N/A,0.009623054824036071,N/A,626459648.0,N/A,0.2617051743506286,80.97328244274799,63411200.0,28.748148148148147,0.009684414233532942,N/A,605267285.3333333,N/A
2025-04-29 19:15:59,100m,200Mi,46m,243Mi,100m,300Mi,8m,518Mi,100m,300Mi,8m,517Mi,100m,300Mi,8m,508Mi,100m,300Mi,7m,492Mi,100m,300Mi,8m,500Mi,100m,300Mi,9m,580Mi,100m,300Mi,18m,588Mi,100m,300Mi,5m,186Mi,100m,300Mi,7m,485Mi,100m,300Mi,8m,501Mi,100m,300Mi,8m,593Mi,100m,300Mi,10m,572Mi,100m,300Mi,8m,583Mi,100m,300Mi,8m,584Mi,100m,300Mi,9m,526Mi,100m,300Mi,8m,500Mi,100m,300Mi,10m,601Mi,100m,300Mi,8m,587Mi,100m,300Mi,436m,1113Mi,100m,300Mi,9m,587Mi,100m,300Mi,4m,53Mi,100m,300Mi,10m,581Mi,100m,300Mi,8m,542Mi,840m,3000Mi,261m,682Mi,100m,300Mi,12m,614Mi,100m,300Mi,8m,489Mi,100m,300Mi,11m,496Mi,100m,300Mi,9m,538Mi,100m,300Mi,8m,520Mi,100m,300Mi,8m,490Mi,1500m,3000Mi,318m,670Mi,100m,300Mi,8m,491Mi,100m,300Mi,9m,562Mi,100m,300Mi,9m,558Mi,990m,3000Mi,233m,692Mi,100m,300Mi,5m,93Mi,100m,300Mi,9m,592Mi,100m,300Mi,9m,594Mi,100m,300Mi,8m,478Mi,100m,300Mi,9m,597Mi,100m,300Mi,11m,565Mi,50m,100Mi,258m,55Mi,100m,300Mi,8m,573Mi,100m,300Mi,7m,453Mi,100m,300Mi,4m,67Mi,100m,300Mi,9m,578Mi,0.007302163700578487,N/A,541986816.0,N/A,0.004311818085428612,N/A,532660224.0,N/A,0.01691013526032895,475.0,617256960.0,0.04444444444444444,0.008105249038718244,N/A,609355093.3333334,N/A,0.26823844432808364,29.592121079663634,715388928.0,12.019913053422616,0.008369095276221386,N/A,643697664.0,N/A,0.007791366105618505,N/A,563773440.0,N/A,0.279977834994215,88.45864661654144,703269546.6666666,9.255555555555555,0.19614373792676934,38.6021505376345,725689685.3333334,12.496296296296293,0.00799215954415859,N/A,625021952.0,N/A,0.00781691455471361,N/A,626709845.3333333,N/A,0.27099079222063377,67.82894736842113,57649152.0,30.496296296296293,0.005636270745197858,N/A,600611498.6666666,N/A
2025-04-29 19:17:50,100m,200Mi,48m,243Mi,100m,300Mi,8m,517Mi,100m,300Mi,8m,513Mi,100m,300Mi,8m,506Mi,100m,300Mi,8m,493Mi,100m,300Mi,8m,500Mi,100m,300Mi,9m,580Mi,100m,300Mi,18m,584Mi,100m,300Mi,5m,188Mi,100m,300Mi,7m,485Mi,100m,300Mi,8m,501Mi,100m,300Mi,9m,594Mi,100m,300Mi,8m,578Mi,100m,300Mi,8m,575Mi,100m,300Mi,9m,585Mi,100m,300Mi,8m,525Mi,100m,300Mi,8m,500Mi,100m,300Mi,9m,596Mi,100m,300Mi,8m,587Mi,100m,300Mi,456m,1110Mi,100m,300Mi,9m,589Mi,100m,300Mi,4m,54Mi,100m,300Mi,9m,581Mi,100m,300Mi,8m,543Mi,840m,3000Mi,280m,683Mi,100m,300Mi,13m,615Mi,100m,300Mi,8m,489Mi,100m,300Mi,8m,502Mi,100m,300Mi,8m,538Mi,100m,300Mi,8m,515Mi,100m,300Mi,7m,488Mi,1500m,3000Mi,298m,673Mi,100m,300Mi,7m,491Mi,100m,300Mi,8m,562Mi,100m,300Mi,8m,557Mi,990m,3000Mi,247m,694Mi,100m,300Mi,4m,94Mi,100m,300Mi,8m,589Mi,100m,300Mi,9m,594Mi,100m,300Mi,8m,473Mi,100m,300Mi,9m,598Mi,100m,300Mi,8m,564Mi,50m,100Mi,268m,54Mi,100m,300Mi,9m,571Mi,100m,300Mi,8m,453Mi,100m,300Mi,5m,63Mi,100m,300Mi,9m,578Mi,0.007561591430757605,N/A,537770666.6666666,N/A,0.007094252801602472,N/A,530829312.0,N/A,0.013298336333655738,475.0,612350976.0,0.04444444444444444,0.005941910395230505,N/A,609042432.0,N/A,0.27571553692875306,24.82875536480687,715090602.6666666,12.537037037037035,0.006813124473339202,N/A,644852394.6666667,N/A,0.005998506803715046,N/A,563821226.6666666,N/A,0.2456562982420651,53.45238095238098,706170880.0,9.549999999999997,0.26200301592878705,23.8409893992933,726508885.3333334,12.922222222222219,0.007793898099123251,N/A,623378432.0,N/A,0.008039188165575797,N/A,626813610.6666666,N/A,0.2822709424083779,47.66203703703704,57171968.0,31.837037037037035,0.007995567197258724,N/A,598469290.6666666,N/A
2025-04-29 19:19:42,100m,200Mi,52m,243Mi,100m,300Mi,7m,518Mi,100m,300Mi,8m,513Mi,100m,300Mi,8m,506Mi,100m,300Mi,7m,493Mi,100m,300Mi,8m,500Mi,100m,300Mi,8m,580Mi,100m,300Mi,15m,584Mi,100m,300Mi,5m,179Mi,100m,300Mi,7m,486Mi,100m,300Mi,8m,501Mi,100m,300Mi,9m,588Mi,100m,300Mi,9m,581Mi,100m,300Mi,9m,577Mi,100m,300Mi,9m,590Mi,100m,300Mi,9m,530Mi,100m,300Mi,7m,500Mi,100m,300Mi,8m,596Mi,100m,300Mi,8m,587Mi,100m,300Mi,446m,1112Mi,100m,300Mi,8m,589Mi,100m,300Mi,4m,47Mi,100m,300Mi,8m,581Mi,100m,300Mi,7m,543Mi,1260m,3000Mi,271m,682Mi,100m,300Mi,8m,608Mi,100m,300Mi,8m,489Mi,100m,300Mi,8m,503Mi,100m,300Mi,8m,538Mi,100m,300Mi,8m,515Mi,100m,300Mi,8m,488Mi,1200m,3000Mi,336m,677Mi,100m,300Mi,8m,491Mi,100m,300Mi,8m,555Mi,100m,300Mi,8m,558Mi,790m,3000Mi,258m,693Mi,100m,300Mi,4m,86Mi,100m,300Mi,8m,590Mi,100m,300Mi,8m,595Mi,100m,300Mi,8m,473Mi,100m,300Mi,7m,597Mi,100m,300Mi,7m,566Mi,50m,100Mi,264m,55Mi,100m,300Mi,8m,571Mi,100m,300Mi,7m,453Mi,100m,300Mi,4m,60Mi,100m,300Mi,8m,578Mi,0.007428920386976256,N/A,538314069.3333334,N/A,0.007735190952301993,N/A,530493440.0,N/A,0.011531619691269314,462.5,612448938.6666666,0.04444444444444444,0.008002952869880989,N/A,608955392.0,N/A,0.30377348696129963,74.23943661971828,714901504.0,12.974074074074071,0.007991107158738062,N/A,638398464.0,N/A,0.007530521232161286,N/A,563924992.0,N/A,0.3353744832198433,370.185185185185,710407509.3333333,9.744444444444444,0.18256066783298522,74.70674486803514,727054336.0,12.966666666666665,0.00669392082361393,N/A,623779840.0,N/A,0.007406413224920034,N/A,626574677.3333334,N/A,0.23811427739898908,83.93316195372755,57806848.0,32.644444444444446,0.0075224000000006135,N/A,598415360.0,N/A
2025-04-29 19:21:33,100m,200Mi,51m,244Mi,100m,300Mi,8m,518Mi,100m,300Mi,8m,513Mi,100m,300Mi,8m,506Mi,100m,300Mi,8m,493Mi,100m,300Mi,8m,500Mi,100m,300Mi,8m,580Mi,100m,300Mi,15m,584Mi,100m,300Mi,4m,179Mi,100m,300Mi,7m,486Mi,100m,300Mi,7m,501Mi,100m,300Mi,8m,588Mi,100m,300Mi,8m,581Mi,100m,300Mi,9m,576Mi,100m,300Mi,9m,590Mi,100m,300Mi,8m,531Mi,100m,300Mi,8m,504Mi,100m,300Mi,8m,596Mi,100m,300Mi,9m,587Mi,100m,300Mi,480m,1114Mi,100m,300Mi,8m,584Mi,100m,300Mi,4m,47Mi,100m,300Mi,8m,580Mi,100m,300Mi,8m,544Mi,1260m,3000Mi,290m,683Mi,100m,300Mi,7m,608Mi,100m,300Mi,8m,489Mi,100m,300Mi,8m,496Mi,100m,300Mi,7m,538Mi,100m,300Mi,8m,516Mi,100m,300Mi,7m,489Mi,1200m,3000Mi,343m,678Mi,100m,300Mi,8m,491Mi,100m,300Mi,10m,561Mi,100m,300Mi,8m,558Mi,790m,3000Mi,244m,694Mi,100m,300Mi,4m,86Mi,100m,300Mi,7m,590Mi,100m,300Mi,7m,595Mi,100m,300Mi,8m,473Mi,100m,300Mi,7m,598Mi,100m,300Mi,8m,565Mi,50m,100Mi,283m,56Mi,100m,300Mi,8m,571Mi,100m,300Mi,8m,454Mi,100m,300Mi,4m,60Mi,100m,300Mi,8m,578Mi,0.009054521114762116,N/A,537904469.3333333,N/A,0.007251469671328016,N/A,530350080.0,N/A,0.015946649239544145,475.0,613059584.0,0.04444444444444444,0.006458512150382419,N/A,608355669.3333333,N/A,0.3173293868035702,62.95918367346943,715688618.6666666,13.148148148148149,0.005575705946450516,N/A,637808640.0,N/A,0.00672097009105124,N/A,563903146.6666666,N/A,0.2901677758733995,238.83458646616583,710163456.0,10.088888888888889,0.17633586208757282,78.30677290836654,727302144.0,13.807407407407407,0.006065528044126977,N/A,623736832.0,N/A,0.007412727272726418,N/A,626685269.3333334,N/A,0.2991488146376563,87.37421383647796,58588160.0,33.703703703703695,0.007674907710704635,N/A,598426965.3333333,N/A
2025-04-29 19:23:25,100m,200Mi,51m,244Mi,100m,300Mi,7m,518Mi,100m,300Mi,8m,513Mi,100m,300Mi,7m,506Mi,100m,300Mi,8m,493Mi,100m,300Mi,8m,500Mi,100m,300Mi,8m,578Mi,100m,300Mi,14m,585Mi,100m,300Mi,4m,179Mi,100m,300Mi,8m,486Mi,100m,300Mi,8m,501Mi,100m,300Mi,8m,588Mi,100m,300Mi,8m,572Mi,100m,300Mi,9m,576Mi,100m,300Mi,9m,584Mi,100m,300Mi,9m,525Mi,100m,300Mi,8m,506Mi,100m,300Mi,7m,596Mi,100m,300Mi,9m,592Mi,100m,300Mi,500m,1115Mi,100m,300Mi,8m,584Mi,100m,300Mi,4m,47Mi,100m,300Mi,8m,580Mi,100m,300Mi,8m,544Mi,1010m,3000Mi,314m,682Mi,100m,300Mi,8m,608Mi,100m,300Mi,8m,489Mi,100m,300Mi,7m,496Mi,100m,300Mi,8m,537Mi,100m,300Mi,8m,516Mi,100m,300Mi,7m,489Mi,1800m,3000Mi,354m,676Mi,100m,300Mi,8m,491Mi,100m,300Mi,11m,561Mi,100m,300Mi,8m,558Mi,1190m,3000Mi,277m,696Mi,100m,300Mi,4m,86Mi,100m,300Mi,8m,591Mi,100m,300Mi,8m,595Mi,100m,300Mi,8m,474Mi,100m,300Mi,8m,597Mi,100m,300Mi,8m,564Mi,50m,100Mi,281m,56Mi,100m,300Mi,8m,571Mi,100m,300Mi,8m,453Mi,100m,300Mi,4m,60Mi,100m,300Mi,8m,579Mi,0.005493532872141854,N/A,537985024.0,N/A,0.005547527920570955,N/A,530896896.0,N/A,0.010733435310771222,400.0,613535744.0,0.04444444444444444,0.005928012681985099,N/A,608462165.3333334,N/A,0.2622542548954735,57.249070631970326,716051797.3333334,14.722222222222223,0.0052290249999998656,N/A,637803178.6666666,N/A,0.0061656563096593175,N/A,563538944.0,N/A,0.33984412708455636,93.54938271604945,709154133.3333334,9.938888888888886,0.298630472516879,28.602393906372374,729287680.0,14.577458122432443,0.008382141224863667,N/A,623917738.6666666,N/A,0.007983336059540148,N/A,625831936.0,N/A,0.19374697499999913,69.10060975609757,58391210.66666667,36.214814814814815,0.008307500622975464,N/A,598756010.6666666,N/A
2025-04-29 19:25:17,100m,200Mi,52m,244Mi,100m,300Mi,8m,517Mi,100m,300Mi,8m,513Mi,100m,300Mi,7m,506Mi,100m,300Mi,7m,493Mi,100m,300Mi,8m,501Mi,100m,300Mi,8m,580Mi,100m,300Mi,16m,586Mi,100m,300Mi,4m,180Mi,100m,300Mi,8m,486Mi,100m,300Mi,7m,501Mi,100m,300Mi,7m,588Mi,100m,300Mi,8m,573Mi,100m,300Mi,8m,577Mi,100m,300Mi,8m,584Mi,100m,300Mi,8m,525Mi,100m,300Mi,8m,504Mi,100m,300Mi,8m,597Mi,100m,300Mi,9m,593Mi,100m,300Mi,495m,1115Mi,100m,300Mi,8m,584Mi,100m,300Mi,4m,47Mi,100m,300Mi,8m,581Mi,100m,300Mi,8m,543Mi,1520m,3000Mi,321m,683Mi,100m,300Mi,8m,608Mi,100m,300Mi,8m,489Mi,100m,300Mi,8m,496Mi,100m,300Mi,8m,538Mi,100m,300Mi,8m,516Mi,100m,300Mi,7m,488Mi,1440m,3000Mi,346m,675Mi,100m,300Mi,8m,491Mi,100m,300Mi,8m,561Mi,100m,300Mi,8m,558Mi,950m,3000Mi,281m,694Mi,100m,300Mi,4m,86Mi,100m,300Mi,8m,590Mi,100m,300Mi,11m,601Mi,100m,300Mi,7m,473Mi,100m,300Mi,8m,597Mi,100m,300Mi,7m,565Mi,50m,100Mi,305m,56Mi,100m,300Mi,12m,577Mi,100m,300Mi,7m,453Mi,100m,300Mi,4m,60Mi,100m,300Mi,8m,579Mi,0.0038381366205966533,N/A,538529792.0,N/A,0.006532642261213128,N/A,530735104.0,N/A,0.003847799999999779,450.0,613558272.0,0.04444444444444444,0.008651240021936561,N/A,608126293.3333334,N/A,0.2958554344929642,81.31578947368418,716129621.3333334,13.940740740740738,0.008225187027335561,N/A,637891584.0,N/A,0.007475860017844567,N/A,563990528.0,N/A,0.43059954029297454,373.20359281437146,709955584.0,10.75,0.21510220249982584,81.77983539094647,728674304.0,14.688888888888888,0.030477949709865056,N/A,628057429.3333333,N/A,0.005331396987417584,N/A,626155520.0,N/A,0.30134273392725425,118.03879310344843,58892288.0,36.14074074074074,0.007901245578963783,N/A,604863146.6666667,N/A
2025-04-29 19:27:09,100m,200Mi,45m,244Mi,100m,300Mi,8m,518Mi,100m,300Mi,8m,514Mi,100m,300Mi,8m,506Mi,100m,300Mi,7m,493Mi,100m,300Mi,7m,501Mi,100m,300Mi,8m,580Mi,100m,300Mi,17m,590Mi,100m,300Mi,4m,180Mi,100m,300Mi,8m,486Mi,100m,300Mi,8m,501Mi,100m,300Mi,8m,588Mi,100m,300Mi,8m,573Mi,100m,300Mi,8m,577Mi,100m,300Mi,8m,584Mi,100m,300Mi,8m,524Mi,100m,300Mi,7m,500Mi,100m,300Mi,8m,596Mi,100m,300Mi,8m,589Mi,100m,300Mi,517m,1118Mi,100m,300Mi,8m,584Mi,100m,300Mi,4m,47Mi,100m,300Mi,8m,580Mi,100m,300Mi,8m,543Mi,1520m,3000Mi,309m,683Mi,100m,300Mi,8m,608Mi,100m,300Mi,8m,489Mi,100m,300Mi,7m,496Mi,100m,300Mi,8m,537Mi,100m,300Mi,7m,516Mi,100m,300Mi,7m,488Mi,1440m,3000Mi,380m,676Mi,100m,300Mi,7m,491Mi,100m,300Mi,8m,562Mi,100m,300Mi,8m,558Mi,950m,3000Mi,303m,696Mi,100m,300Mi,4m,86Mi,100m,300Mi,8m,590Mi,100m,300Mi,11m,602Mi,100m,300Mi,7m,473Mi,100m,300Mi,8m,597Mi,100m,300Mi,8m,566Mi,50m,100Mi,311m,56Mi,100m,300Mi,12m,578Mi,100m,300Mi,8m,453Mi,100m,300Mi,4m,60Mi,100m,300Mi,8m,579Mi,0.0073195847662167685,N/A,538966016.0,N/A,0.006135962375072274,N/A,530832042.6666666,N/A,0.017900657894737174,467.5,618356736.0,0.25555555555555554,0.005014574999999866,N/A,608668330.6666666,N/A,0.25708109778765814,74.37641723356013,716425216.0,15.518518518518519,0.006054182864998683,N/A,637775872.0,N/A,0.008416762941154081,N/A,563163136.0,N/A,0.40093340090764423,303.60169491525386,708812800.0,10.51111111111111,0.31971370893741674,85.00968992248073,729630720.0,15.11111111111111,0.00853083842309799,N/A,631062528.0,N/A,0.007575016938094478,N/A,626619733.3333334,N/A,0.2594740075491468,98.50694444444441,59259904.0,37.66666666666666,0.00853984436267031,N/A,605298688.0,N/A
2025-04-29 19:29:00,100m,200Mi,46m,244Mi,100m,300Mi,11m,522Mi,100m,300Mi,7m,513Mi,100m,300Mi,7m,506Mi,100m,300Mi,7m,492Mi,100m,300Mi,8m,500Mi,100m,300Mi,8m,585Mi,100m,300Mi,29m,591Mi,100m,300Mi,5m,180Mi,100m,300Mi,8m,486Mi,100m,300Mi,8m,501Mi,100m,300Mi,8m,588Mi,100m,300Mi,8m,573Mi,100m,300Mi,8m,577Mi,100m,300Mi,8m,584Mi,100m,300Mi,8m,524Mi,100m,300Mi,7m,500Mi,100m,300Mi,8m,596Mi,100m,300Mi,7m,587Mi,100m,300Mi,547m,1122Mi,100m,300Mi,8m,584Mi,100m,300Mi,4m,47Mi,100m,300Mi,8m,580Mi,100m,300Mi,8m,543Mi,1220m,3000Mi,340m,684Mi,100m,300Mi,8m,608Mi,100m,300Mi,8m,489Mi,100m,300Mi,7m,496Mi,100m,300Mi,8m,538Mi,100m,300Mi,8m,516Mi,100m,300Mi,7m,488Mi,1150m,3000Mi,397m,682Mi,100m,300Mi,8m,491Mi,100m,300Mi,8m,562Mi,100m,300Mi,8m,558Mi,1430m,3000Mi,298m,697Mi,100m,300Mi,4m,86Mi,100m,300Mi,8m,590Mi,100m,300Mi,11m,602Mi,100m,300Mi,8m,474Mi,100m,300Mi,8m,597Mi,100m,300Mi,8m,566Mi,50m,100Mi,297m,58Mi,100m,300Mi,8m,577Mi,100m,300Mi,7m,453Mi,100m,300Mi,4m,60Mi,100m,300Mi,8m,579Mi,0.007248087699012866,N/A,538528768.0,N/A,0.00783400946585499,N/A,531339264.0,N/A,0.014127526381685327,450.0,619736064.0,0.033333333333333326,0.008584683148622008,N/A,608632832.0,N/A,0.14388913333333828,85.23890784982939,717000704.0,15.344444444444445,0.008765397093704828,N/A,637666645.3333334,N/A,0.006362365907075585,N/A,563945472.0,N/A,0.3223522180851063,560.3305785123969,714576896.0,11.899999999999999,0.3193979762984921,83.30779944289692,731429546.6666667,14.725925925925925,0.007879530030931545,N/A,631102464.0,N/A,0.0064615401079876015,N/A,625958912.0,N/A,0.2302292327585474,159.03041825095045,60674048.0,38.0074074074074,0.007016280226027989,N/A,605234517.3333334,N/A
2025-04-29 19:30:52,100m,200Mi,48m,244Mi,100m,300Mi,11m,522Mi,100m,300Mi,7m,514Mi,100m,300Mi,7m,507Mi,100m,300Mi,7m,492Mi,100m,300Mi,7m,501Mi,100m,300Mi,8m,585Mi,100m,300Mi,29m,591Mi,100m,300Mi,5m,180Mi,100m,300Mi,8m,486Mi,100m,300Mi,7m,501Mi,100m,300Mi,8m,588Mi,100m,300Mi,7m,573Mi,100m,300Mi,7m,577Mi,100m,300Mi,8m,584Mi,100m,300Mi,8m,525Mi,100m,300Mi,8m,500Mi,100m,300Mi,8m,597Mi,100m,300Mi,8m,587Mi,100m,300Mi,554m,1124Mi,100m,300Mi,8m,584Mi,100m,300Mi,4m,47Mi,100m,300Mi,8m,581Mi,100m,300Mi,8m,543Mi,1220m,3000Mi,348m,684Mi,100m,300Mi,8m,608Mi,100m,300Mi,8m,489Mi,100m,300Mi,7m,496Mi,100m,300Mi,11m,543Mi,100m,300Mi,7m,516Mi,100m,300Mi,7m,488Mi,1150m,3000Mi,404m,679Mi,100m,300Mi,7m,491Mi,100m,300Mi,8m,562Mi,100m,300Mi,8m,556Mi,1430m,3000Mi,302m,699Mi,100m,300Mi,4m,86Mi,100m,300Mi,11m,597Mi,100m,300Mi,8m,602Mi,100m,300Mi,7m,474Mi,100m,300Mi,8m,603Mi,100m,300Mi,8m,566Mi,50m,100Mi,318m,58Mi,100m,300Mi,8m,577Mi,100m,300Mi,8m,453Mi,100m,300Mi,4m,60Mi,100m,300Mi,8m,578Mi,0.007055788911837362,N/A,538841088.0,N/A,0.007876624760280213,N/A,531491498.6666666,N/A,0.011833214608654496,475.0,619511808.0,0.04444444444444444,0.006303731649699041,N/A,608978261.3333334,N/A,0.3579797469806951,85.12468827930178,717565952.0,16.048148148148147,0.005586823345966319,N/A,638130176.0,N/A,0.006374390477668172,N/A,569737216.0,N/A,0.41567534456355354,598.3050847457625,712161280.0,11.283333333333331,0.20520179999999755,85.63380281690141,731703978.6666667,14.599999999999996,0.007541165249507594,N/A,631240704.0,N/A,0.009830841987690285,N/A,630853632.0,N/A,0.3043721126510292,214.6283783783784,62377984.0,37.60740740740741,0.00649386955071478,N/A,605029376.0,N/A
2025-04-29 19:32:44,100m,200Mi,54m,244Mi,100m,300Mi,7m,522Mi,100m,300Mi,7m,513Mi,100m,300Mi,8m,506Mi,100m,300Mi,8m,493Mi,100m,300Mi,8m,500Mi,100m,300Mi,8m,580Mi,100m,300Mi,15m,592Mi,100m,300Mi,5m,180Mi,100m,300Mi,8m,486Mi,100m,300Mi,7m,501Mi,100m,300Mi,8m,589Mi,100m,300Mi,8m,572Mi,100m,300Mi,8m,577Mi,100m,300Mi,8m,584Mi,100m,300Mi,8m,526Mi,100m,300Mi,8m,500Mi,100m,300Mi,8m,596Mi,100m,300Mi,7m,587Mi,100m,300Mi,514m,1133Mi,100m,300Mi,8m,584Mi,100m,300Mi,4m,47Mi,100m,300Mi,8m,581Mi,100m,300Mi,8m,544Mi,980m,3000Mi,350m,686Mi,100m,300Mi,8m,608Mi,100m,300Mi,8m,489Mi,100m,300Mi,7m,496Mi,100m,300Mi,11m,544Mi,100m,300Mi,7m,516Mi,100m,300Mi,7m,488Mi,1730m,3000Mi,437m,690Mi,100m,300Mi,8m,491Mi,100m,300Mi,8m,561Mi,100m,300Mi,8m,558Mi,1140m,3000Mi,350m,718Mi,100m,300Mi,4m,86Mi,100m,300Mi,11m,597Mi,100m,300Mi,8m,602Mi,100m,300Mi,7m,473Mi,100m,300Mi,8m,605Mi,100m,300Mi,8m,566Mi,50m,100Mi,298m,62Mi,100m,300Mi,8m,577Mi,100m,300Mi,8m,453Mi,100m,300Mi,4m,60Mi,100m,300Mi,8m,579Mi,0.007830892462190963,N/A,537864874.6666666,N/A,0.007227614316646899,N/A,531049130.6666666,N/A,0.01770112888586221,450.0,620362410.6666667,0.04444444444444444,0.008078215767634551,N/A,609118208.0,N/A,0.3720510975535591,93.54575163398691,718162944.0,15.996296296296292,0.006581445701177087,N/A,637979306.6666667,N/A,0.008036473095599343,N/A,570078208.0,N/A,0.45096007899934276,444.52449567723374,722572629.3333334,12.061111111111112,0.3452509128954153,88.39285714285717,750913536.0,16.2,0.007472190538265688,N/A,631256405.3333333,N/A,0.00678003367909836,N/A,634060800.0,N/A,0.32798658807449277,156.9216417910446,64690858.66666667,40.62222222222222,0.007949580699264687,N/A,604927317.3333333,N/A
2025-04-29 19:34:34,100m,200Mi,50m,244Mi,100m,300Mi,8m,522Mi,100m,300Mi,8m,513Mi,100m,300Mi,7m,506Mi,100m,300Mi,7m,493Mi,100m,300Mi,7m,500Mi,100m,300Mi,8m,579Mi,100m,300Mi,15m,592Mi,100m,300Mi,4m,180Mi,100m,300Mi,8m,486Mi,100m,300Mi,7m,501Mi,100m,300Mi,8m,589Mi,100m,300Mi,8m,573Mi,100m,300Mi,8m,577Mi,100m,300Mi,8m,585Mi,100m,300Mi,8m,524Mi,100m,300Mi,8m,500Mi,100m,300Mi,8m,596Mi,100m,300Mi,7m,587Mi,100m,300Mi,565m,1134Mi,100m,300Mi,8m,584Mi,100m,300Mi,4m,47Mi,100m,300Mi,8m,581Mi,100m,300Mi,7m,543Mi,1470m,3000Mi,364m,685Mi,100m,300Mi,8m,608Mi,100m,300Mi,8m,489Mi,100m,300Mi,7m,496Mi,100m,300Mi,8m,543Mi,100m,300Mi,7m,516Mi,100m,300Mi,7m,488Mi,1380m,3000Mi,446m,691Mi,100m,300Mi,8m,491Mi,100m,300Mi,7m,562Mi,100m,300Mi,7m,558Mi,1710m,3000Mi,343m,716Mi,100m,300Mi,4m,86Mi,100m,300Mi,11m,597Mi,100m,300Mi,8m,601Mi,100m,300Mi,7m,473Mi,100m,300Mi,8m,605Mi,100m,300Mi,8m,566Mi,50m,100Mi,323m,62Mi,100m,300Mi,8m,577Mi,100m,300Mi,8m,453Mi,100m,300Mi,4m,61Mi,100m,300Mi,8m,578Mi,0.007404720197396927,N/A,537790464.0,N/A,0.007369710757230997,N/A,531129685.3333334,N/A,0.012941476410493494,475.0,620626944.0,0.04444444444444444,0.006153801783429218,N/A,608844458.6666666,N/A,0.37132287917737655,94.54875518672199,718880768.0,16.437037037037037,0.006388651684397673,N/A,637871445.3333333,N/A,0.005133898288986218,N/A,569976149.3333334,N/A,0.4501528252617937,463.56968215158923,724834986.6666666,12.45,0.3681185921056525,89.01127049180329,750845952.0,16.71111111111111,0.005152599451328701,N/A,630874112.0,N/A,0.006320496916820751,N/A,631480320.0,N/A,0.33501321733821554,217.09424083769647,64397312.0,41.28888888888889,0.00791542658730171,N/A,605024256.0,N/A
2025-04-29 19:36:24,100m,200Mi,51m,244Mi,100m,300Mi,8m,522Mi,100m,300Mi,7m,513Mi,100m,300Mi,7m,507Mi,100m,300Mi,7m,497Mi,100m,300Mi,7m,500Mi,100m,300Mi,8m,580Mi,100m,300Mi,16m,592Mi,100m,300Mi,4m,180Mi,100m,300Mi,7m,490Mi,100m,300Mi,7m,506Mi,100m,300Mi,8m,588Mi,100m,300Mi,8m,573Mi,100m,300Mi,8m,577Mi,100m,300Mi,8m,584Mi,100m,300Mi,8m,525Mi,100m,300Mi,7m,500Mi,100m,300Mi,8m,597Mi,100m,300Mi,7m,587Mi,100m,300Mi,582m,1139Mi,100m,300Mi,8m,584Mi,100m,300Mi,4m,47Mi,100m,300Mi,11m,587Mi,100m,300Mi,12m,550Mi,1470m,3000Mi,380m,690Mi,100m,300Mi,8m,608Mi,100m,300Mi,8m,489Mi,100m,300Mi,7m,496Mi,100m,300Mi,7m,543Mi,100m,300Mi,7m,516Mi,100m,300Mi,7m,488Mi,1380m,3000Mi,407m,690Mi,100m,300Mi,7m,491Mi,100m,300Mi,8m,562Mi,100m,300Mi,7m,558Mi,1710m,3000Mi,344m,718Mi,100m,300Mi,4m,86Mi,100m,300Mi,8m,597Mi,100m,300Mi,8m,602Mi,100m,300Mi,8m,474Mi,100m,300Mi,8m,597Mi,100m,300Mi,8m,565Mi,50m,100Mi,330m,62Mi,100m,300Mi,8m,577Mi,100m,300Mi,8m,453Mi,100m,300Mi,4m,61Mi,100m,300Mi,8m,579Mi,0.006165054711080571,N/A,538051925.3333333,N/A,0.009624909384931674,N/A,531039573.3333333,N/A,0.012312545757341201,450.0,620746752.0,0.04445481965658048,0.007809758281110587,N/A,616019285.3333334,N/A,0.2864337672001689,108.38690186366392,723400021.3333334,17.174399411083197,0.005134963948394811,N/A,637956096.0,N/A,0.0049343476613385295,N/A,569487360.0,N/A,0.2711190185554332,754.2285752579505,723782314.6666666,12.263953919236382,0.3458686728844867,96.31483230743792,752654336.0,15.803667637490086,0.007886994002998528,N/A,630781269.3333334,N/A,0.00792386412956685,N/A,626464768.0,N/A,0.3268599114484498,322.8417266187049,64676864.0,41.38518518518518,0.007763773035887453,N/A,605077504.0,N/A
2025-04-29 19:38:15,100m,200Mi,43m,244Mi,100m,300Mi,8m,528Mi,100m,300Mi,8m,513Mi,100m,300Mi,8m,506Mi,100m,300Mi,8m,498Mi,100m,300Mi,8m,504Mi,100m,300Mi,8m,578Mi,100m,300Mi,16m,592Mi,100m,300Mi,5m,180Mi,100m,300Mi,8m,491Mi,100m,300Mi,8m,507Mi,100m,300Mi,8m,589Mi,100m,300Mi,7m,573Mi,100m,300Mi,8m,577Mi,100m,300Mi,11m,591Mi,100m,300Mi,8m,525Mi,100m,300Mi,7m,500Mi,100m,300Mi,8m,597Mi,100m,300Mi,7m,587Mi,100m,300Mi,570m,1139Mi,100m,300Mi,8m,584Mi,100m,300Mi,4m,47Mi,100m,300Mi,11m,587Mi,100m,300Mi,11m,550Mi,1180m,3000Mi,366m,694Mi,100m,300Mi,9m,608Mi,100m,300Mi,8m,489Mi,100m,300Mi,8m,496Mi,100m,300Mi,8m,543Mi,100m,300Mi,8m,516Mi,100m,300Mi,8m,488Mi,2070m,3000Mi,421m,693Mi,100m,300Mi,9m,496Mi,100m,300Mi,8m,563Mi,100m,300Mi,8m,558Mi,1370m,3000Mi,340m,713Mi,100m,300Mi,4m,86Mi,100m,300Mi,8m,597Mi,100m,300Mi,8m,601Mi,100m,300Mi,8m,474Mi,100m,300Mi,8m,598Mi,100m,300Mi,8m,566Mi,50m,100Mi,331m,62Mi,100m,300Mi,8m,577Mi,100m,300Mi,7m,458Mi,100m,300Mi,4m,61Mi,100m,300Mi,8m,579Mi,0.007338420652999212,N/A,538420224.0,N/A,0.0071288101998175785,N/A,531032746.6666667,N/A,0.026040408935659218,475.0,622901248.0,0.04444444444444444,0.008010418195157347,N/A,615814144.0,N/A,0.39596743231414944,173.35526315789448,727461888.0,16.848148148148148,0.008335875672445321,N/A,638137344.0,N/A,0.01214255141455308,N/A,571423402.6666667,N/A,0.27259922499999906,803.1732418524873,726896640.0,12.855555555555554,0.27723520592659157,163.42572062084244,747376640.0,16.855555555555554,0.008585641299357594,N/A,630551552.0,N/A,0.007320970497119222,N/A,627090773.3333333,N/A,0.27345063068458053,403.537170263789,65338026.66666667,42.0,0.005810612873519056,N/A,604934144.0,N/A
2025-04-29 19:40:06,100m,200Mi,48m,244Mi,100m,300Mi,8m,530Mi,100m,300Mi,7m,514Mi,100m,300Mi,8m,506Mi,100m,300Mi,9m,494Mi,100m,300Mi,9m,505Mi,100m,300Mi,8m,579Mi,100m,300Mi,18m,592Mi,100m,300Mi,5m,180Mi,100m,300Mi,8m,486Mi,100m,300Mi,8m,501Mi,100m,300Mi,7m,589Mi,100m,300Mi,7m,573Mi,100m,300Mi,7m,577Mi,100m,300Mi,11m,591Mi,100m,300Mi,7m,525Mi,100m,300Mi,8m,500Mi,100m,300Mi,8m,597Mi,100m,300Mi,8m,587Mi,100m,300Mi,585m,1140Mi,100m,300Mi,8m,584Mi,100m,300Mi,4m,47Mi,100m,300Mi,8m,587Mi,100m,300Mi,13m,556Mi,1180m,3000Mi,391m,688Mi,100m,300Mi,9m,608Mi,100m,300Mi,8m,489Mi,100m,300Mi,8m,496Mi,100m,300Mi,9m,549Mi,100m,300Mi,8m,516Mi,100m,300Mi,8m,488Mi,2070m,3000Mi,420m,699Mi,100m,300Mi,8m,495Mi,100m,300Mi,8m,563Mi,100m,300Mi,8m,558Mi,1370m,3000Mi,333m,716Mi,100m,300Mi,4m,86Mi,100m,300Mi,8m,597Mi,100m,300Mi,8m,601Mi,100m,300Mi,8m,474Mi,100m,300Mi,8m,598Mi,100m,300Mi,9m,569Mi,50m,100Mi,304m,67Mi,100m,300Mi,8m,577Mi,100m,300Mi,9m,460Mi,100m,300Mi,4m,61Mi,100m,300Mi,9m,584Mi,0.007984620293553527,N/A,538976256.0,N/A,0.007412820333774946,N/A,530500608.0,N/A,0.01730499608916598,470.00000000000006,620937216.0,0.08888888888888888,0.005053825000000245,N/A,615739392.0,N/A,0.26304778614006696,191.40703517587963,722608128.0,16.28148148148148,0.006407400000000507,N/A,637793621.3333333,N/A,0.006724373976324019,N/A,575561728.0,N/A,0.3120175647945123,990.2582159624412,732557312.0,13.01111111111111,0.26390120745074624,170.65548780487825,749501098.6666667,16.68888888888889,0.007429769594138099,N/A,630393514.6666666,N/A,0.007300120478839285,N/A,627006122.6666666,N/A,0.31362407929435604,516.95464362851,70785024.0,41.733333333333334,0.00772302295791145,N/A,604901376.0,N/A
2025-04-29 19:41:57,100m,200Mi,46m,244Mi,100m,300Mi,8m,522Mi,100m,300Mi,7m,514Mi,100m,300Mi,8m,506Mi,100m,300Mi,8m,493Mi,100m,300Mi,8m,504Mi,100m,300Mi,8m,579Mi,100m,300Mi,21m,592Mi,100m,300Mi,5m,180Mi,100m,300Mi,8m,486Mi,100m,300Mi,8m,501Mi,100m,300Mi,8m,588Mi,100m,300Mi,7m,573Mi,100m,300Mi,8m,577Mi,100m,300Mi,11m,591Mi,100m,300Mi,8m,525Mi,100m,300Mi,7m,500Mi,100m,300Mi,9m,597Mi,100m,300Mi,7m,587Mi,100m,300Mi,577m,1142Mi,100m,300Mi,8m,584Mi,100m,300Mi,4m,47Mi,100m,300Mi,9m,592Mi,100m,300Mi,8m,557Mi,1770m,3000Mi,369m,689Mi,100m,300Mi,8m,609Mi,100m,300Mi,8m,494Mi,100m,300Mi,8m,497Mi,100m,300Mi,9m,550Mi,100m,300Mi,8m,516Mi,100m,300Mi,8m,488Mi,1660m,3000Mi,442m,704Mi,100m,300Mi,8m,490Mi,100m,300Mi,8m,563Mi,100m,300Mi,9m,558Mi,1100m,3000Mi,349m,715Mi,100m,300Mi,4m,86Mi,100m,300Mi,9m,600Mi,100m,300Mi,9m,602Mi,100m,300Mi,8m,474Mi,100m,300Mi,8m,598Mi,100m,300Mi,9m,571Mi,50m,100Mi,319m,70Mi,100m,300Mi,8m,581Mi,100m,300Mi,8m,455Mi,100m,300Mi,4m,65Mi,100m,300Mi,9m,584Mi,0.00788175960897587,N/A,538996736.0,N/A,0.00547833734441708,N/A,530908501.3333334,N/A,0.022843582275112437,466.6666666666667,623577088.0,0.08888888888888888,0.011467981720367889,N/A,619339776.0,N/A,0.3880597783702405,164.45000000000005,722458624.0,17.059259259259257,0.008178303968743061,N/A,638424064.0,N/A,0.007988705255435128,N/A,577029120.0,N/A,0.43565991316931535,1204.6511627906964,735484586.6666666,12.427777777777777,0.35988391020743626,185.90308370044053,749334528.0,17.614814814814814,0.007423413463800634,N/A,630756352.0,N/A,0.0062891749906830415,N/A,627030698.6666666,N/A,0.21160598496861535,614.2175572519095,73093120.0,42.74074074074075,0.0059806842971402594,N/A,608892245.3333333,N/A
2025-04-29 19:43:48,100m,200Mi,53m,250Mi,100m,300Mi,8m,522Mi,100m,300Mi,8m,514Mi,100m,300Mi,8m,512Mi,100m,300Mi,8m,493Mi,100m,300Mi,8m,500Mi,100m,300Mi,9m,581Mi,100m,300Mi,23m,597Mi,100m,300Mi,5m,180Mi,100m,300Mi,8m,486Mi,100m,300Mi,8m,502Mi,100m,300Mi,8m,589Mi,100m,300Mi,8m,572Mi,100m,300Mi,8m,582Mi,100m,300Mi,8m,591Mi,100m,300Mi,8m,525Mi,100m,300Mi,7m,500Mi,100m,300Mi,8m,601Mi,100m,300Mi,7m,587Mi,100m,300Mi,555m,1142Mi,100m,300Mi,9m,587Mi,100m,300Mi,4m,47Mi,100m,300Mi,9m,592Mi,100m,300Mi,8m,554Mi,1420m,3000Mi,387m,686Mi,100m,300Mi,9m,611Mi,100m,300Mi,8m,495Mi,100m,300Mi,8m,496Mi,100m,300Mi,8m,543Mi,100m,300Mi,7m,516Mi,100m,300Mi,8m,493Mi,1330m,3000Mi,416m,705Mi,100m,300Mi,8m,491Mi,100m,300Mi,9m,562Mi,100m,300Mi,8m,564Mi,1650m,3000Mi,330m,715Mi,100m,300Mi,4m,87Mi,100m,300Mi,9m,599Mi,100m,300Mi,8m,602Mi,100m,300Mi,7m,474Mi,100m,300Mi,9m,598Mi,100m,300Mi,8m,572Mi,50m,100Mi,316m,63Mi,100m,300Mi,9m,580Mi,100m,300Mi,8m,452Mi,100m,300Mi,5m,66Mi,100m,300Mi,9m,579Mi,0.006072362241913576,N/A,539025408.0,N/A,0.0072943662947829195,N/A,536911872.0,N/A,0.028627354097682724,475.0,627126272.0,0.08882967265793662,0.008035350688899325,N/A,621508608.0,N/A,0.3138239483017463,227.04011090479807,720069632.0,16.140628200666846,0.010697185845639012,N/A,641396736.0,N/A,0.007296389938608437,N/A,570006186.6666667,N/A,0.3316458713545634,2265.007425688921,736262826.6666667,12.602632475215268,0.33010993178457304,200.63380237184828,749421909.3333334,16.177661782526176,0.012968480256738414,N/A,633239552.0,N/A,0.009479635826475676,N/A,627073024.0,N/A,0.30315037696518465,1231.712962962963,67491840.0,40.48618980956826,0.011526408486759515,N/A,607558656.0,N/A
2025-04-29 19:45:40,100m,200Mi,53m,248Mi,100m,300Mi,8m,523Mi,100m,300Mi,8m,520Mi,100m,300Mi,8m,512Mi,100m,300Mi,7m,493Mi,100m,300Mi,7m,500Mi,100m,300Mi,8m,580Mi,100m,300Mi,24m,600Mi,100m,300Mi,4m,180Mi,100m,300Mi,8m,486Mi,100m,300Mi,8m,501Mi,100m,300Mi,9m,595Mi,100m,300Mi,8m,572Mi,100m,300Mi,8m,582Mi,100m,300Mi,8m,591Mi,100m,300Mi,8m,525Mi,100m,300Mi,8m,500Mi,100m,300Mi,9m,602Mi,100m,300Mi,8m,588Mi,100m,300Mi,545m,1147Mi,100m,300Mi,9m,589Mi,100m,300Mi,5m,52Mi,100m,300Mi,10m,593Mi,100m,300Mi,8m,551Mi,1420m,3000Mi,342m,691Mi,100m,300Mi,9m,613Mi,100m,300Mi,8m,496Mi,100m,300Mi,8m,496Mi,100m,300Mi,8m,544Mi,100m,300Mi,8m,523Mi,100m,300Mi,8m,494Mi,1330m,3000Mi,407m,700Mi,100m,300Mi,8m,491Mi,100m,300Mi,9m,567Mi,100m,300Mi,9m,565Mi,1650m,3000Mi,344m,717Mi,100m,300Mi,4m,87Mi,100m,300Mi,9m,595Mi,100m,300Mi,8m,609Mi,100m,300Mi,8m,479Mi,100m,300Mi,8m,598Mi,100m,300Mi,8m,565Mi,50m,100Mi,313m,63Mi,100m,300Mi,9m,575Mi,100m,300Mi,8m,452Mi,100m,300Mi,5m,66Mi,100m,300Mi,9m,579Mi,0.007192499933885443,N/A,545391957.3333334,N/A,0.007786848377027505,N/A,536584192.0,N/A,0.01707534854427247,470.00000000000006,628142080.0,0.08888888888888888,0.0069651926470591895,N/A,620348757.3333333,N/A,0.26117969881444425,213.4484777517565,723359744.0,16.229629629629628,0.005809075821659488,N/A,641861632.0,N/A,0.007759207943656345,N/A,570187776.0,N/A,0.4327943565105014,2172.06020696143,734857898.6666666,12.944444444444443,0.33459308648368785,206.36729222520103,751115264.0,16.296296296296298,0.006756267220891122,N/A,638010368.0,N/A,0.004651524999999879,N/A,626933760.0,N/A,0.3067568975806861,929.3478260869559,66034688.0,41.28888888888888,0.008323227506018483,N/A,603543552.0,N/A
2025-04-29 19:47:30,100m,200Mi,52m,246Mi,100m,300Mi,9m,523Mi,100m,300Mi,9m,521Mi,100m,300Mi,9m,506Mi,100m,300Mi,9m,493Mi,100m,300Mi,9m,500Mi,100m,300Mi,9m,581Mi,100m,300Mi,25m,592Mi,100m,300Mi,5m,184Mi,100m,300Mi,9m,487Mi,100m,300Mi,9m,501Mi,100m,300Mi,9m,596Mi,100m,300Mi,8m,573Mi,100m,300Mi,9m,578Mi,100m,300Mi,8m,596Mi,100m,300Mi,9m,525Mi,100m,300Mi,8m,499Mi,100m,300Mi,9m,596Mi,100m,300Mi,8m,587Mi,100m,300Mi,567m,1149Mi,100m,300Mi,9m,589Mi,100m,300Mi,4m,51Mi,100m,300Mi,9m,588Mi,100m,300Mi,8m,550Mi,1140m,3000Mi,358m,699Mi,100m,300Mi,9m,608Mi,100m,300Mi,9m,489Mi,100m,300Mi,9m,502Mi,100m,300Mi,8m,543Mi,100m,300Mi,9m,524Mi,100m,300Mi,9m,487Mi,2000m,3000Mi,439m,698Mi,100m,300Mi,8m,491Mi,100m,300Mi,9m,567Mi,100m,300Mi,8m,558Mi,1320m,3000Mi,329m,714Mi,100m,300Mi,5m,91Mi,100m,300Mi,8m,596Mi,100m,300Mi,9m,609Mi,100m,300Mi,10m,481Mi,100m,300Mi,8m,598Mi,100m,300Mi,8m,566Mi,50m,100Mi,294m,62Mi,100m,300Mi,8m,575Mi,100m,300Mi,9m,452Mi,100m,300Mi,4m,59Mi,100m,300Mi,9m,578Mi,0.00814383370535621,N/A,547028992.0,N/A,0.006827224090342702,N/A,530955264.0,N/A,0.025291343130334296,466.6666666666667,621887488.0,0.08888888888888888,0.008243296134939865,N/A,616578048.0,N/A,0.3063498258453023,303.40646651270214,732450816.0,16.95925925925926,0.006941705002239057,N/A,637718528.0,N/A,0.008099205189642715,N/A,569851904.0,N/A,0.3392359893976349,1991.3135593220345,729156266.6666666,13.355555555555554,0.2826396802497444,214.49041372351158,749023232.0,17.625925925925927,0.006110352234083744,N/A,638371157.3333334,N/A,0.004834424999999954,N/A,626618368.0,N/A,0.25051204661852366,821.8954248366022,65955157.33333333,43.38518518518519,0.009341373871424002,N/A,603381760.0,N/A
2025-04-29 19:49:22,100m,200Mi,46m,311Mi,100m,300Mi,9m,523Mi,100m,300Mi,9m,518Mi,100m,300Mi,8m,506Mi,100m,300Mi,9m,493Mi,100m,300Mi,8m,500Mi,100m,300Mi,9m,581Mi,100m,300Mi,27m,595Mi,100m,300Mi,5m,186Mi,100m,300Mi,9m,487Mi,100m,300Mi,9m,501Mi,100m,300Mi,8m,594Mi,100m,300Mi,8m,572Mi,100m,300Mi,8m,577Mi,100m,300Mi,8m,599Mi,100m,300Mi,9m,530Mi,100m,300Mi,8m,500Mi,100m,300Mi,9m,596Mi,100m,300Mi,8m,587Mi,100m,300Mi,585m,1147Mi,100m,300Mi,10m,583Mi,100m,300Mi,4m,46Mi,100m,300Mi,7m,587Mi,100m,300Mi,8m,554Mi,1140m,3000Mi,384m,695Mi,100m,300Mi,9m,608Mi,100m,300Mi,9m,489Mi,100m,300Mi,10m,503Mi,100m,300Mi,9m,544Mi,100m,300Mi,8m,516Mi,100m,300Mi,9m,488Mi,1600m,3000Mi,439m,698Mi,100m,300Mi,9m,491Mi,100m,300Mi,9m,561Mi,100m,300Mi,9m,561Mi,1060m,3000Mi,329m,716Mi,100m,300Mi,4m,93Mi,100m,300Mi,9m,596Mi,100m,300Mi,9m,602Mi,100m,300Mi,10m,473Mi,100m,300Mi,9m,596Mi,100m,300Mi,9m,566Mi,50m,100Mi,312m,63Mi,100m,300Mi,9m,576Mi,100m,300Mi,9m,453Mi,100m,300Mi,4m,60Mi,100m,300Mi,10m,579Mi,0.005700667180791347,N/A,542973952.0,N/A,0.007063691603729133,N/A,530792448.0,N/A,0.02632703413159972,475.0,624088405.3333334,0.08888888888888888,0.01104074746286912,N/A,615998805.3333333,N/A,0.40594749073203,293.6252771618624,728387584.0,17.14074074074074,0.007706847571646274,N/A,637475498.6666666,N/A,0.006330753083036036,N/A,570537984.0,N/A,0.4499905912865887,2050.3831417624524,732590080.0,13.2,0.2625293370741543,288.8308977035491,750480042.6666666,18.299999999999997,0.00644809154214004,N/A,632102912.0,N/A,0.011756964061886126,N/A,625645568.0,N/A,0.3201018398140478,872.9402261712444,66071552.0,44.222222222222214,0.0077439948707380725,N/A,603654826.6666667,N/A
2025-04-29 19:51:11,100m,200Mi,43m,245Mi,100m,300Mi,8m,522Mi,100m,300Mi,8m,515Mi,100m,300Mi,8m,506Mi,100m,300Mi,9m,493Mi,100m,300Mi,8m,501Mi,100m,300Mi,9m,581Mi,100m,300Mi,25m,596Mi,100m,300Mi,5m,179Mi,100m,300Mi,9m,486Mi,100m,300Mi,9m,502Mi,100m,300Mi,10m,593Mi,100m,300Mi,8m,580Mi,100m,300Mi,8m,577Mi,100m,300Mi,8m,596Mi,100m,300Mi,9m,532Mi,100m,300Mi,7m,500Mi,100m,300Mi,9m,596Mi,100m,300Mi,8m,587Mi,100m,300Mi,543m,1147Mi,100m,300Mi,9m,583Mi,100m,300Mi,4m,46Mi,100m,300Mi,8m,588Mi,100m,300Mi,9m,551Mi,1710m,3000Mi,398m,700Mi,100m,300Mi,9m,608Mi,100m,300Mi,7m,490Mi,100m,300Mi,8m,499Mi,100m,300Mi,9m,544Mi,100m,300Mi,7m,517Mi,100m,300Mi,7m,489Mi,1600m,3000Mi,443m,702Mi,100m,300Mi,8m,491Mi,100m,300Mi,9m,562Mi,100m,300Mi,9m,563Mi,1060m,3000Mi,357m,720Mi,100m,300Mi,5m,90Mi,100m,300Mi,9m,596Mi,100m,300Mi,9m,603Mi,100m,300Mi,8m,473Mi,100m,300Mi,9m,597Mi,100m,300Mi,9m,566Mi,50m,100Mi,292m,64Mi,100m,300Mi,9m,576Mi,100m,300Mi,8m,453Mi,100m,300Mi,4m,60Mi,100m,300Mi,9m,579Mi,0.005661655151167405,N/A,540116992.0,N/A,0.003812866666667484,N/A,530948096.0,N/A,0.013223227611941531,475.0,625490602.6666667,0.04444444444444444,0.006129801813009191,N/A,616110762.6666666,N/A,0.3727025340322004,222.61682242990662,737539072.0,16.362962962962964,0.00788303122216624,N/A,637773824.0,N/A,0.007755678754017874,N/A,570973184.0,N/A,0.31773027485240396,2334.2760768033213,735670272.0,13.166666666666664,0.35191411070678186,238.31818181818178,753232554.6666667,17.018518518518515,0.006069123445396031,N/A,632770560.0,N/A,0.00739944880918125,N/A,626501632.0,N/A,0.3181643418044513,1602.7597402597407,67352576.0,43.06666666666666,0.007662060008657519,N/A,603671210.6666666,N/A
2025-04-29 19:53:02,100m,200Mi,50m,245Mi,100m,300Mi,8m,522Mi,100m,300Mi,7m,515Mi,100m,300Mi,7m,507Mi,100m,300Mi,8m,493Mi,100m,300Mi,7m,501Mi,100m,300Mi,7m,580Mi,100m,300Mi,22m,595Mi,100m,300Mi,4m,180Mi,100m,300Mi,7m,486Mi,100m,300Mi,8m,502Mi,100m,300Mi,9m,593Mi,100m,300Mi,9m,581Mi,100m,300Mi,9m,577Mi,100m,300Mi,8m,592Mi,100m,300Mi,8m,525Mi,100m,300Mi,9m,505Mi,100m,300Mi,8m,596Mi,100m,300Mi,8m,588Mi,100m,300Mi,572m,1151Mi,100m,300Mi,9m,583Mi,100m,300Mi,4m,46Mi,100m,300Mi,8m,588Mi,100m,300Mi,9m,550Mi,1370m,3000Mi,414m,703Mi,100m,300Mi,8m,608Mi,100m,300Mi,8m,490Mi,100m,300Mi,8m,496Mi,100m,300Mi,10m,545Mi,100m,300Mi,8m,517Mi,100m,300Mi,7m,488Mi,1280m,3000Mi,438m,701Mi,100m,300Mi,8m,491Mi,100m,300Mi,9m,562Mi,100m,300Mi,10m,562Mi,1590m,3000Mi,354m,716Mi,100m,300Mi,4m,87Mi,100m,300Mi,8m,596Mi,100m,300Mi,10m,603Mi,100m,300Mi,8m,473Mi,100m,300Mi,9m,597Mi,100m,300Mi,7m,566Mi,50m,100Mi,314m,64Mi,100m,300Mi,8m,576Mi,100m,300Mi,7m,453Mi,100m,300Mi,4m,60Mi,100m,300Mi,8m,579Mi,0.007342735156181368,N/A,540213248.0,N/A,0.005278289277859972,N/A,531544746.6666667,N/A,0.012387053319270062,475.0,624536234.6666666,0.04444444444444444,0.013886373362947802,N/A,616449365.3333334,N/A,0.29489770500762924,230.96625766871168,737057450.6666666,17.514814814814812,0.007824748446520712,N/A,637796352.0,N/A,0.007714535746069936,N/A,571345578.6666666,N/A,0.3255734295685647,2287.685185185185,729595904.0,13.116666666666667,0.36341844034461995,210.91409691629946,750612480.0,17.074074074074073,0.005839007694742421,N/A,632153429.3333334,N/A,0.005883922686751898,N/A,625913856.0,N/A,0.12839083333333293,1275.2083333333333,67411968.0,43.896296296296285,0.006014575067433292,N/A,604184576.0,N/A
2025-04-29 19:54:52,100m,200Mi,52m,245Mi,100m,300Mi,7m,522Mi,100m,300Mi,7m,516Mi,100m,300Mi,7m,507Mi,100m,300Mi,7m,493Mi,100m,300Mi,8m,501Mi,100m,300Mi,7m,581Mi,100m,300Mi,16m,597Mi,100m,300Mi,4m,180Mi,100m,300Mi,7m,486Mi,100m,300Mi,7m,502Mi,100m,300Mi,7m,593Mi,100m,300Mi,9m,577Mi,100m,300Mi,10m,577Mi,100m,300Mi,10m,594Mi,100m,300Mi,10m,526Mi,100m,300Mi,9m,505Mi,100m,300Mi,8m,597Mi,100m,300Mi,10m,591Mi,100m,300Mi,585m,1150Mi,100m,300Mi,7m,583Mi,100m,300Mi,4m,47Mi,100m,300Mi,9m,588Mi,100m,300Mi,7m,551Mi,1370m,3000Mi,363m,705Mi,100m,300Mi,8m,607Mi,100m,300Mi,8m,490Mi,100m,300Mi,7m,496Mi,100m,300Mi,8m,544Mi,100m,300Mi,7m,516Mi,100m,300Mi,7m,488Mi,1280m,3000Mi,410m,703Mi,100m,300Mi,7m,491Mi,100m,300Mi,8m,562Mi,100m,300Mi,8m,563Mi,1590m,3000Mi,351m,716Mi,100m,300Mi,4m,87Mi,100m,300Mi,8m,596Mi,100m,300Mi,8m,604Mi,100m,300Mi,8m,474Mi,100m,300Mi,8m,598Mi,100m,300Mi,8m,566Mi,50m,100Mi,312m,64Mi,100m,300Mi,8m,576Mi,100m,300Mi,7m,453Mi,100m,300Mi,4m,61Mi,100m,300Mi,8m,579Mi,0.006314558975405842,N/A,540740266.6666666,N/A,0.005845972491057145,N/A,531423232.0,N/A,0.011548390942515842,475.0,625624405.3333334,0.04444444444444444,0.00839503887449196,N/A,616488960.0,N/A,0.2729282015524883,240.2851063829787,738990762.6666667,17.225925925925925,0.007491740115840372,N/A,636934826.6666667,N/A,0.005767979739428744,N/A,570660181.3333333,N/A,0.4078031793628938,2300.6329113924053,736836608.0,12.616666666666664,0.33512176388661324,221.7301587301587,750544896.0,17.077777777777776,0.007476449384803838,N/A,632900266.6666666,N/A,0.007570167939773406,N/A,626917376.0,N/A,0.3158937190346783,1459.8566308243735,67742378.66666667,43.1111111111111,0.008213982251941034,N/A,604514986.6666666,N/A
2025-04-29 19:56:44,100m,200Mi,54m,245Mi,100m,300Mi,7m,522Mi,100m,300Mi,8m,515Mi,100m,300Mi,7m,507Mi,100m,300Mi,8m,493Mi,100m,300Mi,8m,501Mi,100m,300Mi,8m,581Mi,100m,300Mi,16m,596Mi,100m,300Mi,4m,180Mi,100m,300Mi,7m,487Mi,100m,300Mi,7m,502Mi,100m,300Mi,8m,593Mi,100m,300Mi,9m,574Mi,100m,300Mi,9m,577Mi,100m,300Mi,10m,594Mi,100m,300Mi,10m,526Mi,100m,300Mi,9m,499Mi,100m,300Mi,8m,596Mi,100m,300Mi,10m,590Mi,100m,300Mi,579m,1155Mi,100m,300Mi,8m,583Mi,100m,300Mi,4m,47Mi,100m,300Mi,9m,588Mi,100m,300Mi,7m,551Mi,1100m,3000Mi,381m,703Mi,100m,300Mi,8m,607Mi,100m,300Mi,7m,490Mi,100m,300Mi,7m,496Mi,100m,300Mi,8m,544Mi,100m,300Mi,8m,517Mi,100m,300Mi,7m,487Mi,1920m,3000Mi,438m,705Mi,100m,300Mi,8m,491Mi,100m,300Mi,8m,562Mi,100m,300Mi,8m,563Mi,1270m,3000Mi,336m,715Mi,100m,300Mi,4m,87Mi,100m,300Mi,8m,596Mi,100m,300Mi,8m,604Mi,100m,300Mi,8m,474Mi,100m,300Mi,8m,596Mi,100m,300Mi,8m,566Mi,50m,100Mi,296m,65Mi,100m,300Mi,8m,576Mi,100m,300Mi,8m,452Mi,100m,300Mi,4m,60Mi,100m,300Mi,8m,579Mi,0.00730305820453766,N/A,540028928.0,N/A,0.007362623996539191,N/A,531497984.0,N/A,0.012183116693443338,450.0,625597098.6666667,0.04444444444444444,0.00980992069145679,N/A,616400213.3333333,N/A,0.37932452113345044,225.6180811808118,737289216.0,17.544444444444444,0.007908149202994236,N/A,637071360.0,N/A,0.008112099402498895,N/A,570169344.0,N/A,0.36741114522579,2306.429780033841,738193408.0,12.727777777777778,0.28698928190977047,220.3365384615384,749088768.0,16.496296296296293,0.006566741463650203,N/A,632869888.0,N/A,0.009093791424907299,N/A,625473536.0,N/A,0.30823636459821224,1528.0821917808223,67821568.0,42.25925925925925,0.006156326233882666,N/A,604576426.6666666,N/A
2025-04-29 19:58:35,100m,200Mi,52m,246Mi,100m,300Mi,8m,522Mi,100m,300Mi,8m,515Mi,100m,300Mi,7m,507Mi,100m,300Mi,8m,493Mi,100m,300Mi,8m,501Mi,100m,300Mi,8m,581Mi,100m,300Mi,15m,597Mi,100m,300Mi,4m,180Mi,100m,300Mi,8m,486Mi,100m,300Mi,8m,502Mi,100m,300Mi,8m,593Mi,100m,300Mi,7m,574Mi,100m,300Mi,9m,578Mi,100m,300Mi,10m,593Mi,100m,300Mi,8m,525Mi,100m,300Mi,7m,500Mi,100m,300Mi,8m,596Mi,100m,300Mi,9m,588Mi,100m,300Mi,583m,1153Mi,100m,300Mi,8m,584Mi,100m,300Mi,4m,47Mi,100m,300Mi,8m,588Mi,100m,300Mi,7m,551Mi,1650m,3000Mi,389m,703Mi,100m,300Mi,8m,607Mi,100m,300Mi,8m,490Mi,100m,300Mi,7m,497Mi,100m,300Mi,8m,544Mi,100m,300Mi,7m,517Mi,100m,300Mi,7m,488Mi,1540m,3000Mi,426m,705Mi,100m,300Mi,8m,492Mi,100m,300Mi,8m,562Mi,100m,300Mi,10m,571Mi,1020m,3000Mi,316m,716Mi,100m,300Mi,4m,87Mi,100m,300Mi,8m,596Mi,100m,300Mi,7m,604Mi,100m,300Mi,8m,474Mi,100m,300Mi,8m,598Mi,100m,300Mi,7m,566Mi,50m,100Mi,312m,65Mi,100m,300Mi,8m,576Mi,100m,300Mi,8m,453Mi,100m,300Mi,4m,60Mi,100m,300Mi,8m,579Mi,0.005742635621007148,N/A,540293802.6666666,N/A,0.007079618138425656,N/A,531346773.3333333,N/A,0.018744606198638363,450.0,625136981.3333333,0.04444444444444444,0.006240150342486712,N/A,616442880.0,N/A,0.3925065956817491,227.35620585267392,737995434.6666666,17.84074074074074,0.006038914825757742,N/A,637099008.0,N/A,0.007816529894489981,N/A,570224640.0,N/A,0.4407059259808639,2239.738805970149,738462378.6666666,13.038888888888888,0.284802734744231,292.99007444168717,750952448.0,17.696296296296296,0.005932802839622952,N/A,633274368.0,N/A,0.0064192240172644965,N/A,626640896.0,N/A,0.3169644249607243,1243.0298719772406,67973120.0,43.925925925925924,0.005799274999999682,N/A,604617386.6666667,N/A
2025-04-29 20:00:25,100m,200Mi,45m,246Mi,100m,300Mi,7m,523Mi,100m,300Mi,7m,515Mi,100m,300Mi,7m,507Mi,100m,300Mi,7m,493Mi,100m,300Mi,7m,501Mi,100m,300Mi,8m,586Mi,100m,300Mi,14m,596Mi,100m,300Mi,4m,180Mi,100m,300Mi,8m,486Mi,100m,300Mi,7m,502Mi,100m,300Mi,8m,593Mi,100m,300Mi,8m,574Mi,100m,300Mi,8m,578Mi,100m,300Mi,8m,594Mi,100m,300Mi,8m,526Mi,100m,300Mi,8m,500Mi,100m,300Mi,8m,596Mi,100m,300Mi,7m,587Mi,100m,300Mi,559m,1153Mi,100m,300Mi,8m,583Mi,100m,300Mi,4m,46Mi,100m,300Mi,8m,588Mi,100m,300Mi,8m,551Mi,1650m,3000Mi,374m,704Mi,100m,300Mi,8m,608Mi,100m,300Mi,7m,490Mi,100m,300Mi,7m,496Mi,100m,300Mi,8m,544Mi,100m,300Mi,8m,517Mi,100m,300Mi,8m,488Mi,1540m,3000Mi,415m,701Mi,100m,300Mi,7m,492Mi,100m,300Mi,8m,562Mi,100m,300Mi,11m,570Mi,1020m,3000Mi,354m,716Mi,100m,300Mi,4m,88Mi,100m,300Mi,8m,596Mi,100m,300Mi,8m,604Mi,100m,300Mi,8m,474Mi,100m,300Mi,8m,604Mi,100m,300Mi,7m,566Mi,50m,100Mi,304m,64Mi,100m,300Mi,8m,577Mi,100m,300Mi,8m,453Mi,100m,300Mi,4m,60Mi,100m,300Mi,8m,579Mi,0.0055208868865258545,N/A,539944277.3333334,N/A,0.007377498536423095,N/A,531517440.0,N/A,0.010377509536172535,475.0,625336320.0,0.02222222222222222,0.0059911466436693255,N/A,616437077.3333333,N/A,0.33247004085760523,247.08855098389992,737792000.0,17.666666666666664,0.008345651414600239,N/A,637146453.3333333,N/A,0.007878217821782767,N/A,570460160.0,N/A,0.454362135561217,2072.2546728971965,736488106.6666667,13.655555555555555,0.3447865400208496,222.80617164898746,751839232.0,17.781481481481478,0.007767252978447302,N/A,633172992.0,N/A,0.007382673942701398,N/A,633227946.6666666,N/A,0.3211517538161703,962.9256965944271,67794261.33333334,44.185185185185176,0.007520930851653891,N/A,604644352.0,N/A
2025-04-29 20:02:15,100m,200Mi,45m,245Mi,100m,300Mi,8m,523Mi,100m,300Mi,7m,516Mi,100m,300Mi,8m,507Mi,100m,300Mi,8m,493Mi,100m,300Mi,8m,500Mi,100m,300Mi,8m,585Mi,100m,300Mi,15m,595Mi,100m,300Mi,5m,180Mi,100m,300Mi,7m,487Mi,100m,300Mi,7m,502Mi,100m,300Mi,8m,593Mi,100m,300Mi,8m,574Mi,100m,300Mi,8m,578Mi,100m,300Mi,8m,593Mi,100m,300Mi,8m,526Mi,100m,300Mi,7m,500Mi,100m,300Mi,7m,596Mi,100m,300Mi,11m,595Mi,100m,300Mi,575m,1153Mi,100m,300Mi,7m,583Mi,100m,300Mi,4m,46Mi,100m,300Mi,8m,587Mi,100m,300Mi,7m,551Mi,1320m,3000Mi,384m,705Mi,100m,300Mi,8m,608Mi,100m,300Mi,8m,490Mi,100m,300Mi,7m,497Mi,100m,300Mi,8m,544Mi,100m,300Mi,7m,517Mi,100m,300Mi,7m,488Mi,1230m,3000Mi,427m,696Mi,100m,300Mi,8m,491Mi,100m,300Mi,8m,562Mi,100m,300Mi,11m,570Mi,1530m,3000Mi,343m,724Mi,100m,300Mi,4m,87Mi,100m,300Mi,8m,596Mi,100m,300Mi,7m,604Mi,100m,300Mi,8m,474Mi,100m,300Mi,11m,612Mi,100m,300Mi,7m,566Mi,50m,100Mi,301m,65Mi,100m,300Mi,7m,576Mi,100m,300Mi,8m,453Mi,100m,300Mi,4m,60Mi,100m,300Mi,7m,579Mi,0.007434563917623823,N/A,540656640.0,N/A,0.007563724401403559,N/A,531389440.0,N/A,0.014538568613626214,475.0,624996352.0,0.044433092222000106,0.007861094602625527,N/A,616087552.0,N/A,0.3821574318578552,242.17003567181925,738581504.0,17.329629629629625,0.007949624708281594,N/A,637127680.0,N/A,0.008081844067796969,N/A,570948266.6666667,N/A,0.34613852505432174,2206.7556296914095,728731648.0,13.383333333333331,0.30556692080150305,218.08350100603622,759140352.0,17.73333333333333,0.00648763767376022,N/A,633214976.0,N/A,0.005599746151824423,N/A,641986560.0,N/A,0.3200666036517856,1160.1809954751136,68085077.33333333,43.93333333333332,0.005450123435253986,N/A,603648000.0,N/A
2025-04-29 20:04:06,100m,200Mi,54m,246Mi,100m,300Mi,8m,523Mi,100m,300Mi,7m,515Mi,100m,300Mi,7m,506Mi,100m,300Mi,7m,493Mi,100m,300Mi,7m,500Mi,100m,300Mi,8m,580Mi,100m,300Mi,17m,598Mi,100m,300Mi,5m,180Mi,100m,300Mi,7m,486Mi,100m,300Mi,8m,502Mi,100m,300Mi,8m,593Mi,100m,300Mi,7m,573Mi,100m,300Mi,8m,578Mi,100m,300Mi,8m,594Mi,100m,300Mi,8m,526Mi,100m,300Mi,7m,500Mi,100m,300Mi,8m,596Mi,100m,300Mi,11m,595Mi,100m,300Mi,604m,1155Mi,100m,300Mi,8m,584Mi,100m,300Mi,4m,46Mi,100m,300Mi,8m,587Mi,100m,300Mi,7m,551Mi,1320m,3000Mi,376m,703Mi,100m,300Mi,8m,607Mi,100m,300Mi,8m,490Mi,100m,300Mi,8m,496Mi,100m,300Mi,8m,545Mi,100m,300Mi,7m,517Mi,100m,300Mi,7m,488Mi,1230m,3000Mi,437m,701Mi,100m,300Mi,8m,491Mi,100m,300Mi,8m,562Mi,100m,300Mi,8m,571Mi,1530m,3000Mi,325m,723Mi,100m,300Mi,4m,86Mi,100m,300Mi,7m,595Mi,100m,300Mi,8m,604Mi,100m,300Mi,8m,474Mi,100m,300Mi,11m,605Mi,100m,300Mi,8m,566Mi,50m,100Mi,317m,66Mi,100m,300Mi,7m,576Mi,100m,300Mi,7m,453Mi,100m,300Mi,4m,61Mi,100m,300Mi,8m,579Mi,0.0079899524589508,N/A,539983872.0,N/A,0.008341488935393484,N/A,531144704.0,N/A,0.030927933612167446,475.0,626537472.0,0.04444444444444444,0.008353557122954039,N/A,616111104.0,N/A,0.29517775777177907,225.4689331770222,736591872.0,17.12222222222222,0.005967450522794249,N/A,636993536.0,N/A,0.008802298282467294,N/A,571284138.6666666,N/A,0.2900679509957589,2298.360655737705,739003050.6666666,12.972222222222221,0.25992242378943403,213.3252720677147,758074026.6666666,17.037037037037035,0.005670028930516151,N/A,633260714.6666666,N/A,0.007213904789862749,N/A,634202794.6666666,N/A,0.31750728810509204,1436.6463414634159,68937045.33333334,43.407407407407405,0.008212505271048486,N/A,603916970.6666667,N/A
2025-04-29 20:05:55,100m,200Mi,53m,245Mi,100m,300Mi,8m,523Mi,100m,300Mi,8m,515Mi,100m,300Mi,8m,507Mi,100m,300Mi,8m,499Mi,100m,300Mi,7m,500Mi,100m,300Mi,8m,580Mi,100m,300Mi,18m,598Mi,100m,300Mi,4m,180Mi,100m,300Mi,7m,486Mi,100m,300Mi,8m,501Mi,100m,300Mi,8m,593Mi,100m,300Mi,8m,572Mi,100m,300Mi,8m,578Mi,100m,300Mi,8m,594Mi,100m,300Mi,8m,526Mi,100m,300Mi,7m,500Mi,100m,300Mi,8m,597Mi,100m,300Mi,8m,595Mi,100m,300Mi,593m,1156Mi,100m,300Mi,7m,583Mi,100m,300Mi,4m,47Mi,100m,300Mi,8m,587Mi,100m,300Mi,7m,551Mi,1060m,3000Mi,383m,705Mi,100m,300Mi,8m,607Mi,100m,300Mi,8m,490Mi,100m,300Mi,8m,496Mi,100m,300Mi,8m,545Mi,100m,300Mi,7m,517Mi,100m,300Mi,8m,488Mi,1850m,3000Mi,437m,712Mi,100m,300Mi,8m,491Mi,100m,300Mi,8m,562Mi,100m,300Mi,8m,570Mi,1220m,3000Mi,354m,715Mi,100m,300Mi,4m,87Mi,100m,300Mi,8m,595Mi,100m,300Mi,8m,604Mi,100m,300Mi,8m,474Mi,100m,300Mi,8m,605Mi,100m,300Mi,8m,566Mi,50m,100Mi,298m,65Mi,100m,300Mi,8m,576Mi,100m,300Mi,7m,453Mi,100m,300Mi,4m,60Mi,100m,300Mi,8m,578Mi,0.005861298963256983,N/A,540119040.0,N/A,0.0053087683244077725,N/A,531687424.0,N/A,0.013450778434245633,475.0,627183616.0,0.04444444444444444,0.00697628229483356,N/A,616037034.6666667,N/A,0.2148869000000104,213.14612868047976,739082240.0,16.18888888888889,0.009231405396807823,N/A,637033130.6666666,N/A,0.007644056468110051,N/A,571301888.0,N/A,0.46601641976927627,2340.1083372585963,745746432.0,13.177777777777775,0.22441347707609136,248.16715542522,749846528.0,16.211111111111112,0.007640846010141833,N/A,632927232.0,N/A,0.006570651706110413,N/A,634527744.0,N/A,0.3120816542947997,1676.557863501484,68507648.0,41.62962962962963,0.00839835367584358,N/A,603987968.0,N/A
2025-04-29 20:07:46,100m,200Mi,54m,245Mi,100m,300Mi,8m,523Mi,100m,300Mi,8m,515Mi,100m,300Mi,8m,506Mi,100m,300Mi,8m,500Mi,100m,300Mi,8m,500Mi,100m,300Mi,8m,580Mi,100m,300Mi,18m,598Mi,100m,300Mi,5m,180Mi,100m,300Mi,8m,486Mi,100m,300Mi,8m,507Mi,100m,300Mi,8m,593Mi,100m,300Mi,8m,573Mi,100m,300Mi,8m,578Mi,100m,300Mi,8m,594Mi,100m,300Mi,8m,526Mi,100m,300Mi,8m,501Mi,100m,300Mi,8m,596Mi,100m,300Mi,8m,595Mi,100m,300Mi,561m,1158Mi,100m,300Mi,8m,583Mi,100m,300Mi,4m,47Mi,100m,300Mi,8m,587Mi,100m,300Mi,7m,551Mi,1590m,3000Mi,379m,712Mi,100m,300Mi,8m,608Mi,100m,300Mi,8m,490Mi,100m,300Mi,8m,496Mi,100m,300Mi,8m,545Mi,100m,300Mi,8m,517Mi,100m,300Mi,8m,488Mi,1480m,3000Mi,441m,710Mi,100m,300Mi,8m,496Mi,100m,300Mi,8m,562Mi,100m,300Mi,8m,571Mi,980m,3000Mi,339m,717Mi,100m,300Mi,4m,86Mi,100m,300Mi,8m,596Mi,100m,300Mi,8m,604Mi,100m,300Mi,7m,474Mi,100m,300Mi,8m,606Mi,100m,300Mi,8m,566Mi,50m,100Mi,295m,65Mi,100m,300Mi,8m,576Mi,100m,300Mi,8m,457Mi,100m,300Mi,4m,60Mi,100m,300Mi,11m,585Mi,0.007625861790679289,N/A,540307456.0,N/A,0.007958793524062714,N/A,531176448.0,N/A,0.015110986126733963,466.6666666666667,626835456.0,0.04444444444444444,0.00819024152825971,N/A,616245248.0,N/A,0.3795100651797947,236.64127691424943,746913792.0,16.96621322579743,0.008183587987355431,N/A,637263872.0,N/A,0.005502092759987419,N/A,571446272.0,N/A,0.46011643964008553,2307.9351093414284,745260373.3333334,13.263485012265608,0.2721153399130411,206.08231176195898,752194901.3333333,16.76256019690785,0.0065087685841394,N/A,632667136.0,N/A,0.008092366447127465,N/A,634736640.0,N/A,0.3074584614589489,1556.1538461538462,68339029.33333333,42.65925925925926,0.006057529523810197,N/A,604109482.6666666,N/A
2025-04-29 20:09:36,100m,200Mi,47m,245Mi,100m,300Mi,8m,527Mi,100m,300Mi,8m,515Mi,100m,300Mi,8m,506Mi,100m,300Mi,8m,492Mi,100m,300Mi,7m,500Mi,100m,300Mi,7m,580Mi,100m,300Mi,14m,598Mi,100m,300Mi,4m,180Mi,100m,300Mi,8m,491Mi,100m,300Mi,8m,507Mi,100m,300Mi,8m,593Mi,100m,300Mi,7m,573Mi,100m,300Mi,8m,579Mi,100m,300Mi,8m,594Mi,100m,300Mi,8m,528Mi,100m,300Mi,7m,502Mi,100m,300Mi,8m,598Mi,100m,300Mi,8m,596Mi,100m,300Mi,551m,1156Mi,100m,300Mi,8m,583Mi,100m,300Mi,4m,47Mi,100m,300Mi,8m,589Mi,100m,300Mi,7m,551Mi,1590m,3000Mi,352m,709Mi,100m,300Mi,8m,609Mi,100m,300Mi,7m,491Mi,100m,300Mi,7m,496Mi,100m,300Mi,8m,548Mi,100m,300Mi,7m,517Mi,100m,300Mi,7m,489Mi,1480m,3000Mi,449m,709Mi,100m,300Mi,8m,496Mi,100m,300Mi,7m,563Mi,100m,300Mi,7m,571Mi,980m,3000Mi,341m,719Mi,100m,300Mi,4m,86Mi,100m,300Mi,8m,597Mi,100m,300Mi,8m,604Mi,100m,300Mi,8m,474Mi,100m,300Mi,7m,606Mi,100m,300Mi,8m,572Mi,50m,100Mi,309m,66Mi,100m,300Mi,8m,577Mi,100m,300Mi,8m,457Mi,100m,300Mi,5m,66Mi,100m,300Mi,11m,587Mi,0.008360837077003073,N/A,540680192.0,N/A,0.007396831178291748,N/A,531623936.0,N/A,0.009929991455397085,425.00000000000006,627399338.6666667,0.04444444444444444,0.00866172279792723,N/A,616644608.0,N/A,0.36175621852586837,190.84868421052624,744277333.3333333,16.496296296296293,0.005964938398594018,N/A,637937664.0,N/A,0.005808683647255568,N/A,574872234.6666667,N/A,0.34389938592578434,2337.900457665904,746612053.3333334,13.305555555555555,0.27805851499263196,194.6658566221143,752826368.0,16.214814814814815,0.008076905914637899,N/A,633658368.0,N/A,0.008003429187282838,N/A,635491328.0,N/A,0.3091006763661164,1506.6871165644168,69319680.0,41.66666666666666,0.008322650988776307,N/A,604934144.0,N/A
2025-04-29 20:11:27,100m,200Mi,48m,247Mi,100m,300Mi,8m,528Mi,100m,300Mi,7m,516Mi,100m,300Mi,7m,508Mi,100m,300Mi,7m,493Mi,100m,300Mi,8m,506Mi,100m,300Mi,8m,582Mi,100m,300Mi,15m,602Mi,100m,300Mi,5m,181Mi,100m,300Mi,8m,491Mi,100m,300Mi,8m,504Mi,100m,300Mi,8m,594Mi,100m,300Mi,8m,574Mi,100m,300Mi,8m,580Mi,100m,300Mi,8m,593Mi,100m,300Mi,8m,528Mi,100m,300Mi,7m,501Mi,100m,300Mi,8m,603Mi,100m,300Mi,8m,596Mi,100m,300Mi,580m,1158Mi,100m,300Mi,8m,584Mi,100m,300Mi,4m,47Mi,100m,300Mi,8m,588Mi,100m,300Mi,8m,557Mi,1270m,3000Mi,383m,707Mi,100m,300Mi,8m,615Mi,100m,300Mi,8m,496Mi,100m,300Mi,7m,497Mi,100m,300Mi,8m,550Mi,100m,300Mi,8m,517Mi,100m,300Mi,8m,495Mi,2220m,3000Mi,452m,720Mi,100m,300Mi,8m,494Mi,100m,300Mi,8m,564Mi,100m,300Mi,8m,576Mi,1470m,3000Mi,345m,720Mi,100m,300Mi,10m,90Mi,100m,300Mi,8m,601Mi,100m,300Mi,8m,607Mi,100m,300Mi,8m,474Mi,100m,300Mi,7m,607Mi,100m,300Mi,7m,573Mi,50m,100Mi,309m,69Mi,100m,300Mi,8m,578Mi,100m,300Mi,7m,455Mi,100m,300Mi,5m,66Mi,100m,300Mi,8m,592Mi,0.005309355970052136,N/A,541696000.0,N/A,0.006565321711916807,N/A,533575680.0,N/A,0.011703219950075597,475.0,631056384.0,0.04444444444444444,0.006778991637938605,N/A,616897536.0,N/A,0.3711217007599401,248.9954337899544,741188949.3333333,16.41111111111111,0.008240477611940349,N/A,644929536.0,N/A,0.007750525436175804,N/A,577060864.0,N/A,0.3477975677193184,2305.9705882352946,754269184.0,12.338888888888887,0.36265717670124825,297.4662162162162,755047424.0,17.124074074074073,0.009890609874153815,N/A,635246592.0,N/A,0.005217924999999468,N/A,636342272.0,N/A,0.22726151757806154,1494.1489361702124,70882645.33333334,42.05185185185185,0.007634689952066119,N/A,606227114.6666666,N/A
2025-04-29 20:13:19,100m,200Mi,49m,251Mi,100m,300Mi,8m,527Mi,100m,300Mi,8m,516Mi,100m,300Mi,8m,512Mi,100m,300Mi,7m,494Mi,100m,300Mi,8m,504Mi,100m,300Mi,8m,582Mi,100m,300Mi,15m,601Mi,100m,300Mi,5m,182Mi,100m,300Mi,7m,487Mi,100m,300Mi,7m,503Mi,100m,300Mi,8m,594Mi,100m,300Mi,7m,574Mi,100m,300Mi,8m,582Mi,100m,300Mi,8m,595Mi,100m,300Mi,8m,527Mi,100m,300Mi,7m,502Mi,100m,300Mi,8m,604Mi,100m,300Mi,7m,596Mi,100m,300Mi,584m,1158Mi,100m,300Mi,8m,589Mi,100m,300Mi,4m,48Mi,100m,300Mi,8m,589Mi,100m,300Mi,8m,557Mi,1270m,3000Mi,378m,706Mi,100m,300Mi,9m,615Mi,100m,300Mi,8m,495Mi,100m,300Mi,8m,497Mi,100m,300Mi,8m,545Mi,100m,300Mi,8m,519Mi,100m,300Mi,8m,496Mi,2220m,3000Mi,427m,717Mi,100m,300Mi,8m,492Mi,100m,300Mi,8m,564Mi,100m,300Mi,8m,576Mi,1470m,3000Mi,346m,719Mi,100m,300Mi,10m,90Mi,100m,300Mi,8m,602Mi,100m,300Mi,8m,608Mi,100m,300Mi,7m,476Mi,100m,300Mi,8m,607Mi,100m,300Mi,8m,569Mi,50m,100Mi,308m,73Mi,100m,300Mi,9m,582Mi,100m,300Mi,8m,452Mi,100m,300Mi,5m,67Mi,100m,300Mi,9m,593Mi,0.007618511126849014,N/A,541519872.0,N/A,0.007180892842830068,N/A,536838144.0,N/A,0.015836264116518547,475.0,630685696.0,0.04444444444444444,0.008358430897590806,N/A,618089130.6666666,N/A,0.3315417687407028,248.60732538330493,740593664.0,17.437037037037033,0.010776623224140289,N/A,645330261.3333334,N/A,0.006371655590303118,N/A,571501226.6666667,N/A,0.45328855079298197,2244.5018450184507,748838912.0,12.905555555555555,0.313736299516311,218.03196528569276,753228458.6666666,17.45590337219097,0.007115663831082087,N/A,637335552.0,N/A,0.009462026359143227,N/A,636097877.3333334,N/A,0.31514805993618045,1241.3323782234966,76609536.0,43.42145312279608,0.010006950094139428,N/A,610486272.0,N/A
2025-04-29 20:15:09,100m,200Mi,47m,252Mi,100m,300Mi,8m,522Mi,100m,300Mi,7m,516Mi,100m,300Mi,8m,513Mi,100m,300Mi,7m,493Mi,100m,300Mi,8m,501Mi,100m,300Mi,12m,587Mi,100m,300Mi,16m,596Mi,100m,300Mi,5m,184Mi,100m,300Mi,8m,486Mi,100m,300Mi,7m,502Mi,100m,300Mi,8m,595Mi,100m,300Mi,8m,573Mi,100m,300Mi,8m,583Mi,100m,300Mi,9m,598Mi,100m,300Mi,8m,526Mi,100m,300Mi,7m,500Mi,100m,300Mi,9m,604Mi,100m,300Mi,7m,596Mi,100m,300Mi,593m,1164Mi,100m,300Mi,9m,590Mi,100m,300Mi,4m,47Mi,100m,300Mi,9m,593Mi,100m,300Mi,8m,552Mi,1020m,3000Mi,369m,705Mi,100m,300Mi,9m,611Mi,100m,300Mi,8m,490Mi,100m,300Mi,8m,497Mi,100m,300Mi,8m,544Mi,100m,300Mi,8m,517Mi,100m,300Mi,8m,488Mi,1780m,3000Mi,417m,713Mi,100m,300Mi,8m,492Mi,100m,300Mi,8m,562Mi,100m,300Mi,8m,570Mi,1180m,3000Mi,352m,717Mi,100m,300Mi,4m,87Mi,100m,300Mi,9m,599Mi,100m,300Mi,9m,607Mi,100m,300Mi,8m,474Mi,100m,300Mi,8m,605Mi,100m,300Mi,8m,567Mi,50m,100Mi,291m,75Mi,100m,300Mi,9m,583Mi,100m,300Mi,8m,452Mi,100m,300Mi,4m,61Mi,100m,300Mi,8m,586Mi,0.007982806461202158,N/A,540202325.3333334,N/A,0.006232928157135855,N/A,538281301.3333334,N/A,0.011063486010953609,450.0,625399125.3333333,0.04444444444444444,0.00526880000000034,N/A,621774165.3333333,N/A,0.2689021609142336,241.96428571428567,739693909.3333334,18.31111111111111,0.00879536041900588,N/A,641726464.0,N/A,0.008180113702284834,N/A,570630144.0,N/A,0.44814946774793124,2219.2660550458722,748057600.0,12.816666666666666,0.3581967550381071,232.76436303080774,751806464.0,17.377777777777776,0.0070888763999828784,N/A,636321792.0,N/A,0.007826245903016019,N/A,634458112.0,N/A,0.31644786968748595,1182.4925816023738,78787925.33333333,44.24444444444444,0.008133327577771904,N/A,611348480.0,N/A
2025-04-29 20:17:00,100m,200Mi,49m,248Mi,100m,300Mi,8m,522Mi,100m,300Mi,8m,515Mi,100m,300Mi,8m,509Mi,100m,300Mi,8m,493Mi,100m,300Mi,8m,501Mi,100m,300Mi,13m,587Mi,100m,300Mi,16m,597Mi,100m,300Mi,5m,186Mi,100m,300Mi,8m,487Mi,100m,300Mi,8m,502Mi,100m,300Mi,9m,597Mi,100m,300Mi,8m,573Mi,100m,300Mi,8m,584Mi,100m,300Mi,8m,599Mi,100m,300Mi,8m,533Mi,100m,300Mi,7m,501Mi,100m,300Mi,9m,596Mi,100m,300Mi,7m,595Mi,100m,300Mi,569m,1163Mi,100m,300Mi,9m,591Mi,100m,300Mi,4m,53Mi,100m,300Mi,9m,591Mi,100m,300Mi,8m,553Mi,1530m,3000Mi,375m,708Mi,100m,300Mi,10m,607Mi,100m,300Mi,8m,490Mi,100m,300Mi,8m,497Mi,100m,300Mi,9m,544Mi,100m,300Mi,8m,524Mi,100m,300Mi,8m,488Mi,1420m,3000Mi,443m,715Mi,100m,300Mi,8m,491Mi,100m,300Mi,9m,568Mi,100m,300Mi,9m,570Mi,940m,3000Mi,351m,716Mi,100m,300Mi,4m,88Mi,100m,300Mi,9m,597Mi,100m,300Mi,9m,603Mi,100m,300Mi,8m,479Mi,100m,300Mi,9m,606Mi,100m,300Mi,9m,567Mi,50m,100Mi,298m,71Mi,100m,300Mi,9m,576Mi,100m,300Mi,8m,452Mi,100m,300Mi,4m,61Mi,100m,300Mi,8m,586Mi,0.011132185731662168,N/A,541115733.3333334,N/A,0.007563262070095783,N/A,534138880.0,N/A,0.015009504250644566,475.0,625687552.0,0.04444444444444444,0.00687241849758248,N/A,619917312.0,N/A,0.37655859397093006,251.56794425087134,741942613.3333333,16.411111111111108,0.004700333333333143,N/A,636655616.0,N/A,0.008352437765285903,N/A,570346154.6666667,N/A,0.44546481194261367,2329.9668874172185,747140096.0,12.5,0.3307385240171751,229.54819277108433,751261013.3333334,17.09629629629629,0.005489149999999655,N/A,632524800.0,N/A,0.006076955069231335,N/A,634944170.6666666,N/A,0.21694018395678158,1683.745059288538,75085141.33333333,41.80770961009462,0.008947140623255485,N/A,603765418.6666667,N/A
2025-04-29 20:18:51,100m,200Mi,50m,245Mi,100m,300Mi,8m,522Mi,100m,300Mi,8m,519Mi,100m,300Mi,8m,507Mi,100m,300Mi,8m,493Mi,100m,300Mi,8m,501Mi,100m,300Mi,7m,587Mi,100m,300Mi,15m,597Mi,100m,300Mi,5m,179Mi,100m,300Mi,8m,487Mi,100m,300Mi,8m,502Mi,100m,300Mi,9m,594Mi,100m,300Mi,8m,578Mi,100m,300Mi,7m,577Mi,100m,300Mi,8m,600Mi,100m,300Mi,8m,534Mi,100m,300Mi,7m,501Mi,100m,300Mi,9m,596Mi,100m,300Mi,8m,595Mi,100m,300Mi,594m,1161Mi,100m,300Mi,8m,582Mi,100m,300Mi,4m,55Mi,100m,300Mi,8m,589Mi,100m,300Mi,9m,553Mi,1530m,3000Mi,386m,707Mi,100m,300Mi,9m,607Mi,100m,300Mi,8m,489Mi,100m,300Mi,8m,499Mi,100m,300Mi,9m,544Mi,100m,300Mi,8m,525Mi,100m,300Mi,7m,487Mi,1420m,3000Mi,408m,714Mi,100m,300Mi,8m,492Mi,100m,300Mi,8m,569Mi,100m,300Mi,8m,570Mi,940m,3000Mi,325m,719Mi,100m,300Mi,5m,90Mi,100m,300Mi,8m,597Mi,100m,300Mi,8m,602Mi,100m,300Mi,8m,481Mi,100m,300Mi,8m,605Mi,100m,300Mi,8m,567Mi,50m,100Mi,308m,67Mi,100m,300Mi,8m,576Mi,100m,300Mi,7m,453Mi,100m,300Mi,4m,61Mi,100m,300Mi,8m,586Mi,0.003896900000000869,N/A,545017856.0,N/A,0.007695544261907478,N/A,532363946.6666666,N/A,0.01503555258081041,925.0,625971200.0,0.04444444444444444,0.006099784629932314,N/A,617831082.6666667,N/A,0.26073437353646356,228.39057899901857,739994282.6666666,17.207407407407402,0.007685306160722963,N/A,637018112.0,N/A,0.006106480676329295,N/A,570742101.3333334,N/A,0.2538681249999968,2326.176470588235,748538538.6666667,12.688888888888886,0.2253698729091323,249.727582292849,753608021.3333334,16.418518518518514,0.005398069262439561,N/A,631498069.3333333,N/A,0.007966804069460808,N/A,634609664.0,N/A,0.2993117442714931,1615.9473684210525,69728938.66666667,42.266666666666666,0.007485098273836589,N/A,604213248.0,N/A
2025-04-29 20:20:41,100m,200Mi,41m,245Mi,100m,300Mi,7m,523Mi,100m,300Mi,8m,518Mi,100m,300Mi,7m,508Mi,100m,300Mi,7m,493Mi,100m,300Mi,8m,501Mi,100m,300Mi,7m,587Mi,100m,300Mi,14m,597Mi,100m,300Mi,5m,179Mi,100m,300Mi,8m,487Mi,100m,300Mi,8m,502Mi,100m,300Mi,9m,592Mi,100m,300Mi,8m,580Mi,100m,300Mi,9m,577Mi,100m,300Mi,8m,592Mi,100m,300Mi,9m,526Mi,100m,300Mi,8m,500Mi,100m,300Mi,9m,597Mi,100m,300Mi,8m,595Mi,100m,300Mi,570m,1164Mi,100m,300Mi,8m,582Mi,100m,300Mi,4m,47Mi,100m,300Mi,8m,589Mi,100m,300Mi,8m,553Mi,1220m,3000Mi,383m,705Mi,100m,300Mi,8m,607Mi,100m,300Mi,8m,490Mi,100m,300Mi,8m,500Mi,100m,300Mi,8m,545Mi,100m,300Mi,7m,521Mi,100m,300Mi,7m,488Mi,2130m,3000Mi,437m,714Mi,100m,300Mi,8m,492Mi,100m,300Mi,8m,567Mi,100m,300Mi,8m,570Mi,1410m,3000Mi,347m,720Mi,100m,300Mi,5m,90Mi,100m,300Mi,8m,597Mi,100m,300Mi,8m,602Mi,100m,300Mi,8m,473Mi,100m,300Mi,8m,605Mi,100m,300Mi,8m,567Mi,50m,100Mi,308m,66Mi,100m,300Mi,8m,577Mi,100m,300Mi,8m,453Mi,100m,300Mi,4m,60Mi,100m,300Mi,8m,586Mi,0.0059079235919358075,N/A,543715328.0,N/A,0.007079809914396274,N/A,532695040.0,N/A,0.013987456964317939,450.0,625822378.6666666,0.04445531395595871,0.005912328044496505,N/A,618000384.0,N/A,0.33497026433516414,259.9780368962409,738993493.3333333,18.056263061941394,0.0077264083528518395,N/A,636978176.0,N/A,0.0076673453906648086,N/A,571203584.0,N/A,0.3463114092608354,2199.342137434765,748864853.3333333,12.513702124193895,0.3550443714541695,236.15642516784874,755141290.6666667,17.825524878513484,0.006149790439854149,N/A,631610026.6666667,N/A,0.007336640097036295,N/A,634740736.0,N/A,0.2637314173657096,1039.8703403565655,69863424.0,43.674074074074085,0.005607585269839463,N/A,604611925.3333333,N/A
2025-04-29 20:22:32,100m,200Mi,49m,247Mi,100m,300Mi,8m,526Mi,100m,300Mi,8m,516Mi,100m,300Mi,8m,510Mi,100m,300Mi,8m,495Mi,100m,300Mi,8m,503Mi,100m,300Mi,8m,590Mi,100m,300Mi,16m,600Mi,100m,300Mi,5m,183Mi,100m,300Mi,7m,489Mi,100m,300Mi,8m,505Mi,100m,300Mi,8m,593Mi,100m,300Mi,9m,576Mi,100m,300Mi,9m,580Mi,100m,300Mi,9m,595Mi,100m,300Mi,9m,529Mi,100m,300Mi,8m,505Mi,100m,300Mi,8m,599Mi,100m,300Mi,9m,598Mi,100m,300Mi,586m,1165Mi,100m,300Mi,8m,586Mi,100m,300Mi,4m,49Mi,100m,300Mi,8m,591Mi,100m,300Mi,8m,554Mi,1220m,3000Mi,384m,710Mi,100m,300Mi,8m,611Mi,100m,300Mi,8m,493Mi,100m,300Mi,8m,500Mi,100m,300Mi,8m,547Mi,100m,300Mi,7m,519Mi,100m,300Mi,8m,491Mi,2130m,3000Mi,434m,719Mi,100m,300Mi,8m,494Mi,100m,300Mi,8m,565Mi,100m,300Mi,8m,574Mi,1410m,3000Mi,347m,721Mi,100m,300Mi,5m,92Mi,100m,300Mi,9m,603Mi,100m,300Mi,8m,605Mi,100m,300Mi,8m,477Mi,100m,300Mi,7m,608Mi,100m,300Mi,8m,570Mi,50m,100Mi,291m,71Mi,100m,300Mi,8m,580Mi,100m,300Mi,8m,456Mi,100m,300Mi,5m,64Mi,100m,300Mi,8m,591Mi,0.005392350291711187,N/A,541562197.3333333,N/A,0.007553184910328652,N/A,534759424.0,N/A,0.014566786927442923,450.0,629235712.0,0.04444444444444444,0.00842247722701995,N/A,619961002.6666667,N/A,0.32959860606597075,244.64872262773721,744505344.0,18.288888888888884,0.007854962245256992,N/A,640326314.6666667,N/A,0.006395844458673733,N/A,573779968.0,N/A,0.25388722500000543,2181.0109289617485,752873472.0,13.02222222222222,0.347331625872192,240.59105431309905,756341418.6666667,17.8,0.0051167390995615035,N/A,634638336.0,N/A,0.005371804415943154,N/A,638137685.3333334,N/A,0.254988764087228,944.962962962963,75015509.33333334,44.57777777777777,0.005035332417108968,N/A,608005120.0,N/A
2025-04-29 20:24:23,100m,200Mi,47m,248Mi,100m,300Mi,8m,525Mi,100m,300Mi,7m,518Mi,100m,300Mi,8m,509Mi,100m,300Mi,10m,503Mi,100m,300Mi,7m,503Mi,100m,300Mi,8m,590Mi,100m,300Mi,14m,600Mi,100m,300Mi,5m,185Mi,100m,300Mi,8m,490Mi,100m,300Mi,7m,506Mi,100m,300Mi,7m,594Mi,100m,300Mi,9m,578Mi,100m,300Mi,10m,581Mi,100m,300Mi,9m,596Mi,100m,300Mi,9m,531Mi,100m,300Mi,8m,506Mi,100m,300Mi,9m,601Mi,100m,300Mi,9m,599Mi,100m,300Mi,557m,1167Mi,100m,300Mi,8m,586Mi,100m,300Mi,5m,50Mi,100m,300Mi,8m,593Mi,100m,300Mi,8m,555Mi,1830m,3000Mi,379m,712Mi,100m,300Mi,8m,608Mi,100m,300Mi,8m,494Mi,100m,300Mi,8m,500Mi,100m,300Mi,8m,549Mi,100m,300Mi,7m,520Mi,100m,300Mi,8m,492Mi,1700m,3000Mi,416m,720Mi,100m,300Mi,7m,496Mi,100m,300Mi,8m,567Mi,100m,300Mi,8m,575Mi,1130m,3000Mi,336m,723Mi,100m,300Mi,5m,87Mi,100m,300Mi,9m,600Mi,100m,300Mi,8m,606Mi,100m,300Mi,9m,478Mi,100m,300Mi,8m,609Mi,100m,300Mi,9m,572Mi,50m,100Mi,297m,72Mi,100m,300Mi,8m,576Mi,100m,300Mi,8m,456Mi,100m,300Mi,5m,64Mi,100m,300Mi,9m,591Mi,0.005848587703583518,N/A,542285824.0,N/A,0.006145849689359945,N/A,534164821.3333334,N/A,0.017979717621504264,475.0,629115562.6666666,0.04444444444444444,0.006419984090579268,N/A,621980672.0,N/A,0.3818062236793795,212.52717391304353,745918464.0,17.66296296296296,0.005648082456536033,N/A,638485845.3333334,N/A,0.008109117221417585,N/A,576103424.0,N/A,0.4410196258464379,2277.5896414342624,754127872.0,12.466666666666665,0.2762902022121617,236.62988115449917,758299306.6666667,17.507407407407403,0.00981968963553509,N/A,635743232.0,N/A,0.008677603967951445,N/A,639394816.0,N/A,0.32476015657060375,1364.3678160919549,76187648.0,44.15555555555555,0.004911574999999857,N/A,605369685.3333333,N/A
2025-04-29 20:26:15,100m,200Mi,48m,249Mi,100m,300Mi,8m,526Mi,100m,300Mi,8m,518Mi,100m,300Mi,8m,510Mi,100m,300Mi,11m,503Mi,100m,300Mi,8m,504Mi,100m,300Mi,9m,590Mi,100m,300Mi,16m,600Mi,100m,300Mi,5m,184Mi,100m,300Mi,8m,491Mi,100m,300Mi,8m,506Mi,100m,300Mi,8m,596Mi,100m,300Mi,8m,577Mi,100m,300Mi,9m,582Mi,100m,300Mi,9m,596Mi,100m,300Mi,9m,532Mi,100m,300Mi,8m,507Mi,100m,300Mi,9m,602Mi,100m,300Mi,9m,600Mi,100m,300Mi,578m,1167Mi,100m,300Mi,8m,586Mi,100m,300Mi,5m,51Mi,100m,300Mi,9m,594Mi,100m,300Mi,7m,556Mi,1460m,3000Mi,387m,710Mi,100m,300Mi,9m,612Mi,100m,300Mi,8m,496Mi,100m,300Mi,8m,501Mi,100m,300Mi,8m,549Mi,100m,300Mi,8m,522Mi,100m,300Mi,8m,492Mi,1360m,3000Mi,448m,720Mi,100m,300Mi,8m,497Mi,100m,300Mi,9m,566Mi,100m,300Mi,8m,576Mi,1700m,3000Mi,339m,722Mi,100m,300Mi,5m,90Mi,100m,300Mi,9m,600Mi,100m,300Mi,8m,606Mi,100m,300Mi,8m,479Mi,100m,300Mi,8m,611Mi,100m,300Mi,9m,572Mi,50m,100Mi,313m,72Mi,100m,300Mi,8m,580Mi,100m,300Mi,8m,457Mi,100m,300Mi,5m,66Mi,100m,300Mi,9m,592Mi,0.0078113527731423936,N/A,542843904.0,N/A,0.007216692418205111,N/A,535534250.6666666,N/A,0.016011044814014757,475.0,629392384.0,0.04444444444444444,0.005093075000000624,N/A,622777685.3333334,N/A,0.41780164153673915,218.63970588235298,744529920.0,18.314814814814817,0.007828996120483385,N/A,641493674.6666667,N/A,0.008332802135415767,N/A,576297984.0,N/A,0.2801208750000001,2283.7776332899875,754700288.0,12.622222222222222,0.23839369862150175,223.2705649157581,758139562.6666666,17.11111111111111,0.008575524949198925,N/A,635928576.0,N/A,0.005766391754905049,N/A,641083392.0,N/A,0.31249623182995434,1300.203252032519,75560960.0,43.82962962962962,0.004676074999999003,N/A,607898282.6666666,N/A
2025-04-29 20:28:06,100m,200Mi,53m,250Mi,100m,300Mi,8m,526Mi,100m,300Mi,7m,519Mi,100m,300Mi,8m,511Mi,100m,300Mi,8m,504Mi,100m,300Mi,8m,506Mi,100m,300Mi,9m,590Mi,100m,300Mi,27m,602Mi,100m,300Mi,5m,184Mi,100m,300Mi,8m,491Mi,100m,300Mi,8m,509Mi,100m,300Mi,8m,596Mi,100m,300Mi,8m,578Mi,100m,300Mi,8m,582Mi,100m,300Mi,8m,598Mi,100m,300Mi,8m,531Mi,100m,300Mi,8m,510Mi,100m,300Mi,9m,602Mi,100m,300Mi,8m,600Mi,100m,300Mi,582m,1170Mi,100m,300Mi,8m,586Mi,100m,300Mi,5m,52Mi,100m,300Mi,9m,594Mi,100m,300Mi,8m,556Mi,1460m,3000Mi,376m,711Mi,100m,300Mi,9m,613Mi,100m,300Mi,8m,495Mi,100m,300Mi,8m,501Mi,100m,300Mi,8m,550Mi,100m,300Mi,8m,522Mi,100m,300Mi,8m,493Mi,1360m,3000Mi,417m,722Mi,100m,300Mi,8m,498Mi,100m,300Mi,9m,568Mi,100m,300Mi,8m,576Mi,1700m,3000Mi,342m,723Mi,100m,300Mi,5m,91Mi,100m,300Mi,8m,602Mi,100m,300Mi,8m,607Mi,100m,300Mi,11m,484Mi,100m,300Mi,8m,611Mi,100m,300Mi,8m,572Mi,50m,100Mi,300m,73Mi,100m,300Mi,8m,582Mi,100m,300Mi,8m,457Mi,100m,300Mi,5m,66Mi,100m,300Mi,9m,592Mi,0.0063748181605554335,N/A,544266922.6666666,N/A,0.007410162857004283,N/A,536257536.0,N/A,0.01636149647836444,475.0,631959552.0,0.08888888888888888,0.008092052720264056,N/A,622662997.3333333,N/A,0.2290526666666665,198.56647398843933,745052160.0,16.862962962962957,0.008154971857410728,N/A,643061077.3333333,N/A,0.007719371116677953,N/A,576610304.0,N/A,0.29883207629712893,2342.3892988929892,757021354.6666666,12.883333333333331,0.2664938907805894,222.46882793017457,758284288.0,16.607407407407408,0.008025885050117004,N/A,636402688.0,N/A,0.007623295389214856,N/A,640630784.0,N/A,0.3128879214197667,1711.6343490304707,75928576.0,42.624744081539134,0.006468115622759006,N/A,610300928.0,N/A
2025-04-29 20:29:56,100m,200Mi,49m,250Mi,100m,300Mi,8m,527Mi,100m,300Mi,11m,525Mi,100m,300Mi,8m,512Mi,100m,300Mi,8m,504Mi,100m,300Mi,7m,506Mi,100m,300Mi,8m,592Mi,100m,300Mi,28m,603Mi,100m,300Mi,5m,186Mi,100m,300Mi,11m,498Mi,100m,300Mi,8m,508Mi,100m,300Mi,9m,596Mi,100m,300Mi,9m,580Mi,100m,300Mi,9m,581Mi,100m,300Mi,8m,598Mi,100m,300Mi,9m,530Mi,100m,300Mi,8m,507Mi,100m,300Mi,12m,606Mi,100m,300Mi,8m,597Mi,100m,300Mi,566m,1171Mi,100m,300Mi,8m,586Mi,100m,300Mi,5m,53Mi,100m,300Mi,8m,594Mi,100m,300Mi,8m,555Mi,1170m,3000Mi,401m,712Mi,100m,300Mi,8m,614Mi,100m,300Mi,8m,496Mi,100m,300Mi,9m,500Mi,100m,300Mi,8m,550Mi,100m,300Mi,11m,524Mi,100m,300Mi,9m,493Mi,2040m,3000Mi,431m,722Mi,100m,300Mi,8m,498Mi,100m,300Mi,8m,568Mi,100m,300Mi,9m,575Mi,1360m,3000Mi,345m,724Mi,100m,300Mi,5m,89Mi,100m,300Mi,8m,602Mi,100m,300Mi,9m,608Mi,100m,300Mi,12m,485Mi,100m,300Mi,8m,611Mi,100m,300Mi,8m,570Mi,50m,100Mi,316m,74Mi,100m,300Mi,8m,581Mi,100m,300Mi,8m,457Mi,100m,300Mi,5m,66Mi,100m,300Mi,8m,593Mi,0.006045521797086099,N/A,550386346.6666666,N/A,0.00756316590975726,N/A,536854528.0,N/A,0.017780256566316526,475.0,632531626.6666667,0.04444444444444444,0.005236377506962799,N/A,622684160.0,N/A,0.4033327031100136,240.29326923076923,746323968.0,17.570370370370366,0.010027805387771798,N/A,643784704.0,N/A,0.009203481885354173,N/A,576680960.0,N/A,0.436354463310493,2304.076396807297,756867072.0,12.638888888888886,0.3406957262838242,227.2865013774105,759821653.3333333,17.444444444444443,0.006484220042278553,N/A,637164202.6666666,N/A,0.009220000865463684,N/A,640886784.0,N/A,0.3138696614295219,1467.0175438596493,77052928.0,43.47407407407407,0.008118568967758515,N/A,609122986.6666666,N/A
2025-04-29 20:31:47,100m,200Mi,51m,250Mi,100m,300Mi,9m,530Mi,100m,300Mi,11m,526Mi,100m,300Mi,9m,513Mi,100m,300Mi,9m,505Mi,100m,300Mi,8m,506Mi,100m,300Mi,9m,596Mi,100m,300Mi,30m,604Mi,100m,300Mi,5m,187Mi,100m,300Mi,11m,498Mi,100m,300Mi,9m,508Mi,100m,300Mi,9m,597Mi,100m,300Mi,9m,581Mi,100m,300Mi,12m,588Mi,100m,300Mi,10m,598Mi,100m,300Mi,9m,533Mi,100m,300Mi,8m,507Mi,100m,300Mi,12m,608Mi,100m,300Mi,8m,599Mi,100m,300Mi,556m,1173Mi,100m,300Mi,9m,589Mi,100m,300Mi,5m,53Mi,100m,300Mi,9m,595Mi,100m,300Mi,9m,557Mi,1170m,3000Mi,388m,714Mi,100m,300Mi,9m,614Mi,100m,300Mi,9m,497Mi,100m,300Mi,9m,502Mi,100m,300Mi,9m,550Mi,100m,300Mi,11m,527Mi,100m,300Mi,9m,494Mi,2040m,3000Mi,434m,723Mi,100m,300Mi,9m,498Mi,100m,300Mi,9m,568Mi,100m,300Mi,9m,577Mi,1360m,3000Mi,321m,722Mi,100m,300Mi,5m,92Mi,100m,300Mi,9m,602Mi,100m,300Mi,9m,608Mi,100m,300Mi,8m,485Mi,100m,300Mi,9m,614Mi,100m,300Mi,8m,572Mi,50m,100Mi,316m,74Mi,100m,300Mi,10m,581Mi,100m,300Mi,9m,459Mi,100m,300Mi,5m,67Mi,100m,300Mi,9m,593Mi,0.0057638457321208866,N/A,551470421.3333334,N/A,0.006025109437933183,N/A,538312704.0,N/A,0.017540901991407388,475.0,633750869.3333334,0.04444444444444444,0.008282898956329948,N/A,623891456.0,N/A,0.35309058804766497,230.14351320321472,748421120.0,16.0,0.00632596054493397,N/A,643728384.0,N/A,0.0055496296890585415,N/A,577310720.0,N/A,0.339617162052453,2314.6295294753922,758915072.0,13.133333333333333,0.24019399889788062,219.69298245614044,760350720.0,17.307407407407407,0.00658300951776532,N/A,637820928.0,N/A,0.010548876043673912,N/A,643189418.6666667,N/A,0.2173685035298907,1648.5915492957752,77718528.0,42.077741237815914,0.00987992623939109,N/A,610521088.0,N/A
2025-04-29 20:33:39,100m,200Mi,45m,251Mi,100m,300Mi,9m,529Mi,100m,300Mi,12m,525Mi,100m,300Mi,8m,513Mi,100m,300Mi,8m,505Mi,100m,300Mi,9m,506Mi,100m,300Mi,9m,596Mi,100m,300Mi,15m,604Mi,100m,300Mi,5m,187Mi,100m,300Mi,11m,496Mi,100m,300Mi,8m,508Mi,100m,300Mi,13m,602Mi,100m,300Mi,10m,581Mi,100m,300Mi,12m,590Mi,100m,300Mi,10m,598Mi,100m,300Mi,9m,534Mi,100m,300Mi,8m,506Mi,100m,300Mi,9m,606Mi,100m,300Mi,9m,600Mi,100m,300Mi,568m,1173Mi,100m,300Mi,9m,589Mi,100m,300Mi,5m,51Mi,100m,300Mi,9m,595Mi,100m,300Mi,9m,557Mi,1760m,3000Mi,383m,710Mi,100m,300Mi,9m,614Mi,100m,300Mi,9m,497Mi,100m,300Mi,9m,502Mi,100m,300Mi,9m,551Mi,100m,300Mi,11m,527Mi,100m,300Mi,9m,494Mi,1630m,3000Mi,421m,725Mi,100m,300Mi,8m,498Mi,100m,300Mi,9m,567Mi,100m,300Mi,8m,574Mi,1090m,3000Mi,344m,728Mi,100m,300Mi,5m,92Mi,100m,300Mi,9m,602Mi,100m,300Mi,9m,608Mi,100m,300Mi,9m,484Mi,100m,300Mi,9m,614Mi,100m,300Mi,9m,573Mi,50m,100Mi,315m,74Mi,100m,300Mi,10m,581Mi,100m,300Mi,9m,459Mi,100m,300Mi,5m,67Mi,100m,300Mi,9m,593Mi,0.007762915578378521,N/A,551019861.3333334,N/A,0.0071080984952115395,N/A,538304512.0,N/A,0.01258774780145916,425.00000000000006,633836885.3333333,0.033333333333333326,0.006003890494601917,N/A,623875413.3333334,N/A,0.3643145643917685,198.19587628865986,744897194.6666666,16.696296296296296,0.004834850000000301,N/A,643840682.6666666,N/A,0.0061299853099247735,N/A,578415274.6666667,N/A,0.2902358104146754,2269.192587690271,760994816.0,12.866666666666664,0.30573816333818077,231.2313060817548,762471424.0,18.055555555555554,0.008971985014599221,N/A,637861888.0,N/A,0.00925584607477726,N/A,644012714.6666667,N/A,0.31271560495581757,1414.7277227722766,77416448.0,43.39999999999999,0.009529553857530407,N/A,609688234.6666666,N/A
2025-04-29 20:35:28,100m,200Mi,45m,251Mi,100m,300Mi,8m,529Mi,100m,300Mi,8m,525Mi,100m,300Mi,8m,513Mi,100m,300Mi,8m,506Mi,100m,300Mi,8m,507Mi,100m,300Mi,9m,595Mi,100m,300Mi,15m,604Mi,100m,300Mi,5m,186Mi,100m,300Mi,9m,497Mi,100m,300Mi,8m,508Mi,100m,300Mi,12m,602Mi,100m,300Mi,8m,580Mi,100m,300Mi,12m,591Mi,100m,300Mi,8m,598Mi,100m,300Mi,12m,537Mi,100m,300Mi,8m,507Mi,100m,300Mi,9m,606Mi,100m,300Mi,8m,599Mi,100m,300Mi,567m,1172Mi,100m,300Mi,8m,589Mi,100m,300Mi,5m,51Mi,100m,300Mi,8m,594Mi,100m,300Mi,8m,557Mi,1410m,3000Mi,363m,712Mi,100m,300Mi,8m,614Mi,100m,300Mi,8m,496Mi,100m,300Mi,8m,502Mi,100m,300Mi,8m,551Mi,100m,300Mi,8m,527Mi,100m,300Mi,8m,494Mi,1300m,3000Mi,448m,721Mi,100m,300Mi,8m,498Mi,100m,300Mi,8m,568Mi,100m,300Mi,8m,576Mi,1640m,3000Mi,351m,728Mi,100m,300Mi,5m,93Mi,100m,300Mi,8m,602Mi,100m,300Mi,8m,608Mi,100m,300Mi,8m,484Mi,100m,300Mi,8m,613Mi,100m,300Mi,8m,574Mi,50m,100Mi,293m,73Mi,100m,300Mi,9m,582Mi,100m,300Mi,8m,459Mi,100m,300Mi,4m,67Mi,100m,300Mi,8m,592Mi,0.006032920892423611,N/A,549485226.6666666,N/A,0.005680823727738567,N/A,538000042.6666667,N/A,0.011484348616436546,900.0,633163776.0,0.04444444444444444,0.008068367658534775,N/A,623239168.0,N/A,0.32658664075341515,228.1710079275198,746678954.6666666,16.922222222222217,0.007468362567728679,N/A,644037290.6666666,N/A,0.007986233214182637,N/A,577658880.0,N/A,0.4577528640318446,2316.3139931740616,757017258.6666666,13.1,0.2927323339698808,209.42771084337346,762643797.3333334,16.785185185185185,0.006092002065432137,N/A,637663914.6666667,N/A,0.005648784728735183,N/A,642560000.0,N/A,0.24195999750499803,1305.9670781893014,77123584.0,43.15555555555555,0.007714554657118993,N/A,610246656.0,N/A
2025-04-29 20:37:19,100m,200Mi,53m,249Mi,100m,300Mi,8m,529Mi,100m,300Mi,8m,525Mi,100m,300Mi,8m,511Mi,100m,300Mi,8m,507Mi,100m,300Mi,8m,504Mi,100m,300Mi,8m,591Mi,100m,300Mi,15m,601Mi,100m,300Mi,5m,185Mi,100m,300Mi,8m,493Mi,100m,300Mi,8m,510Mi,100m,300Mi,8m,600Mi,100m,300Mi,8m,579Mi,100m,300Mi,8m,589Mi,100m,300Mi,8m,597Mi,100m,300Mi,12m,535Mi,100m,300Mi,8m,507Mi,100m,300Mi,8m,605Mi,100m,300Mi,7m,599Mi,100m,300Mi,595m,1169Mi,100m,300Mi,8m,587Mi,100m,300Mi,5m,50Mi,100m,300Mi,9m,591Mi,100m,300Mi,8m,554Mi,1410m,3000Mi,390m,716Mi,100m,300Mi,8m,611Mi,100m,300Mi,8m,494Mi,100m,300Mi,8m,502Mi,100m,300Mi,8m,548Mi,100m,300Mi,8m,524Mi,100m,300Mi,8m,497Mi,1300m,3000Mi,426m,724Mi,100m,300Mi,8m,501Mi,100m,300Mi,8m,568Mi,100m,300Mi,8m,574Mi,1640m,3000Mi,351m,722Mi,100m,300Mi,5m,92Mi,100m,300Mi,8m,602Mi,100m,300Mi,8m,606Mi,100m,300Mi,7m,485Mi,100m,300Mi,8m,612Mi,100m,300Mi,8m,572Mi,50m,100Mi,289m,74Mi,100m,300Mi,8m,583Mi,100m,300Mi,8m,456Mi,100m,300Mi,5m,65Mi,100m,300Mi,8m,593Mi,0.007393547734628188,N/A,550322176.0,N/A,0.007491537035543965,N/A,535566336.0,N/A,0.009701572189020605,412.5000000000001,630416725.3333334,0.04444444444444444,0.007679124154533953,N/A,619188224.0,N/A,0.41794414565826704,219.08992416034673,751588693.3333334,17.022222222222222,0.008388669971611314,N/A,640371712.0,N/A,0.009748656620859393,N/A,575450112.0,N/A,0.31878335018139775,2322.1955128205127,757383168.0,12.833333333333332,0.349235291593358,206.28707512535925,757538816.0,16.985427520497215,0.005792890589305903,N/A,635443882.6666666,N/A,0.004938466220350259,N/A,641806336.0,N/A,0.3128315231280315,1619.7734294541715,76728320.0,42.298162987433315,0.00831937830494597,N/A,610839210.6666666,N/A
2025-04-29 20:39:10,100m,200Mi,53m,249Mi,100m,300Mi,8m,524Mi,100m,300Mi,7m,525Mi,100m,300Mi,8m,511Mi,100m,300Mi,8m,503Mi,100m,300Mi,11m,512Mi,100m,300Mi,8m,590Mi,100m,300Mi,14m,602Mi,100m,300Mi,5m,185Mi,100m,300Mi,8m,496Mi,100m,300Mi,8m,508Mi,100m,300Mi,8m,602Mi,100m,300Mi,8m,579Mi,100m,300Mi,8m,589Mi,100m,300Mi,8m,597Mi,100m,300Mi,12m,535Mi,100m,300Mi,7m,504Mi,100m,300Mi,9m,611Mi,100m,300Mi,8m,599Mi,100m,300Mi,589m,1171Mi,100m,300Mi,8m,587Mi,100m,300Mi,4m,52Mi,100m,300Mi,8m,592Mi,100m,300Mi,8m,558Mi,1130m,3000Mi,378m,716Mi,100m,300Mi,8m,612Mi,100m,300Mi,8m,494Mi,100m,300Mi,7m,495Mi,100m,300Mi,8m,552Mi,100m,300Mi,7m,522Mi,100m,300Mi,8m,496Mi,1950m,3000Mi,441m,722Mi,100m,300Mi,8m,501Mi,100m,300Mi,8m,562Mi,100m,300Mi,8m,570Mi,1310m,3000Mi,356m,723Mi,100m,300Mi,5m,92Mi,100m,300Mi,8m,598Mi,100m,300Mi,8m,603Mi,100m,300Mi,7m,478Mi,100m,300Mi,8m,608Mi,100m,300Mi,8m,574Mi,50m,100Mi,296m,72Mi,100m,300Mi,8m,579Mi,100m,300Mi,8m,460Mi,100m,300Mi,5m,68Mi,100m,300Mi,8m,593Mi,0.005660813685287615,N/A,550573397.3333334,N/A,0.004563950000000715,N/A,534492501.3333334,N/A,0.021125710046140275,462.5,633602048.0,0.06666666666666665,0.005989133055316378,N/A,620924928.0,N/A,0.1959780666666726,404.7676282051284,750048597.3333333,17.618518518518517,0.0087591054313096,N/A,642453504.0,N/A,0.008730423402244529,N/A,578903040.0,N/A,0.3689182301032467,2191.353711790393,758692864.0,12.916666666666666,0.35830816249136016,249.06091370558377,758221482.6666666,17.488888888888887,0.009045587665274937,N/A,631743488.0,N/A,0.009428412474061742,N/A,637409962.6666666,N/A,0.3175048033351464,1010.118043844855,75507712.0,43.44444444444444,0.009187272769376394,N/A,607286272.0,N/A
2025-04-29 20:41:02,100m,200Mi,54m,249Mi,100m,300Mi,9m,534Mi,100m,300Mi,8m,526Mi,100m,300Mi,12m,517Mi,100m,300Mi,8m,505Mi,100m,300Mi,11m,515Mi,100m,300Mi,8m,593Mi,100m,300Mi,18m,609Mi,100m,300Mi,6m,185Mi,100m,300Mi,9m,499Mi,100m,300Mi,11m,513Mi,100m,300Mi,9m,602Mi,100m,300Mi,8m,580Mi,100m,300Mi,9m,589Mi,100m,300Mi,9m,596Mi,100m,300Mi,9m,537Mi,100m,300Mi,8m,506Mi,100m,300Mi,9m,613Mi,100m,300Mi,9m,598Mi,100m,300Mi,567m,1174Mi,100m,300Mi,8m,588Mi,100m,300Mi,5m,52Mi,100m,300Mi,9m,594Mi,100m,300Mi,9m,559Mi,1700m,3000Mi,392m,715Mi,100m,300Mi,9m,615Mi,100m,300Mi,9m,495Mi,100m,300Mi,8m,501Mi,100m,300Mi,9m,554Mi,100m,300Mi,8m,527Mi,100m,300Mi,9m,494Mi,1560m,3000Mi,432m,730Mi,100m,300Mi,8m,497Mi,100m,300Mi,8m,567Mi,100m,300Mi,9m,576Mi,1050m,3000Mi,349m,722Mi,100m,300Mi,5m,92Mi,100m,300Mi,9m,605Mi,100m,300Mi,8m,607Mi,100m,300Mi,8m,484Mi,100m,300Mi,8m,608Mi,100m,300Mi,8m,576Mi,50m,100Mi,305m,74Mi,100m,300Mi,9m,583Mi,100m,300Mi,8m,463Mi,100m,300Mi,5m,70Mi,100m,300Mi,8m,595Mi,0.007320158985350999,N/A,551929173.3333334,N/A,0.02988022000812267,N/A,540633088.0,N/A,0.022155387523630242,470.00000000000006,638433962.6666666,0.055555555555555546,0.006140511534004833,N/A,623400277.3333333,N/A,0.35508588307884204,234.63541666666666,749599744.0,18.411111111111108,0.00789675801948646,N/A,644703573.3333334,N/A,0.007029048683100262,N/A,580651008.0,N/A,0.36420393565956843,2185.2262644188113,766192298.6666667,13.266666666666666,0.34918201967031903,205.25766871165658,758297941.3333333,17.585185185185185,0.00774639253041534,N/A,636201642.6666667,N/A,0.004709499999999878,N/A,637982037.3333334,N/A,0.2525213180304398,1150.9022556390976,77501781.33333333,44.19259259259259,0.004796983109197195,N/A,610936149.3333334,N/A
2025-04-29 20:42:53,100m,200Mi,51m,251Mi,100m,300Mi,9m,535Mi,100m,300Mi,8m,526Mi,100m,300Mi,11m,517Mi,100m,300Mi,8m,506Mi,100m,300Mi,9m,516Mi,100m,300Mi,9m,594Mi,100m,300Mi,20m,609Mi,100m,300Mi,5m,186Mi,100m,300Mi,9m,502Mi,100m,300Mi,11m,511Mi,100m,300Mi,9m,604Mi,100m,300Mi,9m,580Mi,100m,300Mi,9m,592Mi,100m,300Mi,9m,598Mi,100m,300Mi,9m,537Mi,100m,300Mi,8m,505Mi,100m,300Mi,9m,615Mi,100m,300Mi,9m,598Mi,100m,300Mi,589m,1178Mi,100m,300Mi,12m,595Mi,100m,300Mi,5m,53Mi,100m,300Mi,9m,595Mi,100m,300Mi,9m,558Mi,1700m,3000Mi,369m,714Mi,100m,300Mi,9m,616Mi,100m,300Mi,8m,498Mi,100m,300Mi,8m,501Mi,100m,300Mi,9m,550Mi,100m,300Mi,8m,527Mi,100m,300Mi,9m,498Mi,1560m,3000Mi,423m,729Mi,100m,300Mi,8m,497Mi,100m,300Mi,8m,568Mi,100m,300Mi,9m,579Mi,1050m,3000Mi,358m,726Mi,100m,300Mi,5m,93Mi,100m,300Mi,10m,607Mi,100m,300Mi,9m,607Mi,100m,300Mi,8m,486Mi,100m,300Mi,9m,611Mi,100m,300Mi,9m,573Mi,50m,100Mi,315m,76Mi,100m,300Mi,9m,584Mi,100m,300Mi,9m,458Mi,100m,300Mi,5m,68Mi,100m,300Mi,9m,595Mi,0.006199633737984485,N/A,551840426.6666666,N/A,0.007201609388097188,N/A,542470144.0,N/A,0.026991788537885048,475.0,636692480.0,0.06666666666666665,0.010482842753917934,N/A,624469333.3333334,N/A,0.2695937080943813,227.53105590062114,748926293.3333334,16.766666666666666,0.009282233820216623,N/A,645290666.6666666,N/A,0.00552290876488076,N/A,578187264.0,N/A,0.4219347211455235,2330.0052687038988,761284608.0,12.422222222222219,0.34088812357762593,267.2043010752689,761369600.0,16.73333333333333,0.008241784582077534,N/A,635754496.0,N/A,0.007367752099689428,N/A,640424618.6666667,N/A,0.31061620257243194,1630.8049535603718,78731946.66666667,42.01481481481481,0.009462505917951525,N/A,612645888.0,N/A
2025-04-29 20:44:44,100m,200Mi,43m,253Mi,100m,300Mi,10m,529Mi,100m,300Mi,9m,525Mi,100m,300Mi,14m,518Mi,100m,300Mi,10m,506Mi,100m,300Mi,10m,514Mi,100m,300Mi,9m,593Mi,100m,300Mi,27m,605Mi,100m,300Mi,6m,189Mi,100m,300Mi,9m,499Mi,100m,300Mi,13m,515Mi,100m,300Mi,9m,604Mi,100m,300Mi,8m,580Mi,100m,300Mi,9m,589Mi,100m,300Mi,8m,598Mi,100m,300Mi,9m,537Mi,100m,300Mi,8m,506Mi,100m,300Mi,9m,607Mi,100m,300Mi,8m,600Mi,100m,300Mi,562m,1175Mi,100m,300Mi,12m,593Mi,100m,300Mi,5m,55Mi,100m,300Mi,10m,597Mi,100m,300Mi,9m,557Mi,1360m,3000Mi,364m,715Mi,100m,300Mi,10m,617Mi,100m,300Mi,10m,499Mi,100m,300Mi,10m,501Mi,100m,300Mi,9m,550Mi,100m,300Mi,10m,529Mi,100m,300Mi,10m,496Mi,1250m,3000Mi,441m,721Mi,100m,300Mi,8m,497Mi,100m,300Mi,9m,567Mi,100m,300Mi,10m,578Mi,1580m,3000Mi,353m,726Mi,100m,300Mi,5m,93Mi,100m,300Mi,9m,603Mi,100m,300Mi,10m,610Mi,100m,300Mi,8m,484Mi,100m,300Mi,9m,611Mi,100m,300Mi,9m,573Mi,50m,100Mi,308m,75Mi,100m,300Mi,9m,586Mi,100m,300Mi,12m,467Mi,100m,300Mi,5m,66Mi,100m,300Mi,9m,593Mi,0.005617140450553296,N/A,550896981.3333334,N/A,0.007918382387903131,N/A,543319040.0,N/A,0.02174501091513235,475.0,633936896.0,0.08888888888888888,0.007828274548032844,N/A,625752064.0,N/A,0.3055065681948914,236.8681318681319,749929813.3333334,16.677777777777777,0.0067112739983173735,N/A,646871040.0,N/A,0.007947101763275111,N/A,576522922.6666666,N/A,0.3142523345917371,2336.363636363636,761382912.0,12.48333333333333,0.35313932696254186,206.91683569979722,762107221.3333334,16.896296296296292,0.007778800438864436,N/A,640320853.3333333,N/A,0.006129635734180823,N/A,640491520.0,N/A,0.2094174750000093,1674.6319921491663,78884864.0,41.91111111111111,0.018527551712397304,N/A,616374272.0,N/A
2025-04-29 20:46:35,100m,200Mi,46m,252Mi,100m,300Mi,9m,529Mi,100m,300Mi,9m,526Mi,100m,300Mi,10m,520Mi,100m,300Mi,9m,506Mi,100m,300Mi,9m,513Mi,100m,300Mi,8m,593Mi,100m,300Mi,26m,604Mi,100m,300Mi,5m,190Mi,100m,300Mi,9m,499Mi,100m,300Mi,9m,509Mi,100m,300Mi,9m,603Mi,100m,300Mi,7m,579Mi,100m,300Mi,8m,589Mi,100m,300Mi,8m,600Mi,100m,300Mi,8m,539Mi,100m,300Mi,7m,505Mi,100m,300Mi,9m,607Mi,100m,300Mi,8m,593Mi,100m,300Mi,574m,1178Mi,100m,300Mi,13m,589Mi,100m,300Mi,5m,54Mi,100m,300Mi,9m,595Mi,100m,300Mi,8m,557Mi,1360m,3000Mi,359m,714Mi,100m,300Mi,13m,616Mi,100m,300Mi,12m,499Mi,100m,300Mi,9m,502Mi,100m,300Mi,10m,547Mi,100m,300Mi,10m,529Mi,100m,300Mi,9m,490Mi,1250m,3000Mi,432m,734Mi,100m,300Mi,10m,495Mi,100m,300Mi,9m,567Mi,100m,300Mi,11m,577Mi,1580m,3000Mi,342m,725Mi,100m,300Mi,5m,87Mi,100m,300Mi,8m,596Mi,100m,300Mi,10m,610Mi,100m,300Mi,8m,484Mi,100m,300Mi,10m,611Mi,100m,300Mi,11m,570Mi,50m,100Mi,305m,68Mi,100m,300Mi,10m,585Mi,100m,300Mi,13m,464Mi,100m,300Mi,5m,66Mi,100m,300Mi,10m,586Mi,0.007072502759381919,N/A,551391232.0,N/A,0.007329681006100558,N/A,545038336.0,N/A,0.01476742267711326,475.0,632771925.3333333,0.08891062791191742,0.008251768555429497,N/A,623622826.6666667,N/A,0.3151868962584691,240.18686549369443,749159765.3333334,16.852296678376096,0.007463584138994503,N/A,645720746.6666666,N/A,0.007871524764328066,N/A,573717162.6666666,N/A,0.3137129704162639,2270.2275198193156,768690858.6666667,12.71418990024753,0.37581550677253495,239.95081129015293,760330922.6666666,17.585745953165578,0.01789787204418369,N/A,638274218.6666666,N/A,0.015095649999999237,N/A,640912042.6666666,N/A,0.31486904690408657,1223.9161849711006,74874880.0,43.66666666666667,0.007748673505482499,N/A,613012480.0,N/A
2025-04-29 20:48:24,100m,200Mi,54m,248Mi,100m,300Mi,8m,525Mi,100m,300Mi,9m,528Mi,100m,300Mi,10m,518Mi,100m,300Mi,9m,502Mi,100m,300Mi,10m,510Mi,100m,300Mi,8m,590Mi,100m,300Mi,25m,603Mi,100m,300Mi,5m,183Mi,100m,300Mi,9m,495Mi,100m,300Mi,9m,512Mi,100m,300Mi,11m,600Mi,100m,300Mi,9m,582Mi,100m,300Mi,9m,590Mi,100m,300Mi,9m,601Mi,100m,300Mi,9m,540Mi,100m,300Mi,11m,508Mi,100m,300Mi,9m,606Mi,100m,300Mi,8m,596Mi,100m,300Mi,575m,1178Mi,100m,300Mi,10m,593Mi,100m,300Mi,5m,56Mi,100m,300Mi,8m,592Mi,100m,300Mi,10m,555Mi,1090m,3000Mi,371m,713Mi,100m,300Mi,12m,617Mi,100m,300Mi,11m,498Mi,100m,300Mi,8m,503Mi,100m,300Mi,10m,549Mi,100m,300Mi,8m,529Mi,100m,300Mi,8m,495Mi,1880m,3000Mi,438m,730Mi,100m,300Mi,11m,501Mi,100m,300Mi,9m,569Mi,100m,300Mi,10m,575Mi,1260m,3000Mi,336m,723Mi,100m,300Mi,5m,91Mi,100m,300Mi,9m,600Mi,100m,300Mi,10m,608Mi,100m,300Mi,8m,488Mi,100m,300Mi,9m,611Mi,100m,300Mi,11m,574Mi,50m,100Mi,307m,72Mi,100m,300Mi,10m,587Mi,100m,300Mi,7m,466Mi,100m,300Mi,5m,64Mi,100m,300Mi,9m,591Mi,0.0075785633920105785,N/A,554762240.0,N/A,0.0072901108741204226,N/A,543836160.0,N/A,0.02194853405874709,465.0,633148757.3333333,0.06666666666666665,0.010402290905500378,N/A,620822528.0,N/A,0.37754543924199285,392.27611940298516,747948032.0,17.385185185185183,0.009754951188500371,N/A,646945792.0,N/A,0.009161986390735276,N/A,575692800.0,N/A,0.4201540654065408,2277.5557011795545,768657408.0,12.794444444444443,0.3376408498106845,228.3305785123967,758840320.0,17.418518518518514,0.006576481466725579,N/A,637523285.3333334,N/A,0.009556140680834387,N/A,639993173.3333333,N/A,0.31203574951848917,1318.1385869565227,75642880.0,43.09629629629629,0.009789733917829651,N/A,615464960.0,N/A
2025-04-29 20:50:16,100m,200Mi,52m,251Mi,100m,300Mi,8m,528Mi,100m,300Mi,8m,530Mi,100m,300Mi,8m,520Mi,100m,300Mi,8m,504Mi,100m,300Mi,8m,514Mi,100m,300Mi,8m,593Mi,100m,300Mi,22m,605Mi,100m,300Mi,5m,185Mi,100m,300Mi,8m,497Mi,100m,300Mi,8m,515Mi,100m,300Mi,11m,602Mi,100m,300Mi,12m,587Mi,100m,300Mi,9m,591Mi,100m,300Mi,8m,602Mi,100m,300Mi,8m,540Mi,100m,300Mi,12m,508Mi,100m,300Mi,8m,608Mi,100m,300Mi,8m,602Mi,100m,300Mi,540m,1178Mi,100m,300Mi,8m,594Mi,100m,300Mi,4m,56Mi,100m,300Mi,9m,593Mi,100m,300Mi,9m,558Mi,1640m,3000Mi,371m,715Mi,100m,300Mi,11m,617Mi,100m,300Mi,9m,499Mi,100m,300Mi,9m,501Mi,100m,300Mi,10m,549Mi,100m,300Mi,8m,527Mi,100m,300Mi,11m,500Mi,1500m,3000Mi,408m,736Mi,100m,300Mi,8m,502Mi,100m,300Mi,9m,571Mi,100m,300Mi,9m,576Mi,1010m,3000Mi,344m,724Mi,100m,300Mi,5m,95Mi,100m,300Mi,9m,601Mi,100m,300Mi,10m,609Mi,100m,300Mi,8m,489Mi,100m,300Mi,10m,611Mi,100m,300Mi,11m,575Mi,50m,100Mi,296m,75Mi,100m,300Mi,8m,586Mi,100m,300Mi,8m,467Mi,100m,300Mi,5m,66Mi,100m,300Mi,9m,593Mi,0.009220817165031508,N/A,556184576.0,N/A,0.00877367205542798,N/A,545028096.0,N/A,0.022509712223235324,465.0,633973760.0,0.07777777777777777,0.0096102583380325,N/A,621838336.0,N/A,0.36683344754640324,215.94117647058818,749572096.0,17.255555555555556,0.009498921235406913,N/A,646836224.0,N/A,0.008233655095799954,N/A,576315392.0,N/A,0.36163489074688704,2289.018250471995,771606528.0,12.79444444444444,0.24125012499999912,380.5555555555556,759515818.6666667,17.49259259259259,0.006507350000001111,N/A,638593706.6666666,N/A,0.0034733999999995526,N/A,640980992.0,N/A,0.18202877499999204,1360.816062176167,78128469.33333334,43.51851851851852,0.007863599095572509,N/A,614992554.6666666,N/A
2025-04-29 20:52:08,100m,200Mi,52m,251Mi,100m,300Mi,8m,529Mi,100m,300Mi,8m,525Mi,100m,300Mi,8m,518Mi,100m,300Mi,8m,505Mi,100m,300Mi,8m,513Mi,100m,300Mi,8m,594Mi,100m,300Mi,20m,604Mi,100m,300Mi,5m,185Mi,100m,300Mi,8m,497Mi,100m,300Mi,8m,515Mi,100m,300Mi,11m,602Mi,100m,300Mi,13m,589Mi,100m,300Mi,11m,587Mi,100m,300Mi,9m,598Mi,100m,300Mi,9m,538Mi,100m,300Mi,12m,507Mi,100m,300Mi,8m,609Mi,100m,300Mi,11m,606Mi,100m,300Mi,580m,1179Mi,100m,300Mi,8m,595Mi,100m,300Mi,5m,52Mi,100m,300Mi,9m,593Mi,100m,300Mi,8m,555Mi,1640m,3000Mi,382m,715Mi,100m,300Mi,8m,616Mi,100m,300Mi,9m,499Mi,100m,300Mi,8m,501Mi,100m,300Mi,8m,550Mi,100m,300Mi,8m,527Mi,100m,300Mi,11m,500Mi,1500m,3000Mi,445m,730Mi,100m,300Mi,8m,502Mi,100m,300Mi,8m,569Mi,100m,300Mi,8m,577Mi,1010m,3000Mi,323m,726Mi,100m,300Mi,5m,93Mi,100m,300Mi,9m,602Mi,100m,300Mi,9m,610Mi,100m,300Mi,8m,482Mi,100m,300Mi,8m,611Mi,100m,300Mi,8m,575Mi,50m,100Mi,310m,74Mi,100m,300Mi,8m,586Mi,100m,300Mi,7m,466Mi,100m,300Mi,5m,66Mi,100m,300Mi,8m,593Mi,0.009274106354810983,N/A,550178816.0,N/A,0.007356160673360862,N/A,543404032.0,N/A,0.01039936086377555,475.0,633304405.3333333,0.04436560901421664,0.008119411881580886,N/A,622252032.0,N/A,0.2150331000000051,232.44403502755827,749647189.3333334,17.091891432666234,0.005246266911927031,N/A,645910528.0,N/A,0.007481312334882508,N/A,576328704.0,N/A,0.44881881437880367,2263.7132195537824,763345578.6666666,13.026104833252386,0.37728636044130365,352.3926169987093,762489514.6666666,17.643008306060988,0.0076055818074425826,N/A,639989760.0,N/A,0.007674932332140658,N/A,641056768.0,N/A,0.31921773026470157,1342.3228346456694,77875200.0,43.51851851851852,0.009677385424491237,N/A,613951488.0,N/A
2025-04-29 20:54:00,100m,200Mi,53m,251Mi,100m,300Mi,8m,529Mi,100m,300Mi,8m,519Mi,100m,300Mi,8m,511Mi,100m,300Mi,8m,499Mi,100m,300Mi,8m,506Mi,100m,300Mi,8m,588Mi,100m,300Mi,18m,599Mi,100m,300Mi,5m,180Mi,100m,300Mi,8m,497Mi,100m,300Mi,8m,509Mi,100m,300Mi,7m,602Mi,100m,300Mi,10m,587Mi,100m,300Mi,10m,588Mi,100m,300Mi,8m,593Mi,100m,300Mi,9m,534Mi,100m,300Mi,8m,508Mi,100m,300Mi,8m,609Mi,100m,300Mi,10m,606Mi,100m,300Mi,550m,1179Mi,100m,300Mi,8m,595Mi,100m,300Mi,4m,49Mi,100m,300Mi,8m,594Mi,100m,300Mi,8m,552Mi,1310m,3000Mi,389m,710Mi,100m,300Mi,8m,611Mi,100m,300Mi,8m,495Mi,100m,300Mi,8m,496Mi,100m,300Mi,8m,546Mi,100m,300Mi,8m,523Mi,100m,300Mi,8m,494Mi,1200m,3000Mi,443m,738Mi,100m,300Mi,8m,495Mi,100m,300Mi,8m,563Mi,100m,300Mi,8m,577Mi,1520m,3000Mi,354m,728Mi,100m,300Mi,5m,87Mi,100m,300Mi,8m,602Mi,100m,300Mi,8m,608Mi,100m,300Mi,8m,479Mi,100m,300Mi,8m,611Mi,100m,300Mi,8m,571Mi,50m,100Mi,313m,69Mi,100m,300Mi,8m,584Mi,100m,300Mi,8m,466Mi,100m,300Mi,4m,60Mi,100m,300Mi,8m,586Mi,0.005286161419325182,N/A,544642389.3333334,N/A,0.00530980813751137,N/A,535976618.6666666,N/A,0.01518400812813686,475.0,629900629.3333334,0.04444444444444444,0.008800027945785159,N/A,621007872.0,N/A,0.41740315101401576,243.20598006644522,744876714.6666667,17.66296296296296,0.008869319849942502,N/A,641253376.0,N/A,0.006160698836511926,N/A,572440576.0,N/A,0.41692573767542784,2228.838709768954,772783104.0,12.736342144852781,0.31938341303995427,218.2022821553,763681792.0,18.68211115804659,0.007621023906307854,N/A,637693952.0,N/A,0.008121298251312015,N/A,639015594.6666666,N/A,0.2634161623187253,1044.5425361155699,71898453.33333333,45.14814814814814,0.00822215824971347,N/A,612518570.6666666,N/A
2025-04-29 20:55:50,100m,200Mi,46m,244Mi,100m,300Mi,8m,522Mi,100m,300Mi,8m,520Mi,100m,300Mi,8m,512Mi,100m,300Mi,8m,499Mi,100m,300Mi,7m,507Mi,100m,300Mi,8m,588Mi,100m,300Mi,15m,598Mi,100m,300Mi,4m,180Mi,100m,300Mi,7m,494Mi,100m,300Mi,8m,509Mi,100m,300Mi,8m,599Mi,100m,300Mi,7m,580Mi,100m,300Mi,9m,583Mi,100m,300Mi,8m,592Mi,100m,300Mi,8m,532Mi,100m,300Mi,7m,504Mi,100m,300Mi,8m,603Mi,100m,300Mi,9m,596Mi,100m,300Mi,584m,1173Mi,100m,300Mi,8m,588Mi,100m,300Mi,4m,48Mi,100m,300Mi,8m,588Mi,100m,300Mi,8m,552Mi,1310m,3000Mi,363m,710Mi,100m,300Mi,8m,612Mi,100m,300Mi,8m,494Mi,100m,300Mi,8m,496Mi,100m,300Mi,7m,546Mi,100m,300Mi,7m,522Mi,100m,300Mi,8m,494Mi,1200m,3000Mi,435m,734Mi,100m,300Mi,7m,496Mi,100m,300Mi,8m,563Mi,100m,300Mi,8m,570Mi,1520m,3000Mi,333m,721Mi,100m,300Mi,4m,88Mi,100m,300Mi,8m,596Mi,100m,300Mi,8m,604Mi,100m,300Mi,8m,479Mi,100m,300Mi,8m,606Mi,100m,300Mi,8m,571Mi,50m,100Mi,317m,69Mi,100m,300Mi,8m,581Mi,100m,300Mi,8m,462Mi,100m,300Mi,4m,60Mi,100m,300Mi,8m,587Mi,0.005878404466188697,N/A,545331882.6666666,N/A,0.005090445360791162,N/A,536525482.6666667,N/A,0.01677190571505493,450.0,628457472.0,0.04444444444444444,0.006668749995551496,N/A,616678741.3333333,N/A,0.3339508613490989,229.48448905109487,745041920.0,17.825925925925926,0.004238900000000001,N/A,641899178.6666666,N/A,0.005161435234414637,N/A,572325888.0,N/A,0.29533465000000664,2288.775510204082,768050517.3333334,13.03333333333333,0.2423375674969421,206.86182669789235,756355072.0,16.607407407407408,0.007709746195195224,N/A,633426944.0,N/A,0.007643529616876523,N/A,635216896.0,N/A,0.31757777364033246,1400.5000000000005,72036352.0,43.57037037037037,0.006515180093880236,N/A,608941397.3333334,N/A
2025-04-29 20:57:42,100m,200Mi,44m,245Mi,100m,300Mi,7m,523Mi,100m,300Mi,7m,520Mi,100m,300Mi,7m,512Mi,100m,300Mi,7m,500Mi,100m,300Mi,7m,507Mi,100m,300Mi,7m,587Mi,100m,300Mi,15m,600Mi,100m,300Mi,5m,180Mi,100m,300Mi,8m,495Mi,100m,300Mi,7m,509Mi,100m,300Mi,8m,599Mi,100m,300Mi,8m,580Mi,100m,300Mi,8m,583Mi,100m,300Mi,8m,593Mi,100m,300Mi,8m,532Mi,100m,300Mi,7m,510Mi,100m,300Mi,8m,603Mi,100m,300Mi,8m,596Mi,100m,300Mi,580m,1174Mi,100m,300Mi,8m,589Mi,100m,300Mi,4m,49Mi,100m,300Mi,8m,589Mi,100m,300Mi,8m,551Mi,1970m,3000Mi,392m,712Mi,100m,300Mi,8m,613Mi,100m,300Mi,8m,494Mi,100m,300Mi,7m,497Mi,100m,300Mi,8m,546Mi,100m,300Mi,7m,522Mi,100m,300Mi,8m,494Mi,1800m,3000Mi,436m,728Mi,100m,300Mi,8m,496Mi,100m,300Mi,8m,563Mi,100m,300Mi,8m,571Mi,1220m,3000Mi,342m,724Mi,100m,300Mi,4m,87Mi,100m,300Mi,8m,597Mi,100m,300Mi,8m,604Mi,100m,300Mi,8m,479Mi,100m,300Mi,7m,606Mi,100m,300Mi,8m,570Mi,50m,100Mi,301m,68Mi,100m,300Mi,8m,581Mi,100m,300Mi,7m,461Mi,100m,300Mi,4m,61Mi,100m,300Mi,8m,587Mi,0.006999739600286163,N/A,545555797.3333334,N/A,0.005125947361798043,N/A,536777728.0,N/A,0.010240555905791471,475.0,629095082.6666667,0.033333333333333326,0.0062597472062190735,N/A,617710933.3333334,N/A,0.28516352893625874,205.41118421052636,746504192.0,16.89259259259259,0.007656834608844874,N/A,642700629.3333333,N/A,0.0075728362235818305,N/A,572433408.0,N/A,0.4584745024218002,2274.9034749034745,766505984.0,12.944444444444445,0.34041760127085413,336.03696098562625,758117717.3333333,17.144444444444442,0.007331532035824761,N/A,633474048.0,N/A,0.007849861579885901,N/A,635883520.0,N/A,0.2515860776700837,1456.394640682095,71400106.66666667,42.46666666666667,0.006047404892558137,N/A,609001472.0,N/A
2025-04-29 20:59:33,100m,200Mi,52m,245Mi,100m,300Mi,7m,523Mi,100m,300Mi,7m,520Mi,100m,300Mi,7m,512Mi,100m,300Mi,8m,500Mi,100m,300Mi,8m,507Mi,100m,300Mi,8m,586Mi,100m,300Mi,15m,600Mi,100m,300Mi,5m,180Mi,100m,300Mi,7m,494Mi,100m,300Mi,7m,509Mi,100m,300Mi,8m,599Mi,100m,300Mi,8m,579Mi,100m,300Mi,8m,584Mi,100m,300Mi,7m,593Mi,100m,300Mi,7m,531Mi,100m,300Mi,7m,511Mi,100m,300Mi,8m,603Mi,100m,300Mi,7m,596Mi,100m,300Mi,553m,1176Mi,100m,300Mi,7m,590Mi,100m,300Mi,4m,49Mi,100m,300Mi,8m,589Mi,100m,300Mi,8m,551Mi,1580m,3000Mi,393m,713Mi,100m,300Mi,8m,613Mi,100m,300Mi,8m,494Mi,100m,300Mi,8m,496Mi,100m,300Mi,7m,546Mi,100m,300Mi,8m,522Mi,100m,300Mi,8m,495Mi,1440m,3000Mi,443m,734Mi,100m,300Mi,8m,496Mi,100m,300Mi,8m,564Mi,100m,300Mi,7m,571Mi,980m,3000Mi,329m,722Mi,100m,300Mi,4m,88Mi,100m,300Mi,7m,597Mi,100m,300Mi,7m,604Mi,100m,300Mi,8m,479Mi,100m,300Mi,8m,606Mi,100m,300Mi,8m,571Mi,50m,100Mi,313m,69Mi,100m,300Mi,8m,581Mi,100m,300Mi,7m,461Mi,100m,300Mi,4m,61Mi,100m,300Mi,7m,588Mi,0.009872318667674192,N/A,545715541.3333334,N/A,0.007584299908083371,N/A,536728576.0,N/A,0.009632331042416164,475.0,628839765.3333334,0.04426743675085626,0.008030061290007976,N/A,618012672.0,N/A,0.39343170287657,231.13863701867308,746588842.6666667,17.107089284259935,0.005273601106322965,N/A,642402986.6666667,N/A,0.006709112345459563,N/A,572194816.0,N/A,0.4326794827198185,2289.010797672427,769438720.0,8.601303939815754,0.3570174186826163,241.67768166398417,757077333.3333334,17.521829812754046,0.007905896486135485,N/A,634050560.0,N/A,0.008686749373103271,N/A,635640490.6666667,N/A,0.31071988003063106,1397.1141781681304,72255488.0,43.34814814814814,0.02475232067435308,N/A,610325504.0,N/A
2025-04-29 21:01:29,100m,200Mi,53m,245Mi,100m,300Mi,8m,523Mi,100m,300Mi,9m,521Mi,100m,300Mi,8m,515Mi,100m,300Mi,8m,503Mi,100m,300Mi,8m,510Mi,100m,300Mi,8m,591Mi,100m,300Mi,15m,603Mi,100m,300Mi,5m,182Mi,100m,300Mi,9m,495Mi,100m,300Mi,9m,513Mi,100m,300Mi,7m,599Mi,100m,300Mi,8m,583Mi,100m,300Mi,8m,586Mi,100m,300Mi,8m,597Mi,100m,300Mi,8m,535Mi,100m,300Mi,8m,506Mi,100m,300Mi,7m,603Mi,100m,300Mi,7m,599Mi,100m,300Mi,587m,1178Mi,100m,300Mi,8m,591Mi,100m,300Mi,4m,51Mi,100m,300Mi,8m,591Mi,100m,300Mi,8m,554Mi,1580m,3000Mi,391m,712Mi,100m,300Mi,8m,614Mi,100m,300Mi,11m,499Mi,100m,300Mi,12m,503Mi,100m,300Mi,8m,548Mi,100m,300Mi,9m,525Mi,100m,300Mi,9m,497Mi,1440m,3000Mi,441m,736Mi,100m,300Mi,10m,499Mi,100m,300Mi,11m,570Mi,100m,300Mi,8m,574Mi,980m,3000Mi,357m,726Mi,100m,300Mi,5m,91Mi,100m,300Mi,8m,600Mi,100m,300Mi,8m,607Mi,100m,300Mi,9m,482Mi,100m,300Mi,8m,611Mi,100m,300Mi,8m,573Mi,50m,100Mi,276m,72Mi,100m,300Mi,11m,587Mi,100m,300Mi,9m,464Mi,100m,300Mi,4m,64Mi,100m,300Mi,8m,590Mi,0.007442404544836477,N/A,548022954.6666666,N/A,0.014782687963220145,N/A,538972160.0,N/A,0.01813045961964109,475.0,631480320.0,0.04444444444444444,0.008989584767148852,N/A,619219968.0,N/A,0.3845052777369749,238.65435356200535,746488832.0,16.933333333333334,0.005407226102553787,N/A,644393642.6666666,N/A,0.008146649620215482,N/A,574740480.0,N/A,0.4374548651577354,2309.972602739726,766685184.0,8.625925925925925,0.36710596920601957,245.18438177874194,759679658.6666667,16.88148148148148,0.00715193733494051,N/A,635778389.3333334,N/A,0.0071200499999989125,N/A,640278528.0,N/A,0.21865771333629053,1609.8232848232853,75078314.66666667,42.41481481481482,0.010982162610619585,N/A,614418432.0,N/A
2025-04-29 21:03:20,100m,200Mi,53m,247Mi,100m,300Mi,11m,526Mi,100m,300Mi,10m,524Mi,100m,300Mi,9m,515Mi,100m,300Mi,10m,503Mi,100m,300Mi,10m,511Mi,100m,300Mi,10m,593Mi,100m,300Mi,16m,603Mi,100m,300Mi,5m,183Mi,100m,300Mi,10m,496Mi,100m,300Mi,9m,513Mi,100m,300Mi,8m,600Mi,100m,300Mi,8m,584Mi,100m,300Mi,8m,587Mi,100m,300Mi,8m,597Mi,100m,300Mi,8m,535Mi,100m,300Mi,7m,508Mi,100m,300Mi,8m,607Mi,100m,300Mi,8m,599Mi,100m,300Mi,586m,1183Mi,100m,300Mi,10m,593Mi,100m,300Mi,5m,53Mi,100m,300Mi,8m,592Mi,100m,300Mi,8m,554Mi,1260m,3000Mi,391m,717Mi,100m,300Mi,10m,615Mi,100m,300Mi,11m,499Mi,100m,300Mi,13m,503Mi,100m,300Mi,9m,550Mi,100m,300Mi,9m,526Mi,100m,300Mi,9m,498Mi,2160m,3000Mi,411m,735Mi,100m,300Mi,9m,500Mi,100m,300Mi,12m,569Mi,100m,300Mi,9m,575Mi,1470m,3000Mi,332m,726Mi,100m,300Mi,4m,92Mi,100m,300Mi,9m,597Mi,100m,300Mi,8m,607Mi,100m,300Mi,9m,483Mi,100m,300Mi,8m,611Mi,100m,300Mi,9m,572Mi,50m,100Mi,314m,73Mi,100m,300Mi,13m,583Mi,100m,300Mi,9m,465Mi,100m,300Mi,4m,64Mi,100m,300Mi,10m,589Mi,0.007557673520931815,N/A,549788672.0,N/A,0.0069413957865792075,N/A,539654144.0,N/A,0.018060105348538386,475.0,631886848.0,0.04444444444444444,0.009082421943906432,N/A,620722176.0,N/A,0.33023113984702196,328.34728033472834,752676864.0,17.53333333333333,0.006173336954151131,N/A,645423104.0,N/A,0.015884119787627687,N/A,576924330.6666666,N/A,0.34496306701364915,2090.569395017794,770574336.0,8.555555555555555,0.27679727652354313,241.87737760312288,761460736.0,18.014318750015423,0.007562709630677377,N/A,636627626.6666666,N/A,0.01585392818706602,N/A,641196032.0,N/A,0.27472454269531077,861.6250000000002,75793749.33333333,45.137734022188226,0.00805643872188922,N/A,613277696.0,N/A
2025-04-29 21:05:11,100m,200Mi,52m,249Mi,100m,300Mi,10m,526Mi,100m,300Mi,9m,524Mi,100m,300Mi,9m,514Mi,100m,300Mi,10m,501Mi,100m,300Mi,10m,511Mi,100m,300Mi,10m,589Mi,100m,300Mi,16m,603Mi,100m,300Mi,5m,180Mi,100m,300Mi,10m,495Mi,100m,300Mi,10m,514Mi,100m,300Mi,9m,600Mi,100m,300Mi,8m,583Mi,100m,300Mi,8m,586Mi,100m,300Mi,8m,598Mi,100m,300Mi,8m,531Mi,100m,300Mi,8m,503Mi,100m,300Mi,10m,608Mi,100m,300Mi,8m,599Mi,100m,300Mi,585m,1177Mi,100m,300Mi,10m,592Mi,100m,300Mi,4m,54Mi,100m,300Mi,9m,591Mi,100m,300Mi,9m,552Mi,1260m,3000Mi,359m,718Mi,100m,300Mi,10m,614Mi,100m,300Mi,9m,496Mi,100m,300Mi,11m,499Mi,100m,300Mi,10m,547Mi,100m,300Mi,8m,524Mi,100m,300Mi,8m,496Mi,2160m,3000Mi,442m,741Mi,100m,300Mi,7m,498Mi,100m,300Mi,9m,570Mi,100m,300Mi,10m,570Mi,1470m,3000Mi,357m,727Mi,100m,300Mi,4m,87Mi,100m,300Mi,10m,597Mi,100m,300Mi,13m,605Mi,100m,300Mi,8m,479Mi,100m,300Mi,11m,607Mi,100m,300Mi,9m,573Mi,50m,100Mi,314m,71Mi,100m,300Mi,9m,583Mi,100m,300Mi,8m,464Mi,100m,300Mi,4m,63Mi,100m,300Mi,9m,590Mi,0.007866636229898154,N/A,548225024.0,N/A,0.007941250980156573,N/A,538213034.6666666,N/A,0.006657357995073858,475.0,631156736.0,0.02222222222222222,0.008552779796511341,N/A,619808085.3333334,N/A,0.383012991065096,217.50853242320824,753597098.6666666,16.937037037037037,0.0073071820410067585,N/A,643903488.0,N/A,0.007834434535873472,N/A,574924800.0,N/A,0.2450757000000067,2198.3817427385893,773791744.0,8.944444444444443,0.3397647434532634,196.08643457382954,762858496.0,17.344444444444445,0.006613186107577237,N/A,635648682.6666667,N/A,0.006064604906573849,N/A,637867349.3333333,N/A,0.266243327555418,849.0476190476188,74717184.0,33.11666666666666,0.0058689622768566445,N/A,611307520.0,N/A
2025-04-29 21:07:02,100m,200Mi,52m,244Mi,100m,300Mi,8m,523Mi,100m,300Mi,8m,520Mi,100m,300Mi,7m,512Mi,100m,300Mi,8m,506Mi,100m,300Mi,8m,507Mi,100m,300Mi,9m,588Mi,100m,300Mi,15m,600Mi,100m,300Mi,5m,180Mi,100m,300Mi,8m,495Mi,100m,300Mi,8m,517Mi,100m,300Mi,9m,596Mi,100m,300Mi,8m,581Mi,100m,300Mi,7m,583Mi,100m,300Mi,8m,592Mi,100m,300Mi,7m,531Mi,100m,300Mi,7m,503Mi,100m,300Mi,9m,604Mi,100m,300Mi,7m,596Mi,100m,300Mi,556m,1179Mi,100m,300Mi,9m,590Mi,100m,300Mi,4m,48Mi,100m,300Mi,9m,590Mi,100m,300Mi,9m,552Mi,1010m,3000Mi,380m,717Mi,100m,300Mi,9m,613Mi,100m,300Mi,8m,496Mi,100m,300Mi,9m,499Mi,100m,300Mi,13m,553Mi,100m,300Mi,8m,522Mi,100m,300Mi,8m,499Mi,1730m,3000Mi,444m,734Mi,100m,300Mi,8m,503Mi,100m,300Mi,9m,568Mi,100m,300Mi,9m,571Mi,1180m,3000Mi,341m,726Mi,100m,300Mi,4m,87Mi,100m,300Mi,8m,597Mi,100m,300Mi,12m,606Mi,100m,300Mi,8m,479Mi,100m,300Mi,11m,606Mi,100m,300Mi,8m,570Mi,50m,100Mi,316m,68Mi,100m,300Mi,8m,583Mi,100m,300Mi,8m,462Mi,100m,300Mi,4m,62Mi,100m,300Mi,9m,587Mi,0.006119327086709115,N/A,544843093.3333334,N/A,0.008127507197411168,N/A,536407040.0,N/A,0.015284044404723234,475.0,628886528.0,0.033333333333333326,0.007916368070071176,N/A,618438656.0,N/A,0.3884076933942197,296.48997134670503,751921152.0,17.159259259259258,0.007637455960456296,N/A,642733397.3333334,N/A,0.005760160801378416,N/A,580248917.3333334,N/A,0.4354394081340262,1979.2187500000002,766615552.0,8.24074074074074,0.2539431806228799,222.4072356215214,762997418.6666667,17.599999999999994,0.004765876396656221,N/A,635581781.3333334,N/A,0.004821260100739517,N/A,635537408.0,N/A,0.3207570350734052,828.7096774193543,71779669.33333333,32.33333333333333,0.007308041190061429,N/A,611482624.0,N/A
2025-04-29 21:08:53,100m,200Mi,51m,245Mi,100m,300Mi,9m,529Mi,100m,300Mi,8m,522Mi,100m,300Mi,8m,512Mi,100m,300Mi,8m,506Mi,100m,300Mi,8m,512Mi,100m,300Mi,8m,587Mi,100m,300Mi,14m,605Mi,100m,300Mi,4m,180Mi,100m,300Mi,9m,498Mi,100m,300Mi,9m,509Mi,100m,300Mi,9m,596Mi,100m,300Mi,9m,580Mi,100m,300Mi,8m,584Mi,100m,300Mi,8m,592Mi,100m,300Mi,9m,532Mi,100m,300Mi,9m,504Mi,100m,300Mi,8m,604Mi,100m,300Mi,8m,596Mi,100m,300Mi,584m,1178Mi,100m,300Mi,9m,590Mi,100m,300Mi,4m,49Mi,100m,300Mi,8m,590Mi,100m,300Mi,8m,556Mi,1520m,3000Mi,376m,712Mi,100m,300Mi,8m,613Mi,100m,300Mi,8m,495Mi,100m,300Mi,8m,499Mi,100m,300Mi,12m,554Mi,100m,300Mi,8m,522Mi,100m,300Mi,8m,500Mi,1380m,3000Mi,403m,736Mi,100m,300Mi,8m,501Mi,100m,300Mi,8m,569Mi,100m,300Mi,8m,571Mi,940m,3000Mi,354m,723Mi,100m,300Mi,4m,88Mi,100m,300Mi,12m,599Mi,100m,300Mi,8m,606Mi,100m,300Mi,8m,479Mi,100m,300Mi,8m,606Mi,100m,300Mi,9m,571Mi,50m,100Mi,316m,69Mi,100m,300Mi,9m,583Mi,100m,300Mi,9m,469Mi,100m,300Mi,4m,68Mi,100m,300Mi,8m,587Mi,0.010531867788399504,N/A,546365440.0,N/A,0.007135812535452219,N/A,536875008.0,N/A,0.015940518411488292,470.0,634639701.3333334,0.055555555555555546,0.006495573409894704,N/A,618121898.6666666,N/A,0.2262046250000026,320.5769230769232,745855658.6666667,16.940740740740743,0.012623242983929688,N/A,643147093.3333333,N/A,0.014605773351820249,N/A,581212160.0,N/A,0.4457899610937587,2006.8085106382985,770282837.3333334,8.644444444444442,0.3543616588641427,221.89591078066925,758151168.0,16.992592592592587,0.008374190359752221,N/A,635768832.0,N/A,0.007823804940647498,N/A,635523072.0,N/A,0.2730502300913785,791.4568345323739,71983104.0,32.06111111111111,0.00821486209803667,N/A,611887786.6666666,N/A
2025-04-29 21:10:45,100m,200Mi,43m,245Mi,100m,300Mi,9m,525Mi,100m,300Mi,9m,522Mi,100m,300Mi,8m,514Mi,100m,300Mi,8m,501Mi,100m,300Mi,9m,509Mi,100m,300Mi,9m,590Mi,100m,300Mi,17m,609Mi,100m,300Mi,5m,181Mi,100m,300Mi,9m,498Mi,100m,300Mi,8m,510Mi,100m,300Mi,8m,597Mi,100m,300Mi,9m,581Mi,100m,300Mi,10m,589Mi,100m,300Mi,10m,594Mi,100m,300Mi,10m,533Mi,100m,300Mi,9m,505Mi,100m,300Mi,9m,609Mi,100m,300Mi,10m,598Mi,100m,300Mi,556m,1180Mi,100m,300Mi,8m,590Mi,100m,300Mi,4m,50Mi,100m,300Mi,8m,589Mi,100m,300Mi,9m,557Mi,1520m,3000Mi,361m,715Mi,100m,300Mi,8m,613Mi,100m,300Mi,8m,496Mi,100m,300Mi,8m,500Mi,100m,300Mi,12m,551Mi,100m,300Mi,8m,524Mi,100m,300Mi,8m,497Mi,1380m,3000Mi,434m,731Mi,100m,300Mi,8m,498Mi,100m,300Mi,9m,569Mi,100m,300Mi,9m,576Mi,940m,3000Mi,337m,726Mi,100m,300Mi,10m,91Mi,100m,300Mi,12m,601Mi,100m,300Mi,9m,608Mi,100m,300Mi,8m,480Mi,100m,300Mi,8m,607Mi,100m,300Mi,9m,575Mi,50m,100Mi,297m,69Mi,100m,300Mi,9m,584Mi,100m,300Mi,8m,469Mi,100m,300Mi,5m,69Mi,100m,300Mi,9m,590Mi,0.009288428848956021,N/A,547134464.0,N/A,0.006099441445193656,N/A,539495082.6666666,N/A,0.014970673851851643,475.0,638588245.3333333,0.04442520186208989,0.007834394904458388,N/A,617880234.6666666,N/A,0.3174713096010085,192.98061389337653,750422016.0,17.233333333333334,0.0079226927642038,N/A,642654208.0,N/A,0.00801788220381215,N/A,577856512.0,N/A,0.4248697743344355,1464.117647058824,768875178.6666666,8.692592592592591,0.2414026072355661,204.24369747899155,762145450.6666666,16.962962962962962,0.005968447613042805,N/A,637078186.6666666,N/A,0.006415810379145063,N/A,636693162.6666667,N/A,0.22943593575905685,550.3260869565216,72790016.0,32.261111111111106,0.005734435990820046,N/A,612898816.0,N/A
2025-04-29 21:12:37,100m,200Mi,44m,246Mi,100m,300Mi,8m,524Mi,100m,300Mi,8m,523Mi,100m,300Mi,7m,514Mi,100m,300Mi,8m,502Mi,100m,300Mi,8m,509Mi,100m,300Mi,9m,590Mi,100m,300Mi,17m,609Mi,100m,300Mi,5m,186Mi,100m,300Mi,9m,494Mi,100m,300Mi,7m,511Mi,100m,300Mi,8m,598Mi,100m,300Mi,9m,581Mi,100m,300Mi,9m,591Mi,100m,300Mi,9m,594Mi,100m,300Mi,9m,536Mi,100m,300Mi,8m,506Mi,100m,300Mi,9m,611Mi,100m,300Mi,9m,598Mi,100m,300Mi,585m,1183Mi,100m,300Mi,9m,592Mi,100m,300Mi,5m,53Mi,100m,300Mi,9m,590Mi,100m,300Mi,9m,558Mi,1220m,3000Mi,385m,716Mi,100m,300Mi,9m,618Mi,100m,300Mi,7m,497Mi,100m,300Mi,7m,501Mi,100m,300Mi,9m,549Mi,100m,300Mi,8m,524Mi,100m,300Mi,7m,497Mi,2070m,3000Mi,439m,734Mi,100m,300Mi,8m,499Mi,100m,300Mi,8m,569Mi,100m,300Mi,9m,572Mi,1410m,3000Mi,360m,728Mi,100m,300Mi,10m,92Mi,100m,300Mi,13m,604Mi,100m,300Mi,9m,608Mi,100m,300Mi,8m,481Mi,100m,300Mi,8m,608Mi,100m,300Mi,10m,576Mi,50m,100Mi,311m,70Mi,100m,300Mi,9m,589Mi,100m,300Mi,8m,465Mi,100m,300Mi,4m,65Mi,100m,300Mi,9m,589Mi,0.005780469609153547,N/A,548323328.0,N/A,0.005585458287977807,N/A,539518976.0,N/A,0.015032515936361623,466.6692596626142,637244416.0,0.04445481965658048,0.0078041521405492606,N/A,618906965.3333333,N/A,0.2571092416016416,158.25340056896357,750850048.0,16.803946039015738,0.007179866666666612,N/A,646297600.0,N/A,0.007063562975154528,N/A,577190570.6666666,N/A,0.18599866666666762,882.8407819579495,771168256.0,8.624236742578635,0.3836998242964065,133.55930196638883,762785792.0,17.644845866342564,0.005644893440306679,N/A,637222912.0,N/A,0.008253225858123785,N/A,637558784.0,N/A,0.3343011397089739,435.97826086956525,72916992.0,32.4,0.007598781373025441,N/A,617736874.6666666,N/A
2025-04-29 21:14:28,100m,200Mi,52m,246Mi,100m,300Mi,8m,523Mi,100m,300Mi,8m,521Mi,100m,300Mi,7m,511Mi,100m,300Mi,7m,500Mi,100m,300Mi,8m,507Mi,100m,300Mi,8m,587Mi,100m,300Mi,15m,602Mi,100m,300Mi,5m,184Mi,100m,300Mi,8m,494Mi,100m,300Mi,8m,509Mi,100m,300Mi,9m,603Mi,100m,300Mi,9m,581Mi,100m,300Mi,7m,583Mi,100m,300Mi,7m,592Mi,100m,300Mi,9m,536Mi,100m,300Mi,8m,504Mi,100m,300Mi,9m,607Mi,100m,300Mi,7m,598Mi,100m,300Mi,590m,1185Mi,100m,300Mi,8m,596Mi,100m,300Mi,5m,54Mi,100m,300Mi,12m,591Mi,100m,300Mi,8m,551Mi,1830m,3000Mi,371m,714Mi,100m,300Mi,8m,619Mi,100m,300Mi,8m,500Mi,100m,300Mi,8m,499Mi,100m,300Mi,8m,548Mi,100m,300Mi,8m,522Mi,100m,300Mi,8m,495Mi,1660m,3000Mi,447m,730Mi,100m,300Mi,8m,496Mi,100m,300Mi,9m,569Mi,100m,300Mi,8m,572Mi,1130m,3000Mi,361m,725Mi,100m,300Mi,5m,92Mi,100m,300Mi,9m,605Mi,100m,300Mi,9m,610Mi,100m,300Mi,8m,480Mi,100m,300Mi,8m,607Mi,100m,300Mi,8m,573Mi,50m,100Mi,309m,73Mi,100m,300Mi,9m,583Mi,100m,300Mi,8m,461Mi,100m,300Mi,4m,61Mi,100m,300Mi,9m,593Mi,0.00556978428869245,N/A,546234368.0,N/A,0.005891174999999294,N/A,536208725.3333334,N/A,0.014660487202876998,425.00000000000006,631204864.0,0.02222222222222222,0.0076652387448843005,N/A,620018346.6666666,N/A,0.38804043529285537,160.98468271334775,749924352.0,16.77037037037037,0.0078014579280424315,N/A,648744960.0,N/A,0.00527074999999968,N/A,575098880.0,N/A,0.3800846478469335,580.2158273381294,765362176.0,8.592592592592593,0.373246211358089,99.41698352344741,760694784.0,17.844444444444438,0.010745974271320152,N/A,638950400.0,N/A,0.007588138108706243,N/A,636521130.6666666,N/A,0.27062808444359054,279.42890442890473,75138389.33333333,32.59444444444444,0.005140871812900014,N/A,611700736.0,N/A
2025-04-29 21:16:19,100m,200Mi,51m,249Mi,100m,300Mi,8m,523Mi,100m,300Mi,8m,521Mi,100m,300Mi,8m,512Mi,100m,300Mi,8m,500Mi,100m,300Mi,8m,508Mi,100m,300Mi,9m,587Mi,100m,300Mi,15m,602Mi,100m,300Mi,5m,179Mi,100m,300Mi,8m,493Mi,100m,300Mi,8m,509Mi,100m,300Mi,9m,604Mi,100m,300Mi,8m,580Mi,100m,300Mi,9m,584Mi,100m,300Mi,11m,594Mi,100m,300Mi,9m,536Mi,100m,300Mi,8m,505Mi,100m,300Mi,8m,603Mi,100m,300Mi,8m,596Mi,100m,300Mi,600m,1177Mi,100m,300Mi,9m,597Mi,100m,300Mi,5m,55Mi,100m,300Mi,12m,595Mi,100m,300Mi,12m,551Mi,1830m,3000Mi,389m,713Mi,100m,300Mi,9m,615Mi,100m,300Mi,8m,502Mi,100m,300Mi,8m,499Mi,100m,300Mi,8m,548Mi,100m,300Mi,8m,527Mi,100m,300Mi,8m,495Mi,1660m,3000Mi,425m,730Mi,100m,300Mi,8m,497Mi,100m,300Mi,9m,567Mi,100m,300Mi,9m,572Mi,1130m,3000Mi,361m,723Mi,100m,300Mi,4m,88Mi,100m,300Mi,8m,602Mi,100m,300Mi,8m,611Mi,100m,300Mi,8m,484Mi,100m,300Mi,8m,607Mi,100m,300Mi,8m,570Mi,50m,100Mi,307m,75Mi,100m,300Mi,8m,583Mi,100m,300Mi,8m,461Mi,100m,300Mi,4m,61Mi,100m,300Mi,9m,588Mi,0.009862336779767484,N/A,549340160.0,N/A,0.007537808051430526,N/A,536593749.3333334,N/A,0.012808421535283653,425.00000000000006,631321941.3333334,0.033333333333333326,0.008078165392634054,N/A,624156672.0,N/A,0.3116592071577176,133.18302387267894,748661418.6666666,16.607407407407408,0.006935987015037713,N/A,645555541.3333334,N/A,0.007299167242685481,N/A,574588928.0,N/A,0.4241728082719279,735.9903381642515,766251008.0,8.533333333333333,0.23852669999999987,144.72540045766578,759025664.0,17.0,0.006756650290299104,N/A,640045056.0,N/A,0.0052641972998097725,N/A,636253184.0,N/A,0.3353720677423036,239.59930313588853,78658218.66666666,31.616666666666664,0.009654689993161675,N/A,611945130.6666667,N/A
2025-04-29 21:18:10,100m,200Mi,53m,251Mi,100m,300Mi,12m,525Mi,100m,300Mi,8m,528Mi,100m,300Mi,7m,512Mi,100m,300Mi,7m,501Mi,100m,300Mi,8m,507Mi,100m,300Mi,9m,588Mi,100m,300Mi,14m,602Mi,100m,300Mi,5m,180Mi,100m,300Mi,8m,493Mi,100m,300Mi,8m,510Mi,100m,300Mi,8m,600Mi,100m,300Mi,9m,580Mi,100m,300Mi,8m,584Mi,100m,300Mi,12m,599Mi,100m,300Mi,9m,531Mi,100m,300Mi,7m,505Mi,100m,300Mi,8m,603Mi,100m,300Mi,9m,596Mi,100m,300Mi,597m,1177Mi,100m,300Mi,8m,594Mi,100m,300Mi,4m,48Mi,100m,300Mi,8m,595Mi,100m,300Mi,12m,552Mi,1460m,3000Mi,392m,716Mi,100m,300Mi,8m,614Mi,100m,300Mi,8m,502Mi,100m,300Mi,8m,505Mi,100m,300Mi,8m,548Mi,100m,300Mi,7m,527Mi,100m,300Mi,7m,495Mi,1330m,3000Mi,444m,734Mi,100m,300Mi,8m,497Mi,100m,300Mi,8m,568Mi,100m,300Mi,8m,572Mi,1700m,3000Mi,358m,724Mi,100m,300Mi,5m,94Mi,100m,300Mi,8m,599Mi,100m,300Mi,9m,606Mi,100m,300Mi,8m,486Mi,100m,300Mi,8m,607Mi,100m,300Mi,8m,571Mi,50m,100Mi,334m,75Mi,100m,300Mi,8m,583Mi,100m,300Mi,8m,461Mi,100m,300Mi,4m,61Mi,100m,300Mi,8m,588Mi,0.0077626136041674485,N/A,553568256.0,N/A,0.00781294688081946,N/A,540179114.6666667,N/A,0.009945199890930853,475.0,631524010.6666666,0.02222222222222222,0.005194887866398295,N/A,624779264.0,N/A,0.23021012554754694,137.47557003257367,750170112.0,16.67407407407407,0.006991961033381562,N/A,644123648.0,N/A,0.007685086155674508,N/A,574709760.0,N/A,0.431219745502406,708.5597826086957,769439061.3333334,8.329629629629629,0.35729803840594204,95.71596244131457,759925760.0,16.248148148148147,0.007607623071674706,N/A,635995136.0,N/A,0.007410199219343253,N/A,636351829.3333334,N/A,0.33327809123649693,295.17994858611854,77991936.0,30.76666666666666,0.00437870000000089,N/A,611557376.0,N/A
2025-04-29 21:20:00,100m,200Mi,45m,247Mi,100m,300Mi,11m,525Mi,100m,300Mi,8m,528Mi,100m,300Mi,8m,518Mi,100m,300Mi,7m,501Mi,100m,300Mi,7m,507Mi,100m,300Mi,8m,588Mi,100m,300Mi,14m,602Mi,100m,300Mi,5m,180Mi,100m,300Mi,7m,493Mi,100m,300Mi,7m,510Mi,100m,300Mi,8m,597Mi,100m,300Mi,8m,585Mi,100m,300Mi,8m,584Mi,100m,300Mi,8m,600Mi,100m,300Mi,8m,531Mi,100m,300Mi,7m,505Mi,100m,300Mi,8m,603Mi,100m,300Mi,8m,597Mi,100m,300Mi,583m,1178Mi,100m,300Mi,7m,590Mi,100m,300Mi,4m,48Mi,100m,300Mi,8m,596Mi,100m,300Mi,7m,552Mi,1460m,3000Mi,358m,714Mi,100m,300Mi,8m,614Mi,100m,300Mi,8m,496Mi,100m,300Mi,8m,506Mi,100m,300Mi,8m,548Mi,100m,300Mi,8m,522Mi,100m,300Mi,7m,495Mi,1330m,3000Mi,433m,733Mi,100m,300Mi,8m,497Mi,100m,300Mi,8m,568Mi,100m,300Mi,8m,572Mi,1700m,3000Mi,351m,726Mi,100m,300Mi,5m,95Mi,100m,300Mi,8m,599Mi,100m,300Mi,8m,606Mi,100m,300Mi,8m,487Mi,100m,300Mi,8m,606Mi,100m,300Mi,7m,571Mi,50m,100Mi,332m,68Mi,100m,300Mi,8m,583Mi,100m,300Mi,7m,462Mi,100m,300Mi,4m,62Mi,100m,300Mi,8m,588Mi,0.007333124250530388,N/A,553141248.0,N/A,0.0077012742215182,N/A,542058496.0,N/A,0.017957660030354428,475.0,630915072.0,0.04444444444444444,0.007800151383090192,N/A,620990464.0,N/A,0.40723518373729817,97.07692307692308,748829354.6666666,16.49259259259259,0.00690455993284658,N/A,643850240.0,N/A,0.007325236796784549,N/A,574980096.0,N/A,0.3432176259057956,637.2727272727277,767938560.0,8.059259259259258,0.35505490196078665,91.06583072100312,760655872.0,15.951851851851849,0.006226527541517018,N/A,635250005.3333334,N/A,0.007411947179078173,N/A,636007765.3333334,N/A,0.25874076619609543,171.56626506024116,71723008.0,30.655555555555555,0.006086047624692047,N/A,611728042.6666666,N/A
2025-04-29 21:21:51,100m,200Mi,45m,246Mi,100m,300Mi,11m,525Mi,100m,300Mi,7m,522Mi,100m,300Mi,8m,517Mi,100m,300Mi,7m,500Mi,100m,300Mi,7m,507Mi,100m,300Mi,8m,587Mi,100m,300Mi,13m,602Mi,100m,300Mi,4m,180Mi,100m,300Mi,8m,493Mi,100m,300Mi,7m,509Mi,100m,300Mi,7m,597Mi,100m,300Mi,9m,587Mi,100m,300Mi,8m,584Mi,100m,300Mi,8m,596Mi,100m,300Mi,8m,531Mi,100m,300Mi,8m,504Mi,100m,300Mi,8m,603Mi,100m,300Mi,9m,596Mi,100m,300Mi,543m,1178Mi,100m,300Mi,7m,590Mi,100m,300Mi,4m,48Mi,100m,300Mi,8m,590Mi,100m,300Mi,8m,552Mi,1170m,3000Mi,379m,715Mi,100m,300Mi,8m,614Mi,100m,300Mi,8m,496Mi,100m,300Mi,7m,500Mi,100m,300Mi,8m,548Mi,100m,300Mi,8m,522Mi,100m,300Mi,7m,495Mi,2000m,3000Mi,414m,733Mi,100m,300Mi,7m,497Mi,100m,300Mi,8m,572Mi,100m,300Mi,8m,572Mi,1360m,3000Mi,326m,726Mi,100m,300Mi,4m,92Mi,100m,300Mi,8m,599Mi,100m,300Mi,7m,605Mi,100m,300Mi,7m,480Mi,100m,300Mi,8m,607Mi,100m,300Mi,7m,571Mi,50m,100Mi,331m,67Mi,100m,300Mi,8m,584Mi,100m,300Mi,7m,462Mi,100m,300Mi,4m,62Mi,100m,300Mi,8m,588Mi,0.007390662155631358,N/A,548325376.0,N/A,0.006515235682908814,N/A,542034944.0,N/A,0.006676761695475325,235.0,631279616.0,0.02222740982829024,0.007822321914084196,N/A,619132245.3333334,N/A,0.35744759910728974,85.96772948275566,749049173.3333333,16.403823265672123,0.005862894472015385,N/A,643887104.0,N/A,0.007296053626328731,N/A,575036074.6666667,N/A,0.2910339393281761,414.8533391072376,767877120.0,7.79070800941674,0.22705356250595563,85.30751087819604,760826538.6666666,16.155616324655206,0.00806935015840072,N/A,634732544.0,N/A,0.00525462676553632,N/A,636125184.0,N/A,0.3394239335598353,133.38028169014098,70669312.0,30.249999999999996,0.007726293337975524,N/A,612285440.0,N/A
2025-04-29 21:23:43,100m,200Mi,44m,245Mi,100m,300Mi,8m,526Mi,100m,300Mi,7m,523Mi,100m,300Mi,7m,511Mi,100m,300Mi,7m,500Mi,100m,300Mi,7m,507Mi,100m,300Mi,8m,588Mi,100m,300Mi,12m,603Mi,100m,300Mi,5m,180Mi,100m,300Mi,8m,494Mi,100m,300Mi,7m,510Mi,100m,300Mi,8m,597Mi,100m,300Mi,9m,584Mi,100m,300Mi,8m,584Mi,100m,300Mi,9m,595Mi,100m,300Mi,8m,532Mi,100m,300Mi,7m,504Mi,100m,300Mi,8m,604Mi,100m,300Mi,9m,602Mi,100m,300Mi,545m,1178Mi,100m,300Mi,8m,590Mi,100m,300Mi,4m,48Mi,100m,300Mi,8m,591Mi,100m,300Mi,7m,553Mi,1760m,3000Mi,370m,715Mi,100m,300Mi,8m,614Mi,100m,300Mi,7m,496Mi,100m,300Mi,8m,501Mi,100m,300Mi,8m,549Mi,100m,300Mi,7m,522Mi,100m,300Mi,8m,495Mi,1600m,3000Mi,418m,731Mi,100m,300Mi,8m,497Mi,100m,300Mi,8m,572Mi,100m,300Mi,7m,571Mi,1090m,3000Mi,330m,725Mi,100m,300Mi,4m,89Mi,100m,300Mi,8m,599Mi,100m,300Mi,8m,605Mi,100m,300Mi,7m,479Mi,100m,300Mi,7m,607Mi,100m,300Mi,7m,571Mi,50m,100Mi,330m,67Mi,100m,300Mi,7m,584Mi,100m,300Mi,7m,462Mi,100m,300Mi,4m,62Mi,100m,300Mi,7m,588Mi,0.005827499675925921,N/A,548143104.0,N/A,0.005566608061087631,N/A,536242176.0,N/A,0.00472225125805899,nan,631992320.0,0.0,0.004996552816862078,N/A,619513173.3333334,N/A,0.3597514275211404,79.55380577427822,749122560.0,16.07037037037037,0.008152958182757138,N/A,643721216.0,N/A,0.007809282315736566,N/A,575788373.3333334,N/A,0.32472957217973225,268.2648401826487,766785536.0,7.840740740740739,0.25890754946634104,78.28125000000001,760580096.0,15.3037037037037,0.006553896876890833,N/A,634827776.0,N/A,0.007288577822215089,N/A,636360021.3333334,N/A,0.22846615657596298,107.64822134387339,70258688.0,29.011111111111113,0.008113665093000653,N/A,612674218.6666666,N/A
2025-04-29 21:25:33,100m,200Mi,46m,245Mi,100m,300Mi,8m,526Mi,100m,300Mi,8m,523Mi,100m,300Mi,8m,512Mi,100m,300Mi,8m,500Mi,100m,300Mi,8m,507Mi,100m,300Mi,7m,587Mi,100m,300Mi,11m,603Mi,100m,300Mi,5m,180Mi,100m,300Mi,8m,494Mi,100m,300Mi,8m,509Mi,100m,300Mi,8m,597Mi,100m,300Mi,7m,579Mi,100m,300Mi,8m,584Mi,100m,300Mi,8m,595Mi,100m,300Mi,7m,532Mi,100m,300Mi,7m,504Mi,100m,300Mi,7m,604Mi,100m,300Mi,8m,601Mi,100m,300Mi,527m,1177Mi,100m,300Mi,7m,590Mi,100m,300Mi,4m,48Mi,100m,300Mi,8m,591Mi,100m,300Mi,8m,552Mi,1760m,3000Mi,368m,713Mi,100m,300Mi,8m,614Mi,100m,300Mi,8m,496Mi,100m,300Mi,8m,501Mi,100m,300Mi,8m,548Mi,100m,300Mi,8m,523Mi,100m,300Mi,8m,495Mi,1600m,3000Mi,405m,733Mi,100m,300Mi,8m,497Mi,100m,300Mi,8m,569Mi,100m,300Mi,8m,572Mi,1090m,3000Mi,310m,725Mi,100m,300Mi,4m,89Mi,100m,300Mi,7m,599Mi,100m,300Mi,8m,605Mi,100m,300Mi,7m,479Mi,100m,300Mi,8m,607Mi,100m,300Mi,7m,571Mi,50m,100Mi,328m,67Mi,100m,300Mi,7m,584Mi,100m,300Mi,8m,462Mi,100m,300Mi,4m,62Mi,100m,300Mi,8m,588Mi,0.0082144703364158,N/A,548265984.0,N/A,0.007971776173416297,N/A,536454144.0,N/A,0.015701392048039064,462.49708401373016,631810048.0,0.022217039455661433,0.00825395786994648,N/A,619787264.0,N/A,0.37556330691460554,64.38331494160877,748660053.3333334,15.866645688802015,0.004399933333333668,N/A,643790848.0,N/A,0.008827209985650156,N/A,574915925.3333334,N/A,0.2800612531783551,192.81198058778202,768679936.0,7.076102016589787,0.3215160214292903,63.68963108855099,760761002.6666667,15.751896522363639,0.006741863589844269,N/A,634789888.0,N/A,0.006063457496575721,N/A,636437504.0,N/A,0.33118368509213647,87.43371212121212,70742016.0,29.07222222222222,0.005099458188200366,N/A,612794368.0,N/A
2025-04-29 21:27:23,100m,200Mi,50m,245Mi,100m,300Mi,8m,526Mi,100m,300Mi,8m,523Mi,100m,300Mi,7m,512Mi,100m,300Mi,8m,500Mi,100m,300Mi,8m,508Mi,100m,300Mi,8m,588Mi,100m,300Mi,13m,610Mi,100m,300Mi,5m,180Mi,100m,300Mi,8m,494Mi,100m,300Mi,7m,509Mi,100m,300Mi,7m,598Mi,100m,300Mi,7m,579Mi,100m,300Mi,8m,584Mi,100m,300Mi,8m,595Mi,100m,300Mi,8m,532Mi,100m,300Mi,8m,510Mi,100m,300Mi,8m,604Mi,100m,300Mi,7m,596Mi,100m,300Mi,551m,1178Mi,100m,300Mi,8m,590Mi,100m,300Mi,4m,48Mi,100m,300Mi,8m,591Mi,100m,300Mi,7m,553Mi,1410m,3000Mi,356m,715Mi,100m,300Mi,8m,614Mi,100m,300Mi,8m,497Mi,100m,300Mi,7m,501Mi,100m,300Mi,8m,549Mi,100m,300Mi,7m,523Mi,100m,300Mi,8m,495Mi,1280m,3000Mi,371m,734Mi,100m,300Mi,8m,497Mi,100m,300Mi,8m,568Mi,100m,300Mi,8m,572Mi,870m,3000Mi,300m,729Mi,100m,300Mi,4m,89Mi,100m,300Mi,8m,599Mi,100m,300Mi,8m,606Mi,100m,300Mi,8m,479Mi,100m,300Mi,8m,607Mi,100m,300Mi,8m,571Mi,50m,100Mi,321m,68Mi,100m,300Mi,8m,584Mi,100m,300Mi,8m,462Mi,100m,300Mi,4m,62Mi,100m,300Mi,8m,588Mi,0.005903176520329951,N/A,548205909.3333334,N/A,0.00812062022958129,N/A,536535040.0,N/A,0.051069893778450205,862.5,638106282.6666667,0.27777777777777773,0.005999518188406788,N/A,619840853.3333334,N/A,0.19847080000000691,44.532374100719466,750204245.3333334,15.066666666666665,0.0061458257592437665,N/A,644502869.3333334,N/A,0.005879921930583656,N/A,575385600.0,N/A,0.2820783498645942,174.18604651162798,769348949.3333334,7.455555555555555,0.24197527595690685,51.954022988505805,764233045.3333334,14.088888888888889,0.007726163972509696,N/A,635773952.0,N/A,0.008357701159407148,N/A,636595200.0,N/A,0.3184328668649249,77.96296296296299,71479296.0,27.388888888888886,0.0073495210157220455,N/A,612742144.0,N/A
2025-04-29 21:29:13,100m,200Mi,43m,245Mi,100m,300Mi,8m,526Mi,100m,300Mi,8m,523Mi,100m,300Mi,7m,512Mi,100m,300Mi,8m,501Mi,100m,300Mi,8m,508Mi,100m,300Mi,8m,588Mi,100m,300Mi,25m,607Mi,100m,300Mi,5m,180Mi,100m,300Mi,8m,493Mi,100m,300Mi,7m,509Mi,100m,300Mi,8m,598Mi,100m,300Mi,7m,580Mi,100m,300Mi,8m,584Mi,100m,300Mi,8m,596Mi,100m,300Mi,7m,532Mi,100m,300Mi,8m,508Mi,100m,300Mi,8m,604Mi,100m,300Mi,8m,596Mi,100m,300Mi,541m,1179Mi,100m,300Mi,7m,590Mi,100m,300Mi,4m,48Mi,100m,300Mi,8m,591Mi,100m,300Mi,7m,553Mi,1410m,3000Mi,323m,714Mi,100m,300Mi,8m,615Mi,100m,300Mi,7m,496Mi,100m,300Mi,7m,501Mi,100m,300Mi,8m,548Mi,100m,300Mi,7m,523Mi,100m,300Mi,8m,495Mi,1280m,3000Mi,389m,734Mi,100m,300Mi,8m,497Mi,100m,300Mi,8m,568Mi,100m,300Mi,8m,572Mi,870m,3000Mi,309m,727Mi,100m,300Mi,4m,88Mi,100m,300Mi,8m,599Mi,100m,300Mi,8m,606Mi,100m,300Mi,8m,480Mi,100m,300Mi,8m,607Mi,100m,300Mi,8m,571Mi,50m,100Mi,302m,68Mi,100m,300Mi,8m,584Mi,100m,300Mi,7m,462Mi,100m,300Mi,4m,62Mi,100m,300Mi,8m,589Mi,0.005412695708710944,N/A,548412074.6666666,N/A,0.0055550475778028555,N/A,536676352.0,N/A,0.015329287861323595,235.0,636719104.0,0.033333333333333326,0.008009832189607406,N/A,619951445.3333334,N/A,0.21379171312027453,82.19378427787939,750490965.3333334,14.355555555555556,0.008342334387953166,N/A,644818944.0,N/A,0.007635114041422879,N/A,575446016.0,N/A,0.34264861263288965,334.5108695652176,769757184.0,6.755555555555555,0.30815612562934636,88.77750611246948,762390528.0,14.270370370370369,0.008037463499492532,N/A,635099136.0,N/A,0.0032480000000001986,N/A,636385280.0,N/A,0.30144601027859463,98.56046065259119,71451989.33333333,26.366666666666664,0.007859360108917612,N/A,611972437.3333334,N/A
2025-04-29 21:31:04,100m,200Mi,50m,245Mi,100m,300Mi,7m,526Mi,100m,300Mi,8m,523Mi,100m,300Mi,7m,512Mi,100m,300Mi,8m,502Mi,100m,300Mi,8m,507Mi,100m,300Mi,7m,588Mi,100m,300Mi,25m,609Mi,100m,300Mi,5m,180Mi,100m,300Mi,7m,493Mi,100m,300Mi,7m,509Mi,100m,300Mi,8m,598Mi,100m,300Mi,7m,580Mi,100m,300Mi,7m,584Mi,100m,300Mi,8m,596Mi,100m,300Mi,8m,531Mi,100m,300Mi,7m,505Mi,100m,300Mi,7m,604Mi,100m,300Mi,7m,596Mi,100m,300Mi,530m,1178Mi,100m,300Mi,8m,590Mi,100m,300Mi,4m,48Mi,100m,300Mi,8m,591Mi,100m,300Mi,8m,553Mi,1130m,3000Mi,329m,715Mi,100m,300Mi,8m,615Mi,100m,300Mi,8m,496Mi,100m,300Mi,8m,503Mi,100m,300Mi,8m,549Mi,100m,300Mi,7m,523Mi,100m,300Mi,8m,495Mi,1920m,3000Mi,386m,735Mi,100m,300Mi,8m,497Mi,100m,300Mi,8m,569Mi,100m,300Mi,7m,572Mi,1310m,3000Mi,279m,726Mi,100m,300Mi,4m,88Mi,100m,300Mi,7m,599Mi,100m,300Mi,8m,606Mi,100m,300Mi,7m,480Mi,100m,300Mi,8m,612Mi,100m,300Mi,7m,571Mi,50m,100Mi,308m,67Mi,100m,300Mi,8m,584Mi,100m,300Mi,8m,461Mi,100m,300Mi,4m,62Mi,100m,300Mi,8m,588Mi,0.00752505446622997,N/A,548147200.0,N/A,0.0071243174257803596,N/A,537221802.6666666,N/A,0.009416474930649359,450.0,639052458.6666666,0.02222222222222222,0.008302769633380976,N/A,620340224.0,N/A,0.25239422471414774,32.405660377358494,750630229.3333333,13.833333333333332,0.005403199999999231,N/A,644721322.6666667,N/A,0.004657575000000236,N/A,575481173.3333334,N/A,0.3513437155457732,69.46043165467638,770161322.6666666,6.7407407407407405,0.22460573280421364,24.483505154639182,761698986.6666667,14.499999999999998,0.0074309044513752665,N/A,635579050.6666667,N/A,0.0068421199424881915,N/A,641755818.6666666,N/A,0.24997959790772314,51.791277258567014,70511274.66666666,26.183333333333334,0.008660829984416606,N/A,612184064.0,N/A
2025-04-29 21:32:54,100m,200Mi,46m,245Mi,100m,300Mi,7m,526Mi,100m,300Mi,8m,523Mi,100m,300Mi,7m,512Mi,100m,300Mi,7m,502Mi,100m,300Mi,6m,507Mi,100m,300Mi,8m,594Mi,100m,300Mi,15m,609Mi,100m,300Mi,5m,181Mi,100m,300Mi,7m,494Mi,100m,300Mi,7m,510Mi,100m,300Mi,7m,598Mi,100m,300Mi,8m,580Mi,100m,300Mi,8m,584Mi,100m,300Mi,8m,596Mi,100m,300Mi,8m,532Mi,100m,300Mi,8m,506Mi,100m,300Mi,8m,604Mi,100m,300Mi,8m,597Mi,100m,300Mi,520m,1179Mi,100m,300Mi,8m,590Mi,100m,300Mi,4m,48Mi,100m,300Mi,8m,591Mi,100m,300Mi,8m,552Mi,900m,3000Mi,323m,719Mi,100m,300Mi,8m,615Mi,100m,300Mi,8m,497Mi,100m,300Mi,8m,503Mi,100m,300Mi,8m,549Mi,100m,300Mi,8m,523Mi,100m,300Mi,7m,495Mi,1540m,3000Mi,372m,732Mi,100m,300Mi,8m,498Mi,100m,300Mi,8m,569Mi,100m,300Mi,8m,572Mi,1050m,3000Mi,277m,731Mi,100m,300Mi,4m,89Mi,100m,300Mi,8m,599Mi,100m,300Mi,8m,604Mi,100m,300Mi,7m,480Mi,100m,300Mi,8m,614Mi,100m,300Mi,8m,570Mi,50m,100Mi,302m,68Mi,100m,300Mi,8m,584Mi,100m,300Mi,8m,461Mi,100m,300Mi,4m,61Mi,100m,300Mi,8m,590Mi,0.008084388185654101,N/A,548496725.3333333,N/A,0.005015845149595036,N/A,537417045.3333334,N/A,0.007605181648690134,235.0,639016960.0,0.01111111111111111,0.007732200737677759,N/A,620365141.3333333,N/A,0.2587882429328136,52.86729857819898,754576042.6666666,12.829629629629625,0.00658331754329545,N/A,644799146.6666666,N/A,0.006073053334632605,N/A,575830016.0,N/A,0.2655216024138549,82.66891891891882,767547392.0,6.962962962962962,0.2851975844629655,30.20588235294106,766083072.0,13.140740740740739,0.008336384527001759,N/A,634180608.0,N/A,0.00834130621931617,N/A,643603114.6666666,N/A,0.2921070511913621,51.587837837837945,70718464.0,24.784985665711048,0.007874358893678029,N/A,611999744.0,N/A
2025-04-29 21:34:45,100m,200Mi,51m,246Mi,100m,300Mi,7m,526Mi,100m,300Mi,7m,523Mi,100m,300Mi,8m,513Mi,100m,300Mi,8m,501Mi,100m,300Mi,8m,508Mi,100m,300Mi,8m,593Mi,100m,300Mi,13m,609Mi,100m,300Mi,5m,180Mi,100m,300Mi,8m,494Mi,100m,300Mi,8m,517Mi,100m,300Mi,8m,598Mi,100m,300Mi,7m,580Mi,100m,300Mi,8m,584Mi,100m,300Mi,8m,595Mi,100m,300Mi,8m,532Mi,100m,300Mi,7m,505Mi,100m,300Mi,8m,604Mi,100m,300Mi,7m,597Mi,100m,300Mi,502m,1179Mi,100m,300Mi,8m,590Mi,100m,300Mi,4m,48Mi,100m,300Mi,8m,592Mi,100m,300Mi,8m,553Mi,900m,3000Mi,294m,721Mi,100m,300Mi,8m,615Mi,100m,300Mi,8m,497Mi,100m,300Mi,8m,503Mi,100m,300Mi,8m,550Mi,100m,300Mi,7m,523Mi,100m,300Mi,8m,500Mi,1540m,3000Mi,360m,733Mi,100m,300Mi,8m,502Mi,100m,300Mi,8m,569Mi,100m,300Mi,8m,572Mi,1050m,3000Mi,281m,732Mi,100m,300Mi,4m,89Mi,100m,300Mi,8m,598Mi,100m,300Mi,8m,606Mi,100m,300Mi,7m,480Mi,100m,300Mi,8m,606Mi,100m,300Mi,8m,571Mi,50m,100Mi,285m,67Mi,100m,300Mi,8m,584Mi,100m,300Mi,7m,463Mi,100m,300Mi,4m,61Mi,100m,300Mi,8m,590Mi,0.004943713957175714,N/A,548032512.0,N/A,0.005249407307686556,N/A,537598634.6666666,N/A,0.012134342439045081,235.0,639211520.0,0.02222222222222222,0.007530181248705054,N/A,620620458.6666666,N/A,0.30987682016343565,32.337962962963026,755376128.0,13.585185185185184,0.009804512974802544,N/A,644843520.0,N/A,0.0075754273667091344,N/A,576225280.0,N/A,0.3295836853909217,72.67045454545455,769264298.6666666,6.303703703703702,0.20063002163572435,24.79649890590811,768479232.0,12.637037037037036,0.008523610280932329,N/A,635004245.3333333,N/A,0.032245485025393,N/A,635604992.0,N/A,0.28936484566705734,49.241803278688536,70206805.33333333,24.05555555555555,0.007505395024721395,N/A,612113066.6666666,N/A
2025-04-29 21:36:34,100m,200Mi,50m,246Mi,100m,300Mi,8m,526Mi,100m,300Mi,8m,523Mi,100m,300Mi,7m,513Mi,100m,300Mi,8m,501Mi,100m,300Mi,8m,513Mi,100m,300Mi,8m,588Mi,100m,300Mi,13m,610Mi,100m,300Mi,4m,181Mi,100m,300Mi,7m,494Mi,100m,300Mi,8m,518Mi,100m,300Mi,8m,598Mi,100m,300Mi,7m,580Mi,100m,300Mi,8m,584Mi,100m,300Mi,8m,595Mi,100m,300Mi,8m,533Mi,100m,300Mi,7m,506Mi,100m,300Mi,8m,604Mi,100m,300Mi,8m,598Mi,100m,300Mi,450m,1178Mi,100m,300Mi,8m,590Mi,100m,300Mi,4m,48Mi,100m,300Mi,8m,592Mi,100m,300Mi,8m,553Mi,1350m,3000Mi,305m,717Mi,100m,300Mi,8m,615Mi,100m,300Mi,7m,496Mi,100m,300Mi,7m,503Mi,100m,300Mi,8m,549Mi,100m,300Mi,7m,523Mi,100m,300Mi,8m,501Mi,1230m,3000Mi,333m,737Mi,100m,300Mi,8m,501Mi,100m,300Mi,8m,569Mi,100m,300Mi,8m,572Mi,840m,3000Mi,274m,734Mi,100m,300Mi,4m,88Mi,100m,300Mi,7m,599Mi,100m,300Mi,8m,606Mi,100m,300Mi,7m,480Mi,100m,300Mi,11m,606Mi,100m,300Mi,8m,571Mi,50m,100Mi,285m,67Mi,100m,300Mi,8m,585Mi,100m,300Mi,8m,469Mi,100m,300Mi,4m,62Mi,100m,300Mi,8m,590Mi,0.006958687175043332,N/A,548630528.0,N/A,0.0035298999999990124,N/A,537567232.0,N/A,0.009113279396385418,235.0,639397888.0,0.04444444444444444,0.00881387719732535,N/A,620609536.0,N/A,0.22897026080603283,24.63116883116883,752123904.0,12.240740740740739,0.0076051970693839874,N/A,645279744.0,N/A,0.006586048803641129,N/A,575601664.0,N/A,0.13797219999999774,136.8691588785047,772145152.0,6.318518518518518,0.24496268704438437,30.119047619047592,768346794.6666667,12.11851851851852,0.004684199999999805,N/A,635842560.0,N/A,0.004208749999999384,N/A,635521706.6666666,N/A,0.2036323265876241,51.25560538116597,70804821.33333333,23.149999999999995,0.00819480943976013,N/A,612833280.0,N/A
2025-04-29 21:38:24,100m,200Mi,51m,245Mi,100m,300Mi,7m,526Mi,100m,300Mi,7m,523Mi,100m,300Mi,7m,512Mi,100m,300Mi,7m,501Mi,100m,300Mi,7m,514Mi,100m,300Mi,8m,588Mi,100m,300Mi,13m,609Mi,100m,300Mi,4m,181Mi,100m,300Mi,8m,498Mi,100m,300Mi,7m,509Mi,100m,300Mi,8m,598Mi,100m,300Mi,8m,580Mi,100m,300Mi,8m,584Mi,100m,300Mi,8m,596Mi,100m,300Mi,8m,532Mi,100m,300Mi,8m,506Mi,100m,300Mi,8m,603Mi,100m,300Mi,7m,599Mi,100m,300Mi,451m,1176Mi,100m,300Mi,8m,590Mi,100m,300Mi,4m,48Mi,100m,300Mi,8m,592Mi,100m,300Mi,8m,558Mi,1350m,3000Mi,291m,719Mi,100m,300Mi,8m,614Mi,100m,300Mi,8m,496Mi,100m,300Mi,7m,503Mi,100m,300Mi,7m,549Mi,100m,300Mi,7m,523Mi,100m,300Mi,7m,499Mi,1230m,3000Mi,339m,740Mi,100m,300Mi,8m,498Mi,100m,300Mi,8m,569Mi,100m,300Mi,11m,572Mi,840m,3000Mi,254m,732Mi,100m,300Mi,4m,88Mi,100m,300Mi,8m,599Mi,100m,300Mi,8m,607Mi,100m,300Mi,7m,480Mi,100m,300Mi,11m,607Mi,100m,300Mi,8m,571Mi,50m,100Mi,277m,67Mi,100m,300Mi,8m,584Mi,100m,300Mi,7m,470Mi,100m,300Mi,5m,66Mi,100m,300Mi,8m,590Mi,0.005749270710673347,N/A,548533589.3333333,N/A,0.006804818019092494,N/A,537586346.6666666,N/A,0.00810412499999984,235.0,639173973.3333334,0.02222222222222222,0.00614726837788926,N/A,620929024.0,N/A,0.18219202104890617,23.81840311587146,752059733.3333334,11.896296296296297,0.007734407242227173,N/A,644098730.6666667,N/A,0.009433636019673997,N/A,578271232.0,N/A,0.3324953853097107,90.9027777777778,775042048.0,5.825925925925926,0.2557684463459037,24.856441717791405,765490517.3333334,11.737037037037037,0.007991799268001306,N/A,636047360.0,N/A,0.00730002432794138,N/A,636600320.0,N/A,0.20340709727651482,49.312242090784046,69986986.66666667,22.08333333333333,0.007633227327558581,N/A,612851712.0,N/A
2025-04-29 21:40:15,100m,200Mi,53m,246Mi,100m,300Mi,8m,526Mi,100m,300Mi,7m,523Mi,100m,300Mi,7m,512Mi,100m,300Mi,8m,507Mi,100m,300Mi,8m,509Mi,100m,300Mi,8m,588Mi,100m,300Mi,14m,610Mi,100m,300Mi,5m,186Mi,100m,300Mi,8m,499Mi,100m,300Mi,7m,509Mi,100m,300Mi,8m,598Mi,100m,300Mi,8m,580Mi,100m,300Mi,8m,589Mi,100m,300Mi,8m,596Mi,100m,300Mi,8m,533Mi,100m,300Mi,8m,506Mi,100m,300Mi,7m,603Mi,100m,300Mi,7m,599Mi,100m,300Mi,440m,1178Mi,100m,300Mi,8m,590Mi,100m,300Mi,4m,48Mi,100m,300Mi,8m,592Mi,100m,300Mi,8m,559Mi,1080m,3000Mi,272m,717Mi,100m,300Mi,8m,615Mi,100m,300Mi,8m,497Mi,100m,300Mi,7m,503Mi,100m,300Mi,8m,555Mi,100m,300Mi,7m,523Mi,100m,300Mi,7m,496Mi,980m,3000Mi,315m,741Mi,100m,300Mi,8m,497Mi,100m,300Mi,8m,569Mi,100m,300Mi,11m,579Mi,1260m,3000Mi,251m,728Mi,100m,300Mi,4m,89Mi,100m,300Mi,7m,600Mi,100m,300Mi,8m,607Mi,100m,300Mi,7m,480Mi,100m,300Mi,7m,607Mi,100m,300Mi,7m,571Mi,50m,100Mi,268m,67Mi,100m,300Mi,8m,589Mi,100m,300Mi,8m,466Mi,100m,300Mi,4m,66Mi,100m,300Mi,8m,590Mi,0.007940472954605992,N/A,548461226.6666667,N/A,0.006923159832936425,N/A,537534464.0,N/A,0.015896347424455157,937.4999999999999,639183530.6666666,0.06666666666666665,0.007584312573443449,N/A,620903424.0,N/A,0.23499996462180248,24.263926198107573,751448064.0,11.808341786178795,0.009208971602614746,N/A,645700608.0,N/A,0.006070848006948594,N/A,582485333.3333334,N/A,0.34922930291507737,95.91567773189826,777676800.0,5.743083104427809,0.16648955386269268,22.90197106902337,763011072.0,11.308466172576251,0.007441691766004471,N/A,636656640.0,N/A,0.008080390736370286,N/A,636489728.0,N/A,0.2590468177174061,45.49621212121211,69647018.66666666,21.47222222222222,0.0052263497672905435,N/A,617588053.3333334,N/A
2025-04-29 21:42:07,100m,200Mi,47m,245Mi,100m,300Mi,8m,533Mi,100m,300Mi,7m,523Mi,100m,300Mi,7m,512Mi,100m,300Mi,7m,507Mi,100m,300Mi,7m,508Mi,100m,300Mi,8m,588Mi,100m,300Mi,16m,615Mi,100m,300Mi,5m,187Mi,100m,300Mi,7m,494Mi,100m,300Mi,7m,510Mi,100m,300Mi,8m,598Mi,100m,300Mi,8m,580Mi,100m,300Mi,8m,590Mi,100m,300Mi,8m,596Mi,100m,300Mi,8m,533Mi,100m,300Mi,7m,506Mi,100m,300Mi,8m,604Mi,100m,300Mi,12m,600Mi,100m,300Mi,443m,1179Mi,100m,300Mi,8m,595Mi,100m,300Mi,4m,49Mi,100m,300Mi,7m,592Mi,100m,300Mi,7m,555Mi,860m,3000Mi,278m,714Mi,100m,300Mi,8m,620Mi,100m,300Mi,7m,497Mi,100m,300Mi,7m,503Mi,100m,300Mi,8m,555Mi,100m,300Mi,7m,523Mi,100m,300Mi,7m,496Mi,1470m,3000Mi,306m,740Mi,100m,300Mi,6m,498Mi,100m,300Mi,7m,569Mi,100m,300Mi,8m,580Mi,1010m,3000Mi,241m,729Mi,100m,300Mi,4m,89Mi,100m,300Mi,8m,600Mi,100m,300Mi,8m,607Mi,100m,300Mi,7m,480Mi,100m,300Mi,8m,607Mi,100m,300Mi,8m,576Mi,50m,100Mi,260m,66Mi,100m,300Mi,8m,588Mi,100m,300Mi,7m,464Mi,100m,300Mi,4m,62Mi,100m,300Mi,8m,595Mi,0.0051245119052765135,N/A,548253696.0,N/A,0.007554124405349238,N/A,537449813.3333334,N/A,0.02673621346886805,475.0,644548608.0,0.06666666666666665,0.0072266113425998825,N/A,621002752.0,N/A,0.14876787499999863,24.457216494845362,750891008.0,10.729629629629628,0.0074489273143331656,N/A,649991509.3333333,N/A,0.007250349086169789,N/A,581670229.3333334,N/A,0.22529421907028802,76.82291666666679,774888106.6666666,5.455555555555555,0.17882613861362906,23.52781211372066,764477440.0,10.788888888888888,0.008184911334006128,N/A,636097536.0,N/A,0.00881218490076318,N/A,636788736.0,N/A,0.23949255409525316,47.14228295819936,69970944.0,20.255555555555553,0.00623213370296166,N/A,616715605.3333334,N/A
2025-04-29 21:43:57,100m,200Mi,47m,246Mi,100m,300Mi,7m,534Mi,100m,300Mi,7m,523Mi,100m,300Mi,7m,513Mi,100m,300Mi,7m,501Mi,100m,300Mi,7m,507Mi,100m,300Mi,8m,588Mi,100m,300Mi,19m,614Mi,100m,300Mi,5m,188Mi,100m,300Mi,7m,493Mi,100m,300Mi,7m,509Mi,100m,300Mi,8m,598Mi,100m,300Mi,8m,580Mi,100m,300Mi,8m,586Mi,100m,300Mi,8m,596Mi,100m,300Mi,8m,533Mi,100m,300Mi,7m,506Mi,100m,300Mi,9m,611Mi,100m,300Mi,11m,599Mi,100m,300Mi,408m,1184Mi,100m,300Mi,8m,594Mi,100m,300Mi,4m,49Mi,100m,300Mi,8m,592Mi,100m,300Mi,8m,554Mi,860m,3000Mi,252m,717Mi,100m,300Mi,9m,620Mi,100m,300Mi,8m,497Mi,100m,300Mi,8m,503Mi,100m,300Mi,8m,549Mi,100m,300Mi,7m,527Mi,100m,300Mi,7m,497Mi,1470m,3000Mi,305m,736Mi,100m,300Mi,8m,498Mi,100m,300Mi,8m,569Mi,100m,300Mi,9m,572Mi,1010m,3000Mi,243m,730Mi,100m,300Mi,4m,89Mi,100m,300Mi,9m,606Mi,100m,300Mi,8m,612Mi,100m,300Mi,7m,479Mi,100m,300Mi,8m,608Mi,100m,300Mi,8m,577Mi,50m,100Mi,240m,68Mi,100m,300Mi,9m,583Mi,100m,300Mi,7m,465Mi,100m,300Mi,4m,63Mi,100m,300Mi,8m,596Mi,0.007441251872815263,N/A,548255061.3333334,N/A,0.0058751025346070185,N/A,537527637.3333334,N/A,0.012578255935859489,235.0,643645440.0,0.04444444444444444,0.00815932194439409,N/A,620698282.6666667,N/A,0.2555436035256385,24.219823356231593,752269312.0,10.370370370370368,0.007836168761141293,N/A,649469952.0,N/A,0.006194317576076083,N/A,576312661.3333333,N/A,0.30109937469188797,70.38461538461544,771679573.3333333,5.3,0.1952520859535027,24.22515337423312,764546048.0,9.703703703703702,0.008197015704321745,N/A,641425408.0,N/A,0.006500403302469549,N/A,637100032.0,N/A,0.2385774610065532,49.28515625,70375424.0,18.988888888888884,0.007636075395784575,N/A,613598549.3333334,N/A
2025-04-29 21:45:48,100m,200Mi,46m,250Mi,100m,300Mi,7m,530Mi,100m,300Mi,7m,523Mi,100m,300Mi,8m,513Mi,100m,300Mi,7m,501Mi,100m,300Mi,8m,507Mi,100m,300Mi,8m,588Mi,100m,300Mi,16m,615Mi,100m,300Mi,5m,180Mi,100m,300Mi,8m,494Mi,100m,300Mi,7m,509Mi,100m,300Mi,8m,598Mi,100m,300Mi,7m,580Mi,100m,300Mi,8m,585Mi,100m,300Mi,7m,596Mi,100m,300Mi,8m,539Mi,100m,300Mi,7m,506Mi,100m,300Mi,8m,611Mi,100m,300Mi,10m,599Mi,100m,300Mi,390m,1183Mi,100m,300Mi,8m,591Mi,100m,300Mi,4m,53Mi,100m,300Mi,9m,596Mi,100m,300Mi,8m,553Mi,690m,3000Mi,251m,718Mi,100m,300Mi,9m,614Mi,100m,300Mi,9m,501Mi,100m,300Mi,8m,502Mi,100m,300Mi,8m,549Mi,100m,300Mi,8m,529Mi,100m,300Mi,8m,497Mi,1180m,3000Mi,293m,737Mi,100m,300Mi,8m,498Mi,100m,300Mi,8m,569Mi,100m,300Mi,9m,572Mi,810m,3000Mi,221m,729Mi,100m,300Mi,4m,89Mi,100m,300Mi,8m,608Mi,100m,300Mi,8m,614Mi,100m,300Mi,7m,480Mi,100m,300Mi,8m,607Mi,100m,300Mi,8m,571Mi,50m,100Mi,210m,72Mi,100m,300Mi,8m,583Mi,100m,300Mi,8m,465Mi,100m,300Mi,4m,63Mi,100m,300Mi,11m,591Mi,0.007729663336687297,N/A,548350976.0,N/A,0.009989669374985823,N/A,540328960.0,N/A,0.011392262261799058,475.0,642243584.0,0.02222222222222222,0.009620252555621395,N/A,623484928.0,N/A,0.22310266675072943,24.87925696594427,752913066.6666666,10.137037037037034,0.007573084893268238,N/A,643745109.3333334,N/A,0.006450851102166935,N/A,575983616.0,N/A,0.17325352499999555,49.63855421686747,773047637.3333334,5.0703703703703695,0.13624390112498452,23.370653685674554,764695893.3333334,9.222222222222221,0.006543204948362044,N/A,643659776.0,N/A,0.00803478100846413,N/A,636892501.3333334,N/A,0.15243928638213255,46.37788778877889,74220885.33333333,18.42222222222222,0.005057825000000094,N/A,611786752.0,N/A
2025-04-29 21:47:37,100m,200Mi,54m,251Mi,100m,300Mi,7m,527Mi,100m,300Mi,8m,523Mi,100m,300Mi,8m,518Mi,100m,300Mi,7m,501Mi,100m,300Mi,8m,508Mi,100m,300Mi,7m,587Mi,100m,300Mi,14m,610Mi,100m,300Mi,4m,180Mi,100m,300Mi,7m,494Mi,100m,300Mi,8m,509Mi,100m,300Mi,8m,603Mi,100m,300Mi,7m,580Mi,100m,300Mi,7m,585Mi,100m,300Mi,8m,596Mi,100m,300Mi,8m,539Mi,100m,300Mi,8m,506Mi,100m,300Mi,8m,604Mi,100m,300Mi,7m,599Mi,100m,300Mi,390m,1178Mi,100m,300Mi,8m,590Mi,100m,300Mi,4m,54Mi,100m,300Mi,8m,596Mi,100m,300Mi,8m,554Mi,690m,3000Mi,235m,718Mi,100m,300Mi,8m,614Mi,100m,300Mi,8m,502Mi,100m,300Mi,8m,507Mi,100m,300Mi,8m,549Mi,100m,300Mi,8m,528Mi,100m,300Mi,8m,497Mi,1180m,3000Mi,283m,737Mi,100m,300Mi,8m,498Mi,100m,300Mi,8m,569Mi,100m,300Mi,8m,573Mi,810m,3000Mi,201m,729Mi,100m,300Mi,5m,93Mi,100m,300Mi,9m,604Mi,100m,300Mi,9m,607Mi,100m,300Mi,8m,479Mi,100m,300Mi,8m,608Mi,100m,300Mi,8m,572Mi,50m,100Mi,230m,73Mi,100m,300Mi,8m,584Mi,100m,300Mi,9m,465Mi,100m,300Mi,4m,62Mi,100m,300Mi,11m,591Mi,0.00585935902604264,N/A,548265984.0,N/A,0.005812818273658615,N/A,543384917.3333333,N/A,0.0036499666666638102,450.0,639637504.0,0.0,0.010708229887486433,N/A,625255765.3333333,N/A,0.13453485,23.006321733264265,752683690.6666666,9.364668991610948,0.005779320472596378,N/A,643480234.6666666,N/A,0.00623426862389592,N/A,575997269.3333334,N/A,0.19179065989436592,48.031472684085514,772861952.0,4.796296296296296,0.20198002246122795,21.329910141206675,764452864.0,9.125925925925923,0.008161384460228611,N/A,638354432.0,N/A,0.006530111844450072,N/A,637512362.6666666,N/A,0.2179891944107474,41.71491228070177,76080128.0,17.28333333333333,0.012308137353013723,N/A,612126720.0,N/A
2025-04-29 21:49:28,100m,200Mi,52m,246Mi,100m,300Mi,8m,527Mi,100m,300Mi,8m,527Mi,100m,300Mi,8m,518Mi,100m,300Mi,8m,501Mi,100m,300Mi,8m,508Mi,100m,300Mi,8m,589Mi,100m,300Mi,12m,610Mi,100m,300Mi,5m,181Mi,100m,300Mi,8m,494Mi,100m,300Mi,8m,510Mi,100m,300Mi,8m,604Mi,100m,300Mi,8m,580Mi,100m,300Mi,7m,585Mi,100m,300Mi,8m,596Mi,100m,300Mi,8m,533Mi,100m,300Mi,8m,505Mi,100m,300Mi,8m,604Mi,100m,300Mi,7m,599Mi,100m,300Mi,376m,1178Mi,100m,300Mi,9m,591Mi,100m,300Mi,5m,48Mi,100m,300Mi,9m,595Mi,100m,300Mi,9m,554Mi,1040m,3000Mi,207m,717Mi,100m,300Mi,9m,614Mi,100m,300Mi,8m,499Mi,100m,300Mi,8m,508Mi,100m,300Mi,8m,550Mi,100m,300Mi,8m,522Mi,100m,300Mi,8m,497Mi,940m,3000Mi,260m,737Mi,100m,300Mi,8m,498Mi,100m,300Mi,8m,569Mi,100m,300Mi,8m,573Mi,650m,3000Mi,207m,729Mi,100m,300Mi,5m,95Mi,100m,300Mi,9m,601Mi,100m,300Mi,9m,608Mi,100m,300Mi,8m,485Mi,100m,300Mi,8m,607Mi,100m,300Mi,9m,571Mi,50m,100Mi,203m,67Mi,100m,300Mi,8m,584Mi,100m,300Mi,8m,466Mi,100m,300Mi,4m,61Mi,100m,300Mi,8m,591Mi,0.006880848065197862,N/A,552909482.6666667,N/A,0.006364679999999795,N/A,543398570.6666666,N/A,0.013246176372929934,400.0,639636821.3333334,0.04444444444444444,0.005148304309820153,N/A,624306176.0,N/A,0.2318740093169382,22.51837276434652,752466602.6666667,8.875845152875964,0.007362939868522416,N/A,643994624.0,N/A,0.008105759383095155,N/A,576393216.0,N/A,0.25596089021081225,48.65006553079947,772643840.0,4.503703703703704,0.18775382188333298,22.05208333333333,764519424.0,8.992592592592592,0.007925487902614868,N/A,636868608.0,N/A,0.00824267429604049,N/A,636444672.0,N/A,0.21054869985889324,43.718323586744674,71398741.33333333,16.416666666666664,0.005536997106413989,N/A,612152661.3333334,N/A
2025-04-29 21:51:18,100m,200Mi,52m,246Mi,100m,300Mi,8m,527Mi,100m,300Mi,8m,530Mi,100m,300Mi,8m,515Mi,100m,300Mi,8m,501Mi,100m,300Mi,8m,508Mi,100m,300Mi,8m,589Mi,100m,300Mi,11m,613Mi,100m,300Mi,5m,181Mi,100m,300Mi,8m,494Mi,100m,300Mi,8m,510Mi,100m,300Mi,8m,602Mi,100m,300Mi,8m,585Mi,100m,300Mi,8m,585Mi,100m,300Mi,8m,600Mi,100m,300Mi,8m,533Mi,100m,300Mi,8m,506Mi,100m,300Mi,8m,604Mi,100m,300Mi,7m,599Mi,100m,300Mi,342m,1177Mi,100m,300Mi,8m,590Mi,100m,300Mi,4m,48Mi,100m,300Mi,9m,592Mi,100m,300Mi,9m,554Mi,830m,3000Mi,211m,718Mi,100m,300Mi,8m,614Mi,100m,300Mi,8m,495Mi,100m,300Mi,8m,502Mi,100m,300Mi,8m,549Mi,100m,300Mi,8m,523Mi,100m,300Mi,7m,497Mi,750m,3000Mi,244m,737Mi,100m,300Mi,8m,498Mi,100m,300Mi,8m,574Mi,100m,300Mi,9m,573Mi,520m,3000Mi,198m,729Mi,100m,300Mi,4m,92Mi,100m,300Mi,8m,601Mi,100m,300Mi,9m,607Mi,100m,300Mi,8m,485Mi,100m,300Mi,8m,608Mi,100m,300Mi,8m,572Mi,50m,100Mi,196m,66Mi,100m,300Mi,9m,584Mi,100m,300Mi,8m,466Mi,100m,300Mi,4m,63Mi,100m,300Mi,8m,592Mi,0.007482232291915596,N/A,555335680.0,N/A,0.008090804081370999,N/A,538596693.3333334,N/A,0.007810725297756338,nan,643007488.0,0.0,0.005948518477450773,N/A,620900352.0,N/A,0.21995447154473843,23.27459459459459,753309013.3333334,8.711111111111109,0.005341533333334306,N/A,644153344.0,N/A,0.005841044104697761,N/A,575812608.0,N/A,0.20680435202886183,47.26017441860465,773496832.0,3.9,0.1786206047713156,22.712660028449505,764443306.6666666,8.637037037037038,0.006830892552019897,N/A,637009920.0,N/A,0.0056486765196202,N/A,637358080.0,N/A,0.15328416178610801,42.479338842975196,69033984.0,15.683333333333334,0.008434089078144956,N/A,612406272.0,N/A
2025-04-29 21:53:09,100m,200Mi,45m,246Mi,100m,300Mi,8m,526Mi,100m,300Mi,8m,524Mi,100m,300Mi,8m,513Mi,100m,300Mi,7m,502Mi,100m,300Mi,8m,508Mi,100m,300Mi,11m,589Mi,100m,300Mi,9m,613Mi,100m,300Mi,5m,180Mi,100m,300Mi,7m,494Mi,100m,300Mi,7m,510Mi,100m,300Mi,8m,598Mi,100m,300Mi,9m,585Mi,100m,300Mi,8m,585Mi,100m,300Mi,8m,601Mi,100m,300Mi,9m,533Mi,100m,300Mi,8m,506Mi,100m,300Mi,8m,604Mi,100m,300Mi,8m,606Mi,100m,300Mi,343m,1177Mi,100m,300Mi,8m,590Mi,100m,300Mi,4m,48Mi,100m,300Mi,9m,592Mi,100m,300Mi,8m,553Mi,830m,3000Mi,200m,719Mi,100m,300Mi,8m,614Mi,100m,300Mi,8m,496Mi,100m,300Mi,7m,501Mi,100m,300Mi,8m,549Mi,100m,300Mi,7m,522Mi,100m,300Mi,7m,497Mi,750m,3000Mi,230m,737Mi,100m,300Mi,8m,498Mi,100m,300Mi,8m,575Mi,100m,300Mi,8m,573Mi,520m,3000Mi,177m,729Mi,100m,300Mi,4m,88Mi,100m,300Mi,8m,601Mi,100m,300Mi,8m,608Mi,100m,300Mi,8m,480Mi,100m,300Mi,8m,607Mi,100m,300Mi,8m,571Mi,50m,100Mi,201m,66Mi,100m,300Mi,7m,584Mi,100m,300Mi,8m,466Mi,100m,300Mi,4m,63Mi,100m,300Mi,8m,591Mi,0.007482630570196825,N/A,549851136.0,N/A,0.0044415499999999495,N/A,537643690.6666667,N/A,0.008384329975083281,nan,643399680.0,0.0,0.00467187499999966,N/A,620847104.0,N/A,0.14059576860973688,22.90502128749172,753750016.0,8.168561872083515,0.006422358975196015,N/A,644272128.0,N/A,0.006295069929679246,N/A,575755605.3333334,N/A,0.09290059999999964,67.3715242316724,773472256.0,3.989826116385177,0.16179281623016456,22.40437260790451,764553216.0,7.583238350736516,0.007111465001757951,N/A,637075456.0,N/A,0.007929062844542149,N/A,636495872.0,N/A,0.18896891771530502,43.55790645879732,69112832.0,14.9,0.0076778444090881215,N/A,612428800.0,N/A
2025-04-29 21:54:58,100m,200Mi,52m,246Mi,100m,300Mi,7m,527Mi,100m,300Mi,7m,522Mi,100m,300Mi,7m,513Mi,100m,300Mi,7m,502Mi,100m,300Mi,7m,508Mi,100m,300Mi,11m,589Mi,100m,300Mi,10m,614Mi,100m,300Mi,5m,180Mi,100m,300Mi,8m,494Mi,100m,300Mi,8m,510Mi,100m,300Mi,8m,597Mi,100m,300Mi,8m,585Mi,100m,300Mi,8m,585Mi,100m,300Mi,9m,601Mi,100m,300Mi,9m,534Mi,100m,300Mi,8m,510Mi,100m,300Mi,8m,605Mi,100m,300Mi,8m,607Mi,100m,300Mi,314m,1175Mi,100m,300Mi,8m,590Mi,100m,300Mi,4m,49Mi,100m,300Mi,8m,592Mi,100m,300Mi,8m,554Mi,660m,3000Mi,190m,719Mi,100m,300Mi,8m,614Mi,100m,300Mi,8m,496Mi,100m,300Mi,7m,501Mi,100m,300Mi,8m,549Mi,100m,300Mi,7m,522Mi,100m,300Mi,7m,497Mi,600m,3000Mi,214m,738Mi,100m,300Mi,8m,498Mi,100m,300Mi,8m,567Mi,100m,300Mi,8m,573Mi,780m,3000Mi,168m,730Mi,100m,300Mi,4m,89Mi,100m,300Mi,8m,601Mi,100m,300Mi,7m,608Mi,100m,300Mi,7m,480Mi,100m,300Mi,7m,608Mi,100m,300Mi,8m,571Mi,50m,100Mi,181m,66Mi,100m,300Mi,7m,584Mi,100m,300Mi,8m,466Mi,100m,300Mi,4m,62Mi,100m,300Mi,8m,591Mi,0.005070207466524883,N/A,547557376.0,N/A,0.00932337055247383,N/A,537743360.0,N/A,0.009724865288916458,235.0,644131498.6666666,0.04444444444444444,0.007551971755131315,N/A,620694528.0,N/A,0.18401546865067264,23.64873035066506,753550336.0,7.696296296296296,0.008238372546470902,N/A,644240725.3333334,N/A,0.00802708898269631,N/A,575833429.3333333,N/A,0.19676332339386762,48.75,773597866.6666667,3.688888888888888,0.1415075881391465,20.97818791946309,765229738.6666666,7.0592592592592585,0.00734261118208888,N/A,637329408.0,N/A,0.006131867184486962,N/A,637415424.0,N/A,0.13895315982049136,42.81674208144796,69408085.33333333,13.76111111111111,0.0080598923731068,N/A,612333568.0,N/A
2025-04-29 21:56:48,100m,200Mi,51m,246Mi,100m,300Mi,7m,527Mi,100m,300Mi,7m,522Mi,100m,300Mi,8m,513Mi,100m,300Mi,7m,501Mi,100m,300Mi,7m,508Mi,100m,300Mi,12m,587Mi,100m,300Mi,12m,614Mi,100m,300Mi,4m,181Mi,100m,300Mi,7m,494Mi,100m,300Mi,8m,510Mi,100m,300Mi,8m,597Mi,100m,300Mi,8m,580Mi,100m,300Mi,8m,585Mi,100m,300Mi,8m,595Mi,100m,300Mi,8m,534Mi,100m,300Mi,7m,512Mi,100m,300Mi,7m,604Mi,100m,300Mi,8m,604Mi,100m,300Mi,291m,1173Mi,100m,300Mi,7m,590Mi,100m,300Mi,4m,48Mi,100m,300Mi,8m,593Mi,100m,300Mi,8m,554Mi,660m,3000Mi,183m,718Mi,100m,300Mi,8m,614Mi,100m,300Mi,8m,495Mi,100m,300Mi,7m,501Mi,100m,300Mi,8m,549Mi,100m,300Mi,7m,523Mi,100m,300Mi,8m,497Mi,600m,3000Mi,201m,737Mi,100m,300Mi,8m,498Mi,100m,300Mi,8m,567Mi,100m,300Mi,8m,573Mi,780m,3000Mi,157m,730Mi,100m,300Mi,4m,89Mi,100m,300Mi,8m,600Mi,100m,300Mi,7m,608Mi,100m,300Mi,8m,480Mi,100m,300Mi,8m,607Mi,100m,300Mi,8m,572Mi,50m,100Mi,167m,67Mi,100m,300Mi,7m,584Mi,100m,300Mi,7m,466Mi,100m,300Mi,4m,63Mi,100m,300Mi,8m,591Mi,0.007496121866468862,N/A,547407189.3333334,N/A,0.007104048702254181,N/A,538056021.3333334,N/A,0.011136754246224878,235.0,643911680.0,0.022277059435102265,0.008575981389939724,N/A,621455360.0,N/A,0.17014622465343035,23.588782222796453,753330176.0,6.772189510129169,0.007890404984424077,N/A,644381354.6666666,N/A,0.007697914135276814,N/A,576130048.0,N/A,0.19746991778774267,71.43259178137976,772857856.0,3.5421255664651006,0.11430442106684967,22.260891824595216,765569706.6666667,6.538380920950875,0.006148968346554199,N/A,637874176.0,N/A,0.008603107944171942,N/A,636589056.0,N/A,0.11969976105063578,46.60049627791564,70133760.0,12.76111111111111,0.0064987040660902965,N/A,612327424.0,N/A
2025-04-29 21:58:37,100m,200Mi,52m,246Mi,100m,300Mi,7m,526Mi,100m,300Mi,7m,522Mi,100m,300Mi,7m,513Mi,100m,300Mi,8m,501Mi,100m,300Mi,7m,508Mi,100m,300Mi,8m,589Mi,100m,300Mi,12m,614Mi,100m,300Mi,5m,181Mi,100m,300Mi,7m,494Mi,100m,300Mi,8m,510Mi,100m,300Mi,7m,598Mi,100m,300Mi,7m,579Mi,100m,300Mi,8m,585Mi,100m,300Mi,7m,595Mi,100m,300Mi,8m,534Mi,100m,300Mi,8m,512Mi,100m,300Mi,8m,604Mi,100m,300Mi,8m,600Mi,100m,300Mi,297m,1172Mi,100m,300Mi,8m,591Mi,100m,300Mi,4m,49Mi,100m,300Mi,8m,592Mi,100m,300Mi,7m,554Mi,530m,3000Mi,171m,719Mi,100m,300Mi,8m,614Mi,100m,300Mi,7m,495Mi,100m,300Mi,7m,502Mi,100m,300Mi,8m,550Mi,100m,300Mi,6m,523Mi,100m,300Mi,7m,497Mi,900m,3000Mi,192m,738Mi,100m,300Mi,7m,498Mi,100m,300Mi,7m,567Mi,100m,300Mi,8m,573Mi,620m,3000Mi,156m,730Mi,100m,300Mi,4m,89Mi,100m,300Mi,8m,602Mi,100m,300Mi,8m,608Mi,100m,300Mi,7m,480Mi,100m,300Mi,8m,608Mi,100m,300Mi,8m,572Mi,50m,100Mi,168m,67Mi,100m,300Mi,8m,584Mi,100m,300Mi,7m,466Mi,100m,300Mi,4m,63Mi,100m,300Mi,8m,591Mi,0.007667982100701109,N/A,547006464.0,N/A,0.006875686385507349,N/A,538062848.0,N/A,0.01820268060409716,450.0,644292608.0,0.04444444444444444,0.006954981420764165,N/A,620793856.0,N/A,0.14971477372103664,23.4746835443038,753945258.6666667,6.225925925925926,0.005138433202967933,N/A,644262570.6666666,N/A,0.004857205041988063,N/A,576401408.0,N/A,0.15347975230744973,49.19166666666668,774195882.6666666,3.374074074074073,0.08849479126402697,22.73333333333334,765551957.3333334,6.496296296296295,0.007966130836475729,N/A,637523968.0,N/A,0.005391441171428081,N/A,637513728.0,N/A,0.1543451467218414,42.50620347394539,69753856.0,12.044444444444443,0.008082298424467088,N/A,612818944.0,N/A
2025-04-29 22:00:28,100m,200Mi,47m,375Mi,100m,300Mi,7m,527Mi,100m,300Mi,7m,523Mi,100m,300Mi,7m,512Mi,100m,300Mi,8m,501Mi,100m,300Mi,7m,508Mi,100m,300Mi,8m,589Mi,100m,300Mi,11m,614Mi,100m,300Mi,5m,181Mi,100m,300Mi,7m,494Mi,100m,300Mi,7m,510Mi,100m,300Mi,8m,598Mi,100m,300Mi,8m,579Mi,100m,300Mi,8m,585Mi,100m,300Mi,8m,595Mi,100m,300Mi,8m,534Mi,100m,300Mi,7m,505Mi,100m,300Mi,8m,604Mi,100m,300Mi,8m,599Mi,100m,300Mi,280m,1170Mi,100m,300Mi,7m,591Mi,100m,300Mi,4m,49Mi,100m,300Mi,8m,592Mi,100m,300Mi,8m,553Mi,420m,3000Mi,154m,719Mi,100m,300Mi,7m,615Mi,100m,300Mi,7m,495Mi,100m,300Mi,7m,502Mi,100m,300Mi,8m,550Mi,100m,300Mi,8m,523Mi,100m,300Mi,8m,497Mi,720m,3000Mi,187m,739Mi,100m,300Mi,8m,498Mi,100m,300Mi,8m,567Mi,100m,300Mi,8m,573Mi,500m,3000Mi,150m,731Mi,100m,300Mi,4m,89Mi,100m,300Mi,8m,600Mi,100m,300Mi,8m,607Mi,100m,300Mi,7m,480Mi,100m,300Mi,8m,613Mi,100m,300Mi,8m,572Mi,50m,100Mi,158m,66Mi,100m,300Mi,7m,584Mi,100m,300Mi,7m,466Mi,100m,300Mi,4m,63Mi,100m,300Mi,8m,591Mi,0.005568280132124169,N/A,548018858.6666666,N/A,0.008956347267778036,N/A,537257984.0,N/A,0.010617561307382811,475.0,643858432.0,0.02222222222222222,0.008248115455220943,N/A,620855296.0,N/A,0.12472996275011873,24.53591160220995,754068138.6666666,6.14074074074074,0.006209200623567942,N/A,644504234.6666666,N/A,0.006596436694774576,N/A,577110016.0,N/A,0.1323078126144899,48.59565291830724,774377472.0,3.0177998415554224,0.12553941444842656,22.5341065060015,765867349.3333334,5.7319823588498195,0.0063442444746613326,N/A,636985344.0,N/A,0.007474267953541856,N/A,643260416.0,N/A,0.1435557280149612,43.68347338935574,68950016.0,10.87222222222222,0.0055893071100742535,N/A,612795733.3333334,N/A
2025-04-29 22:02:20,100m,200Mi,44m,246Mi,100m,300Mi,7m,527Mi,100m,300Mi,8m,522Mi,100m,300Mi,7m,512Mi,100m,300Mi,8m,501Mi,100m,300Mi,8m,508Mi,100m,300Mi,8m,594Mi,100m,300Mi,9m,614Mi,100m,300Mi,5m,180Mi,100m,300Mi,7m,494Mi,100m,300Mi,7m,510Mi,100m,300Mi,7m,598Mi,100m,300Mi,7m,580Mi,100m,300Mi,7m,585Mi,100m,300Mi,8m,596Mi,100m,300Mi,8m,534Mi,100m,300Mi,7m,505Mi,100m,300Mi,7m,605Mi,100m,300Mi,8m,599Mi,100m,300Mi,262m,1168Mi,100m,300Mi,8m,591Mi,100m,300Mi,4m,49Mi,100m,300Mi,8m,592Mi,100m,300Mi,8m,554Mi,420m,3000Mi,150m,724Mi,100m,300Mi,8m,614Mi,100m,300Mi,7m,495Mi,100m,300Mi,8m,502Mi,100m,300Mi,8m,549Mi,100m,300Mi,8m,523Mi,100m,300Mi,7m,497Mi,720m,3000Mi,171m,738Mi,100m,300Mi,7m,498Mi,100m,300Mi,8m,568Mi,100m,300Mi,7m,573Mi,500m,3000Mi,128m,730Mi,100m,300Mi,4m,89Mi,100m,300Mi,8m,600Mi,100m,300Mi,8m,608Mi,100m,300Mi,7m,480Mi,100m,300Mi,8m,615Mi,100m,300Mi,8m,571Mi,50m,100Mi,146m,65Mi,100m,300Mi,8m,584Mi,100m,300Mi,7m,466Mi,100m,300Mi,4m,63Mi,100m,300Mi,8m,591Mi,0.006185567520579006,N/A,547348480.0,N/A,0.007219043887147553,N/A,537354240.0,N/A,0.007737009919697664,nan,643547136.0,0.0,0.0044205750000003265,N/A,620975445.3333333,N/A,0.0788795000000164,22.822347266881025,759122602.6666667,5.425925925925926,0.008659111628848972,N/A,644091904.0,N/A,0.007221166513775327,N/A,576289450.6666666,N/A,0.14463036332948792,47.5196463654224,774341973.3333333,2.7481481481481476,0.08536859461399965,22.011299435028256,765721258.6666666,5.533333333333332,0.007454472351032911,N/A,637643434.6666666,N/A,0.007840936222551748,N/A,644802560.0,N/A,0.13580252248045008,41.81603773584905,68713130.66666667,10.277777777777777,0.0077939041140689825,N/A,612478976.0,N/A
2025-04-29 22:04:12,100m,200Mi,45m,246Mi,100m,300Mi,7m,527Mi,100m,300Mi,7m,522Mi,100m,300Mi,7m,513Mi,100m,300Mi,8m,501Mi,100m,300Mi,7m,508Mi,100m,300Mi,8m,595Mi,100m,300Mi,9m,613Mi,100m,300Mi,4m,180Mi,100m,300Mi,8m,494Mi,100m,300Mi,7m,510Mi,100m,300Mi,8m,597Mi,100m,300Mi,7m,581Mi,100m,300Mi,8m,585Mi,100m,300Mi,8m,596Mi,100m,300Mi,8m,534Mi,100m,300Mi,8m,505Mi,100m,300Mi,8m,604Mi,100m,300Mi,7m,599Mi,100m,300Mi,237m,1166Mi,100m,300Mi,7m,591Mi,100m,300Mi,4m,48Mi,100m,300Mi,8m,592Mi,100m,300Mi,7m,553Mi,630m,3000Mi,132m,723Mi,100m,300Mi,7m,614Mi,100m,300Mi,7m,495Mi,100m,300Mi,7m,502Mi,100m,300Mi,8m,549Mi,100m,300Mi,8m,523Mi,100m,300Mi,7m,501Mi,580m,3000Mi,157m,738Mi,100m,300Mi,7m,498Mi,100m,300Mi,8m,568Mi,100m,300Mi,8m,573Mi,400m,3000Mi,123m,730Mi,100m,300Mi,4m,89Mi,100m,300Mi,7m,601Mi,100m,300Mi,8m,608Mi,100m,300Mi,7m,480Mi,100m,300Mi,8m,607Mi,100m,300Mi,8m,572Mi,50m,100Mi,130m,66Mi,100m,300Mi,8m,584Mi,100m,300Mi,7m,466Mi,100m,300Mi,4m,63Mi,100m,300Mi,7m,591Mi,0.005703817546592874,N/A,547375786.6666667,N/A,0.005317336589580024,N/A,538151594.6666666,N/A,0.004763732823429551,nan,643238570.6666667,0.0,0.007045345210177313,N/A,621150208.0,N/A,0.119035431825379,22.581102362204724,758348800.0,5.177777777777777,0.008086233821799307,N/A,644268032.0,N/A,0.007645536114850141,N/A,576061440.0,N/A,0.13652468095908676,48.06941431670282,774190080.0,2.492592592592592,0.10483797818938635,22.67820773930754,765476864.0,4.633333333333333,0.004182475000000352,N/A,637501440.0,N/A,0.007355988170098237,N/A,636664490.6666667,N/A,0.12310181417207539,43.27361563517915,68692650.66666667,9.072222222222221,0.0076222118851030805,N/A,612530176.0,N/A
2025-04-29 22:06:02,100m,200Mi,46m,246Mi,100m,300Mi,7m,526Mi,100m,300Mi,7m,522Mi,100m,300Mi,7m,513Mi,100m,300Mi,7m,501Mi,100m,300Mi,7m,508Mi,100m,300Mi,8m,594Mi,100m,300Mi,9m,614Mi,100m,300Mi,4m,181Mi,100m,300Mi,8m,494Mi,100m,300Mi,7m,516Mi,100m,300Mi,8m,598Mi,100m,300Mi,7m,580Mi,100m,300Mi,8m,585Mi,100m,300Mi,7m,597Mi,100m,300Mi,7m,534Mi,100m,300Mi,7m,505Mi,100m,300Mi,8m,604Mi,100m,300Mi,8m,599Mi,100m,300Mi,222m,1166Mi,100m,300Mi,7m,591Mi,100m,300Mi,4m,49Mi,100m,300Mi,8m,592Mi,100m,300Mi,8m,553Mi,630m,3000Mi,125m,720Mi,100m,300Mi,8m,614Mi,100m,300Mi,8m,495Mi,100m,300Mi,7m,501Mi,100m,300Mi,8m,549Mi,100m,300Mi,7m,523Mi,100m,300Mi,7m,503Mi,460m,3000Mi,137m,739Mi,100m,300Mi,7m,498Mi,100m,300Mi,8m,567Mi,100m,300Mi,8m,572Mi,320m,3000Mi,115m,736Mi,100m,300Mi,4m,89Mi,100m,300Mi,7m,601Mi,100m,300Mi,8m,608Mi,100m,300Mi,6m,480Mi,100m,300Mi,7m,607Mi,100m,300Mi,7m,572Mi,50m,100Mi,124m,66Mi,100m,300Mi,8m,584Mi,100m,300Mi,7m,471Mi,100m,300Mi,4m,63Mi,100m,300Mi,8m,591Mi,0.007504894859300002,N/A,547803136.0,N/A,0.007926042017459901,N/A,537639936.0,N/A,0.006556059760235124,nan,643589461.3333334,0.0,0.006361229915910653,N/A,621179904.0,N/A,0.10994561171053192,22.841603053435115,754229248.0,4.155555555555555,0.007815698535461976,N/A,644224000.0,N/A,0.005871942662334084,N/A,576274432.0,N/A,0.1229284755169624,47.816455696202546,774460757.3333334,2.1629629629629625,0.12023771136012579,24.025522041763338,768892928.0,4.5629629629629616,0.00634544720019417,N/A,637441024.0,N/A,0.005579997992951091,N/A,636823552.0,N/A,0.08167819443061225,43.74517374517376,69031253.33333333,8.094444444444443,0.007270384154030446,N/A,612503552.0,N/A
2025-04-29 22:07:54,100m,200Mi,53m,246Mi,100m,300Mi,7m,527Mi,100m,300Mi,7m,522Mi,100m,300Mi,7m,513Mi,100m,300Mi,7m,506Mi,100m,300Mi,7m,513Mi,100m,300Mi,7m,588Mi,100m,300Mi,9m,614Mi,100m,300Mi,4m,181Mi,100m,300Mi,7m,494Mi,100m,300Mi,7m,517Mi,100m,300Mi,7m,597Mi,100m,300Mi,7m,580Mi,100m,300Mi,7m,585Mi,100m,300Mi,7m,596Mi,100m,300Mi,8m,533Mi,100m,300Mi,7m,505Mi,100m,300Mi,8m,604Mi,100m,300Mi,8m,599Mi,100m,300Mi,210m,1166Mi,100m,300Mi,7m,591Mi,100m,300Mi,4m,48Mi,100m,300Mi,8m,593Mi,100m,300Mi,7m,554Mi,500m,3000Mi,112m,720Mi,100m,300Mi,7m,614Mi,100m,300Mi,8m,495Mi,100m,300Mi,7m,502Mi,100m,300Mi,7m,549Mi,100m,300Mi,7m,523Mi,100m,300Mi,7m,498Mi,460m,3000Mi,128m,745Mi,100m,300Mi,7m,503Mi,100m,300Mi,7m,568Mi,100m,300Mi,7m,573Mi,320m,3000Mi,111m,737Mi,100m,300Mi,4m,89Mi,100m,300Mi,7m,601Mi,100m,300Mi,7m,608Mi,100m,300Mi,7m,480Mi,100m,300Mi,8m,608Mi,100m,300Mi,7m,572Mi,50m,100Mi,113m,66Mi,100m,300Mi,7m,584Mi,100m,300Mi,8m,472Mi,100m,300Mi,4m,63Mi,100m,300Mi,7m,591Mi,0.00690479407880608,N/A,547211946.6666667,N/A,0.005872992550676547,N/A,537871701.3333334,N/A,0.006468935626457826,nan,644102144.0,0.0,0.006023407277318705,N/A,621337258.6666666,N/A,0.06727669168775641,22.712328767123285,754662058.6666667,3.318518518518518,0.0073801005792863954,N/A,644192256.0,N/A,0.005635167114995213,N/A,575739904.0,N/A,0.1019874890697454,48.19164265129683,781402112.0,1.8037037037037036,0.12271960506805049,77.88461538461584,772558848.0,4.603703703703703,0.007693256774070488,N/A,637543424.0,N/A,0.007579802991256549,N/A,637668352.0,N/A,0.08028062538063353,41.8287037037037,68916565.33333333,7.199999999999998,0.005639230977775285,N/A,612656469.3333333,N/A
2025-04-29 22:09:44,100m,200Mi,52m,246Mi,100m,300Mi,8m,531Mi,100m,300Mi,7m,523Mi,100m,300Mi,7m,513Mi,100m,300Mi,8m,507Mi,100m,300Mi,8m,512Mi,100m,300Mi,8m,589Mi,100m,300Mi,8m,614Mi,100m,300Mi,5m,180Mi,100m,300Mi,7m,495Mi,100m,300Mi,7m,512Mi,100m,300Mi,8m,599Mi,100m,300Mi,7m,582Mi,100m,300Mi,8m,586Mi,100m,300Mi,7m,596Mi,100m,300Mi,7m,534Mi,100m,300Mi,7m,505Mi,100m,300Mi,8m,604Mi,100m,300Mi,7m,599Mi,100m,300Mi,199m,1166Mi,100m,300Mi,7m,592Mi,100m,300Mi,4m,49Mi,100m,300Mi,7m,593Mi,100m,300Mi,7m,559Mi,400m,3000Mi,88m,719Mi,100m,300Mi,8m,619Mi,100m,300Mi,7m,494Mi,100m,300Mi,7m,503Mi,100m,300Mi,8m,555Mi,100m,300Mi,7m,524Mi,100m,300Mi,7m,496Mi,370m,3000Mi,121m,747Mi,100m,300Mi,8m,500Mi,100m,300Mi,8m,568Mi,100m,300Mi,8m,579Mi,260m,3000Mi,100m,737Mi,100m,300Mi,10m,92Mi,100m,300Mi,7m,601Mi,100m,300Mi,7m,609Mi,100m,300Mi,7m,481Mi,100m,300Mi,7m,608Mi,100m,300Mi,7m,573Mi,50m,100Mi,96m,67Mi,100m,300Mi,7m,585Mi,100m,300Mi,7m,467Mi,100m,300Mi,5m,68Mi,100m,300Mi,8m,592Mi,0.005049592008580075,N/A,548412074.6666666,N/A,0.007522820004013004,N/A,538469717.3333334,N/A,0.011816814925608534,475.0,644502869.3333334,0.02221703945566143,0.006427720030159792,N/A,622086144.0,N/A,0.08610126610296666,23.781832207977192,754777088.0,3.255555555555555,0.0054146963471460524,N/A,649415338.6666667,N/A,0.007921182319320897,N/A,578809856.0,N/A,0.12323754059551921,2049.9999999999955,782910805.3333334,1.5740740740740737,0.06000220296969187,23.400316455696203,769472512.0,3.488888888888888,0.005309726812797281,N/A,638320640.0,N/A,0.006523130478112831,N/A,637580629.3333334,N/A,0.0628771842105206,43.25949367088608,69865472.0,6.433333333333332,0.006306773329202823,N/A,613542912.0,N/A
2025-04-29 22:11:35,100m,200Mi,54m,248Mi,100m,300Mi,8m,533Mi,100m,300Mi,7m,524Mi,100m,300Mi,7m,514Mi,100m,300Mi,8m,505Mi,100m,300Mi,7m,510Mi,100m,300Mi,8m,588Mi,100m,300Mi,9m,616Mi,100m,300Mi,4m,182Mi,100m,300Mi,8m,500Mi,100m,300Mi,7m,513Mi,100m,300Mi,7m,598Mi,100m,300Mi,7m,583Mi,100m,300Mi,9m,590Mi,100m,300Mi,7m,598Mi,100m,300Mi,7m,535Mi,100m,300Mi,6m,506Mi,100m,300Mi,8m,605Mi,100m,300Mi,8m,601Mi,100m,300Mi,182m,1168Mi,100m,300Mi,8m,597Mi,100m,300Mi,4m,50Mi,100m,300Mi,8m,596Mi,100m,300Mi,8m,561Mi,400m,3000Mi,86m,721Mi,100m,300Mi,8m,618Mi,100m,300Mi,8m,500Mi,100m,300Mi,7m,504Mi,100m,300Mi,8m,555Mi,100m,300Mi,7m,525Mi,100m,300Mi,7m,497Mi,370m,3000Mi,106m,748Mi,100m,300Mi,8m,499Mi,100m,300Mi,8m,569Mi,100m,300Mi,8m,581Mi,260m,3000Mi,86m,731Mi,100m,300Mi,10m,90Mi,100m,300Mi,8m,603Mi,100m,300Mi,8m,610Mi,100m,300Mi,7m,482Mi,100m,300Mi,8m,609Mi,100m,300Mi,7m,574Mi,50m,100Mi,90m,68Mi,100m,300Mi,8m,586Mi,100m,300Mi,7m,468Mi,100m,300Mi,5m,69Mi,100m,300Mi,8m,595Mi,0.0071098074322401995,N/A,549561685.3333334,N/A,0.0075264802631577025,N/A,539110058.6666666,N/A,0.00884015088744563,nan,646183936.0,0.0,0.01028245028752229,N/A,624630784.0,N/A,0.07723085473585721,23.015503875969003,756379648.0,2.9259259259259256,0.009285145714097645,N/A,649306112.0,N/A,0.00843936180955371,N/A,582245034.6666666,N/A,0.05171519610977338,69.16666666666657,782325760.0,1.422222222222222,0.05152106571902211,24.1400651465798,766582784.0,2.9629629629629632,0.0052786507695267194,N/A,639760384.0,N/A,0.006095292954459144,N/A,638272853.3333334,N/A,0.07838473786872069,44.570552147239255,70943744.0,5.438888888888888,0.011052914758326442,N/A,615724032.0,N/A
2025-04-29 22:13:25,100m,200Mi,47m,248Mi,100m,300Mi,7m,533Mi,100m,300Mi,7m,524Mi,100m,300Mi,7m,514Mi,100m,300Mi,7m,500Mi,100m,300Mi,8m,510Mi,100m,300Mi,8m,590Mi,100m,300Mi,8m,616Mi,100m,300Mi,5m,187Mi,100m,300Mi,8m,500Mi,100m,300Mi,7m,512Mi,100m,300Mi,8m,598Mi,100m,300Mi,7m,581Mi,100m,300Mi,12m,591Mi,100m,300Mi,7m,598Mi,100m,300Mi,8m,534Mi,100m,300Mi,7m,507Mi,100m,300Mi,12m,610Mi,100m,300Mi,7m,601Mi,100m,300Mi,163m,1166Mi,100m,300Mi,9m,598Mi,100m,300Mi,4m,51Mi,100m,300Mi,8m,596Mi,100m,300Mi,7m,552Mi,320m,3000Mi,76m,722Mi,100m,300Mi,8m,619Mi,100m,300Mi,7m,502Mi,100m,300Mi,7m,504Mi,100m,300Mi,8m,552Mi,100m,300Mi,8m,529Mi,100m,300Mi,7m,495Mi,300m,3000Mi,99m,744Mi,100m,300Mi,8m,498Mi,100m,300Mi,8m,568Mi,100m,300Mi,9m,577Mi,210m,3000Mi,79m,732Mi,100m,300Mi,10m,88Mi,100m,300Mi,8m,603Mi,100m,300Mi,9m,614Mi,100m,300Mi,7m,480Mi,100m,300Mi,9m,608Mi,100m,300Mi,8m,573Mi,50m,100Mi,76m,66Mi,100m,300Mi,8m,590Mi,100m,300Mi,8m,468Mi,100m,300Mi,4m,62Mi,100m,300Mi,9m,597Mi,0.007184257175972574,N/A,549487957.3333333,N/A,0.007287256486834514,N/A,538996736.0,N/A,0.005757035846909201,nan,646191104.0,0.0,0.006830226505211079,N/A,625228458.6666666,N/A,0.03164549999998295,23.56206896551724,755650560.0,2.3629629629629627,0.004987334266738756,N/A,647639040.0,N/A,0.007747047105459788,N/A,579284992.0,N/A,0.07620491125239463,48.09475806451613,779363328.0,1.2999999999999998,0.05214954745494888,22.909638554216873,767230976.0,2.329629629629629,0.008413598394698818,N/A,643397632.0,N/A,0.005631345325523007,N/A,638287872.0,N/A,0.06513933978335776,41.477987421383645,70234112.0,4.505555555555555,0.008385968155662957,N/A,618414080.0,N/A
2025-04-29 22:15:15,100m,200Mi,46m,245Mi,100m,300Mi,7m,527Mi,100m,300Mi,7m,522Mi,100m,300Mi,7m,513Mi,100m,300Mi,7m,500Mi,100m,300Mi,7m,508Mi,100m,300Mi,8m,590Mi,100m,300Mi,9m,618Mi,100m,300Mi,5m,186Mi,100m,300Mi,7m,495Mi,100m,300Mi,7m,510Mi,100m,300Mi,13m,599Mi,100m,300Mi,7m,581Mi,100m,300Mi,12m,585Mi,100m,300Mi,8m,596Mi,100m,300Mi,8m,534Mi,100m,300Mi,7m,506Mi,100m,300Mi,12m,610Mi,100m,300Mi,7m,600Mi,100m,300Mi,140m,1166Mi,100m,300Mi,8m,598Mi,100m,300Mi,4m,49Mi,100m,300Mi,9m,598Mi,100m,300Mi,8m,553Mi,260m,3000Mi,64m,720Mi,100m,300Mi,8m,614Mi,100m,300Mi,8m,502Mi,100m,300Mi,8m,506Mi,100m,300Mi,9m,550Mi,100m,300Mi,8m,529Mi,100m,300Mi,8m,496Mi,240m,3000Mi,78m,742Mi,100m,300Mi,8m,498Mi,100m,300Mi,8m,568Mi,100m,300Mi,8m,573Mi,170m,3000Mi,63m,731Mi,100m,300Mi,5m,87Mi,100m,300Mi,9m,606Mi,100m,300Mi,9m,613Mi,100m,300Mi,7m,480Mi,100m,300Mi,9m,607Mi,100m,300Mi,8m,578Mi,50m,100Mi,67m,72Mi,100m,300Mi,8m,590Mi,100m,300Mi,7m,466Mi,100m,300Mi,4m,62Mi,100m,300Mi,9m,597Mi,0.003819572341887565,N/A,547558741.3333333,N/A,0.008645079698387174,N/A,537894912.0,N/A,0.007446332718494816,nan,648570880.0,0.0,0.007557716836734887,N/A,627896320.0,N/A,0.07381619561174363,22.2,755500373.3333333,2.477777777777778,0.004794350000000236,N/A,644080981.3333334,N/A,0.007418876804681066,N/A,576534528.0,N/A,0.04905938861849617,47.58474576271186,778687829.3333333,0.9740740740740741,0.047146749505061675,22.491596638655462,765584725.3333334,1.8703703703703705,0.009180498341089582,N/A,643277824.0,N/A,0.0066083479684172445,N/A,637040640.0,N/A,0.05177027537551542,36.863636363636374,75669504.0,3.972222222222222,0.005446927883423857,N/A,616900608.0,N/A
2025-04-29 22:17:05,100m,200Mi,52m,245Mi,100m,300Mi,8m,528Mi,100m,300Mi,8m,523Mi,100m,300Mi,8m,513Mi,100m,300Mi,8m,501Mi,100m,300Mi,8m,508Mi,100m,300Mi,8m,589Mi,100m,300Mi,8m,615Mi,100m,300Mi,4m,181Mi,100m,300Mi,7m,495Mi,100m,300Mi,8m,510Mi,100m,300Mi,12m,598Mi,100m,300Mi,7m,580Mi,100m,300Mi,7m,585Mi,100m,300Mi,8m,596Mi,100m,300Mi,7m,534Mi,100m,300Mi,7m,505Mi,100m,300Mi,8m,605Mi,100m,300Mi,7m,600Mi,100m,300Mi,131m,1159Mi,100m,300Mi,8m,593Mi,100m,300Mi,4m,49Mi,100m,300Mi,8m,599Mi,100m,300Mi,8m,553Mi,260m,3000Mi,65m,720Mi,100m,300Mi,8m,614Mi,100m,300Mi,8m,495Mi,100m,300Mi,8m,506Mi,100m,300Mi,8m,549Mi,100m,300Mi,8m,527Mi,100m,300Mi,7m,495Mi,240m,3000Mi,66m,743Mi,100m,300Mi,8m,498Mi,100m,300Mi,8m,568Mi,100m,300Mi,8m,573Mi,170m,3000Mi,57m,730Mi,100m,300Mi,4m,87Mi,100m,300Mi,7m,608Mi,100m,300Mi,8m,608Mi,100m,300Mi,7m,480Mi,100m,300Mi,7m,608Mi,100m,300Mi,8m,579Mi,50m,100Mi,61m,73Mi,100m,300Mi,8m,585Mi,100m,300Mi,8m,466Mi,100m,300Mi,4m,62Mi,100m,300Mi,8m,591Mi,0.00716094219930794,N/A,548042752.0,N/A,0.007425694053073552,N/A,538062848.0,N/A,0.014480848316755363,450.0,645478400.0,0.04445531395595871,0.006194970443586189,N/A,628547584.0,N/A,0.0680582725994161,22.472744162871315,754636800.0,1.9412045065653494,0.0075422043162219855,N/A,644078250.6666666,N/A,0.00740142926463515,N/A,576446464.0,N/A,0.06909934159565952,49.45772623725289,779098794.6666667,1.1817677119513572,0.03833412793988029,21.407181314870087,765965653.3333333,2.1449589346561195,0.0053171761010289914,N/A,637652992.0,N/A,0.00556848517947654,N/A,637415424.0,N/A,0.04470129882145216,40.5410447761194,77247829.33333334,3.977777777777778,0.007674821735923814,N/A,613916672.0,N/A
2025-04-29 22:18:54,100m,200Mi,53m,251Mi,100m,300Mi,7m,528Mi,100m,300Mi,8m,526Mi,100m,300Mi,8m,517Mi,100m,300Mi,11m,501Mi,100m,300Mi,8m,508Mi,100m,300Mi,8m,589Mi,100m,300Mi,9m,613Mi,100m,300Mi,5m,180Mi,100m,300Mi,7m,493Mi,100m,300Mi,7m,510Mi,100m,300Mi,8m,604Mi,100m,300Mi,8m,580Mi,100m,300Mi,8m,585Mi,100m,300Mi,8m,597Mi,100m,300Mi,12m,539Mi,100m,300Mi,7m,505Mi,100m,300Mi,8m,604Mi,100m,300Mi,8m,600Mi,100m,300Mi,126m,1159Mi,100m,300Mi,7m,593Mi,100m,300Mi,4m,54Mi,100m,300Mi,7m,595Mi,100m,300Mi,7m,553Mi,210m,3000Mi,58m,719Mi,100m,300Mi,7m,614Mi,100m,300Mi,7m,496Mi,100m,300Mi,8m,502Mi,100m,300Mi,7m,550Mi,100m,300Mi,8m,523Mi,100m,300Mi,7m,495Mi,190m,3000Mi,64m,742Mi,100m,300Mi,8m,498Mi,100m,300Mi,7m,568Mi,100m,300Mi,7m,573Mi,260m,3000Mi,56m,731Mi,100m,300Mi,5m,91Mi,100m,300Mi,8m,605Mi,100m,300Mi,8m,608Mi,100m,300Mi,7m,480Mi,100m,300Mi,8m,608Mi,100m,300Mi,8m,572Mi,50m,100Mi,52m,69Mi,100m,300Mi,8m,586Mi,100m,300Mi,7m,466Mi,100m,300Mi,4m,62Mi,100m,300Mi,8m,591Mi,0.005403309403482849,N/A,551985152.0,N/A,0.007048291482580004,N/A,542108330.6666666,N/A,0.005579154194036894,nan,642667861.3333333,0.0,0.006054053882283129,N/A,624171008.0,N/A,0.06061741838098595,66.8749999999997,754397184.0,2.0814814814814815,0.005517648918875787,N/A,643854336.0,N/A,0.005730387518420041,N/A,576802816.0,N/A,0.06931479294113668,49.5,778473472.0,1.0703703703703702,0.05810879126433892,23.500000000000007,766223701.3333334,1.659259259259259,0.007637753144749946,N/A,637500416.0,N/A,0.005983042492475272,N/A,637371733.3333334,N/A,0.05475296829022903,48.27235772357723,72721749.33333334,3.6,0.006302188009332117,N/A,614625280.0,N/A
2025-04-29 22:20:44,100m,200Mi,52m,252Mi,100m,300Mi,7m,526Mi,100m,300Mi,7m,526Mi,100m,300Mi,7m,516Mi,100m,300Mi,10m,501Mi,100m,300Mi,8m,510Mi,100m,300Mi,7m,589Mi,100m,300Mi,9m,613Mi,100m,300Mi,5m,180Mi,100m,300Mi,8m,494Mi,100m,300Mi,7m,511Mi,100m,300Mi,8m,606Mi,100m,300Mi,8m,585Mi,100m,300Mi,9m,585Mi,100m,300Mi,9m,597Mi,100m,300Mi,12m,540Mi,100m,300Mi,7m,505Mi,100m,300Mi,7m,604Mi,100m,300Mi,8m,605Mi,100m,300Mi,121m,1158Mi,100m,300Mi,7m,594Mi,100m,300Mi,4m,55Mi,100m,300Mi,7m,594Mi,100m,300Mi,8m,553Mi,210m,3000Mi,57m,719Mi,100m,300Mi,8m,614Mi,100m,300Mi,7m,495Mi,100m,300Mi,7m,502Mi,100m,300Mi,7m,550Mi,100m,300Mi,7m,523Mi,100m,300Mi,8m,496Mi,190m,3000Mi,66m,742Mi,100m,300Mi,7m,498Mi,100m,300Mi,7m,568Mi,100m,300Mi,7m,573Mi,260m,3000Mi,58m,730Mi,100m,300Mi,4m,90Mi,100m,300Mi,7m,601Mi,100m,300Mi,8m,608Mi,100m,300Mi,7m,484Mi,100m,300Mi,8m,608Mi,100m,300Mi,7m,572Mi,50m,100Mi,55m,66Mi,100m,300Mi,8m,586Mi,100m,300Mi,8m,470Mi,100m,300Mi,4m,62Mi,100m,300Mi,7m,591Mi,0.007742300342517427,N/A,551619242.6666667,N/A,0.00853167526726524,N/A,541585408.0,N/A,0.006107951821148874,nan,642764800.0,0.0,0.007604348809941779,N/A,622802944.0,N/A,0.050743999026647765,23.545224101012707,754739882.6666667,2.206938469600901,0.007481056603773069,N/A,644318549.3333334,N/A,0.007867495098297978,N/A,576663552.0,N/A,0.06190623868709916,48.00000000000001,777831765.3333333,0.9740740740740741,0.05176456310679209,21.825704225352112,766169088.0,2.17037037037037,0.008260250994036074,N/A,637543765.3333334,N/A,0.007277058568746901,N/A,637414058.6666666,N/A,0.0606735243320088,40.57692307692305,69031253.33333333,4.0166666666666675,0.008033910064611365,N/A,614168576.0,N/A
2025-04-29 22:22:35,100m,200Mi,50m,250Mi,100m,300Mi,8m,528Mi,100m,300Mi,8m,522Mi,100m,300Mi,8m,512Mi,100m,300Mi,7m,501Mi,100m,300Mi,7m,509Mi,100m,300Mi,7m,589Mi,100m,300Mi,8m,613Mi,100m,300Mi,4m,180Mi,100m,300Mi,7m,495Mi,100m,300Mi,7m,510Mi,100m,300Mi,7m,603Mi,100m,300Mi,8m,583Mi,100m,300Mi,8m,585Mi,100m,300Mi,8m,597Mi,100m,300Mi,8m,538Mi,100m,300Mi,7m,505Mi,100m,300Mi,8m,605Mi,100m,300Mi,9m,607Mi,100m,300Mi,128m,1157Mi,100m,300Mi,7m,593Mi,100m,300Mi,4m,48Mi,100m,300Mi,8m,594Mi,100m,300Mi,8m,554Mi,170m,3000Mi,61m,719Mi,100m,300Mi,8m,615Mi,100m,300Mi,7m,495Mi,100m,300Mi,7m,502Mi,100m,300Mi,7m,550Mi,100m,300Mi,7m,523Mi,100m,300Mi,7m,496Mi,290m,3000Mi,60m,741Mi,100m,300Mi,7m,498Mi,100m,300Mi,8m,572Mi,100m,300Mi,8m,573Mi,210m,3000Mi,57m,732Mi,100m,300Mi,5m,85Mi,100m,300Mi,8m,600Mi,100m,300Mi,7m,608Mi,100m,300Mi,11m,484Mi,100m,300Mi,7m,608Mi,100m,300Mi,8m,572Mi,50m,100Mi,57m,66Mi,100m,300Mi,8m,585Mi,100m,300Mi,8m,470Mi,100m,300Mi,4m,62Mi,100m,300Mi,8m,591Mi,0.006850892283990907,N/A,546970282.6666667,N/A,0.006054678521684589,N/A,537362432.0,N/A,0.005857186152713747,nan,643233792.0,0.0,0.008474187588304632,N/A,622744917.3333334,N/A,0.04728786800018185,23.618705035971225,755085312.0,2.1259259259259253,0.007866566349385103,N/A,644534272.0,N/A,0.006118671164880967,N/A,576950272.0,N/A,0.07071865242775266,48.60824742268041,777549824.0,0.9888888888888888,0.05133603423888285,73.0000000000003,767041536.0,1.97037037037037,0.0077283298418192245,N/A,637891925.3333334,N/A,0.006134793200081134,N/A,637452288.0,N/A,0.033688212529982976,48.008130081300806,68638720.0,3.7722222222222217,0.005638909111417778,N/A,614025898.6666666,N/A
2025-04-29 22:24:24,100m,200Mi,45m,246Mi,100m,300Mi,8m,527Mi,100m,300Mi,8m,522Mi,100m,300Mi,8m,513Mi,100m,300Mi,8m,502Mi,100m,300Mi,7m,509Mi,100m,300Mi,7m,590Mi,100m,300Mi,8m,614Mi,100m,300Mi,4m,180Mi,100m,300Mi,7m,495Mi,100m,300Mi,7m,510Mi,100m,300Mi,8m,598Mi,100m,300Mi,7m,580Mi,100m,300Mi,8m,585Mi,100m,300Mi,8m,601Mi,100m,300Mi,8m,534Mi,100m,300Mi,8m,510Mi,100m,300Mi,8m,605Mi,100m,300Mi,8m,603Mi,100m,300Mi,128m,1157Mi,100m,300Mi,8m,593Mi,100m,300Mi,4m,48Mi,100m,300Mi,8m,594Mi,100m,300Mi,7m,554Mi,260m,3000Mi,57m,721Mi,100m,300Mi,8m,615Mi,100m,300Mi,7m,495Mi,100m,300Mi,7m,503Mi,100m,300Mi,7m,550Mi,100m,300Mi,7m,523Mi,100m,300Mi,7m,496Mi,230m,3000Mi,62m,742Mi,100m,300Mi,7m,498Mi,100m,300Mi,8m,574Mi,100m,300Mi,8m,573Mi,170m,3000Mi,53m,731Mi,100m,300Mi,4m,86Mi,100m,300Mi,8m,601Mi,100m,300Mi,7m,608Mi,100m,300Mi,11m,482Mi,100m,300Mi,7m,608Mi,100m,300Mi,8m,572Mi,50m,100Mi,58m,65Mi,100m,300Mi,8m,586Mi,100m,300Mi,7m,470Mi,100m,300Mi,4m,62Mi,100m,300Mi,7m,591Mi,0.007653804183085791,N/A,547211946.6666667,N/A,0.006318698896049757,N/A,537520810.6666666,N/A,0.007654596977330619,nan,643377834.6666666,0.0,0.006280525853147133,N/A,622754474.6666667,N/A,0.04896620747668161,23.58849557522124,756406954.6666666,2.129629629629629,0.007800000000000356,N/A,645214208.0,N/A,0.007704947853503208,N/A,576625322.6666666,N/A,0.06645612074961323,48.47674418604652,778107904.0,0.9925925925925925,0.05549095569541065,21.662921348314605,766954496.0,2.1259259259259258,0.007650060644176025,N/A,637966336.0,N/A,0.007744627912235858,N/A,637203797.3333333,N/A,0.034200574999999844,39.884615384615394,68298069.33333334,3.9444444444444446,0.007713113678129617,N/A,614039552.0,N/A
2025-04-29 22:26:15,100m,200Mi,43m,245Mi,100m,300Mi,7m,528Mi,100m,300Mi,7m,522Mi,100m,300Mi,7m,513Mi,100m,300Mi,7m,502Mi,100m,300Mi,7m,510Mi,100m,300Mi,7m,589Mi,100m,300Mi,8m,613Mi,100m,300Mi,5m,180Mi,100m,300Mi,10m,495Mi,100m,300Mi,7m,510Mi,100m,300Mi,7m,598Mi,100m,300Mi,7m,580Mi,100m,300Mi,7m,585Mi,100m,300Mi,8m,603Mi,100m,300Mi,8m,533Mi,100m,300Mi,8m,509Mi,100m,300Mi,7m,605Mi,100m,300Mi,7m,601Mi,100m,300Mi,126m,1157Mi,100m,300Mi,7m,594Mi,100m,300Mi,4m,48Mi,100m,300Mi,8m,594Mi,100m,300Mi,7m,553Mi,260m,3000Mi,55m,720Mi,100m,300Mi,8m,615Mi,100m,300Mi,8m,495Mi,100m,300Mi,7m,502Mi,100m,300Mi,8m,550Mi,100m,300Mi,10m,524Mi,100m,300Mi,8m,496Mi,230m,3000Mi,65m,740Mi,100m,300Mi,8m,498Mi,100m,300Mi,8m,571Mi,100m,300Mi,8m,574Mi,170m,3000Mi,57m,733Mi,100m,300Mi,4m,86Mi,100m,300Mi,8m,601Mi,100m,300Mi,7m,608Mi,100m,300Mi,11m,481Mi,100m,300Mi,8m,607Mi,100m,300Mi,7m,572Mi,50m,100Mi,57m,65Mi,100m,300Mi,7m,585Mi,100m,300Mi,7m,470Mi,100m,300Mi,4m,62Mi,100m,300Mi,8m,591Mi,0.00522008235710494,N/A,547354624.0,N/A,0.005352640597432752,N/A,537821184.0,N/A,0.006184479612846095,450.0,643240960.0,0.02222222222222222,0.007757360878860817,N/A,622610432.0,N/A,0.06330230500189406,22.44942487191139,754617344.0,2.1967120088988343,0.007448041060035943,N/A,644916565.3333333,N/A,0.007714704028304981,N/A,576700416.0,N/A,0.0559331119813055,47.44845360824742,777537536.0,0.9740740740740739,0.06251452450868882,24.571428571428573,768546133.3333334,2.133333333333333,0.0076399499060734125,N/A,637865984.0,N/A,0.006369986979204733,N/A,636705450.6666666,N/A,0.05867388798260224,43.53515625000001,68483072.0,3.977777777777778,0.006844479629050266,N/A,614042282.6666666,N/A
2025-04-29 22:28:03,100m,200Mi,50m,246Mi,100m,300Mi,8m,528Mi,100m,300Mi,10m,522Mi,100m,300Mi,7m,512Mi,100m,300Mi,7m,502Mi,100m,300Mi,7m,509Mi,100m,300Mi,8m,589Mi,100m,300Mi,9m,613Mi,100m,300Mi,5m,181Mi,100m,300Mi,10m,495Mi,100m,300Mi,7m,510Mi,100m,300Mi,8m,599Mi,100m,300Mi,7m,580Mi,100m,300Mi,8m,585Mi,100m,300Mi,8m,604Mi,100m,300Mi,7m,533Mi,100m,300Mi,7m,504Mi,100m,300Mi,7m,605Mi,100m,300Mi,7m,601Mi,100m,300Mi,114m,1156Mi,100m,300Mi,10m,594Mi,100m,300Mi,4m,48Mi,100m,300Mi,7m,594Mi,100m,300Mi,7m,553Mi,210m,3000Mi,59m,719Mi,100m,300Mi,8m,615Mi,100m,300Mi,8m,495Mi,100m,300Mi,7m,503Mi,100m,300Mi,7m,550Mi,100m,300Mi,10m,524Mi,100m,300Mi,7m,496Mi,350m,3000Mi,64m,741Mi,100m,300Mi,7m,498Mi,100m,300Mi,7m,568Mi,100m,300Mi,7m,574Mi,260m,3000Mi,52m,733Mi,100m,300Mi,4m,87Mi,100m,300Mi,8m,601Mi,100m,300Mi,8m,608Mi,100m,300Mi,7m,481Mi,100m,300Mi,7m,608Mi,100m,300Mi,7m,572Mi,50m,100Mi,57m,65Mi,100m,300Mi,8m,586Mi,100m,300Mi,7m,470Mi,100m,300Mi,4m,62Mi,100m,300Mi,8m,591Mi,0.007070230810936591,N/A,548061184.0,N/A,0.006951378062769149,N/A,537300992.0,N/A,0.004127699999999852,nan,643377152.0,0.0,0.003767975000002367,N/A,623065770.6666666,N/A,0.052630442613897356,22.977198697068403,754323456.0,2.2740740740740737,0.0076490560850439974,N/A,645080064.0,N/A,0.006186834128172076,N/A,576785066.6666667,N/A,0.048093782329548966,47.84974093264249,777434453.3333334,1.011111111111111,0.036292586433269054,21.700000000000003,768395946.6666667,2.155555555555556,0.002845433333332418,N/A,638048256.0,N/A,0.005026184515012094,N/A,637490517.3333334,N/A,0.04204765487996648,41.60087719298247,68620288.0,4.088888888888889,0.007357422193254094,N/A,614367232.0,N/A
2025-04-29 22:29:54,100m,200Mi,49m,246Mi,100m,300Mi,7m,528Mi,100m,300Mi,9m,523Mi,100m,300Mi,7m,513Mi,100m,300Mi,7m,502Mi,100m,300Mi,7m,509Mi,100m,300Mi,8m,589Mi,100m,300Mi,9m,614Mi,100m,300Mi,4m,181Mi,100m,300Mi,10m,495Mi,100m,300Mi,7m,511Mi,100m,300Mi,7m,598Mi,100m,300Mi,7m,580Mi,100m,300Mi,8m,585Mi,100m,300Mi,7m,596Mi,100m,300Mi,8m,534Mi,100m,300Mi,7m,505Mi,100m,300Mi,7m,605Mi,100m,300Mi,7m,601Mi,100m,300Mi,126m,1156Mi,100m,300Mi,10m,594Mi,100m,300Mi,4m,48Mi,100m,300Mi,7m,594Mi,100m,300Mi,7m,553Mi,210m,3000Mi,58m,720Mi,100m,300Mi,11m,615Mi,100m,300Mi,8m,495Mi,100m,300Mi,7m,503Mi,100m,300Mi,8m,550Mi,100m,300Mi,10m,524Mi,100m,300Mi,7m,495Mi,350m,3000Mi,68m,742Mi,100m,300Mi,7m,498Mi,100m,300Mi,8m,569Mi,100m,300Mi,7m,574Mi,260m,3000Mi,55m,732Mi,100m,300Mi,4m,86Mi,100m,300Mi,8m,601Mi,100m,300Mi,8m,607Mi,100m,300Mi,7m,481Mi,100m,300Mi,8m,608Mi,100m,300Mi,7m,572Mi,50m,100Mi,58m,65Mi,100m,300Mi,8m,585Mi,100m,300Mi,7m,470Mi,100m,300Mi,4m,62Mi,100m,300Mi,8m,591Mi,0.007426295561618138,N/A,548283733.3333333,N/A,0.007075592251137985,N/A,537832106.6666666,N/A,0.00831523560560349,nan,643500032.0,0.0,0.005692284538283027,N/A,622645248.0,N/A,0.07160339672008666,23.225225225225223,755082581.3333334,2.2629629629629626,0.00801896481456347,N/A,645326165.3333334,N/A,0.005932297148892257,N/A,576420864.0,N/A,0.07747742198360401,48.353960396039604,777550848.0,1.0925925925925926,0.0631926449676048,24.999979098217477,764572672.0,1.82265452272789,0.00850739713828943,N/A,637242368.0,N/A,0.007562308608369259,N/A,637342720.0,N/A,0.059169797561392484,46.87500000000001,68373162.66666667,3.847353065633283,0.007569270833333992,N/A,614097920.0,N/A
2025-04-29 22:31:44,100m,200Mi,43m,246Mi,100m,300Mi,7m,528Mi,100m,300Mi,7m,523Mi,100m,300Mi,7m,513Mi,100m,300Mi,7m,502Mi,100m,300Mi,7m,508Mi,100m,300Mi,8m,588Mi,100m,300Mi,8m,614Mi,100m,300Mi,4m,181Mi,100m,300Mi,7m,495Mi,100m,300Mi,7m,511Mi,100m,300Mi,7m,598Mi,100m,300Mi,10m,581Mi,100m,300Mi,8m,585Mi,100m,300Mi,7m,597Mi,100m,300Mi,8m,533Mi,100m,300Mi,7m,505Mi,100m,300Mi,7m,605Mi,100m,300Mi,7m,602Mi,100m,300Mi,125m,1155Mi,100m,300Mi,10m,594Mi,100m,300Mi,4m,49Mi,100m,300Mi,8m,594Mi,100m,300Mi,7m,553Mi,320m,3000Mi,64m,724Mi,100m,300Mi,11m,615Mi,100m,300Mi,7m,495Mi,100m,300Mi,7m,502Mi,100m,300Mi,8m,550Mi,100m,300Mi,7m,524Mi,100m,300Mi,7m,500Mi,280m,3000Mi,65m,742Mi,100m,300Mi,7m,498Mi,100m,300Mi,8m,568Mi,100m,300Mi,7m,574Mi,210m,3000Mi,57m,730Mi,100m,300Mi,4m,86Mi,100m,300Mi,8m,601Mi,100m,300Mi,7m,609Mi,100m,300Mi,7m,482Mi,100m,300Mi,7m,608Mi,100m,300Mi,11m,573Mi,50m,100Mi,56m,65Mi,100m,300Mi,7m,586Mi,100m,300Mi,7m,470Mi,100m,300Mi,4m,62Mi,100m,300Mi,7m,591Mi,0.005176245098038735,N/A,548219562.6666667,N/A,0.007442080841748016,N/A,538138624.0,N/A,0.010664367171836862,450.0,643747840.0,0.02222222222222222,0.007145113814756637,N/A,622725120.0,N/A,0.058124821988036236,22.407665505226483,759424341.3333333,2.144444444444444,0.007470431847605442,N/A,645137749.3333334,N/A,0.007533966609094508,N/A,576700416.0,N/A,0.0660995521299926,48.569587628865975,777907200.0,0.948148148148148,0.057477901190505,23.015209125475288,766074880.0,2.2999999999999994,0.00770453866825965,N/A,638012074.6666667,N/A,0.009090923423943546,N/A,639064746.6666666,N/A,0.04643869128552901,42.26890756302522,68410026.66666666,3.9944444444444445,0.0040874999999999774,N/A,614374058.6666667,N/A
2025-04-29 22:33:35,100m,200Mi,52m,246Mi,100m,300Mi,7m,529Mi,100m,300Mi,7m,522Mi,100m,300Mi,7m,513Mi,100m,300Mi,7m,501Mi,100m,300Mi,7m,509Mi,100m,300Mi,7m,589Mi,100m,300Mi,9m,614Mi,100m,300Mi,5m,181Mi,100m,300Mi,7m,495Mi,100m,300Mi,7m,517Mi,100m,300Mi,7m,598Mi,100m,300Mi,10m,581Mi,100m,300Mi,7m,585Mi,100m,300Mi,7m,597Mi,100m,300Mi,7m,533Mi,100m,300Mi,7m,505Mi,100m,300Mi,7m,605Mi,100m,300Mi,7m,602Mi,100m,300Mi,130m,1154Mi,100m,300Mi,7m,594Mi,100m,300Mi,4m,50Mi,100m,300Mi,8m,594Mi,100m,300Mi,7m,552Mi,260m,3000Mi,62m,723Mi,100m,300Mi,11m,615Mi,100m,300Mi,7m,496Mi,100m,300Mi,7m,502Mi,100m,300Mi,7m,550Mi,100m,300Mi,7m,523Mi,100m,300Mi,7m,502Mi,220m,3000Mi,63m,742Mi,100m,300Mi,7m,498Mi,100m,300Mi,7m,568Mi,100m,300Mi,8m,574Mi,170m,3000Mi,57m,733Mi,100m,300Mi,4m,86Mi,100m,300Mi,8m,601Mi,100m,300Mi,7m,608Mi,100m,300Mi,7m,481Mi,100m,300Mi,8m,614Mi,100m,300Mi,11m,572Mi,50m,100Mi,59m,66Mi,100m,300Mi,7m,586Mi,100m,300Mi,7m,469Mi,100m,300Mi,4m,62Mi,100m,300Mi,8m,591Mi,0.007167442448772593,N/A,547669333.3333333,N/A,0.007813985374772426,N/A,538314752.0,N/A,0.015282279935647475,235.0,643879936.0,0.03333333333333333,0.007507774522746969,N/A,622747648.0,N/A,0.055529324999997694,23.666666666666664,758512298.6666666,2.051851851851852,0.006259260431711187,N/A,645539157.3333334,N/A,0.006180604242762033,N/A,576856064.0,N/A,0.056179793553523816,47.57709251101322,777869994.6666666,1.1148148148148147,0.04989973974865934,22.08467741935484,770456234.6666666,2.1851851851851847,0.005814600406895033,N/A,637702144.0,N/A,0.004467412609963095,N/A,643469312.0,N/A,0.058832803230250176,43.08823529411765,68849664.0,3.9611111111111112,0.00852618145891647,N/A,614279850.6666666,N/A
2025-04-29 22:35:25,100m,200Mi,46m,246Mi,100m,300Mi,7m,528Mi,100m,300Mi,7m,523Mi,100m,300Mi,7m,513Mi,100m,300Mi,7m,501Mi,100m,300Mi,7m,509Mi,100m,300Mi,7m,595Mi,100m,300Mi,9m,614Mi,100m,300Mi,4m,180Mi,100m,300Mi,7m,496Mi,100m,300Mi,7m,518Mi,100m,300Mi,8m,598Mi,100m,300Mi,10m,581Mi,100m,300Mi,7m,585Mi,100m,300Mi,7m,597Mi,100m,300Mi,8m,533Mi,100m,300Mi,7m,505Mi,100m,300Mi,7m,605Mi,100m,300Mi,8m,602Mi,100m,300Mi,129m,1153Mi,100m,300Mi,7m,594Mi,100m,300Mi,4m,48Mi,100m,300Mi,7m,594Mi,100m,300Mi,7m,553Mi,260m,3000Mi,61m,720Mi,100m,300Mi,7m,615Mi,100m,300Mi,7m,496Mi,100m,300Mi,7m,502Mi,100m,300Mi,8m,550Mi,100m,300Mi,7m,524Mi,100m,300Mi,7m,498Mi,220m,3000Mi,61m,742Mi,100m,300Mi,7m,498Mi,100m,300Mi,7m,568Mi,100m,300Mi,8m,574Mi,170m,3000Mi,60m,740Mi,100m,300Mi,4m,86Mi,100m,300Mi,8m,600Mi,100m,300Mi,8m,608Mi,100m,300Mi,7m,481Mi,100m,300Mi,8m,614Mi,100m,300Mi,7m,573Mi,50m,100Mi,56m,66Mi,100m,300Mi,8m,586Mi,100m,300Mi,7m,475Mi,100m,300Mi,4m,62Mi,100m,300Mi,7m,591Mi,0.008521526391272044,N/A,548316501.3333334,N/A,0.005980352324484242,N/A,538200746.6666666,N/A,0.006625029838021691,nan,643678208.0,0.0,0.00731222225774339,N/A,622650709.3333334,N/A,0.03347882923909999,22.529340725380095,755224576.0,1.8662382246309743,0.007502261332958476,N/A,645494784.0,N/A,0.007804609721408841,N/A,576934912.0,N/A,0.05534031628174903,48.055529155394744,778277888.0,1.0182732009013078,0.06867877521309995,23.797529354162144,774145024.0,2.4512852027078718,0.008688299046013329,N/A,637490176.0,N/A,0.007064030889271124,N/A,643962880.0,N/A,0.04891560346388856,42.13178294573642,69028522.66666667,3.922222222222222,0.0051381603423736886,N/A,614260736.0,N/A
2025-04-29 22:37:15,100m,200Mi,51m,246Mi,100m,300Mi,7m,528Mi,100m,300Mi,7m,523Mi,100m,300Mi,10m,514Mi,100m,300Mi,7m,501Mi,100m,300Mi,11m,509Mi,100m,300Mi,8m,595Mi,100m,300Mi,9m,614Mi,100m,300Mi,4m,180Mi,100m,300Mi,7m,496Mi,100m,300Mi,11m,510Mi,100m,300Mi,8m,598Mi,100m,300Mi,8m,581Mi,100m,300Mi,8m,586Mi,100m,300Mi,7m,597Mi,100m,300Mi,7m,533Mi,100m,300Mi,7m,505Mi,100m,300Mi,8m,605Mi,100m,300Mi,7m,602Mi,100m,300Mi,125m,1153Mi,100m,300Mi,7m,594Mi,100m,300Mi,4m,48Mi,100m,300Mi,7m,594Mi,100m,300Mi,7m,553Mi,210m,3000Mi,60m,720Mi,100m,300Mi,8m,620Mi,100m,300Mi,7m,495Mi,100m,300Mi,8m,503Mi,100m,300Mi,8m,550Mi,100m,300Mi,7m,524Mi,100m,300Mi,7m,497Mi,180m,3000Mi,67m,740Mi,100m,300Mi,7m,498Mi,100m,300Mi,7m,569Mi,100m,300Mi,7m,574Mi,260m,3000Mi,57m,737Mi,100m,300Mi,4m,87Mi,100m,300Mi,8m,602Mi,100m,300Mi,7m,608Mi,100m,300Mi,7m,481Mi,100m,300Mi,7m,609Mi,100m,300Mi,7m,573Mi,50m,100Mi,55m,66Mi,100m,300Mi,7m,586Mi,100m,300Mi,10m,477Mi,100m,300Mi,4m,62Mi,100m,300Mi,7m,591Mi,0.0072184090700740545,N/A,548212736.0,N/A,0.007027451777829739,N/A,538855424.0,N/A,0.012605293368679148,nan,643666944.0,0.0,0.007566239777811904,N/A,623007061.3333333,N/A,0.0554774546200789,22.026548672566374,754624512.0,2.0370370370370368,0.009602535244639672,N/A,648586581.3333334,N/A,0.0076078747409605175,N/A,576890880.0,N/A,0.041615530240824504,49.92897727272727,775958528.0,1.048148148148148,0.04936571761347068,71.42857142857143,772643498.6666666,2.0074074074074075,0.005946429981840789,N/A,637558784.0,N/A,0.005748612618351628,N/A,638380714.6666666,N/A,0.04702488740261624,37.70833333333333,69032618.66666666,3.9499999999999993,0.00481496677974239,N/A,614204416.0,N/A
2025-04-29 22:39:04,100m,200Mi,51m,246Mi,100m,300Mi,7m,528Mi,100m,300Mi,7m,523Mi,100m,300Mi,10m,514Mi,100m,300Mi,8m,508Mi,100m,300Mi,12m,514Mi,100m,300Mi,7m,596Mi,100m,300Mi,9m,614Mi,100m,300Mi,4m,180Mi,100m,300Mi,7m,495Mi,100m,300Mi,11m,510Mi,100m,300Mi,7m,599Mi,100m,300Mi,7m,581Mi,100m,300Mi,7m,585Mi,100m,300Mi,7m,597Mi,100m,300Mi,7m,533Mi,100m,300Mi,7m,506Mi,100m,300Mi,7m,605Mi,100m,300Mi,7m,602Mi,100m,300Mi,131m,1152Mi,100m,300Mi,8m,596Mi,100m,300Mi,4m,48Mi,100m,300Mi,7m,594Mi,100m,300Mi,7m,554Mi,210m,3000Mi,61m,720Mi,100m,300Mi,8m,622Mi,100m,300Mi,7m,495Mi,100m,300Mi,7m,502Mi,100m,300Mi,8m,550Mi,100m,300Mi,7m,524Mi,100m,300Mi,7m,496Mi,180m,3000Mi,64m,742Mi,100m,300Mi,7m,498Mi,100m,300Mi,7m,568Mi,100m,300Mi,7m,574Mi,260m,3000Mi,56m,730Mi,100m,300Mi,4m,87Mi,100m,300Mi,7m,601Mi,100m,300Mi,8m,608Mi,100m,300Mi,7m,481Mi,100m,300Mi,8m,608Mi,100m,300Mi,7m,573Mi,50m,100Mi,57m,66Mi,100m,300Mi,8m,586Mi,100m,300Mi,11m,472Mi,100m,300Mi,5m,68Mi,100m,300Mi,7m,591Mi,0.005711537642138549,N/A,548132181.3333333,N/A,0.00690025506779447,N/A,538568021.3333333,N/A,0.007663114171723208,nan,643859797.3333334,0.0,0.005801292421471391,N/A,623110826.6666666,N/A,0.03651117519704959,22.67105263157895,754778112.0,2.0296296296296292,0.006151343483522971,N/A,651812864.0,N/A,0.006299454456514982,N/A,576849920.0,N/A,0.03911825164162425,48.379396984924625,778473472.0,1.0222222222222221,0.05957688940034915,23.331896551724142,766707029.3333334,2.162962962962963,0.005945671669615316,N/A,637642069.3333334,N/A,0.004971681489471581,N/A,638128128.0,N/A,0.04507215010914927,40.94594594594595,69325824.0,3.8722222222222222,0.008241320357707086,N/A,614463488.0,N/A
2025-04-29 22:40:54,100m,200Mi,53m,246Mi,100m,300Mi,7m,528Mi,100m,300Mi,7m,523Mi,100m,300Mi,10m,514Mi,100m,300Mi,8m,509Mi,100m,300Mi,11m,516Mi,100m,300Mi,7m,589Mi,100m,300Mi,9m,614Mi,100m,300Mi,4m,180Mi,100m,300Mi,7m,501Mi,100m,300Mi,10m,510Mi,100m,300Mi,7m,598Mi,100m,300Mi,7m,580Mi,100m,300Mi,8m,590Mi,100m,300Mi,7m,597Mi,100m,300Mi,8m,533Mi,100m,300Mi,7m,506Mi,100m,300Mi,8m,610Mi,100m,300Mi,7m,601Mi,100m,300Mi,130m,1151Mi,100m,300Mi,8m,599Mi,100m,300Mi,4m,49Mi,100m,300Mi,8m,594Mi,100m,300Mi,7m,553Mi,170m,3000Mi,61m,720Mi,100m,300Mi,8m,622Mi,100m,300Mi,7m,500Mi,100m,300Mi,8m,503Mi,100m,300Mi,7m,551Mi,100m,300Mi,7m,524Mi,100m,300Mi,7m,497Mi,270m,3000Mi,70m,749Mi,100m,300Mi,8m,504Mi,100m,300Mi,7m,568Mi,100m,300Mi,8m,579Mi,210m,3000Mi,58m,733Mi,100m,300Mi,4m,87Mi,100m,300Mi,8m,601Mi,100m,300Mi,8m,608Mi,100m,300Mi,7m,481Mi,100m,300Mi,8m,609Mi,100m,300Mi,8m,574Mi,50m,100Mi,53m,66Mi,100m,300Mi,8m,586Mi,100m,300Mi,11m,469Mi,100m,300Mi,5m,69Mi,100m,300Mi,8m,591Mi,0.007326788495711218,N/A,548046848.0,N/A,0.006391989419762251,N/A,538744149.3333333,N/A,0.011385211783004296,475.0,643581952.0,0.02222222222222222,0.0069397015444217485,N/A,622880085.3333334,N/A,0.038630648613725685,23.115384615384613,755026602.6666666,2.1518518518518515,0.007329467103161487,N/A,652330325.3333334,N/A,0.007612209611632585,N/A,577208320.0,N/A,0.041299832609009095,46.6875,785510400.0,0.9740740740740741,0.08611828623732964,57.50000000000043,768344064.0,1.9481481481481482,0.0074806688375451055,N/A,638201856.0,N/A,0.009353738463595593,N/A,638188544.0,N/A,0.05559398994515419,42.656249999999986,69192704.0,3.794444444444444,0.011876142520933932,N/A,615821312.0,N/A
2025-04-29 22:42:43,100m,200Mi,51m,246Mi,100m,300Mi,8m,531Mi,100m,300Mi,7m,523Mi,100m,300Mi,7m,513Mi,100m,300Mi,7m,502Mi,100m,300Mi,8m,512Mi,100m,300Mi,8m,589Mi,100m,300Mi,12m,620Mi,100m,300Mi,4m,180Mi,100m,300Mi,8m,501Mi,100m,300Mi,7m,510Mi,100m,300Mi,8m,598Mi,100m,300Mi,7m,581Mi,100m,300Mi,8m,591Mi,100m,300Mi,7m,597Mi,100m,300Mi,7m,533Mi,100m,300Mi,7m,505Mi,100m,300Mi,8m,611Mi,100m,300Mi,7m,601Mi,100m,300Mi,131m,1155Mi,100m,300Mi,8m,599Mi,100m,300Mi,4m,48Mi,100m,300Mi,8m,594Mi,100m,300Mi,8m,557Mi,260m,3000Mi,62m,722Mi,100m,300Mi,8m,619Mi,100m,300Mi,11m,500Mi,100m,300Mi,7m,502Mi,100m,300Mi,10m,554Mi,100m,300Mi,7m,524Mi,100m,300Mi,7m,497Mi,220m,3000Mi,67m,748Mi,100m,300Mi,11m,505Mi,100m,300Mi,11m,568Mi,100m,300Mi,9m,578Mi,170m,3000Mi,55m,733Mi,100m,300Mi,4m,87Mi,100m,300Mi,9m,600Mi,100m,300Mi,8m,608Mi,100m,300Mi,7m,481Mi,100m,300Mi,9m,609Mi,100m,300Mi,8m,573Mi,50m,100Mi,57m,65Mi,100m,300Mi,8m,591Mi,100m,300Mi,7m,469Mi,100m,300Mi,4m,69Mi,100m,300Mi,8m,595Mi,0.004350919895437138,N/A,548169728.0,N/A,0.006689626004470207,N/A,538397354.6666666,N/A,0.006552699861008361,235.00000000000003,649960448.0,0.02221703945566143,0.008026571270264328,N/A,622959616.0,N/A,0.05816878021884881,23.937633235075126,755759104.0,2.258737527425473,0.007968444820773973,N/A,647761920.0,N/A,0.007407553560483856,N/A,581484544.0,N/A,0.05295244292488368,47.891414141414145,785481728.0,0.9296296296296295,0.04927992657663185,21.545081967213115,768425984.0,2.103703703703703,0.0070417101601207635,N/A,637875200.0,N/A,0.005675347757646526,N/A,637926058.6666666,N/A,0.06041675516225252,40.71100917431192,68692650.66666666,3.8166666666666655,0.008228631091797325,N/A,620288682.6666666,N/A
2025-04-29 22:44:34,100m,200Mi,52m,246Mi,100m,300Mi,8m,531Mi,100m,300Mi,7m,523Mi,100m,300Mi,7m,514Mi,100m,300Mi,7m,502Mi,100m,300Mi,7m,508Mi,100m,300Mi,8m,591Mi,100m,300Mi,14m,621Mi,100m,300Mi,5m,181Mi,100m,300Mi,7m,494Mi,100m,300Mi,7m,510Mi,100m,300Mi,8m,598Mi,100m,300Mi,7m,581Mi,100m,300Mi,8m,585Mi,100m,300Mi,8m,597Mi,100m,300Mi,7m,534Mi,100m,300Mi,10m,505Mi,100m,300Mi,8m,609Mi,100m,300Mi,7m,602Mi,100m,300Mi,119m,1155Mi,100m,300Mi,8m,592Mi,100m,300Mi,4m,49Mi,100m,300Mi,8m,594Mi,100m,300Mi,8m,557Mi,260m,3000Mi,63m,720Mi,100m,300Mi,8m,615Mi,100m,300Mi,11m,495Mi,100m,300Mi,7m,508Mi,100m,300Mi,9m,556Mi,100m,300Mi,7m,524Mi,100m,300Mi,7m,496Mi,220m,3000Mi,69m,743Mi,100m,300Mi,11m,500Mi,100m,300Mi,11m,568Mi,100m,300Mi,9m,573Mi,170m,3000Mi,57m,731Mi,100m,300Mi,4m,87Mi,100m,300Mi,8m,601Mi,100m,300Mi,8m,608Mi,100m,300Mi,7m,481Mi,100m,300Mi,9m,609Mi,100m,300Mi,8m,573Mi,50m,100Mi,52m,66Mi,100m,300Mi,8m,592Mi,100m,300Mi,7m,468Mi,100m,300Mi,4m,65Mi,100m,300Mi,8m,596Mi,0.007262318908528429,N/A,549022720.0,N/A,0.0076957338638364925,N/A,538961920.0,N/A,0.007741561541087257,nan,651227136.0,0.0,0.006231079820883992,N/A,622861312.0,N/A,0.04745487837587238,24.856089541529304,754907818.6666667,2.133774991478073,0.0077098426121686115,N/A,645480448.0,N/A,0.007102352222046011,N/A,582991872.0,N/A,0.0561301346250878,48.359788359788354,779149312.0,0.985185185185185,0.061550670709287325,24.552631578947366,767025152.0,2.1185185185185182,0.005755469871334017,N/A,637684394.6666666,N/A,0.00791188135885252,N/A,638005248.0,N/A,0.06336110355547662,42.17948717948718,69857280.0,3.8722222222222222,0.025757955095762168,N/A,621071018.6666667,N/A
2025-04-29 22:46:22,100m,200Mi,47m,250Mi,100m,300Mi,7m,527Mi,100m,300Mi,7m,523Mi,100m,300Mi,7m,513Mi,100m,300Mi,7m,502Mi,100m,300Mi,7m,509Mi,100m,300Mi,8m,591Mi,100m,300Mi,11m,618Mi,100m,300Mi,5m,186Mi,100m,300Mi,7m,495Mi,100m,300Mi,7m,510Mi,100m,300Mi,8m,598Mi,100m,300Mi,7m,581Mi,100m,300Mi,7m,585Mi,100m,300Mi,8m,597Mi,100m,300Mi,8m,538Mi,100m,300Mi,10m,505Mi,100m,300Mi,8m,605Mi,100m,300Mi,7m,602Mi,100m,300Mi,130m,1148Mi,100m,300Mi,8m,592Mi,100m,300Mi,4m,53Mi,100m,300Mi,8m,597Mi,100m,300Mi,8m,552Mi,210m,3000Mi,60m,721Mi,100m,300Mi,8m,616Mi,100m,300Mi,11m,495Mi,100m,300Mi,8m,508Mi,100m,300Mi,9m,548Mi,100m,300Mi,7m,524Mi,100m,300Mi,7m,497Mi,180m,3000Mi,69m,744Mi,100m,300Mi,11m,500Mi,100m,300Mi,10m,568Mi,100m,300Mi,8m,574Mi,260m,3000Mi,55m,731Mi,100m,300Mi,4m,87Mi,100m,300Mi,8m,606Mi,100m,300Mi,11m,614Mi,100m,300Mi,7m,481Mi,100m,300Mi,9m,607Mi,100m,300Mi,8m,576Mi,50m,100Mi,57m,69Mi,100m,300Mi,11m,586Mi,100m,300Mi,7m,469Mi,100m,300Mi,4m,65Mi,100m,300Mi,8m,590Mi,0.00932424213168582,N/A,551351637.3333333,N/A,0.0051342448202625355,N/A,538468352.0,N/A,0.011434130074432194,475.0,646894933.3333334,0.02222222222222222,0.007514308005017494,N/A,624877568.0,N/A,0.058769799876678706,24.08833922261484,755870378.6666667,2.0296296296296297,0.007381219361844656,N/A,645701632.0,N/A,0.004651175000000762,N/A,575255893.3333333,N/A,0.06420656729133357,49.347290640394085,780896938.6666666,1.1074074074074072,0.061781641547114394,21.85283018867925,767538176.0,2.0666666666666664,0.007751467653776371,N/A,643805184.0,N/A,0.007690234836964906,N/A,637405866.6666666,N/A,0.04582260612247973,42.74193548387096,71314090.66666666,3.872222222222222,0.006327224416629842,N/A,615875584.0,N/A
2025-04-29 22:48:13,100m,200Mi,46m,251Mi,100m,300Mi,7m,527Mi,100m,300Mi,7m,528Mi,100m,300Mi,7m,514Mi,100m,300Mi,7m,502Mi,100m,300Mi,7m,509Mi,100m,300Mi,7m,591Mi,100m,300Mi,10m,614Mi,100m,300Mi,5m,185Mi,100m,300Mi,7m,495Mi,100m,300Mi,7m,510Mi,100m,300Mi,8m,598Mi,100m,300Mi,8m,586Mi,100m,300Mi,8m,586Mi,100m,300Mi,8m,597Mi,100m,300Mi,8m,538Mi,100m,300Mi,10m,505Mi,100m,300Mi,7m,605Mi,100m,300Mi,7m,604Mi,100m,300Mi,119m,1147Mi,100m,300Mi,7m,592Mi,100m,300Mi,5m,56Mi,100m,300Mi,8m,598Mi,100m,300Mi,7m,552Mi,210m,3000Mi,60m,720Mi,100m,300Mi,7m,616Mi,100m,300Mi,7m,496Mi,100m,300Mi,7m,501Mi,100m,300Mi,7m,549Mi,100m,300Mi,7m,531Mi,100m,300Mi,10m,497Mi,180m,3000Mi,68m,742Mi,100m,300Mi,7m,500Mi,100m,300Mi,7m,568Mi,100m,300Mi,7m,574Mi,260m,3000Mi,56m,732Mi,100m,300Mi,4m,86Mi,100m,300Mi,7m,605Mi,100m,300Mi,11m,615Mi,100m,300Mi,7m,481Mi,100m,300Mi,8m,608Mi,100m,300Mi,8m,579Mi,50m,100Mi,54m,69Mi,100m,300Mi,11m,586Mi,100m,300Mi,7m,469Mi,100m,300Mi,4m,65Mi,100m,300Mi,7m,590Mi,0.007475565466709922,N/A,554526037.3333333,N/A,0.004713643614368084,N/A,538884096.0,N/A,0.00553316156735114,nan,643700053.3333334,0.0,0.006512133748851068,N/A,626601984.0,N/A,0.06171860808955353,23.877874833830163,755421184.0,1.9930802275629862,0.008016027994987924,N/A,645670912.0,N/A,0.007086025706941004,N/A,575614976.0,N/A,0.056189454926421224,48.903093180896505,778492586.6666666,1.1150724659161928,0.05937066239029126,22.35222672064777,766912512.0,2.1037037037037036,0.0074799309917233485,N/A,645069482.6666667,N/A,0.007362730292962062,N/A,638035285.3333334,N/A,0.05752717869718438,44.014598540146,71374165.33333333,3.922222222222222,0.007601872094096156,N/A,614795946.6666666,N/A
2025-04-29 22:50:03,100m,200Mi,51m,243Mi,100m,300Mi,8m,527Mi,100m,300Mi,7m,529Mi,100m,300Mi,8m,518Mi,100m,300Mi,7m,502Mi,100m,300Mi,7m,509Mi,100m,300Mi,7m,590Mi,100m,300Mi,9m,614Mi,100m,300Mi,5m,182Mi,100m,300Mi,7m,495Mi,100m,300Mi,7m,510Mi,100m,300Mi,7m,598Mi,100m,300Mi,8m,587Mi,100m,300Mi,8m,585Mi,100m,300Mi,8m,597Mi,100m,300Mi,8m,539Mi,100m,300Mi,7m,506Mi,100m,300Mi,7m,605Mi,100m,300Mi,9m,604Mi,100m,300Mi,122m,1146Mi,100m,300Mi,7m,592Mi,100m,300Mi,4m,56Mi,100m,300Mi,8m,598Mi,100m,300Mi,7m,553Mi,170m,3000Mi,57m,722Mi,100m,300Mi,8m,616Mi,100m,300Mi,7m,495Mi,100m,300Mi,7m,502Mi,100m,300Mi,7m,549Mi,100m,300Mi,7m,531Mi,100m,300Mi,10m,497Mi,270m,3000Mi,71m,742Mi,100m,300Mi,7m,500Mi,100m,300Mi,7m,568Mi,100m,300Mi,7m,574Mi,210m,3000Mi,59m,734Mi,100m,300Mi,4m,92Mi,100m,300Mi,8m,600Mi,100m,300Mi,11m,608Mi,100m,300Mi,7m,486Mi,100m,300Mi,7m,608Mi,100m,300Mi,8m,580Mi,50m,100Mi,54m,65Mi,100m,300Mi,7m,586Mi,100m,300Mi,7m,469Mi,100m,300Mi,4m,65Mi,100m,300Mi,8m,590Mi,0.004954012568132468,N/A,554322602.6666666,N/A,0.007515681857564122,N/A,543142912.0,N/A,0.00792192075900713,nan,643526656.0,0.0,0.007664549683760115,N/A,626794496.0,N/A,0.057266377063422205,23.980000000000004,756162560.0,2.137037037037037,0.007677542690935377,N/A,645738496.0,N/A,0.007515752765752462,N/A,575802026.6666667,N/A,0.0558762567626815,48.02989130434782,777682944.0,0.9888888888888888,0.049884746998766716,22.526717557251906,769140053.3333334,2.0518518518518514,0.007642640034736904,N/A,639075669.3333334,N/A,0.0058893166396503955,N/A,638024362.6666666,N/A,0.03920934429720577,40.86206896551724,68284416.0,3.888888888888888,0.007933681985090455,N/A,614933845.3333334,N/A
2025-04-29 22:51:53,100m,200Mi,53m,244Mi,100m,300Mi,7m,528Mi,100m,300Mi,7m,527Mi,100m,300Mi,8m,519Mi,100m,300Mi,7m,502Mi,100m,300Mi,7m,510Mi,100m,300Mi,8m,591Mi,100m,300Mi,8m,614Mi,100m,300Mi,5m,183Mi,100m,300Mi,7m,495Mi,100m,300Mi,7m,510Mi,100m,300Mi,8m,603Mi,100m,300Mi,7m,586Mi,100m,300Mi,8m,585Mi,100m,300Mi,8m,597Mi,100m,300Mi,8m,534Mi,100m,300Mi,7m,505Mi,100m,300Mi,7m,605Mi,100m,300Mi,9m,599Mi,100m,300Mi,129m,1146Mi,100m,300Mi,7m,592Mi,100m,300Mi,4m,49Mi,100m,300Mi,7m,593Mi,100m,300Mi,8m,553Mi,260m,3000Mi,55m,721Mi,100m,300Mi,8m,615Mi,100m,300Mi,7m,495Mi,100m,300Mi,7m,502Mi,100m,300Mi,10m,550Mi,100m,300Mi,7m,523Mi,100m,300Mi,7m,497Mi,220m,3000Mi,70m,742Mi,100m,300Mi,7m,500Mi,100m,300Mi,7m,568Mi,100m,300Mi,7m,574Mi,170m,3000Mi,54m,732Mi,100m,300Mi,5m,92Mi,100m,300Mi,8m,601Mi,100m,300Mi,8m,609Mi,100m,300Mi,8m,488Mi,100m,300Mi,8m,608Mi,100m,300Mi,8m,572Mi,50m,100Mi,57m,65Mi,100m,300Mi,7m,586Mi,100m,300Mi,7m,469Mi,100m,300Mi,4m,65Mi,100m,300Mi,8m,590Mi,0.007899264390802718,N/A,551411712.0,N/A,0.006042948944292662,N/A,542804650.6666667,N/A,0.007864462509833702,nan,643712341.3333334,0.0,0.005602680788311017,N/A,621595306.6666666,N/A,0.04778945362628688,23.72951008624309,755597312.0,1.9320626220766584,0.0076260441480059974,N/A,645319338.6666666,N/A,0.005704420547817273,N/A,576681984.0,N/A,0.03141013287604415,47.43781094527363,777787392.0,0.9592592592592591,0.052650677561467185,24.54867256637168,767257600.0,2.1259259259259258,0.0075323933989998515,N/A,638600533.3333333,N/A,0.007851447922777347,N/A,638007978.6666667,N/A,0.05619693811913512,46.86507936507937,68090880.0,3.7833333333333323,0.004288966666666738,N/A,614918144.0,N/A
2025-04-29 22:53:44,100m,200Mi,45m,244Mi,100m,300Mi,7m,528Mi,100m,300Mi,7m,525Mi,100m,300Mi,8m,513Mi,100m,300Mi,7m,502Mi,100m,300Mi,7m,509Mi,100m,300Mi,7m,591Mi,100m,300Mi,8m,614Mi,100m,300Mi,5m,183Mi,100m,300Mi,7m,495Mi,100m,300Mi,7m,510Mi,100m,300Mi,8m,603Mi,100m,300Mi,7m,582Mi,100m,300Mi,8m,585Mi,100m,300Mi,8m,597Mi,100m,300Mi,8m,535Mi,100m,300Mi,7m,505Mi,100m,300Mi,8m,606Mi,100m,300Mi,7m,599Mi,100m,300Mi,128m,1145Mi,100m,300Mi,7m,592Mi,100m,300Mi,4m,48Mi,100m,300Mi,7m,593Mi,100m,300Mi,7m,553Mi,260m,3000Mi,55m,720Mi,100m,300Mi,8m,615Mi,100m,300Mi,7m,495Mi,100m,300Mi,7m,502Mi,100m,300Mi,10m,550Mi,100m,300Mi,7m,524Mi,100m,300Mi,7m,497Mi,220m,3000Mi,68m,742Mi,100m,300Mi,7m,500Mi,100m,300Mi,8m,572Mi,100m,300Mi,7m,574Mi,170m,3000Mi,59m,732Mi,100m,300Mi,5m,87Mi,100m,300Mi,10m,602Mi,100m,300Mi,7m,609Mi,100m,300Mi,7m,479Mi,100m,300Mi,8m,608Mi,100m,300Mi,8m,572Mi,50m,100Mi,54m,65Mi,100m,300Mi,8m,586Mi,100m,300Mi,7m,469Mi,100m,300Mi,4m,65Mi,100m,300Mi,7m,591Mi,0.005006844931275232,N/A,550590464.0,N/A,0.005037276507139606,N/A,537750186.6666666,N/A,0.011061954604796222,450.0,644102144.0,0.02222222222222222,0.008189734039075277,N/A,621389141.3333334,N/A,0.06413611074832994,23.112727272727277,755191808.0,2.096296296296296,0.008141437275830731,N/A,645447680.0,N/A,0.007143563951587433,N/A,576999424.0,N/A,0.04759859018562149,48.133484162895925,778085717.3333333,1.1296296296296298,0.024322574999996505,21.652091254752854,767355562.6666667,1.9407407407407407,0.006057995262748495,N/A,638694741.3333334,N/A,0.007520087755382253,N/A,637894656.0,N/A,0.05872642348753803,41.783088235294116,68411392.0,3.972222222222222,0.005293925000000855,N/A,614786389.3333333,N/A
2025-04-29 22:55:35,100m,200Mi,46m,244Mi,100m,300Mi,7m,527Mi,100m,300Mi,7m,525Mi,100m,300Mi,7m,513Mi,100m,300Mi,7m,503Mi,100m,300Mi,7m,509Mi,100m,300Mi,8m,590Mi,100m,300Mi,8m,615Mi,100m,300Mi,4m,182Mi,100m,300Mi,7m,495Mi,100m,300Mi,7m,510Mi,100m,300Mi,7m,597Mi,100m,300Mi,7m,581Mi,100m,300Mi,8m,585Mi,100m,300Mi,8m,603Mi,100m,300Mi,8m,535Mi,100m,300Mi,7m,511Mi,100m,300Mi,8m,605Mi,100m,300Mi,7m,600Mi,100m,300Mi,131m,1144Mi,100m,300Mi,8m,592Mi,100m,300Mi,4m,48Mi,100m,300Mi,8m,592Mi,100m,300Mi,7m,553Mi,210m,3000Mi,64m,721Mi,100m,300Mi,7m,615Mi,100m,300Mi,7m,495Mi,100m,300Mi,7m,502Mi,100m,300Mi,10m,550Mi,100m,300Mi,7m,523Mi,100m,300Mi,7m,497Mi,330m,3000Mi,67m,742Mi,100m,300Mi,7m,500Mi,100m,300Mi,8m,574Mi,100m,300Mi,7m,573Mi,140m,3000Mi,56m,733Mi,100m,300Mi,4m,86Mi,100m,300Mi,10m,602Mi,100m,300Mi,7m,609Mi,100m,300Mi,7m,480Mi,100m,300Mi,7m,608Mi,100m,300Mi,8m,572Mi,50m,100Mi,52m,65Mi,100m,300Mi,8m,586Mi,100m,300Mi,7m,469Mi,100m,300Mi,4m,65Mi,100m,300Mi,8m,591Mi,0.005693440305049189,N/A,550481920.0,N/A,0.007166849924566444,N/A,538266624.0,N/A,0.008156198823665051,nan,644326400.0,0.0,0.007597114878383811,N/A,621264896.0,N/A,0.04721575565693825,23.056701030927833,755646464.0,1.9518518518518513,0.00430826666666538,N/A,645343232.0,N/A,0.006087037512420787,N/A,577217877.3333334,N/A,0.04439846723182632,47.74096385542169,777666560.0,0.8592592592592591,0.04616376557234167,318.7524299885583,767805440.0,2.095805661061875,0.005467628440784425,N/A,638621696.0,N/A,0.005562154841223934,N/A,637913770.6666666,N/A,0.05329013057288375,47.36979166666667,68572501.33333333,3.614270826404134,0.007616949440468569,N/A,614867968.0,N/A
2025-04-29 22:57:25,100m,200Mi,45m,244Mi,100m,300Mi,8m,528Mi,100m,300Mi,7m,525Mi,100m,300Mi,7m,513Mi,100m,300Mi,7m,503Mi,100m,300Mi,7m,510Mi,100m,300Mi,7m,591Mi,100m,300Mi,8m,614Mi,100m,300Mi,4m,182Mi,100m,300Mi,6m,495Mi,100m,300Mi,7m,510Mi,100m,300Mi,8m,598Mi,100m,300Mi,7m,581Mi,100m,300Mi,7m,585Mi,100m,300Mi,12m,604Mi,100m,300Mi,7m,534Mi,100m,300Mi,7m,510Mi,100m,300Mi,9m,606Mi,100m,300Mi,7m,600Mi,100m,300Mi,122m,1145Mi,100m,300Mi,8m,592Mi,100m,300Mi,4m,48Mi,100m,300Mi,7m,592Mi,100m,300Mi,7m,553Mi,210m,3000Mi,61m,721Mi,100m,300Mi,8m,615Mi,100m,300Mi,7m,496Mi,100m,300Mi,11m,502Mi,100m,300Mi,7m,550Mi,100m,300Mi,7m,523Mi,100m,300Mi,7m,496Mi,330m,3000Mi,64m,742Mi,100m,300Mi,7m,500Mi,100m,300Mi,8m,572Mi,100m,300Mi,8m,574Mi,140m,3000Mi,57m,733Mi,100m,300Mi,4m,86Mi,100m,300Mi,8m,601Mi,100m,300Mi,7m,609Mi,100m,300Mi,7m,480Mi,100m,300Mi,8m,608Mi,100m,300Mi,7m,572Mi,50m,100Mi,57m,65Mi,100m,300Mi,8m,586Mi,100m,300Mi,7m,469Mi,100m,300Mi,4m,65Mi,100m,300Mi,7m,591Mi,0.0051992154150196125,N/A,550731776.0,N/A,0.007166530593732218,N/A,538249216.0,N/A,0.005731327431438237,nan,644108288.0,0.0,0.005305659710942941,N/A,621264896.0,N/A,0.026021389510265846,22.176767676767675,756064256.0,2.1259259259259258,0.006352044444444496,N/A,645408768.0,N/A,0.007351793190526782,N/A,576816128.0,N/A,0.06610342248813177,47.60695187165775,777888768.0,1.0407407407407405,0.05822024166817967,21.51383399209486,769039018.6666666,2.17037037037037,0.0073543445339405425,N/A,638759936.0,N/A,0.0047516000000001665,N/A,638042112.0,N/A,0.05015141909149589,37.48046875,68826453.33333333,4.011111111111111,0.0060231341647404325,N/A,614999381.3333333,N/A
2025-04-29 22:59:16,100m,200Mi,44m,245Mi,100m,300Mi,8m,527Mi,100m,300Mi,7m,525Mi,100m,300Mi,7m,512Mi,100m,300Mi,7m,503Mi,100m,300Mi,7m,509Mi,100m,300Mi,8m,591Mi,100m,300Mi,9m,614Mi,100m,300Mi,4m,182Mi,100m,300Mi,7m,495Mi,100m,300Mi,7m,510Mi,100m,300Mi,7m,598Mi,100m,300Mi,7m,580Mi,100m,300Mi,7m,585Mi,100m,300Mi,11m,597Mi,100m,300Mi,7m,534Mi,100m,300Mi,7m,504Mi,100m,300Mi,9m,606Mi,100m,300Mi,7m,599Mi,100m,300Mi,132m,1143Mi,100m,300Mi,8m,592Mi,100m,300Mi,4m,48Mi,100m,300Mi,7m,593Mi,100m,300Mi,7m,553Mi,170m,3000Mi,62m,721Mi,100m,300Mi,8m,615Mi,100m,300Mi,7m,496Mi,100m,300Mi,11m,503Mi,100m,300Mi,8m,550Mi,100m,300Mi,7m,523Mi,100m,300Mi,7m,497Mi,260m,3000Mi,63m,741Mi,100m,300Mi,7m,500Mi,100m,300Mi,7m,569Mi,100m,300Mi,8m,574Mi,210m,3000Mi,54m,734Mi,100m,300Mi,4m,87Mi,100m,300Mi,7m,601Mi,100m,300Mi,7m,609Mi,100m,300Mi,7m,481Mi,100m,300Mi,8m,608Mi,100m,300Mi,8m,572Mi,50m,100Mi,52m,65Mi,100m,300Mi,7m,587Mi,100m,300Mi,7m,470Mi,100m,300Mi,4m,65Mi,100m,300Mi,8m,591Mi,0.005335124999999153,N/A,550839637.3333333,N/A,0.0072911040123907886,N/A,537402368.0,N/A,0.007599927372707866,nan,644248576.0,0.0,0.025346785527848352,N/A,622299818.6666667,N/A,0.04231339999999666,88.58866245393993,756164608.0,2.1920708607588066,0.006335970086185894,N/A,645436757.3333334,N/A,0.005799920776682949,N/A,576817834.6666667,N/A,0.05184405366905437,48.31367776596677,777083562.6666666,0.9923593680973571,0.04109479466430071,23.650495612070124,769894400.0,2.203188882225332,0.0072304223857826465,N/A,638963712.0,N/A,0.0048466499999989315,N/A,637926058.6666666,N/A,0.03969239851875122,45.58333333333334,68577280.0,4.005555555555555,0.007267577909007706,N/A,615233536.0,N/A
2025-04-29 23:01:09,100m,200Mi,50m,245Mi,100m,300Mi,8m,528Mi,100m,300Mi,7m,525Mi,100m,300Mi,7m,513Mi,100m,300Mi,7m,502Mi,100m,300Mi,7m,509Mi,100m,300Mi,8m,590Mi,100m,300Mi,9m,614Mi,100m,300Mi,4m,183Mi,100m,300Mi,7m,495Mi,100m,300Mi,7m,511Mi,100m,300Mi,8m,598Mi,100m,300Mi,7m,580Mi,100m,300Mi,8m,585Mi,100m,300Mi,11m,597Mi,100m,300Mi,8m,534Mi,100m,300Mi,7m,505Mi,100m,300Mi,7m,606Mi,100m,300Mi,7m,599Mi,100m,300Mi,120m,1142Mi,100m,300Mi,7m,592Mi,100m,300Mi,4m,48Mi,100m,300Mi,11m,594Mi,100m,300Mi,7m,553Mi,260m,3000Mi,57m,721Mi,100m,300Mi,7m,616Mi,100m,300Mi,7m,496Mi,100m,300Mi,10m,503Mi,100m,300Mi,7m,550Mi,100m,300Mi,7m,523Mi,100m,300Mi,7m,501Mi,210m,3000Mi,59m,743Mi,100m,300Mi,7m,500Mi,100m,300Mi,7m,568Mi,100m,300Mi,7m,574Mi,170m,3000Mi,57m,733Mi,100m,300Mi,4m,87Mi,100m,300Mi,7m,601Mi,100m,300Mi,7m,609Mi,100m,300Mi,7m,481Mi,100m,300Mi,8m,608Mi,100m,300Mi,7m,572Mi,50m,100Mi,58m,65Mi,100m,300Mi,7m,587Mi,100m,300Mi,7m,470Mi,100m,300Mi,4m,65Mi,100m,300Mi,7m,591Mi,0.007696767972128459,N/A,550619818.6666666,N/A,0.0054890202604125,N/A,537552213.3333333,N/A,0.007134592229302397,nan,644263936.0,0.0,0.007619839523746811,N/A,622839125.3333334,N/A,0.03163394101056969,22.747081712062258,756580352.0,2.2074074074074073,0.0038524000000014287,N/A,645537792.0,N/A,0.007635918175204152,N/A,577069056.0,N/A,0.07004400073104285,48.34429824561403,778665984.0,1.148148148148148,0.038541410615943884,21.635983263598327,768541696.0,1.9518518518518513,0.006234784307917696,N/A,638905002.6666666,N/A,0.00772396895449791,N/A,637599744.0,N/A,0.05556043859904205,39.981060606060616,68516522.66666667,3.8999999999999995,0.007195845944519814,N/A,615368021.3333334,N/A
2025-04-29 23:02:59,100m,200Mi,47m,245Mi,100m,300Mi,7m,527Mi,100m,300Mi,7m,526Mi,100m,300Mi,7m,513Mi,100m,300Mi,7m,502Mi,100m,300Mi,7m,509Mi,100m,300Mi,8m,591Mi,100m,300Mi,8m,614Mi,100m,300Mi,5m,182Mi,100m,300Mi,7m,496Mi,100m,300Mi,7m,510Mi,100m,300Mi,7m,598Mi,100m,300Mi,7m,581Mi,100m,300Mi,7m,585Mi,100m,300Mi,7m,597Mi,100m,300Mi,8m,534Mi,100m,300Mi,7m,505Mi,100m,300Mi,7m,606Mi,100m,300Mi,7m,600Mi,100m,300Mi,123m,1141Mi,100m,300Mi,7m,592Mi,100m,300Mi,4m,49Mi,100m,300Mi,10m,594Mi,100m,300Mi,9m,554Mi,260m,3000Mi,59m,727Mi,100m,300Mi,8m,616Mi,100m,300Mi,7m,496Mi,100m,300Mi,7m,503Mi,100m,300Mi,8m,550Mi,100m,300Mi,7m,523Mi,100m,300Mi,7m,503Mi,210m,3000Mi,66m,743Mi,100m,300Mi,7m,500Mi,100m,300Mi,7m,568Mi,100m,300Mi,8m,574Mi,170m,3000Mi,56m,733Mi,100m,300Mi,4m,87Mi,100m,300Mi,7m,602Mi,100m,300Mi,8m,609Mi,100m,300Mi,7m,481Mi,100m,300Mi,8m,613Mi,100m,300Mi,7m,572Mi,50m,100Mi,58m,65Mi,100m,300Mi,7m,587Mi,100m,300Mi,7m,470Mi,100m,300Mi,4m,65Mi,100m,300Mi,7m,591Mi,0.011111967808929668,N/A,550624256.0,N/A,0.007272459336080805,N/A,537823232.0,N/A,0.007722482775794131,nan,644370432.0,0.0,0.007463266576735178,N/A,623052800.0,N/A,0.06714148193941057,22.794189418062786,762694656.0,2.3291542642202376,0.005367593461166316,N/A,645622442.6666667,N/A,0.006563115476771311,N/A,577126400.0,N/A,0.05558257171696665,48.82850241545894,778067968.0,1.0074074074074073,0.026192633333327345,21.310638297872337,768253952.0,2.1629629629629625,0.005944059961449279,N/A,639228928.0,N/A,0.007758831634852997,N/A,640471040.0,N/A,0.04331765245602541,37.12500000000001,68419584.0,4.0166666666666675,0.00593270007246415,N/A,615204181.3333334,N/A
2025-04-29 23:04:51,100m,200Mi,50m,245Mi,100m,300Mi,7m,528Mi,100m,300Mi,8m,525Mi,100m,300Mi,7m,513Mi,100m,300Mi,7m,503Mi,100m,300Mi,7m,509Mi,100m,300Mi,8m,594Mi,100m,300Mi,7m,614Mi,100m,300Mi,4m,182Mi,100m,300Mi,7m,495Mi,100m,300Mi,7m,517Mi,100m,300Mi,8m,598Mi,100m,300Mi,7m,580Mi,100m,300Mi,7m,585Mi,100m,300Mi,7m,597Mi,100m,300Mi,7m,534Mi,100m,300Mi,7m,505Mi,100m,300Mi,7m,606Mi,100m,300Mi,7m,600Mi,100m,300Mi,134m,1140Mi,100m,300Mi,7m,593Mi,100m,300Mi,4m,49Mi,100m,300Mi,8m,594Mi,100m,300Mi,9m,554Mi,210m,3000Mi,58m,729Mi,100m,300Mi,7m,615Mi,100m,300Mi,7m,496Mi,100m,300Mi,7m,503Mi,100m,300Mi,7m,550Mi,100m,300Mi,7m,524Mi,100m,300Mi,7m,499Mi,320m,3000Mi,68m,743Mi,100m,300Mi,7m,500Mi,100m,300Mi,7m,568Mi,100m,300Mi,8m,573Mi,260m,3000Mi,57m,732Mi,100m,300Mi,4m,88Mi,100m,300Mi,7m,602Mi,100m,300Mi,7m,609Mi,100m,300Mi,9m,481Mi,100m,300Mi,8m,614Mi,100m,300Mi,7m,572Mi,50m,100Mi,58m,66Mi,100m,300Mi,7m,587Mi,100m,300Mi,7m,476Mi,100m,300Mi,4m,65Mi,100m,300Mi,7m,591Mi,0.006071136011282859,N/A,550582954.6666667,N/A,0.0064085984249269284,N/A,537894912.0,N/A,0.010460155439682579,475.0,644263936.0,0.02222222222222222,0.008217489379299298,N/A,623093760.0,N/A,0.047104589770720316,24.14285714285714,764280832.0,1.8074074074074071,0.006410724037208262,N/A,645386240.0,N/A,0.0068526330087740695,N/A,577273856.0,N/A,0.08072673316986095,49.28756476683938,778472106.6666667,1.085185185185185,0.039924533333335906,24.185185185185187,767862784.0,2.259259259259259,0.005221788569196936,N/A,639197184.0,N/A,0.007841935922417833,N/A,643019776.0,N/A,0.05837280418014705,46.953781512605055,68506965.33333333,3.9111111111111105,0.0072666700471576235,N/A,615276544.0,N/A
2025-04-29 23:06:41,100m,200Mi,44m,245Mi,100m,300Mi,7m,527Mi,100m,300Mi,7m,525Mi,100m,300Mi,7m,513Mi,100m,300Mi,7m,503Mi,100m,300Mi,7m,509Mi,100m,300Mi,7m,596Mi,100m,300Mi,7m,614Mi,100m,300Mi,4m,183Mi,100m,300Mi,7m,495Mi,100m,300Mi,7m,517Mi,100m,300Mi,8m,598Mi,100m,300Mi,7m,581Mi,100m,300Mi,7m,585Mi,100m,300Mi,8m,597Mi,100m,300Mi,7m,535Mi,100m,300Mi,7m,506Mi,100m,300Mi,8m,606Mi,100m,300Mi,7m,600Mi,100m,300Mi,129m,1138Mi,100m,300Mi,7m,592Mi,100m,300Mi,4m,49Mi,100m,300Mi,8m,594Mi,100m,300Mi,10m,554Mi,210m,3000Mi,60m,727Mi,100m,300Mi,8m,620Mi,100m,300Mi,7m,495Mi,100m,300Mi,7m,502Mi,100m,300Mi,8m,550Mi,100m,300Mi,7m,524Mi,100m,300Mi,7m,496Mi,320m,3000Mi,66m,742Mi,100m,300Mi,7m,500Mi,100m,300Mi,7m,568Mi,100m,300Mi,8m,574Mi,260m,3000Mi,59m,738Mi,100m,300Mi,4m,87Mi,100m,300Mi,8m,602Mi,100m,300Mi,7m,609Mi,100m,300Mi,9m,481Mi,100m,300Mi,8m,610Mi,100m,300Mi,7m,572Mi,50m,100Mi,58m,67Mi,100m,300Mi,7m,587Mi,100m,300Mi,7m,475Mi,100m,300Mi,4m,65Mi,100m,300Mi,7m,590Mi,0.005795879044840992,N/A,550595242.6666666,N/A,0.004967391217422384,N/A,537938602.6666667,N/A,0.006100382032226171,nan,644414122.6666666,0.0,0.004959308604085975,N/A,623071232.0,N/A,0.04483130000000984,23.93846153846154,761589760.0,2.1999999999999997,0.007618792559375669,N/A,649931776.0,N/A,0.007439180069735024,N/A,576887808.0,N/A,0.06607786429366724,48.29487179487181,778040320.0,1.0074074074074075,0.04800476589353908,20.82673267326733,773457237.3333334,2.1629629629629625,0.007768873506754983,N/A,638995456.0,N/A,0.007742355196580553,N/A,639688704.0,N/A,0.05785327271005352,41.95833333333334,68848640.0,4.005555555555555,0.007294603763165945,N/A,615226368.0,N/A
2025-04-29 23:08:31,100m,200Mi,43m,245Mi,100m,300Mi,7m,527Mi,100m,300Mi,7m,525Mi,100m,300Mi,7m,513Mi,100m,300Mi,7m,502Mi,100m,300Mi,8m,512Mi,100m,300Mi,8m,597Mi,100m,300Mi,8m,615Mi,100m,300Mi,5m,183Mi,100m,300Mi,7m,500Mi,100m,300Mi,7m,510Mi,100m,300Mi,7m,598Mi,100m,300Mi,7m,581Mi,100m,300Mi,7m,586Mi,100m,300Mi,7m,597Mi,100m,300Mi,7m,534Mi,100m,300Mi,7m,506Mi,100m,300Mi,7m,606Mi,100m,300Mi,7m,601Mi,100m,300Mi,137m,1139Mi,100m,300Mi,8m,592Mi,100m,300Mi,4m,49Mi,100m,300Mi,7m,594Mi,100m,300Mi,7m,554Mi,170m,3000Mi,56m,723Mi,100m,300Mi,8m,622Mi,100m,300Mi,8m,500Mi,100m,300Mi,7m,503Mi,100m,300Mi,8m,550Mi,100m,300Mi,7m,524Mi,100m,300Mi,7m,496Mi,260m,3000Mi,64m,743Mi,100m,300Mi,7m,500Mi,100m,300Mi,7m,568Mi,100m,300Mi,8m,575Mi,210m,3000Mi,60m,738Mi,100m,300Mi,4m,87Mi,100m,300Mi,7m,602Mi,100m,300Mi,7m,609Mi,100m,300Mi,8m,481Mi,100m,300Mi,7m,608Mi,100m,300Mi,7m,572Mi,50m,100Mi,54m,65Mi,100m,300Mi,7m,587Mi,100m,300Mi,7m,469Mi,100m,300Mi,4m,68Mi,100m,300Mi,7m,590Mi,0.004771789394693468,N/A,550409557.3333333,N/A,0.007111637616115493,N/A,537990144.0,N/A,0.004953373188641545,nan,644834645.3333334,0.0,0.007444346445581235,N/A,623288320.0,N/A,0.061834691453219584,24.278745644599304,757658965.3333333,2.133333333333333,0.00778402161011666,N/A,651841536.0,N/A,0.010824106924396084,N/A,578699264.0,N/A,0.06509195081049876,49.31578947368421,778995712.0,1.0296296296296297,0.061386855929408034,23.39735099337748,774269610.6666667,1.9921330539575355,0.005854096465349375,N/A,638700202.6666666,N/A,0.0047750204487179366,N/A,637448192.0,N/A,0.03040956666667019,44.34306569343067,68263936.0,4.01893611831748,0.005766581629086386,N/A,615260160.0,N/A
2025-04-29 23:10:22,100m,200Mi,51m,246Mi,100m,300Mi,7m,528Mi,100m,300Mi,7m,525Mi,100m,300Mi,7m,514Mi,100m,300Mi,8m,503Mi,100m,300Mi,8m,514Mi,100m,300Mi,8m,591Mi,100m,300Mi,8m,616Mi,100m,300Mi,5m,183Mi,100m,300Mi,7m,499Mi,100m,300Mi,7m,511Mi,100m,300Mi,7m,599Mi,100m,300Mi,7m,582Mi,100m,300Mi,8m,592Mi,100m,300Mi,8m,598Mi,100m,300Mi,7m,535Mi,100m,300Mi,7m,506Mi,100m,300Mi,8m,610Mi,100m,300Mi,7m,602Mi,100m,300Mi,137m,1139Mi,100m,300Mi,8m,597Mi,100m,300Mi,4m,50Mi,100m,300Mi,8m,595Mi,100m,300Mi,7m,555Mi,260m,3000Mi,62m,722Mi,100m,300Mi,9m,616Mi,100m,300Mi,7m,502Mi,100m,300Mi,7m,503Mi,100m,300Mi,8m,557Mi,100m,300Mi,7m,524Mi,100m,300Mi,7m,497Mi,210m,3000Mi,60m,744Mi,100m,300Mi,7m,501Mi,100m,300Mi,8m,568Mi,100m,300Mi,7m,577Mi,170m,3000Mi,61m,734Mi,100m,300Mi,9m,100Mi,100m,300Mi,8m,603Mi,100m,300Mi,8m,609Mi,100m,300Mi,7m,483Mi,100m,300Mi,8m,609Mi,100m,300Mi,8m,574Mi,50m,100Mi,55m,65Mi,100m,300Mi,8m,588Mi,100m,300Mi,7m,470Mi,100m,300Mi,5m,70Mi,100m,300Mi,8m,591Mi,0.007819842839873635,N/A,550532437.3333334,N/A,0.005970172142825814,N/A,539269802.6666666,N/A,0.009402285834672038,nan,646227285.3333333,0.0,0.006569077772251696,N/A,624394240.0,N/A,0.0689013050219669,23.57741935483871,757680128.0,2.166666666666666,0.013155283902661798,N/A,645838165.3333333,N/A,0.005805512352642308,N/A,584145578.6666666,N/A,0.04348029949234572,48.5,781912746.6666666,0.9999999999999998,0.023468499999974787,21.342553191489365,770291712.0,2.2074074074074073,0.007832776391961636,N/A,638935040.0,N/A,0.00868410309963499,N/A,638639104.0,N/A,0.05781636078782839,41.42561983471076,68726784.0,4.027777777777778,0.011736419244118562,N/A,616852480.0,N/A
2025-04-29 23:12:14,100m,200Mi,51m,247Mi,100m,300Mi,7m,532Mi,100m,300Mi,7m,526Mi,100m,300Mi,7m,515Mi,100m,300Mi,8m,508Mi,100m,300Mi,9m,519Mi,100m,300Mi,9m,592Mi,100m,300Mi,9m,616Mi,100m,300Mi,5m,184Mi,100m,300Mi,7m,497Mi,100m,300Mi,7m,513Mi,100m,300Mi,8m,600Mi,100m,300Mi,7m,582Mi,100m,300Mi,8m,592Mi,100m,300Mi,7m,598Mi,100m,300Mi,7m,536Mi,100m,300Mi,7m,506Mi,100m,300Mi,8m,611Mi,100m,300Mi,7m,602Mi,100m,300Mi,140m,1139Mi,100m,300Mi,9m,597Mi,100m,300Mi,4m,50Mi,100m,300Mi,9m,597Mi,100m,300Mi,8m,559Mi,260m,3000Mi,56m,726Mi,100m,300Mi,9m,616Mi,100m,300Mi,8m,503Mi,100m,300Mi,7m,504Mi,100m,300Mi,8m,558Mi,100m,300Mi,7m,525Mi,100m,300Mi,7m,498Mi,210m,3000Mi,65m,750Mi,100m,300Mi,8m,504Mi,100m,300Mi,9m,569Mi,100m,300Mi,9m,580Mi,170m,3000Mi,55m,736Mi,100m,300Mi,10m,92Mi,100m,300Mi,9m,604Mi,100m,300Mi,8m,610Mi,100m,300Mi,7m,483Mi,100m,300Mi,8m,610Mi,100m,300Mi,9m,574Mi,50m,100Mi,57m,68Mi,100m,300Mi,10m,591Mi,100m,300Mi,7m,471Mi,100m,300Mi,4m,64Mi,100m,300Mi,8m,592Mi,0.006406920792110114,N/A,550660096.0,N/A,0.006822678213943368,N/A,539823104.0,N/A,0.008343819937336875,nan,646424576.0,0.0,0.0074305562267449185,N/A,625682432.0,N/A,0.06962718319375724,24.581395348837205,759817216.0,2.162962962962962,0.007831318425836498,N/A,646305792.0,N/A,0.009901129392383839,N/A,585391104.0,N/A,0.07320444211263748,189.9999999999994,787509248.0,0.985185185185185,0.05517383387455521,63.1250000000001,771842048.0,1.9037037037037035,0.009773573907008134,N/A,639386965.3333334,N/A,0.0074632820914520785,N/A,639175338.6666666,N/A,0.056967684778945836,49.91525423728814,70681941.33333333,3.7999999999999994,0.007778305963698853,N/A,620098901.3333333,N/A
2025-04-29 23:14:05,100m,200Mi,54m,244Mi,100m,300Mi,8m,530Mi,100m,300Mi,7m,525Mi,100m,300Mi,7m,515Mi,100m,300Mi,8m,507Mi,100m,300Mi,8m,520Mi,100m,300Mi,9m,590Mi,100m,300Mi,9m,620Mi,100m,300Mi,4m,184Mi,100m,300Mi,7m,495Mi,100m,300Mi,7m,510Mi,100m,300Mi,8m,598Mi,100m,300Mi,7m,583Mi,100m,300Mi,7m,589Mi,100m,300Mi,8m,598Mi,100m,300Mi,8m,539Mi,100m,300Mi,7m,505Mi,100m,300Mi,8m,607Mi,100m,300Mi,7m,600Mi,100m,300Mi,136m,1141Mi,100m,300Mi,9m,594Mi,100m,300Mi,4m,49Mi,100m,300Mi,9m,595Mi,100m,300Mi,9m,560Mi,210m,3000Mi,61m,723Mi,100m,300Mi,9m,615Mi,100m,300Mi,7m,495Mi,100m,300Mi,8m,508Mi,100m,300Mi,8m,552Mi,100m,300Mi,7m,525Mi,100m,300Mi,7m,497Mi,170m,3000Mi,65m,753Mi,100m,300Mi,7m,503Mi,100m,300Mi,9m,567Mi,100m,300Mi,9m,578Mi,260m,3000Mi,59m,734Mi,100m,300Mi,6m,91Mi,100m,300Mi,8m,602Mi,100m,300Mi,8m,610Mi,100m,300Mi,7m,482Mi,100m,300Mi,8m,609Mi,100m,300Mi,9m,573Mi,50m,100Mi,52m,68Mi,100m,300Mi,10m,592Mi,100m,300Mi,7m,469Mi,100m,300Mi,4m,63Mi,100m,300Mi,8m,592Mi,0.007547632097111754,N/A,550689792.0,N/A,0.007597558461785713,N/A,538898432.0,N/A,0.0076222418739078646,nan,650841088.0,0.0,0.006253318458771162,N/A,624570368.0,N/A,0.03657226589334339,23.908196721311477,758302037.3333334,2.1185185185185182,0.004024325000000317,N/A,645537792.0,N/A,0.0036949666666676725,N/A,578949120.0,N/A,0.06040215399418353,95.71428571428561,789486250.6666667,0.9740740740740741,0.03408895835808287,21.919540229885058,769843200.0,1.9296296296296294,0.00786048562126867,N/A,639305728.0,N/A,0.007511829504914548,N/A,638410752.0,N/A,0.055966450335506276,42.98165137614677,70475776.0,3.872222222222222,0.007857789367067785,N/A,619874304.0,N/A
2025-04-29 23:15:57,100m,200Mi,53m,244Mi,100m,300Mi,7m,527Mi,100m,300Mi,7m,528Mi,100m,300Mi,7m,514Mi,100m,300Mi,7m,502Mi,100m,300Mi,7m,511Mi,100m,300Mi,8m,589Mi,100m,300Mi,8m,622Mi,100m,300Mi,5m,186Mi,100m,300Mi,7m,495Mi,100m,300Mi,7m,510Mi,100m,300Mi,9m,598Mi,100m,300Mi,7m,582Mi,100m,300Mi,8m,585Mi,100m,300Mi,8m,597Mi,100m,300Mi,7m,541Mi,100m,300Mi,7m,506Mi,100m,300Mi,8m,605Mi,100m,300Mi,7m,601Mi,100m,300Mi,133m,1141Mi,100m,300Mi,8m,591Mi,100m,300Mi,4m,49Mi,100m,300Mi,9m,595Mi,100m,300Mi,8m,555Mi,170m,3000Mi,62m,723Mi,100m,300Mi,7m,615Mi,100m,300Mi,7m,495Mi,100m,300Mi,8m,506Mi,100m,300Mi,8m,552Mi,100m,300Mi,7m,529Mi,100m,300Mi,7m,496Mi,260m,3000Mi,68m,743Mi,100m,300Mi,7m,499Mi,100m,300Mi,8m,567Mi,100m,300Mi,8m,574Mi,210m,3000Mi,57m,735Mi,100m,300Mi,4m,87Mi,100m,300Mi,8m,603Mi,100m,300Mi,9m,613Mi,100m,300Mi,7m,480Mi,100m,300Mi,7m,608Mi,100m,300Mi,8m,573Mi,50m,100Mi,56m,66Mi,100m,300Mi,9m,588Mi,100m,300Mi,7m,469Mi,100m,300Mi,4m,63Mi,100m,300Mi,8m,595Mi,0.005360299939806921,N/A,553328640.0,N/A,0.005173785302277306,N/A,538714112.0,N/A,0.006039954567061284,nan,652208810.6666667,0.0,0.0039875333333346434,N/A,623771648.0,N/A,0.061018167351807484,23.794117647058822,758120448.0,2.1185185185185182,0.007770736784715617,N/A,645542912.0,N/A,0.007241143785827607,N/A,578995541.3333334,N/A,0.046026149999988775,50.000000000000796,781348864.0,1.0333333333333332,0.06152856384861065,23.171314741035857,770646016.0,2.1962962962962957,0.005927935600429811,N/A,643047424.0,N/A,0.007583505799681532,N/A,638137344.0,N/A,0.05755248588041967,43.839285714285715,69141845.33333333,4.050000000000001,0.007598494720285161,N/A,616595456.0,N/A
2025-04-29 23:17:47,100m,200Mi,47m,249Mi,100m,300Mi,7m,527Mi,100m,300Mi,8m,529Mi,100m,300Mi,8m,514Mi,100m,300Mi,8m,502Mi,100m,300Mi,7m,511Mi,100m,300Mi,7m,589Mi,100m,300Mi,9m,617Mi,100m,300Mi,5m,187Mi,100m,300Mi,7m,495Mi,100m,300Mi,7m,511Mi,100m,300Mi,9m,598Mi,100m,300Mi,7m,586Mi,100m,300Mi,7m,585Mi,100m,300Mi,7m,597Mi,100m,300Mi,8m,537Mi,100m,300Mi,7m,505Mi,100m,300Mi,8m,606Mi,100m,300Mi,7m,607Mi,100m,300Mi,133m,1133Mi,100m,300Mi,7m,591Mi,100m,300Mi,5m,55Mi,100m,300Mi,7m,595Mi,100m,300Mi,7m,555Mi,170m,3000Mi,61m,722Mi,100m,300Mi,8m,616Mi,100m,300Mi,7m,495Mi,100m,300Mi,8m,502Mi,100m,300Mi,7m,552Mi,100m,300Mi,7m,527Mi,100m,300Mi,7m,496Mi,260m,3000Mi,67m,743Mi,100m,300Mi,7m,500Mi,100m,300Mi,8m,567Mi,100m,300Mi,7m,573Mi,210m,3000Mi,57m,735Mi,100m,300Mi,4m,88Mi,100m,300Mi,8m,602Mi,100m,300Mi,8m,614Mi,100m,300Mi,7m,480Mi,100m,300Mi,7m,609Mi,100m,300Mi,7m,573Mi,50m,100Mi,54m,72Mi,100m,300Mi,7m,588Mi,100m,300Mi,7m,469Mi,100m,300Mi,4m,63Mi,100m,300Mi,8m,595Mi,0.006872999104334403,N/A,555201536.0,N/A,0.0066643580769938544,N/A,539179008.0,N/A,0.007955625990489395,235.0,646342656.0,0.0,0.008049269271781135,N/A,623075328.0,N/A,0.03479764210755663,23.431627491310792,756920320.0,1.969991336606171,0.007438150158300584,N/A,645894144.0,N/A,0.007618622676627398,N/A,579103402.6666666,N/A,0.056584679846316446,47.95673076923077,778955434.6666667,1.1296296296296295,0.04819220167857833,21.98728813559322,770368853.3333334,1.7148148148148146,0.006469873452135746,N/A,643885056.0,N/A,0.007423302570864475,N/A,638480384.0,N/A,0.04545044933900006,43.83093525179856,73104042.66666667,3.427777777777777,0.007636117808040001,N/A,616796160.0,N/A
2025-04-29 23:19:38,100m,200Mi,47m,250Mi,100m,300Mi,11m,527Mi,100m,300Mi,8m,525Mi,100m,300Mi,8m,518Mi,100m,300Mi,8m,502Mi,100m,300Mi,7m,512Mi,100m,300Mi,7m,589Mi,100m,300Mi,8m,614Mi,100m,300Mi,4m,179Mi,100m,300Mi,7m,495Mi,100m,300Mi,7m,510Mi,100m,300Mi,7m,598Mi,100m,300Mi,8m,585Mi,100m,300Mi,8m,585Mi,100m,300Mi,8m,597Mi,100m,300Mi,8m,534Mi,100m,300Mi,7m,505Mi,100m,300Mi,8m,606Mi,100m,300Mi,9m,606Mi,100m,300Mi,132m,1132Mi,100m,300Mi,7m,591Mi,100m,300Mi,4m,56Mi,100m,300Mi,8m,598Mi,100m,300Mi,7m,555Mi,260m,3000Mi,61m,722Mi,100m,300Mi,8m,615Mi,100m,300Mi,7m,495Mi,100m,300Mi,8m,502Mi,100m,300Mi,7m,552Mi,100m,300Mi,7m,524Mi,100m,300Mi,7m,496Mi,210m,3000Mi,68m,742Mi,100m,300Mi,7m,500Mi,100m,300Mi,7m,567Mi,100m,300Mi,7m,573Mi,320m,3000Mi,56m,734Mi,100m,300Mi,4m,88Mi,100m,300Mi,8m,608Mi,100m,300Mi,8m,611Mi,100m,300Mi,7m,480Mi,100m,300Mi,10m,609Mi,100m,300Mi,8m,578Mi,50m,100Mi,57m,73Mi,100m,300Mi,7m,588Mi,100m,300Mi,7m,470Mi,100m,300Mi,4m,63Mi,100m,300Mi,8m,590Mi,0.006925869131853283,N/A,552144896.0,N/A,0.007004810206002531,N/A,543021056.0,N/A,0.011478404578628134,475.0,643584000.0,0.02222222222222222,0.007084500722285004,N/A,627485354.6666666,N/A,0.052941419394290604,23.057228915662648,757412864.0,2.188888888888888,0.005310355597364894,N/A,644794368.0,N/A,0.005018188051647913,N/A,579175765.3333333,N/A,0.0363808743296331,48.27956989247312,778614784.0,0.9925925925925925,0.05068447451092656,22.6591928251121,769945600.0,2.044444444444444,0.007694320343256606,N/A,639669248.0,N/A,0.005030814548685661,N/A,638861312.0,N/A,0.05869955343234027,39.3362831858407,76424192.0,3.9055555555555554,0.007423875012147886,N/A,616520362.6666667,N/A
2025-04-29 23:21:26,100m,200Mi,52m,245Mi,100m,300Mi,10m,527Mi,100m,300Mi,8m,524Mi,100m,300Mi,7m,518Mi,100m,300Mi,8m,502Mi,100m,300Mi,7m,512Mi,100m,300Mi,7m,589Mi,100m,300Mi,9m,614Mi,100m,300Mi,4m,180Mi,100m,300Mi,8m,495Mi,100m,300Mi,7m,511Mi,100m,300Mi,8m,604Mi,100m,300Mi,8m,581Mi,100m,300Mi,8m,585Mi,100m,300Mi,8m,597Mi,100m,300Mi,9m,535Mi,100m,300Mi,7m,505Mi,100m,300Mi,7m,606Mi,100m,300Mi,9m,599Mi,100m,300Mi,131m,1131Mi,100m,300Mi,7m,592Mi,100m,300Mi,4m,53Mi,100m,300Mi,8m,599Mi,100m,300Mi,7m,555Mi,260m,3000Mi,57m,723Mi,100m,300Mi,7m,615Mi,100m,300Mi,7m,496Mi,100m,300Mi,7m,502Mi,100m,300Mi,8m,552Mi,100m,300Mi,7m,524Mi,100m,300Mi,7m,496Mi,210m,3000Mi,71m,743Mi,100m,300Mi,7m,500Mi,100m,300Mi,7m,568Mi,100m,300Mi,8m,573Mi,320m,3000Mi,59m,734Mi,100m,300Mi,4m,93Mi,100m,300Mi,8m,609Mi,100m,300Mi,8m,607Mi,100m,300Mi,7m,480Mi,100m,300Mi,10m,609Mi,100m,300Mi,8m,577Mi,50m,100Mi,57m,74Mi,100m,300Mi,7m,588Mi,100m,300Mi,7m,470Mi,100m,300Mi,4m,63Mi,100m,300Mi,8m,590Mi,0.005171996588832079,N/A,549307733.3333334,N/A,0.005965055863247621,N/A,542341802.6666666,N/A,0.005782784772248563,nan,643597653.3333334,0.0,0.005403213872216011,N/A,627169962.6666666,N/A,0.051464675848950314,22.785234899328863,758172330.6666667,2.174074074074074,0.007134271642677308,N/A,644814848.0,N/A,0.007436969696968707,N/A,579063808.0,N/A,0.05921622695882571,48.84493670886076,779235328.0,0.8925925925925926,0.06503705086531845,22.88311688311689,769785856.0,2.3407407407407406,0.006217730924855099,N/A,636757333.3333333,N/A,0.007275368446484824,N/A,638944597.3333334,N/A,0.06241282981933538,40.384615384615394,77053952.0,3.999999999999999,0.00800524801083493,N/A,616652800.0,N/A
2025-04-29 23:23:17,100m,200Mi,52m,245Mi,100m,300Mi,11m,528Mi,100m,300Mi,7m,524Mi,100m,300Mi,7m,513Mi,100m,300Mi,8m,502Mi,100m,300Mi,8m,512Mi,100m,300Mi,7m,590Mi,100m,300Mi,7m,614Mi,100m,300Mi,5m,180Mi,100m,300Mi,7m,495Mi,100m,300Mi,7m,511Mi,100m,300Mi,8m,602Mi,100m,300Mi,8m,581Mi,100m,300Mi,8m,585Mi,100m,300Mi,8m,597Mi,100m,300Mi,7m,535Mi,100m,300Mi,7m,505Mi,100m,300Mi,7m,605Mi,100m,300Mi,8m,600Mi,100m,300Mi,126m,1131Mi,100m,300Mi,7m,592Mi,100m,300Mi,4m,49Mi,100m,300Mi,8m,594Mi,100m,300Mi,7m,554Mi,210m,3000Mi,61m,723Mi,100m,300Mi,7m,615Mi,100m,300Mi,7m,496Mi,100m,300Mi,7m,503Mi,100m,300Mi,8m,552Mi,100m,300Mi,7m,524Mi,100m,300Mi,7m,496Mi,170m,3000Mi,68m,743Mi,100m,300Mi,7m,501Mi,100m,300Mi,7m,568Mi,100m,300Mi,7m,573Mi,260m,3000Mi,59m,734Mi,100m,300Mi,4m,94Mi,100m,300Mi,8m,604Mi,100m,300Mi,7m,607Mi,100m,300Mi,8m,488Mi,100m,300Mi,10m,609Mi,100m,300Mi,7m,573Mi,50m,100Mi,58m,66Mi,100m,300Mi,8m,588Mi,100m,300Mi,7m,470Mi,100m,300Mi,4m,63Mi,100m,300Mi,7m,590Mi,0.007492189494696465,N/A,549596160.0,N/A,0.0072015998541438185,N/A,537904128.0,N/A,0.007818865274056501,nan,643736917.3333334,0.0,0.006492068833076033,N/A,622940160.0,N/A,0.03612421821545504,23.14439655172413,758779904.0,1.9037037037037035,0.00820610473256991,N/A,645348352.0,N/A,0.007404539320329483,N/A,579253248.0,N/A,0.055203149398036014,51.25000000000019,779907072.0,1.0925925925925921,0.04563277428372036,22.820512820512825,769273856.0,2.2074074074074073,0.00745377502243881,N/A,637050880.0,N/A,0.004586602784573485,N/A,638597802.6666666,N/A,0.04171994244175601,39.120000000000005,68603904.0,3.9833333333333325,0.007610257771288574,N/A,616606378.6666666,N/A
2025-04-29 23:25:07,100m,200Mi,52m,245Mi,100m,300Mi,7m,528Mi,100m,300Mi,7m,524Mi,100m,300Mi,7m,513Mi,100m,300Mi,7m,502Mi,100m,300Mi,7m,512Mi,100m,300Mi,8m,590Mi,100m,300Mi,7m,614Mi,100m,300Mi,5m,180Mi,100m,300Mi,7m,495Mi,100m,300Mi,7m,510Mi,100m,300Mi,7m,600Mi,100m,300Mi,8m,581Mi,100m,300Mi,7m,585Mi,100m,300Mi,8m,601Mi,100m,300Mi,8m,535Mi,100m,300Mi,7m,505Mi,100m,300Mi,8m,605Mi,100m,300Mi,7m,600Mi,100m,300Mi,126m,1130Mi,100m,300Mi,8m,591Mi,100m,300Mi,4m,49Mi,100m,300Mi,8m,593Mi,100m,300Mi,7m,554Mi,170m,3000Mi,59m,723Mi,100m,300Mi,8m,616Mi,100m,300Mi,8m,496Mi,100m,300Mi,7m,503Mi,100m,300Mi,7m,552Mi,100m,300Mi,7m,524Mi,100m,300Mi,7m,497Mi,260m,3000Mi,62m,742Mi,100m,300Mi,7m,500Mi,100m,300Mi,7m,568Mi,100m,300Mi,10m,574Mi,210m,3000Mi,56m,734Mi,100m,300Mi,5m,96Mi,100m,300Mi,7m,601Mi,100m,300Mi,8m,607Mi,100m,300Mi,8m,481Mi,100m,300Mi,7m,609Mi,100m,300Mi,7m,573Mi,50m,100Mi,58m,65Mi,100m,300Mi,8m,588Mi,100m,300Mi,7m,469Mi,100m,300Mi,4m,63Mi,100m,300Mi,8m,590Mi,0.0051298000000002736,N/A,549673642.6666667,N/A,0.007257130135220297,N/A,537736192.0,N/A,0.0074372855867282,nan,644086442.6666667,0.0,0.005268933400338405,N/A,622018560.0,N/A,0.040809628307793264,23.4655737704918,757988010.6666667,2.1037037037037036,0.008489962185262155,N/A,645517312.0,N/A,0.00749215992852332,N/A,579107840.0,N/A,0.056652958762619575,49.55808080808081,778943488.0,1.0592592592592591,0.0604505010020086,23.784140969162998,769980416.0,1.9444444444444442,0.007712197850863929,N/A,637025280.0,N/A,0.007297827641695822,N/A,638578688.0,N/A,0.05730336817112699,44.74000000000001,68389888.0,3.91111111111111,0.0054200356671763065,N/A,616482133.3333333,N/A
